// 240x240 RGB565 bytes for ST77xx/ILI9xxx or similar LCD
// Pixels: 57600  Bytes: 115200
#pragma once
#include <stdint.h>

static const uint16_t img_240x240_rgb565_w = 240;
static const uint16_t img_240x240_rgb565_h = 240;
static const uint8_t img_240x240_rgb565[] = {
  0x18, 0xE4, 0x18, 0xE4, 0x18, 0xE4, 0x18, 0xE4, 0x18, 0xE4, 0x18, 0xE4, 0x18, 0xE4, 0x18, 0xE4, 
  0x18, 0xE4, 0x18, 0xE4, 0x18, 0xE4, 0x18, 0xE4, 0x18, 0xE4, 0x18, 0xE4, 0x18, 0xE4, 0x18, 0xE4, 
  0x18, 0xE4, 0x18, 0xE4, 0x18, 0xE4, 0x18, 0xE4, 0x18, 0xE4, 0x18, 0xE4, 0x18, 0xE4, 0x18, 0xE4, 
  0x18, 0xE4, 0x18, 0xE4, 0x18, 0xE4, 0x18, 0xE4, 0x18, 0xE4, 0x18, 0xE4, 0x18, 0xE4, 0x18, 0xE4, 
  0x18, 0xE4, 0x18, 0xE4, 0x18, 0xE4, 0x18, 0xE4, 0x18, 0xE4, 0x18, 0xE4, 0x18, 0xE4, 0x18, 0xE4, 
  0x18, 0xE4, 0x18, 0xE4, 0x18, 0xE4, 0x18, 0xE4, 0x18, 0xE4, 0x18, 0xE4, 0x18, 0xE4, 0x18, 0xE4, 
  0x18, 0xE4, 0x18, 0xE4, 0x18, 0xE4, 0x18, 0xE4, 0x18, 0xE4, 0x18, 0xE4, 0x18, 0xE4, 0x18, 0xE4, 
  0x18, 0xE4, 0x18, 0xE4, 0x18, 0xE4, 0x18, 0xE4, 0x18, 0xE4, 0x18, 0xE4, 0x18, 0xE4, 0x18, 0xE4, 
  0x18, 0xE4, 0x18, 0xE4, 0x18, 0xE4, 0x18, 0xE4, 0x18, 0xE4, 0x18, 0xE4, 0x18, 0xE4, 0x18, 0xE4, 
  0x18, 0xE4, 0x18, 0xE4, 0x18, 0xE4, 0x18, 0xE4, 0x18, 0xE4, 0x18, 0xE4, 0x18, 0xE4, 0x18, 0xE4, 
  0x18, 0xE4, 0x18, 0xE4, 0x18, 0xE4, 0x18, 0xE4, 0x18, 0xE4, 0x18, 0xE4, 0x18, 0xE4, 0x18, 0xE4, 
  0x18, 0xE4, 0x18, 0xE4, 0x18, 0xE4, 0x18, 0xE4, 0x18, 0xE4, 0x18, 0xE4, 0x18, 0xE4, 0x18, 0xE4, 
  0x18, 0xE4, 0x18, 0xE4, 0x18, 0xE4, 0x18, 0xE4, 0x18, 0xE4, 0x18, 0xE4, 0x18, 0xE4, 0x18, 0xE4, 
  0x18, 0xE4, 0x18, 0xE4, 0x18, 0xE4, 0x18, 0xE4, 0x18, 0xE4, 0x18, 0xE4, 0x18, 0xE4, 0x18, 0xE4, 
  0x18, 0xE4, 0x18, 0xE4, 0x18, 0xE4, 0x18, 0xE4, 0x18, 0xE4, 0x18, 0xE4, 0x18, 0xE4, 0x18, 0xE4, 
  0x18, 0xE4, 0x18, 0xE4, 0x18, 0xE4, 0x18, 0xE4, 0x18, 0xE4, 0x18, 0xE4, 0x18, 0xE4, 0x18, 0xE4, 
  0x18, 0xE4, 0x18, 0xE4, 0x18, 0xE4, 0x18, 0xE4, 0x18, 0xE4, 0x18, 0xE4, 0x18, 0xE4, 0x18, 0xE4, 
  0x18, 0xE4, 0x18, 0xE4, 0x18, 0xE4, 0x18, 0xE4, 0x18, 0xE4, 0x18, 0xE4, 0x18, 0xE4, 0x18, 0xE4, 
  0x18, 0xE4, 0x18, 0xE4, 0x18, 0xE4, 0x18, 0xE4, 0x18, 0xE4, 0x18, 0xE4, 0x18, 0xE4, 0x18, 0xE4, 
  0x18, 0xE4, 0x18, 0xE4, 0x18, 0xE4, 0x18, 0xE4, 0x18, 0xE4, 0x18, 0xE4, 0x18, 0xE4, 0x18, 0xE4, 
  0x18, 0xE4, 0x18, 0xE4, 0x18, 0xE4, 0x18, 0xE4, 0x18, 0xE4, 0x18, 0xE4, 0x18, 0xE4, 0x18, 0xE4, 
  0x18, 0xE4, 0x18, 0xE4, 0x18, 0xE4, 0x18, 0xE4, 0x18, 0xE4, 0x18, 0xE4, 0x18, 0xE4, 0x18, 0xE4, 
  0x18, 0xE4, 0x18, 0xE4, 0x18, 0xE4, 0x18, 0xE4, 0x18, 0xE4, 0x18, 0xE4, 0x18, 0xE4, 0x18, 0xE4, 
  0x18, 0xE4, 0x18, 0xE4, 0x18, 0xE4, 0x18, 0xE4, 0x18, 0xE4, 0x18, 0xE4, 0x18, 0xE4, 0x18, 0xE4, 
  0x18, 0xE4, 0x18, 0xE4, 0x18, 0xE4, 0x18, 0xE4, 0x18, 0xE4, 0x18, 0xE4, 0x18, 0xE4, 0x18, 0xE4, 
  0x18, 0xE4, 0x18, 0xE4, 0x18, 0xE4, 0x18, 0xE4, 0x18, 0xE4, 0x18, 0xE4, 0x18, 0xE4, 0x18, 0xE4, 
  0x18, 0xE4, 0x18, 0xE4, 0x18, 0xE4, 0x18, 0xE4, 0x18, 0xE4, 0x18, 0xE4, 0x18, 0xE4, 0x18, 0xE4, 
  0x18, 0xE4, 0x18, 0xE4, 0x18, 0xE4, 0x18, 0xE4, 0x18, 0xE4, 0x18, 0xE4, 0x18, 0xE4, 0x18, 0xE4, 
  0x18, 0xE4, 0x18, 0xE4, 0x18, 0xE4, 0x18, 0xE4, 0x18, 0xE4, 0x18, 0xE4, 0x18, 0xE4, 0x18, 0xE4, 
  0x18, 0xE4, 0x18, 0xE4, 0x18, 0xE4, 0x18, 0xE4, 0x18, 0xE4, 0x18, 0xE4, 0x18, 0xE4, 0x18, 0xE4, 
  0x18, 0xE4, 0x18, 0xE4, 0x18, 0xE4, 0x18, 0xE4, 0x18, 0xE4, 0x18, 0xE4, 0x18, 0xE4, 0x18, 0xE4, 
  0x18, 0xE4, 0x18, 0xE4, 0x18, 0xE4, 0x18, 0xE4, 0x18, 0xE4, 0x18, 0xE4, 0x18, 0xE4, 0x18, 0xE4, 
  0x18, 0xE4, 0x18, 0xE4, 0x18, 0xE4, 0x18, 0xE4, 0x18, 0xE4, 0x18, 0xE4, 0x18, 0xE4, 0x18, 0xE4, 
  0x18, 0xE4, 0x18, 0xE4, 0x18, 0xE4, 0x18, 0xE4, 0x18, 0xE4, 0x18, 0xE4, 0x18, 0xE4, 0x18, 0xE4, 
  0x18, 0xE4, 0x18, 0xE4, 0x18, 0xE4, 0x18, 0xE4, 0x18, 0xE4, 0x18, 0xE4, 0x18, 0xE4, 0x18, 0xE4, 
  0x18, 0xE4, 0x18, 0xE4, 0x18, 0xE4, 0x18, 0xE4, 0x18, 0xE4, 0x18, 0xE4, 0x18, 0xE4, 0x18, 0xE4, 
  0x18, 0xE4, 0x18, 0xE4, 0x18, 0xE4, 0x18, 0xE4, 0x18, 0xE4, 0x18, 0xE4, 0x18, 0xE4, 0x18, 0xE4, 
  0x18, 0xE4, 0x18, 0xE4, 0x18, 0xE4, 0x18, 0xE4, 0x18, 0xE4, 0x18, 0xE4, 0x18, 0xE4, 0x18, 0xE4, 
  0x18, 0xE4, 0x18, 0xE4, 0x18, 0xE4, 0x18, 0xE4, 0x18, 0xE4, 0x18, 0xE4, 0x18, 0xE4, 0x18, 0xE4, 
  0x18, 0xE4, 0x18, 0xE4, 0x18, 0xE4, 0x18, 0xE4, 0x18, 0xE4, 0x18, 0xE4, 0x18, 0xE4, 0x18, 0xE4, 
  0x18, 0xE4, 0x18, 0xE4, 0x18, 0xE4, 0x18, 0xE4, 0x18, 0xE4, 0x18, 0xE4, 0x18, 0xE4, 0x18, 0xE4, 
  0x18, 0xE4, 0x18, 0xE4, 0x18, 0xE4, 0x18, 0xE4, 0x18, 0xE4, 0x18, 0xE4, 0x18, 0xE4, 0x18, 0xE4, 
  0x18, 0xE4, 0x18, 0xE4, 0x18, 0xE4, 0x18, 0xE4, 0x18, 0xE4, 0x18, 0xE4, 0x18, 0xE4, 0x18, 0xE4, 
  0x18, 0xE4, 0x18, 0xE4, 0x18, 0xE4, 0x18, 0xE4, 0x18, 0xE4, 0x18, 0xE4, 0x18, 0xE4, 0x18, 0xE4, 
  0x18, 0xE4, 0x18, 0xE4, 0x18, 0xE4, 0x18, 0xE4, 0x18, 0xE4, 0x18, 0xE4, 0x18, 0xE4, 0x18, 0xE4, 
  0x18, 0xE4, 0x18, 0xE4, 0x18, 0xE4, 0x18, 0xE4, 0x18, 0xE4, 0x18, 0xE4, 0x18, 0xE4, 0x18, 0xE4, 
  0x18, 0xE4, 0x18, 0xE4, 0x18, 0xE4, 0x18, 0xE4, 0x18, 0xE4, 0x18, 0xE4, 0x18, 0xE4, 0x18, 0xE4, 
  0x18, 0xE4, 0x18, 0xE4, 0x18, 0xE4, 0x18, 0xE4, 0x18, 0xE4, 0x18, 0xE4, 0x18, 0xE4, 0x18, 0xE4, 
  0x18, 0xE4, 0x18, 0xE4, 0x18, 0xE4, 0x18, 0xE4, 0x18, 0xE4, 0x18, 0xE4, 0x18, 0xE4, 0x18, 0xE4, 
  0x18, 0xE4, 0x18, 0xE4, 0x18, 0xE4, 0x18, 0xE4, 0x18, 0xE4, 0x18, 0xE4, 0x18, 0xE4, 0x18, 0xE4, 
  0x18, 0xE4, 0x18, 0xE4, 0x18, 0xE4, 0x18, 0xE4, 0x18, 0xE4, 0x18, 0xE4, 0x18, 0xE4, 0x18, 0xE4, 
  0x18, 0xE4, 0x18, 0xE4, 0x18, 0xE4, 0x18, 0xE4, 0x18, 0xE4, 0x18, 0xE4, 0x18, 0xE4, 0x18, 0xE4, 
  0x18, 0xE4, 0x18, 0xE4, 0x18, 0xE4, 0x18, 0xE4, 0x18, 0xE4, 0x18, 0xE4, 0x18, 0xE4, 0x18, 0xE4, 
  0x18, 0xE4, 0x18, 0xE4, 0x18, 0xE4, 0x18, 0xE4, 0x18, 0xE4, 0x18, 0xE4, 0x18, 0xE4, 0x18, 0xE4, 
  0x18, 0xE4, 0x18, 0xE4, 0x18, 0xE4, 0x18, 0xE4, 0x18, 0xE4, 0x18, 0xE4, 0x18, 0xE4, 0x18, 0xE4, 
  0x18, 0xE4, 0x18, 0xE4, 0x18, 0xE4, 0x18, 0xE4, 0x18, 0xE4, 0x18, 0xE4, 0x18, 0xE4, 0x18, 0xE4, 
  0x18, 0xE4, 0x18, 0xE4, 0x18, 0xE4, 0x18, 0xE4, 0x18, 0xE4, 0x18, 0xE4, 0x18, 0xE4, 0x18, 0xE4, 
  0x18, 0xE4, 0x18, 0xE4, 0x18, 0xE4, 0x18, 0xE4, 0x18, 0xE4, 0x18, 0xE4, 0x18, 0xE4, 0x18, 0xE4, 
  0x18, 0xE4, 0x18, 0xE4, 0x18, 0xE4, 0x18, 0xE4, 0x18, 0xE4, 0x18, 0xE4, 0x18, 0xE4, 0x18, 0xE4, 
  0x18, 0xE4, 0x18, 0xE4, 0x18, 0xE4, 0x18, 0xE4, 0x18, 0xE4, 0x18, 0xE4, 0x18, 0xE4, 0x18, 0xE4, 
  0x18, 0xE4, 0x18, 0xE4, 0x18, 0xE4, 0x18, 0xE4, 0x18, 0xE4, 0x18, 0xE4, 0x18, 0xE4, 0x18, 0xE4, 
  0x18, 0xE4, 0x18, 0xE4, 0x18, 0xE4, 0x18, 0xE4, 0x18, 0xE4, 0x18, 0xE4, 0x18, 0xE4, 0x18, 0xE4, 
  0x18, 0xE4, 0x18, 0xE4, 0x18, 0xE4, 0x18, 0xE4, 0x18, 0xE4, 0x18, 0xE4, 0x18, 0xE4, 0x18, 0xE4, 
  0x18, 0xE4, 0x18, 0xE4, 0x18, 0xE4, 0x18, 0xE4, 0x18, 0xE4, 0x18, 0xE4, 0x18, 0xE4, 0x18, 0xE4, 
  0x18, 0xE4, 0x18, 0xE4, 0x18, 0xE4, 0x18, 0xE4, 0x18, 0xE4, 0x18, 0xE4, 0x18, 0xE4, 0x18, 0xE4, 
  0x18, 0xE4, 0x18, 0xE4, 0x18, 0xE4, 0x18, 0xE4, 0x18, 0xE4, 0x18, 0xE4, 0x18, 0xE4, 0x18, 0xE4, 
  0x18, 0xE4, 0x18, 0xE4, 0x18, 0xE4, 0x18, 0xE4, 0x18, 0xE4, 0x18, 0xE4, 0x18, 0xE4, 0x18, 0xE4, 
  0x18, 0xE4, 0x18, 0xE4, 0x18, 0xE4, 0x18, 0xE4, 0x18, 0xE4, 0x18, 0xE4, 0x18, 0xE4, 0x18, 0xE4, 
  0x18, 0xE4, 0x18, 0xE4, 0x18, 0xE4, 0x18, 0xE4, 0x18, 0xE4, 0x18, 0xE4, 0x18, 0xE4, 0x18, 0xE4, 
  0x18, 0xE4, 0x18, 0xE4, 0x18, 0xE4, 0x18, 0xE4, 0x18, 0xE4, 0x18, 0xE4, 0x18, 0xE4, 0x18, 0xE4, 
  0x18, 0xE4, 0x18, 0xE4, 0x18, 0xE4, 0x18, 0xE4, 0x18, 0xE4, 0x18, 0xE4, 0x18, 0xE4, 0x18, 0xE4, 
  0x18, 0xE4, 0x18, 0xE4, 0x18, 0xE4, 0x18, 0xE4, 0x18, 0xE4, 0x18, 0xE4, 0x18, 0xE4, 0x18, 0xE4, 
  0x18, 0xE4, 0x18, 0xE4, 0x18, 0xE4, 0x18, 0xE4, 0x18, 0xE4, 0x18, 0xE4, 0x18, 0xE4, 0x18, 0xE4, 
  0x18, 0xE4, 0x18, 0xE4, 0x18, 0xE4, 0x18, 0xE4, 0x18, 0xE4, 0x18, 0xE4, 0x18, 0xE4, 0x18, 0xE4, 
  0x18, 0xE4, 0x18, 0xE4, 0x18, 0xE4, 0x18, 0xE4, 0x18, 0xE4, 0x18, 0xE4, 0x18, 0xE4, 0x18, 0xE4, 
  0x18, 0xE4, 0x18, 0xE4, 0x18, 0xE4, 0x18, 0xE4, 0x18, 0xE4, 0x18, 0xE4, 0x18, 0xE4, 0x18, 0xE4, 
  0x18, 0xE4, 0x18, 0xE4, 0x18, 0xE4, 0x18, 0xE4, 0x18, 0xE4, 0x18, 0xE4, 0x18, 0xE4, 0x18, 0xE4, 
  0x18, 0xE4, 0x18, 0xE4, 0x18, 0xE4, 0x18, 0xE4, 0x18, 0xE4, 0x18, 0xE4, 0x18, 0xE4, 0x18, 0xE4, 
  0x18, 0xE4, 0x18, 0xE4, 0x18, 0xE4, 0x18, 0xE4, 0x18, 0xE4, 0x18, 0xE4, 0x18, 0xE4, 0x18, 0xE4, 
  0x18, 0xE4, 0x18, 0xE4, 0x18, 0xE4, 0x18, 0xE4, 0x18, 0xE4, 0x18, 0xE4, 0x18, 0xE4, 0x18, 0xE4, 
  0x18, 0xE4, 0x18, 0xE4, 0x18, 0xE4, 0x18, 0xE4, 0x18, 0xE4, 0x18, 0xE4, 0x18, 0xE4, 0x18, 0xE4, 
  0x18, 0xE4, 0x18, 0xE4, 0x18, 0xE4, 0x18, 0xE4, 0x18, 0xE4, 0x18, 0xE4, 0x18, 0xE4, 0x18, 0xE4, 
  0x18, 0xE4, 0x18, 0xE4, 0x18, 0xE4, 0x18, 0xE4, 0x18, 0xE4, 0x18, 0xE4, 0x18, 0xE4, 0x18, 0xE4, 
  0x18, 0xE4, 0x18, 0xE4, 0x18, 0xE4, 0x18, 0xE4, 0x18, 0xE4, 0x18, 0xE4, 0x18, 0xE4, 0x18, 0xE4, 
  0x18, 0xE4, 0x18, 0xE4, 0x18, 0xE4, 0x18, 0xE4, 0x18, 0xE4, 0x18, 0xE4, 0x18, 0xE4, 0x18, 0xE4, 
  0x18, 0xE4, 0x18, 0xE4, 0x18, 0xE4, 0x18, 0xE4, 0x18, 0xE4, 0x18, 0xE4, 0x18, 0xE4, 0x18, 0xE4, 
  0x18, 0xE4, 0x18, 0xE4, 0x18, 0xE4, 0x18, 0xE4, 0x18, 0xE4, 0x18, 0xE4, 0x18, 0xE4, 0x18, 0xE4, 
  0x18, 0xE4, 0x18, 0xE4, 0x18, 0xE4, 0x18, 0xE4, 0x18, 0xE4, 0x18, 0xE4, 0x18, 0xE4, 0x18, 0xE4, 
  0x18, 0xE4, 0x18, 0xE4, 0x18, 0xE4, 0x18, 0xE4, 0x18, 0xE4, 0x18, 0xE4, 0x18, 0xE4, 0x18, 0xE4, 
  0x18, 0xE4, 0x18, 0xE4, 0x18, 0xE4, 0x18, 0xE4, 0x18, 0xE4, 0x18, 0xE4, 0x18, 0xE4, 0x18, 0xE4, 
  0x18, 0xE4, 0x18, 0xE4, 0x18, 0xE4, 0x18, 0xE4, 0x18, 0xE4, 0x18, 0xE4, 0x18, 0xE4, 0x18, 0xE4, 
  0x18, 0xE4, 0x18, 0xE4, 0x18, 0xE4, 0x18, 0xE4, 0x18, 0xE4, 0x18, 0xE4, 0x18, 0xE4, 0x18, 0xE4, 
  0x18, 0xE4, 0x18, 0xE4, 0x18, 0xE4, 0x18, 0xE4, 0x18, 0xE4, 0x18, 0xE4, 0x18, 0xE4, 0x18, 0xE4, 
  0x18, 0xE4, 0x18, 0xE4, 0x18, 0xE4, 0x18, 0xE4, 0x18, 0xE4, 0x18, 0xE4, 0x18, 0xE4, 0x18, 0xE4, 
  0x18, 0xE4, 0x18, 0xE4, 0x18, 0xE4, 0x18, 0xE4, 0x18, 0xE4, 0x18, 0xE4, 0x18, 0xE4, 0x18, 0xE4, 
  0x18, 0xE4, 0x18, 0xE4, 0x18, 0xE4, 0x18, 0xE4, 0x18, 0xE4, 0x18, 0xE4, 0x18, 0xE4, 0x18, 0xE4, 
  0x18, 0xE4, 0x18, 0xE4, 0x18, 0xE4, 0x18, 0xE4, 0x18, 0xE4, 0x18, 0xE4, 0x18, 0xE4, 0x18, 0xE4, 
  0x18, 0xE4, 0x18, 0xE4, 0x18, 0xE4, 0x18, 0xE4, 0x18, 0xE4, 0x18, 0xE4, 0x18, 0xE4, 0x18, 0xE4, 
  0x18, 0xE4, 0x18, 0xE4, 0x18, 0xE4, 0x18, 0xE4, 0x18, 0xE4, 0x18, 0xE4, 0x18, 0xE4, 0x18, 0xE4, 
  0x18, 0xE4, 0x18, 0xE4, 0x18, 0xE4, 0x18, 0xE4, 0x18, 0xE4, 0x18, 0xE4, 0x18, 0xE4, 0x18, 0xE4, 
  0x18, 0xE4, 0x18, 0xE4, 0x18, 0xE4, 0x18, 0xE4, 0x18, 0xE4, 0x18, 0xE4, 0x18, 0xE4, 0x18, 0xE4, 
  0x18, 0xE4, 0x18, 0xE4, 0x18, 0xE4, 0x18, 0xE4, 0x18, 0xE4, 0x18, 0xE4, 0x18, 0xE4, 0x18, 0xE4, 
  0x18, 0xE4, 0x18, 0xE4, 0x18, 0xE4, 0x18, 0xE4, 0x18, 0xE4, 0x18, 0xE4, 0x18, 0xE4, 0x18, 0xE4, 
  0x18, 0xE4, 0x18, 0xE4, 0x18, 0xE4, 0x18, 0xE4, 0x18, 0xE4, 0x18, 0xE4, 0x18, 0xE4, 0x18, 0xE4, 
  0x18, 0xE4, 0x18, 0xE4, 0x18, 0xE4, 0x18, 0xE4, 0x18, 0xE4, 0x18, 0xE4, 0x18, 0xE4, 0x18, 0xE4, 
  0x18, 0xE4, 0x18, 0xE4, 0x18, 0xE4, 0x18, 0xE4, 0x18, 0xE4, 0x18, 0xE4, 0x18, 0xE4, 0x18, 0xE4, 
  0x18, 0xE4, 0x18, 0xE4, 0x18, 0xE4, 0x18, 0xE4, 0x18, 0xE4, 0x18, 0xE4, 0x18, 0xE4, 0x18, 0xE4, 
  0x18, 0xE4, 0x18, 0xE4, 0x18, 0xE4, 0x18, 0xE4, 0x18, 0xE4, 0x18, 0xE4, 0x18, 0xE4, 0x18, 0xE4, 
  0x18, 0xE4, 0x18, 0xE4, 0x18, 0xE4, 0x18, 0xE4, 0x18, 0xE4, 0x18, 0xE4, 0x18, 0xE4, 0x18, 0xE4, 
  0x18, 0xE4, 0x18, 0xE4, 0x18, 0xE4, 0x18, 0xE4, 0x18, 0xE4, 0x18, 0xE4, 0x18, 0xE4, 0x18, 0xE4, 
  0x18, 0xE4, 0x18, 0xE4, 0x18, 0xE4, 0x18, 0xE4, 0x18, 0xE4, 0x18, 0xE4, 0x18, 0xE4, 0x18, 0xE4, 
  0x18, 0xE4, 0x18, 0xE4, 0x18, 0xE4, 0x18, 0xE4, 0x18, 0xE4, 0x18, 0xE4, 0x18, 0xE4, 0x18, 0xE4, 
  0x18, 0xE4, 0x18, 0xE4, 0x18, 0xE4, 0x18, 0xE4, 0x18, 0xE4, 0x18, 0xE4, 0x18, 0xE4, 0x18, 0xE4, 
  0x18, 0xE4, 0x18, 0xE4, 0x18, 0xE4, 0x18, 0xE4, 0x18, 0xE4, 0x18, 0xE4, 0x18, 0xE4, 0x18, 0xE4, 
  0x18, 0xE4, 0x18, 0xE4, 0x18, 0xE4, 0x18, 0xE4, 0x18, 0xE4, 0x18, 0xE4, 0x18, 0xE4, 0x18, 0xE4, 
  0x18, 0xE4, 0x18, 0xE4, 0x18, 0xE4, 0x18, 0xE4, 0x18, 0xE4, 0x18, 0xE4, 0x18, 0xE4, 0x18, 0xE4, 
  0x18, 0xE4, 0x18, 0xE4, 0x18, 0xE4, 0x18, 0xE4, 0x18, 0xE4, 0x18, 0xE4, 0x18, 0xE4, 0x18, 0xE4, 
  0x18, 0xE4, 0x18, 0xE4, 0x18, 0xE4, 0x18, 0xE4, 0x18, 0xE4, 0x18, 0xE4, 0x18, 0xE4, 0x18, 0xE4, 
  0x18, 0xE4, 0x18, 0xE4, 0x18, 0xE4, 0x18, 0xE4, 0x18, 0xE4, 0x18, 0xE4, 0x18, 0xE4, 0x18, 0xE4, 
  0x18, 0xE4, 0x18, 0xE4, 0x18, 0xE4, 0x18, 0xE4, 0x18, 0xE4, 0x18, 0xE4, 0x18, 0xE4, 0x18, 0xE4, 
  0x18, 0xE4, 0x18, 0xE4, 0x18, 0xE4, 0x18, 0xE4, 0x18, 0xE4, 0x18, 0xE4, 0x18, 0xE4, 0x18, 0xE4, 
  0x18, 0xE4, 0x18, 0xE4, 0x18, 0xE4, 0x18, 0xE4, 0x18, 0xE4, 0x18, 0xE4, 0x18, 0xE4, 0x18, 0xE4, 
  0x18, 0xE4, 0x18, 0xE4, 0x18, 0xE4, 0x18, 0xE4, 0x18, 0xE4, 0x18, 0xE4, 0x18, 0xE4, 0x18, 0xE4, 
  0x18, 0xE4, 0x18, 0xE4, 0x18, 0xE4, 0x18, 0xE4, 0x18, 0xE4, 0x18, 0xE4, 0x18, 0xE4, 0x18, 0xE4, 
  0x18, 0xE4, 0x18, 0xE4, 0x18, 0xE4, 0x18, 0xE4, 0x18, 0xE4, 0x18, 0xE4, 0x18, 0xE4, 0x18, 0xE4, 
  0x18, 0xE4, 0x18, 0xE4, 0x18, 0xE4, 0x18, 0xE4, 0x18, 0xE4, 0x18, 0xE4, 0x18, 0xE4, 0x18, 0xE4, 
  0x18, 0xE4, 0x18, 0xE4, 0x18, 0xE4, 0x18, 0xE4, 0x18, 0xE4, 0x18, 0xE4, 0x18, 0xE4, 0x18, 0xE4, 
  0x18, 0xE4, 0x18, 0xE4, 0x18, 0xE4, 0x18, 0xE4, 0x18, 0xE4, 0x18, 0xE4, 0x18, 0xE4, 0x18, 0xE4, 
  0x18, 0xE4, 0x18, 0xE4, 0x18, 0xE4, 0x18, 0xE4, 0x18, 0xE4, 0x18, 0xE4, 0x18, 0xE4, 0x18, 0xE4, 
  0x18, 0xE4, 0x18, 0xE4, 0x18, 0xE4, 0x18, 0xE4, 0x18, 0xE4, 0x18, 0xE4, 0x18, 0xE4, 0x18, 0xE4, 
  0x18, 0xE4, 0x18, 0xE4, 0x18, 0xE4, 0x18, 0xE4, 0x18, 0xE4, 0x18, 0xE4, 0x18, 0xE4, 0x18, 0xE4, 
  0x18, 0xE4, 0x18, 0xE4, 0x18, 0xE4, 0x18, 0xE4, 0x18, 0xE4, 0x18, 0xE4, 0x18, 0xE4, 0x18, 0xE4, 
  0x18, 0xE4, 0x18, 0xE4, 0x18, 0xE4, 0x18, 0xE4, 0x18, 0xE4, 0x18, 0xE4, 0x18, 0xE4, 0x18, 0xE4, 
  0x18, 0xE4, 0x18, 0xE4, 0x18, 0xE4, 0x18, 0xE4, 0x18, 0xE4, 0x18, 0xE4, 0x18, 0xE4, 0x18, 0xE4, 
  0x18, 0xE4, 0x18, 0xE4, 0x18, 0xE4, 0x18, 0xE4, 0x18, 0xE4, 0x18, 0xE4, 0x18, 0xE4, 0x18, 0xE4, 
  0x18, 0xE4, 0x18, 0xE4, 0x18, 0xE4, 0x18, 0xE4, 0x18, 0xE4, 0x18, 0xE4, 0x18, 0xE4, 0x18, 0xE4, 
  0x18, 0xE4, 0x18, 0xE4, 0x18, 0xE4, 0x18, 0xE4, 0x18, 0xE4, 0x18, 0xE4, 0x18, 0xE4, 0x18, 0xE4, 
  0x18, 0xE4, 0x18, 0xE4, 0x18, 0xE4, 0x18, 0xE4, 0x18, 0xE4, 0x18, 0xE4, 0x18, 0xE4, 0x18, 0xE4, 
  0x18, 0xE4, 0x18, 0xE4, 0x18, 0xE4, 0x18, 0xE4, 0x18, 0xE4, 0x18, 0xE4, 0x18, 0xE4, 0x18, 0xE4, 
  0x18, 0xE4, 0x18, 0xE4, 0x18, 0xE4, 0x18, 0xE4, 0x18, 0xE4, 0x18, 0xE4, 0x18, 0xE4, 0x18, 0xE4, 
  0x18, 0xE4, 0x18, 0xE4, 0x18, 0xE4, 0x18, 0xE4, 0x18, 0xE4, 0x18, 0xE4, 0x18, 0xE4, 0x18, 0xE4, 
  0x18, 0xE4, 0x18, 0xE4, 0x18, 0xE4, 0x18, 0xE4, 0x18, 0xE4, 0x18, 0xE4, 0x18, 0xE4, 0x18, 0xE4, 
  0x18, 0xE4, 0x18, 0xE4, 0x18, 0xE4, 0x18, 0xE4, 0x18, 0xE4, 0x18, 0xE4, 0x18, 0xE4, 0x18, 0xE4, 
  0x18, 0xE4, 0x18, 0xE4, 0x18, 0xE4, 0x18, 0xE4, 0x18, 0xE4, 0x18, 0xE4, 0x18, 0xE4, 0x18, 0xE4, 
  0x18, 0xE4, 0x18, 0xE4, 0x18, 0xE4, 0x18, 0xE4, 0x18, 0xE4, 0x18, 0xE4, 0x18, 0xE4, 0x18, 0xE4, 
  0x18, 0xE4, 0x18, 0xE4, 0x18, 0xE4, 0x18, 0xE4, 0x18, 0xE4, 0x18, 0xE4, 0x18, 0xE4, 0x18, 0xE4, 
  0x18, 0xE4, 0x18, 0xE4, 0x18, 0xE4, 0x18, 0xE4, 0x18, 0xE4, 0x18, 0xE4, 0x18, 0xE4, 0x18, 0xE4, 
  0x18, 0xE4, 0x18, 0xE4, 0x18, 0xE4, 0x18, 0xE4, 0x18, 0xE4, 0x18, 0xE4, 0x18, 0xE4, 0x18, 0xE4, 
  0x18, 0xE4, 0x18, 0xE4, 0x18, 0xE4, 0x18, 0xE4, 0x18, 0xE4, 0x18, 0xE4, 0x18, 0xE4, 0x18, 0xE4, 
  0x18, 0xE4, 0x18, 0xE4, 0x18, 0xE4, 0x18, 0xE4, 0x18, 0xE4, 0x18, 0xE4, 0x18, 0xE4, 0x18, 0xE4, 
  0x18, 0xE4, 0x18, 0xE4, 0x18, 0xE4, 0x18, 0xE4, 0x18, 0xE4, 0x18, 0xE4, 0x18, 0xE4, 0x18, 0xE4, 
  0x18, 0xE4, 0x18, 0xE4, 0x18, 0xE4, 0x18, 0xE4, 0x18, 0xE4, 0x18, 0xE4, 0x18, 0xE4, 0x18, 0xE4, 
  0x18, 0xE4, 0x18, 0xE4, 0x18, 0xE4, 0x18, 0xE4, 0x18, 0xE4, 0x18, 0xE4, 0x18, 0xE4, 0x18, 0xE4, 
  0x18, 0xE4, 0x18, 0xE4, 0x18, 0xE4, 0x18, 0xE4, 0x18, 0xE4, 0x18, 0xE4, 0x18, 0xE4, 0x18, 0xE4, 
  0x18, 0xE4, 0x18, 0xE4, 0x18, 0xE4, 0x18, 0xE4, 0x18, 0xE4, 0x18, 0xE4, 0x18, 0xE4, 0x18, 0xE4, 
  0x18, 0xE4, 0x18, 0xE4, 0x18, 0xE4, 0x18, 0xE4, 0x18, 0xE4, 0x18, 0xE4, 0x18, 0xE4, 0x18, 0xE4, 
  0x18, 0xE4, 0x18, 0xE4, 0x18, 0xE4, 0x18, 0xE4, 0x18, 0xE4, 0x18, 0xE4, 0x18, 0xE4, 0x18, 0xE4, 
  0x18, 0xE4, 0x18, 0xE4, 0x18, 0xE4, 0x18, 0xE4, 0x18, 0xE4, 0x18, 0xE4, 0x18, 0xE4, 0x18, 0xE4, 
  0x18, 0xE4, 0x18, 0xE4, 0x18, 0xE4, 0x18, 0xE4, 0x18, 0xE4, 0x18, 0xE4, 0x18, 0xE4, 0x18, 0xE4, 
  0x18, 0xE4, 0x18, 0xE4, 0x18, 0xE4, 0x18, 0xE4, 0x18, 0xE4, 0x18, 0xE4, 0x18, 0xE4, 0x18, 0xE4, 
  0x18, 0xE4, 0x18, 0xE4, 0x18, 0xE4, 0x18, 0xE4, 0x18, 0xE4, 0x18, 0xE4, 0x18, 0xE4, 0x18, 0xE4, 
  0x18, 0xE4, 0x18, 0xE4, 0x18, 0xE4, 0x18, 0xE4, 0x18, 0xE4, 0x18, 0xE4, 0x18, 0xE4, 0x18, 0xE4, 
  0x18, 0xE4, 0x18, 0xE4, 0x18, 0xE4, 0x18, 0xE4, 0x18, 0xE4, 0x18, 0xE4, 0x18, 0xE4, 0x18, 0xE4, 
  0x18, 0xE4, 0x18, 0xE4, 0x18, 0xE4, 0x18, 0xE4, 0x18, 0xE4, 0x18, 0xE4, 0x18, 0xE4, 0x18, 0xE4, 
  0x18, 0xE4, 0x18, 0xE4, 0x18, 0xE4, 0x18, 0xE4, 0x18, 0xE4, 0x18, 0xE4, 0x18, 0xE4, 0x18, 0xE4, 
  0x18, 0xE4, 0x18, 0xE4, 0x18, 0xE4, 0x18, 0xE4, 0x18, 0xE4, 0x18, 0xE4, 0x18, 0xE4, 0x18, 0xE4, 
  0x18, 0xE4, 0x18, 0xE4, 0x18, 0xE4, 0x18, 0xE4, 0x18, 0xE4, 0x18, 0xE4, 0x18, 0xE4, 0x18, 0xE4, 
  0x18, 0xE4, 0x18, 0xE4, 0x18, 0xE4, 0x18, 0xE4, 0x18, 0xE4, 0x18, 0xE4, 0x18, 0xE4, 0x18, 0xE4, 
  0x18, 0xE4, 0x18, 0xE4, 0x18, 0xE4, 0x18, 0xE4, 0x18, 0xE4, 0x18, 0xE4, 0x18, 0xE4, 0x18, 0xE4, 
  0x18, 0xE4, 0x18, 0xE4, 0x18, 0xE4, 0x18, 0xE4, 0x18, 0xE4, 0x18, 0xE4, 0x18, 0xE4, 0x18, 0xE4, 
  0x18, 0xE4, 0x18, 0xE4, 0x18, 0xE4, 0x18, 0xE4, 0x18, 0xE4, 0x18, 0xE4, 0x18, 0xE4, 0x18, 0xE4, 
  0x18, 0xE4, 0x18, 0xE4, 0x18, 0xE4, 0x18, 0xE4, 0x18, 0xE4, 0x18, 0xE4, 0x18, 0xE4, 0x18, 0xE4, 
  0x18, 0xE4, 0x18, 0xE4, 0x18, 0xE4, 0x18, 0xE4, 0x18, 0xE4, 0x18, 0xE4, 0x18, 0xE4, 0x18, 0xE4, 
  0x18, 0xE4, 0x18, 0xE4, 0x18, 0xE4, 0x18, 0xE4, 0x18, 0xE4, 0x18, 0xE4, 0x18, 0xE4, 0x18, 0xE4, 
  0x18, 0xE4, 0x18, 0xE4, 0x18, 0xE4, 0x18, 0xE4, 0x18, 0xE4, 0x18, 0xE4, 0x18, 0xE4, 0x18, 0xE4, 
  0x18, 0xE4, 0x18, 0xE4, 0x18, 0xE4, 0x18, 0xE4, 0x18, 0xE4, 0x18, 0xE4, 0x18, 0xE4, 0x18, 0xE4, 
  0x18, 0xE4, 0x18, 0xE4, 0x18, 0xE4, 0x18, 0xE4, 0x18, 0xE4, 0x18, 0xE4, 0x18, 0xE4, 0x18, 0xE4, 
  0x18, 0xE4, 0x18, 0xE4, 0x18, 0xE4, 0x18, 0xE4, 0x18, 0xE4, 0x18, 0xE4, 0x18, 0xE4, 0x18, 0xE4, 
  0x18, 0xE4, 0x18, 0xE4, 0x18, 0xE4, 0x18, 0xE4, 0x18, 0xE4, 0x18, 0xE4, 0x18, 0xE4, 0x18, 0xE4, 
  0x18, 0xE4, 0x18, 0xE4, 0x18, 0xE4, 0x18, 0xE4, 0x18, 0xE4, 0x18, 0xE4, 0x18, 0xE4, 0x18, 0xE4, 
  0x18, 0xE4, 0x18, 0xE4, 0x18, 0xE4, 0x18, 0xE4, 0x18, 0xE4, 0x18, 0xE4, 0x18, 0xE4, 0x18, 0xE4, 
  0x18, 0xE4, 0x18, 0xE4, 0x18, 0xE4, 0x18, 0xE4, 0x18, 0xE4, 0x18, 0xE4, 0x18, 0xE4, 0x18, 0xE4, 
  0x18, 0xE4, 0x18, 0xE4, 0x18, 0xE4, 0x18, 0xE4, 0x18, 0xE4, 0x18, 0xE4, 0x18, 0xE4, 0x18, 0xE4, 
  0x18, 0xE4, 0x18, 0xE4, 0x18, 0xE4, 0x18, 0xE4, 0x18, 0xE4, 0x18, 0xE4, 0x18, 0xE4, 0x18, 0xE4, 
  0x18, 0xE4, 0x18, 0xE4, 0x18, 0xE4, 0x18, 0xE4, 0x18, 0xE4, 0x18, 0xE4, 0x18, 0xE4, 0x18, 0xE4, 
  0x18, 0xE4, 0x18, 0xE4, 0x18, 0xE4, 0x18, 0xE4, 0x18, 0xE4, 0x18, 0xE4, 0x18, 0xE4, 0x18, 0xE4, 
  0x18, 0xE4, 0x18, 0xE4, 0x18, 0xE4, 0x18, 0xE4, 0x18, 0xE4, 0x18, 0xE4, 0x18, 0xE4, 0x18, 0xE4, 
  0x18, 0xE4, 0x18, 0xE4, 0x18, 0xE4, 0x18, 0xE4, 0x18, 0xE4, 0x18, 0xE4, 0x18, 0xE4, 0x18, 0xE4, 
  0x18, 0xE4, 0x18, 0xE4, 0x18, 0xE4, 0x18, 0xE4, 0x18, 0xE4, 0x18, 0xE4, 0x18, 0xE4, 0x18, 0xE4, 
  0x18, 0xE4, 0x18, 0xE4, 0x18, 0xE4, 0x18, 0xE4, 0x18, 0xE4, 0x18, 0xE4, 0x18, 0xE4, 0x18, 0xE4, 
  0x18, 0xE4, 0x18, 0xE4, 0x18, 0xE4, 0x18, 0xE4, 0x18, 0xE4, 0x18, 0xE4, 0x18, 0xE4, 0x18, 0xE4, 
  0x18, 0xE4, 0x18, 0xE4, 0x18, 0xE4, 0x18, 0xE4, 0x18, 0xE4, 0x18, 0xE4, 0x18, 0xE4, 0x18, 0xE4, 
  0x18, 0xE4, 0x18, 0xE4, 0x18, 0xE4, 0x18, 0xE4, 0x18, 0xE4, 0x18, 0xE4, 0x18, 0xE4, 0x18, 0xE4, 
  0x18, 0xE4, 0x18, 0xE4, 0x18, 0xE4, 0x18, 0xE4, 0x18, 0xE4, 0x18, 0xE4, 0x18, 0xE4, 0x18, 0xE4, 
  0x18, 0xE4, 0x18, 0xE4, 0x18, 0xE4, 0x18, 0xE4, 0x18, 0xE4, 0x18, 0xE4, 0x18, 0xE4, 0x18, 0xE4, 
  0x18, 0xE4, 0x18, 0xE4, 0x18, 0xE4, 0x18, 0xE4, 0x18, 0xE4, 0x18, 0xE4, 0x18, 0xE4, 0x18, 0xE4, 
  0x18, 0xE4, 0x18, 0xE4, 0x18, 0xE4, 0x18, 0xE4, 0x18, 0xE4, 0x18, 0xE4, 0x18, 0xE4, 0x18, 0xE4, 
  0x18, 0xE4, 0x18, 0xE4, 0x18, 0xE4, 0x18, 0xE4, 0x18, 0xE4, 0x18, 0xE4, 0x18, 0xE4, 0x18, 0xE4, 
  0x18, 0xE4, 0x18, 0xE4, 0x18, 0xE4, 0x18, 0xE4, 0x18, 0xE4, 0x18, 0xE4, 0x18, 0xE4, 0x18, 0xE4, 
  0x18, 0xE4, 0x18, 0xE4, 0x18, 0xE4, 0x18, 0xE4, 0x18, 0xE4, 0x18, 0xE4, 0x18, 0xE4, 0x18, 0xE4, 
  0x18, 0xE4, 0x18, 0xE4, 0x18, 0xE4, 0x18, 0xE4, 0x18, 0xE4, 0x18, 0xE4, 0x18, 0xE4, 0x18, 0xE4, 
  0x18, 0xE4, 0x18, 0xE4, 0x18, 0xE4, 0x18, 0xE4, 0x18, 0xE4, 0x18, 0xE4, 0x18, 0xE4, 0x18, 0xE4, 
  0x18, 0xE4, 0x18, 0xE4, 0x18, 0xE4, 0x18, 0xE4, 0x18, 0xE4, 0x18, 0xE4, 0x18, 0xE4, 0x18, 0xE4, 
  0x18, 0xE4, 0x18, 0xE4, 0x18, 0xE4, 0x18, 0xE4, 0x18, 0xE4, 0x18, 0xE4, 0x18, 0xE4, 0x18, 0xE4, 
  0x18, 0xE4, 0x18, 0xE4, 0x18, 0xE4, 0x18, 0xE4, 0x18, 0xE4, 0x18, 0xE4, 0x18, 0xE4, 0x18, 0xE4, 
  0x18, 0xE4, 0x18, 0xE4, 0x18, 0xE4, 0x18, 0xE4, 0x18, 0xE4, 0x18, 0xE4, 0x18, 0xE4, 0x18, 0xE4, 
  0x18, 0xE4, 0x18, 0xE4, 0x18, 0xE4, 0x18, 0xE4, 0x18, 0xE4, 0x18, 0xE4, 0x18, 0xE4, 0x18, 0xE4, 
  0x18, 0xE4, 0x18, 0xE4, 0x18, 0xE4, 0x18, 0xE4, 0x18, 0xE4, 0x18, 0xE4, 0x18, 0xE4, 0x18, 0xE4, 
  0x18, 0xE4, 0x18, 0xE4, 0x18, 0xE4, 0x18, 0xE4, 0x18, 0xE4, 0x18, 0xE4, 0x18, 0xE4, 0x18, 0xE4, 
  0x18, 0xE4, 0x18, 0xE4, 0x18, 0xE4, 0x18, 0xE4, 0x18, 0xE4, 0x18, 0xE4, 0x18, 0xE4, 0x18, 0xE4, 
  0x18, 0xE4, 0x18, 0xE4, 0x18, 0xE4, 0x18, 0xE4, 0x18, 0xE4, 0x18, 0xE4, 0x18, 0xE4, 0x18, 0xE4, 
  0x18, 0xE4, 0x18, 0xE4, 0x18, 0xE4, 0x18, 0xE4, 0x18, 0xE4, 0x18, 0xE4, 0x18, 0xE4, 0x18, 0xE4, 
  0x18, 0xE4, 0x18, 0xE4, 0x18, 0xE4, 0x18, 0xE4, 0x18, 0xE4, 0x18, 0xE4, 0x18, 0xE4, 0x18, 0xE4, 
  0x18, 0xE4, 0x18, 0xE4, 0x18, 0xE4, 0x18, 0xE4, 0x18, 0xE4, 0x18, 0xE4, 0x18, 0xE4, 0x18, 0xE4, 
  0x18, 0xE4, 0x18, 0xE4, 0x18, 0xE4, 0x18, 0xE4, 0x18, 0xE4, 0x18, 0xE4, 0x18, 0xE4, 0x18, 0xE4, 
  0x18, 0xE4, 0x18, 0xE4, 0x18, 0xE4, 0x18, 0xE4, 0x18, 0xE4, 0x18, 0xE4, 0x18, 0xE4, 0x18, 0xE4, 
  0x18, 0xE4, 0x18, 0xE4, 0x18, 0xE4, 0x18, 0xE4, 0x18, 0xE4, 0x18, 0xE4, 0x18, 0xE4, 0x18, 0xE4, 
  0x18, 0xE4, 0x18, 0xE4, 0x18, 0xE4, 0x18, 0xE4, 0x18, 0xE4, 0x18, 0xE4, 0x18, 0xE4, 0x18, 0xE4, 
  0x18, 0xE4, 0x18, 0xE4, 0x18, 0xE4, 0x18, 0xE4, 0x18, 0xE4, 0x18, 0xE4, 0x18, 0xE4, 0x18, 0xE4, 
  0x18, 0xE4, 0x18, 0xE4, 0x18, 0xE4, 0x18, 0xE4, 0x18, 0xE4, 0x18, 0xE4, 0x18, 0xE4, 0x18, 0xE4, 
  0x18, 0xE4, 0x18, 0xE4, 0x18, 0xE4, 0x18, 0xE4, 0x18, 0xE4, 0x18, 0xE4, 0x18, 0xE4, 0x18, 0xE4, 
  0x18, 0xE4, 0x18, 0xE4, 0x18, 0xE4, 0x18, 0xE4, 0x18, 0xE4, 0x18, 0xE4, 0x18, 0xE4, 0x18, 0xE4, 
  0x18, 0xE4, 0x18, 0xE4, 0x18, 0xE4, 0x18, 0xE4, 0x18, 0xE4, 0x18, 0xE4, 0x18, 0xE4, 0x18, 0xE4, 
  0x18, 0xE4, 0x18, 0xE4, 0x18, 0xE4, 0x18, 0xE4, 0x18, 0xE4, 0x18, 0xE4, 0x18, 0xE4, 0x18, 0xE4, 
  0x18, 0xE4, 0x18, 0xE4, 0x18, 0xE4, 0x18, 0xE4, 0x18, 0xE4, 0x18, 0xE4, 0x18, 0xE4, 0x18, 0xE4, 
  0x18, 0xE4, 0x18, 0xE4, 0x18, 0xE4, 0x18, 0xE4, 0x18, 0xE4, 0x18, 0xE4, 0x18, 0xE4, 0x18, 0xE4, 
  0x18, 0xE4, 0x18, 0xE4, 0x18, 0xE4, 0x18, 0xE4, 0x18, 0xE4, 0x18, 0xE4, 0x18, 0xE4, 0x18, 0xE4, 
  0x18, 0xE4, 0x18, 0xE4, 0x18, 0xE4, 0x18, 0xE4, 0x18, 0xE4, 0x18, 0xE4, 0x18, 0xE4, 0x18, 0xE4, 
  0x18, 0xE4, 0x18, 0xE4, 0x18, 0xE4, 0x18, 0xE4, 0x18, 0xE4, 0x18, 0xE4, 0x18, 0xE4, 0x18, 0xE4, 
  0x18, 0xE4, 0x18, 0xE4, 0x18, 0xE4, 0x18, 0xE4, 0x18, 0xE4, 0x18, 0xE4, 0x18, 0xE4, 0x18, 0xE4, 
  0x18, 0xE4, 0x18, 0xE4, 0x18, 0xE4, 0x18, 0xE4, 0x18, 0xE4, 0x18, 0xE4, 0x18, 0xE4, 0x18, 0xE4, 
  0x18, 0xE4, 0x18, 0xE4, 0x18, 0xE4, 0x18, 0xE4, 0x18, 0xE4, 0x18, 0xE4, 0x18, 0xE4, 0x18, 0xE4, 
  0x18, 0xE4, 0x18, 0xE4, 0x18, 0xE4, 0x18, 0xE4, 0x18, 0xE4, 0x18, 0xE4, 0x18, 0xE4, 0x18, 0xE4, 
  0x18, 0xE4, 0x18, 0xE4, 0x18, 0xE4, 0x18, 0xE4, 0x18, 0xE4, 0x18, 0xE4, 0x18, 0xE4, 0x18, 0xE4, 
  0x18, 0xE4, 0x18, 0xE4, 0x18, 0xE4, 0x18, 0xE4, 0x18, 0xE4, 0x18, 0xE4, 0x18, 0xE4, 0x18, 0xE4, 
  0x18, 0xE4, 0x18, 0xE4, 0x18, 0xE4, 0x18, 0xE4, 0x18, 0xE4, 0x18, 0xE4, 0x18, 0xE4, 0x18, 0xE4, 
  0x18, 0xE4, 0x18, 0xE4, 0x18, 0xE4, 0x18, 0xE4, 0x18, 0xE4, 0x18, 0xE4, 0x18, 0xE4, 0x18, 0xE4, 
  0x18, 0xE4, 0x18, 0xE4, 0x18, 0xE4, 0x18, 0xE4, 0x18, 0xE4, 0x18, 0xE4, 0x18, 0xE4, 0x18, 0xE4, 
  0x18, 0xE4, 0x18, 0xE4, 0x18, 0xE4, 0x18, 0xE4, 0x18, 0xE4, 0x18, 0xE4, 0x18, 0xE4, 0x18, 0xE4, 
  0x18, 0xE4, 0x18, 0xE4, 0x18, 0xE4, 0x18, 0xE4, 0x18, 0xE4, 0x18, 0xE4, 0x18, 0xE4, 0x18, 0xE4, 
  0x18, 0xE4, 0x18, 0xE4, 0x18, 0xE4, 0x18, 0xE4, 0x18, 0xE4, 0x18, 0xE4, 0x18, 0xE4, 0x18, 0xE4, 
  0x18, 0xE4, 0x18, 0xE4, 0x18, 0xE4, 0x18, 0xE4, 0x18, 0xE4, 0x18, 0xE4, 0x18, 0xE4, 0x18, 0xE4, 
  0x18, 0xE4, 0x18, 0xE4, 0x18, 0xE4, 0x18, 0xE4, 0x18, 0xE4, 0x18, 0xE4, 0x18, 0xE4, 0x18, 0xE4, 
  0x18, 0xE4, 0x18, 0xE4, 0x18, 0xE4, 0x18, 0xE4, 0x18, 0xE4, 0x18, 0xE4, 0x18, 0xE4, 0x18, 0xE4, 
  0x18, 0xE4, 0x18, 0xE4, 0x18, 0xE4, 0x18, 0xE4, 0x18, 0xE4, 0x18, 0xE4, 0x18, 0xE4, 0x18, 0xE4, 
  0x18, 0xE4, 0x18, 0xE4, 0x18, 0xE4, 0x18, 0xE4, 0x18, 0xE4, 0x18, 0xE4, 0x18, 0xE4, 0x18, 0xE4, 
  0x18, 0xE4, 0x18, 0xE4, 0x18, 0xE4, 0x18, 0xE4, 0x18, 0xE4, 0x18, 0xE4, 0x18, 0xE4, 0x18, 0xE4, 
  0x18, 0xE4, 0x18, 0xE4, 0x18, 0xE4, 0x18, 0xE4, 0x18, 0xE4, 0x18, 0xE4, 0x18, 0xE4, 0x18, 0xE4, 
  0x18, 0xE4, 0x18, 0xE4, 0x18, 0xE4, 0x18, 0xE4, 0x18, 0xE4, 0x18, 0xE4, 0x18, 0xE4, 0x18, 0xE4, 
  0x18, 0xE4, 0x18, 0xE4, 0x18, 0xE4, 0x18, 0xE4, 0x18, 0xE4, 0x18, 0xE4, 0x18, 0xE4, 0x18, 0xE4, 
  0x18, 0xE4, 0x18, 0xE4, 0x18, 0xE4, 0x18, 0xE4, 0x18, 0xE4, 0x18, 0xE4, 0x18, 0xE4, 0x18, 0xE4, 
  0x18, 0xE4, 0x18, 0xE4, 0x18, 0xE4, 0x18, 0xE4, 0x18, 0xE4, 0x18, 0xE4, 0x18, 0xE4, 0x18, 0xE4, 
  0x18, 0xE4, 0x18, 0xE4, 0x18, 0xE4, 0x18, 0xE4, 0x18, 0xE4, 0x18, 0xE4, 0x18, 0xE4, 0x18, 0xE4, 
  0x18, 0xE4, 0x18, 0xE4, 0x18, 0xE4, 0x18, 0xE4, 0x18, 0xE4, 0x18, 0xE4, 0x18, 0xE4, 0x18, 0xE4, 
  0x18, 0xE4, 0x18, 0xE4, 0x18, 0xE4, 0x18, 0xE4, 0x18, 0xE4, 0x18, 0xE4, 0x18, 0xE4, 0x18, 0xE4, 
  0x18, 0xE4, 0x18, 0xE4, 0x18, 0xE4, 0x18, 0xE4, 0x18, 0xE4, 0x18, 0xE4, 0x18, 0xE4, 0x18, 0xE4, 
  0x18, 0xE4, 0x18, 0xE4, 0x18, 0xE4, 0x18, 0xE4, 0x18, 0xE4, 0x18, 0xE4, 0x18, 0xE4, 0x18, 0xE4, 
  0x18, 0xE4, 0x18, 0xE4, 0x18, 0xE4, 0x18, 0xE4, 0x18, 0xE4, 0x18, 0xE4, 0x18, 0xE4, 0x18, 0xE4, 
  0x18, 0xE4, 0x18, 0xE4, 0x18, 0xE4, 0x18, 0xE4, 0x18, 0xE4, 0x18, 0xE4, 0x18, 0xE4, 0x18, 0xE4, 
  0x18, 0xE4, 0x18, 0xE4, 0x18, 0xE4, 0x18, 0xE4, 0x18, 0xE4, 0x18, 0xE4, 0x18, 0xE4, 0x18, 0xE4, 
  0x18, 0xE4, 0x18, 0xE4, 0x18, 0xE4, 0x18, 0xE4, 0x18, 0xE4, 0x18, 0xE4, 0x18, 0xE4, 0x18, 0xE4, 
  0x18, 0xE4, 0x18, 0xE4, 0x18, 0xE4, 0x18, 0xE4, 0x18, 0xE4, 0x18, 0xE4, 0x18, 0xE4, 0x18, 0xE4, 
  0x18, 0xE4, 0x18, 0xE4, 0x18, 0xE4, 0x18, 0xE4, 0x18, 0xE4, 0x18, 0xE4, 0x18, 0xE4, 0x18, 0xE4, 
  0x18, 0xE4, 0x18, 0xE4, 0x18, 0xE4, 0x18, 0xE4, 0x18, 0xE4, 0x18, 0xE4, 0x18, 0xE4, 0x18, 0xE4, 
  0x18, 0xE4, 0x18, 0xE4, 0x18, 0xE4, 0x18, 0xE4, 0x18, 0xE4, 0x18, 0xE4, 0x18, 0xE4, 0x18, 0xE4, 
  0x18, 0xE4, 0x18, 0xE4, 0x18, 0xE4, 0x18, 0xE4, 0x18, 0xE4, 0x18, 0xE4, 0x18, 0xE4, 0x18, 0xE4, 
  0x18, 0xE4, 0x18, 0xE4, 0x18, 0xE4, 0x18, 0xE4, 0x18, 0xE4, 0x18, 0xE4, 0x18, 0xE4, 0x18, 0xE4, 
  0x18, 0xE4, 0x18, 0xE4, 0x18, 0xE4, 0x18, 0xE4, 0x18, 0xE4, 0x18, 0xE4, 0x18, 0xE4, 0x18, 0xE4, 
  0x18, 0xE4, 0x18, 0xE4, 0x18, 0xE4, 0x18, 0xE4, 0x18, 0xE4, 0x18, 0xE4, 0x18, 0xE4, 0x18, 0xE4, 
  0x18, 0xE4, 0x18, 0xE4, 0x18, 0xE4, 0x18, 0xE4, 0x18, 0xE4, 0x18, 0xE4, 0x18, 0xE4, 0x18, 0xE4, 
  0x18, 0xE4, 0x18, 0xE4, 0x18, 0xE4, 0x18, 0xE4, 0x18, 0xE4, 0x18, 0xE4, 0x18, 0xE4, 0x18, 0xE4, 
  0x18, 0xE4, 0x18, 0xE4, 0x18, 0xE4, 0x18, 0xE4, 0x18, 0xE4, 0x18, 0xE4, 0x18, 0xE4, 0x18, 0xE4, 
  0x18, 0xE4, 0x18, 0xE4, 0x18, 0xE4, 0x18, 0xE4, 0x18, 0xE4, 0x18, 0xE4, 0x18, 0xE4, 0x18, 0xE4, 
  0x18, 0xE4, 0x18, 0xE4, 0x18, 0xE4, 0x18, 0xE4, 0x18, 0xE4, 0x18, 0xE4, 0x18, 0xE4, 0x18, 0xE4, 
  0x18, 0xE4, 0x18, 0xE4, 0x18, 0xE4, 0x18, 0xE4, 0x18, 0xE4, 0x18, 0xE4, 0x18, 0xE4, 0x18, 0xE4, 
  0x18, 0xE4, 0x18, 0xE4, 0x18, 0xE4, 0x18, 0xE4, 0x18, 0xE4, 0x18, 0xE4, 0x18, 0xE4, 0x18, 0xE4, 
  0x18, 0xE4, 0x18, 0xE4, 0x18, 0xE4, 0x18, 0xE4, 0x18, 0xE4, 0x18, 0xE4, 0x18, 0xE4, 0x18, 0xE4, 
  0x18, 0xE4, 0x18, 0xE4, 0x18, 0xE4, 0x18, 0xE4, 0x18, 0xE4, 0x18, 0xE4, 0x18, 0xE4, 0x18, 0xE4, 
  0x18, 0xE4, 0x18, 0xE4, 0x18, 0xE4, 0x18, 0xE4, 0x18, 0xE4, 0x18, 0xE4, 0x18, 0xE4, 0x18, 0xE4, 
  0x18, 0xE4, 0x18, 0xE4, 0x18, 0xE4, 0x18, 0xE4, 0x18, 0xE4, 0x18, 0xE4, 0x18, 0xE4, 0x18, 0xE4, 
  0x18, 0xE4, 0x18, 0xE4, 0x18, 0xE4, 0x18, 0xE4, 0x18, 0xE4, 0x18, 0xE4, 0x18, 0xE4, 0x18, 0xE4, 
  0x18, 0xE4, 0x18, 0xE4, 0x18, 0xE4, 0x18, 0xE4, 0x18, 0xE4, 0x18, 0xE4, 0x18, 0xE4, 0x18, 0xE4, 
  0x18, 0xE4, 0x18, 0xE4, 0x18, 0xE4, 0x18, 0xE4, 0x18, 0xE4, 0x18, 0xE4, 0x18, 0xE4, 0x18, 0xE4, 
  0x18, 0xE4, 0x18, 0xE4, 0x18, 0xE4, 0x18, 0xE4, 0x18, 0xE4, 0x18, 0xE4, 0x18, 0xE4, 0x18, 0xE4, 
  0x18, 0xE4, 0x18, 0xE4, 0x18, 0xE4, 0x18, 0xE4, 0x18, 0xE4, 0x18, 0xE4, 0x18, 0xE4, 0x18, 0xE4, 
  0x18, 0xE4, 0x18, 0xE4, 0x18, 0xE4, 0x18, 0xE4, 0x18, 0xE4, 0x18, 0xE4, 0x18, 0xE4, 0x18, 0xE4, 
  0x18, 0xE4, 0x18, 0xE4, 0x18, 0xE4, 0x18, 0xE4, 0x18, 0xE4, 0x18, 0xE4, 0x18, 0xE4, 0x18, 0xE4, 
  0x18, 0xE4, 0x18, 0xE4, 0x18, 0xE4, 0x18, 0xE4, 0x18, 0xE4, 0x18, 0xE4, 0x18, 0xE4, 0x18, 0xE4, 
  0x18, 0xE4, 0x18, 0xE4, 0x18, 0xE4, 0x18, 0xE4, 0x18, 0xE4, 0x18, 0xE4, 0x18, 0xE4, 0x18, 0xE4, 
  0x18, 0xE4, 0x18, 0xE4, 0x18, 0xE4, 0x18, 0xE4, 0x18, 0xE4, 0x18, 0xE4, 0x18, 0xE4, 0x18, 0xE4, 
  0x18, 0xE4, 0x18, 0xE4, 0x18, 0xE4, 0x18, 0xE4, 0x18, 0xE4, 0x18, 0xE4, 0x18, 0xE4, 0x18, 0xE4, 
  0x18, 0xE4, 0x18, 0xE4, 0x18, 0xE4, 0x18, 0xE4, 0x18, 0xE4, 0x18, 0xE4, 0x18, 0xE4, 0x18, 0xE4, 
  0x18, 0xE4, 0x18, 0xE4, 0x18, 0xE4, 0x18, 0xE4, 0x18, 0xE4, 0x18, 0xE4, 0x18, 0xE4, 0x18, 0xE4, 
  0x18, 0xE4, 0x18, 0xE4, 0x18, 0xE4, 0x18, 0xE4, 0x18, 0xE4, 0x18, 0xE4, 0x18, 0xE4, 0x18, 0xE4, 
  0x18, 0xE4, 0x18, 0xE4, 0x18, 0xE4, 0x18, 0xE4, 0x18, 0xE4, 0x18, 0xE4, 0x18, 0xE4, 0x18, 0xE4, 
  0x18, 0xE4, 0x18, 0xE4, 0x18, 0xE4, 0x18, 0xE4, 0x18, 0xE4, 0x18, 0xE4, 0x18, 0xE4, 0x18, 0xE4, 
  0x18, 0xE4, 0x18, 0xE4, 0x18, 0xE4, 0x18, 0xE4, 0x18, 0xE4, 0x18, 0xE4, 0x18, 0xE4, 0x18, 0xE4, 
  0x18, 0xE4, 0x18, 0xE4, 0x18, 0xE4, 0x18, 0xE4, 0x18, 0xE4, 0x18, 0xE4, 0x18, 0xE4, 0x18, 0xE4, 
  0x18, 0xE4, 0x18, 0xE4, 0x18, 0xE4, 0x18, 0xE4, 0x18, 0xE4, 0x18, 0xE4, 0x18, 0xE4, 0x18, 0xE4, 
  0x18, 0xE4, 0x18, 0xE4, 0x18, 0xE4, 0x18, 0xE4, 0x18, 0xE4, 0x18, 0xE4, 0x18, 0xE4, 0x18, 0xE4, 
  0x18, 0xE4, 0x18, 0xE4, 0x18, 0xE4, 0x18, 0xE4, 0x18, 0xE4, 0x18, 0xE4, 0x18, 0xE4, 0x18, 0xE4, 
  0x18, 0xE4, 0x18, 0xE4, 0x18, 0xE4, 0x18, 0xE4, 0x18, 0xE4, 0x18, 0xE4, 0x18, 0xE4, 0x18, 0xE4, 
  0x18, 0xE4, 0x18, 0xE4, 0x18, 0xE4, 0x18, 0xE4, 0x18, 0xE4, 0x18, 0xE4, 0x18, 0xE4, 0x18, 0xE4, 
  0x18, 0xE4, 0x18, 0xE4, 0x18, 0xE4, 0x18, 0xE4, 0x18, 0xE4, 0x18, 0xE4, 0x18, 0xE4, 0x18, 0xE4, 
  0x18, 0xE4, 0x18, 0xE4, 0x18, 0xE4, 0x18, 0xE4, 0x18, 0xE4, 0x18, 0xE4, 0x18, 0xE4, 0x18, 0xE4, 
  0x18, 0xE4, 0x18, 0xE4, 0x18, 0xE4, 0x18, 0xE4, 0x18, 0xE4, 0x18, 0xE4, 0x18, 0xE4, 0x18, 0xE4, 
  0x18, 0xE4, 0x18, 0xE4, 0x18, 0xE4, 0x18, 0xE4, 0x18, 0xE4, 0x18, 0xE4, 0x18, 0xE4, 0x18, 0xE4, 
  0x18, 0xE4, 0x18, 0xE4, 0x18, 0xE4, 0x18, 0xE4, 0x18, 0xE4, 0x18, 0xE4, 0x18, 0xE4, 0x18, 0xE4, 
  0x18, 0xE4, 0x18, 0xE4, 0x18, 0xE4, 0x18, 0xE4, 0x18, 0xE4, 0x18, 0xE4, 0x18, 0xE4, 0x18, 0xE4, 
  0x18, 0xE4, 0x18, 0xE4, 0x18, 0xE4, 0x18, 0xE4, 0x18, 0xE4, 0x18, 0xE4, 0x18, 0xE4, 0x18, 0xE4, 
  0x18, 0xE4, 0x18, 0xE4, 0x18, 0xE4, 0x18, 0xE4, 0x18, 0xE4, 0x18, 0xE4, 0x18, 0xE4, 0x18, 0xE4, 
  0x18, 0xE4, 0x18, 0xE4, 0x18, 0xE4, 0x18, 0xE4, 0x18, 0xE4, 0x18, 0xE4, 0x18, 0xE4, 0x18, 0xE4, 
  0x18, 0xE4, 0x18, 0xE4, 0x18, 0xE4, 0x18, 0xE4, 0x18, 0xE4, 0x18, 0xE4, 0x18, 0xE4, 0x18, 0xE4, 
  0x18, 0xE4, 0x18, 0xE4, 0x18, 0xE4, 0x18, 0xE4, 0x18, 0xE4, 0x18, 0xE4, 0x18, 0xE4, 0x18, 0xE4, 
  0x18, 0xE4, 0x18, 0xE4, 0x18, 0xE4, 0x18, 0xE4, 0x18, 0xE4, 0x18, 0xE4, 0x18, 0xE4, 0x18, 0xE4, 
  0x18, 0xE4, 0x18, 0xE4, 0x18, 0xE4, 0x18, 0xE4, 0x18, 0xE4, 0x18, 0xE4, 0x18, 0xE4, 0x18, 0xE4, 
  0x18, 0xE4, 0x18, 0xE4, 0x18, 0xE4, 0x18, 0xE4, 0x18, 0xE4, 0x18, 0xE4, 0x18, 0xE4, 0x18, 0xE4, 
  0x18, 0xE4, 0x18, 0xE4, 0x18, 0xE4, 0x18, 0xE4, 0x18, 0xE4, 0x18, 0xE4, 0x18, 0xE4, 0x18, 0xE4, 
  0x18, 0xE4, 0x18, 0xE4, 0x18, 0xE4, 0x18, 0xE4, 0x18, 0xE4, 0x18, 0xE4, 0x18, 0xE4, 0x18, 0xE4, 
  0x18, 0xE4, 0x18, 0xE4, 0x18, 0xE4, 0x18, 0xE4, 0x18, 0xE4, 0x18, 0xE4, 0x18, 0xE4, 0x18, 0xE4, 
  0x18, 0xE4, 0x18, 0xE4, 0x18, 0xE4, 0x18, 0xE4, 0x18, 0xE4, 0x18, 0xE4, 0x18, 0xE4, 0x18, 0xE4, 
  0x18, 0xE4, 0x18, 0xE4, 0x18, 0xE4, 0x18, 0xE4, 0x18, 0xE4, 0x18, 0xE4, 0x18, 0xE4, 0x18, 0xE4, 
  0x18, 0xE4, 0x18, 0xE4, 0x18, 0xE4, 0x18, 0xE4, 0x18, 0xE4, 0x18, 0xE4, 0x18, 0xE4, 0x18, 0xE4, 
  0x18, 0xE4, 0x18, 0xE4, 0x18, 0xE4, 0x18, 0xE4, 0x18, 0xE4, 0x18, 0xE4, 0x18, 0xE4, 0x18, 0xE4, 
  0x18, 0xE4, 0x18, 0xE4, 0x18, 0xE4, 0x18, 0xE4, 0x18, 0xE4, 0x18, 0xE4, 0x18, 0xE4, 0x18, 0xE4, 
  0x18, 0xE4, 0x18, 0xE4, 0x18, 0xE4, 0x18, 0xE4, 0x18, 0xE4, 0x18, 0xE4, 0x18, 0xE4, 0x18, 0xE4, 
  0x18, 0xE4, 0x18, 0xE4, 0x18, 0xE4, 0x18, 0xE4, 0x18, 0xE4, 0x18, 0xE4, 0x18, 0xE4, 0x18, 0xE4, 
  0x18, 0xE4, 0x18, 0xE4, 0x18, 0xE4, 0x18, 0xE4, 0x18, 0xE4, 0x18, 0xE4, 0x18, 0xE4, 0x18, 0xE4, 
  0x18, 0xE4, 0x18, 0xE4, 0x18, 0xE4, 0x18, 0xE4, 0x18, 0xE4, 0x18, 0xE4, 0x18, 0xE4, 0x18, 0xE4, 
  0x18, 0xE4, 0x18, 0xE4, 0x18, 0xE4, 0x18, 0xE4, 0x18, 0xE4, 0x18, 0xE4, 0x18, 0xE4, 0x18, 0xE4, 
  0x18, 0xE4, 0x18, 0xE4, 0x18, 0xE4, 0x18, 0xE4, 0x18, 0xE4, 0x18, 0xE4, 0x18, 0xE4, 0x18, 0xE4, 
  0x18, 0xE4, 0x18, 0xE4, 0x18, 0xE4, 0x18, 0xE4, 0x18, 0xE4, 0x18, 0xE4, 0x18, 0xE4, 0x18, 0xE4, 
  0x18, 0xE4, 0x18, 0xE4, 0x18, 0xE4, 0x18, 0xE4, 0x18, 0xE4, 0x18, 0xE4, 0x18, 0xE4, 0x18, 0xE4, 
  0x18, 0xE4, 0x18, 0xE4, 0x18, 0xE4, 0x18, 0xE4, 0x18, 0xE4, 0x18, 0xE4, 0x18, 0xE4, 0x18, 0xE4, 
  0x18, 0xE4, 0x18, 0xE4, 0x18, 0xE4, 0x18, 0xE4, 0x18, 0xE4, 0x18, 0xE4, 0x18, 0xE4, 0x18, 0xE4, 
  0x18, 0xE4, 0x18, 0xE4, 0x18, 0xE4, 0x18, 0xE4, 0x18, 0xE4, 0x18, 0xE4, 0x18, 0xE4, 0x18, 0xE4, 
  0x18, 0xE4, 0x18, 0xE4, 0x18, 0xE4, 0x18, 0xE4, 0x18, 0xE4, 0x18, 0xE4, 0x18, 0xE4, 0x18, 0xE4, 
  0x18, 0xE4, 0x18, 0xE4, 0x18, 0xE4, 0x18, 0xE4, 0x18, 0xE4, 0x18, 0xE4, 0x18, 0xE4, 0x18, 0xE4, 
  0x18, 0xE4, 0x18, 0xE4, 0x18, 0xE4, 0x18, 0xE4, 0x18, 0xE4, 0x18, 0xE4, 0x18, 0xE4, 0x18, 0xE4, 
  0x18, 0xE4, 0x18, 0xE4, 0x18, 0xE4, 0x18, 0xE4, 0x18, 0xE4, 0x18, 0xE4, 0x18, 0xE4, 0x18, 0xE4, 
  0x18, 0xE4, 0x18, 0xE4, 0x18, 0xE4, 0x18, 0xE4, 0x18, 0xE4, 0x18, 0xE4, 0x18, 0xE4, 0x18, 0xE4, 
  0x18, 0xE4, 0x18, 0xE4, 0x18, 0xE4, 0x18, 0xE4, 0x18, 0xE4, 0x18, 0xE4, 0x18, 0xE4, 0x18, 0xE4, 
  0x18, 0xE4, 0x18, 0xE4, 0x18, 0xE4, 0x18, 0xE4, 0x18, 0xE4, 0x18, 0xE4, 0x18, 0xE4, 0x18, 0xE4, 
  0x18, 0xE4, 0x18, 0xE4, 0x18, 0xE4, 0x18, 0xE4, 0x18, 0xE4, 0x18, 0xE4, 0x18, 0xE4, 0x18, 0xE4, 
  0x18, 0xE4, 0x18, 0xE4, 0x18, 0xE4, 0x18, 0xE4, 0x18, 0xE4, 0x18, 0xE4, 0x18, 0xE4, 0x18, 0xE4, 
  0x18, 0xE4, 0x18, 0xE4, 0x18, 0xE4, 0x18, 0xE4, 0x18, 0xE4, 0x18, 0xE4, 0x18, 0xE4, 0x18, 0xE4, 
  0x18, 0xE4, 0x18, 0xE4, 0x18, 0xE4, 0x18, 0xE4, 0x18, 0xE4, 0x18, 0xE4, 0x18, 0xE4, 0x18, 0xE4, 
  0x18, 0xE4, 0x18, 0xE4, 0x18, 0xE4, 0x18, 0xE4, 0x18, 0xE4, 0x18, 0xE4, 0x18, 0xE4, 0x18, 0xE4, 
  0x18, 0xE4, 0x18, 0xE4, 0x18, 0xE4, 0x18, 0xE4, 0x18, 0xE4, 0x18, 0xE4, 0x18, 0xE4, 0x18, 0xE4, 
  0x18, 0xE4, 0x18, 0xE4, 0x18, 0xE4, 0x18, 0xE4, 0x18, 0xE4, 0x18, 0xE4, 0x18, 0xE4, 0x18, 0xE4, 
  0x18, 0xE4, 0x18, 0xE4, 0x18, 0xE4, 0x18, 0xE4, 0x18, 0xE4, 0x18, 0xE4, 0x18, 0xE4, 0x18, 0xE4, 
  0x18, 0xE4, 0x18, 0xE4, 0x18, 0xE4, 0x18, 0xE4, 0x18, 0xE4, 0x18, 0xE4, 0x18, 0xE4, 0x18, 0xE4, 
  0x18, 0xE4, 0x18, 0xE4, 0x18, 0xE4, 0x18, 0xE4, 0x18, 0xE4, 0x18, 0xE4, 0x18, 0xE4, 0x18, 0xE4, 
  0x18, 0xE4, 0x18, 0xE4, 0x18, 0xE4, 0x18, 0xE4, 0x18, 0xE4, 0x18, 0xE4, 0x18, 0xE4, 0x18, 0xE4, 
  0x18, 0xE4, 0x18, 0xE4, 0x18, 0xE4, 0x18, 0xE4, 0x18, 0xE4, 0x18, 0xE4, 0x18, 0xE4, 0x18, 0xE4, 
  0x18, 0xE4, 0x18, 0xE4, 0x18, 0xE4, 0x18, 0xE4, 0x18, 0xE4, 0x18, 0xE4, 0x18, 0xE4, 0x18, 0xE4, 
  0x18, 0xE4, 0x18, 0xE4, 0x18, 0xE4, 0x18, 0xE4, 0x18, 0xE4, 0x18, 0xE4, 0x18, 0xE4, 0x18, 0xE4, 
  0x18, 0xE4, 0x18, 0xE4, 0x18, 0xE4, 0x18, 0xE4, 0x18, 0xE4, 0x18, 0xE4, 0x18, 0xE4, 0x18, 0xE4, 
  0x18, 0xE4, 0x18, 0xE4, 0x18, 0xE4, 0x18, 0xE4, 0x18, 0xE4, 0x18, 0xE4, 0x18, 0xE4, 0x18, 0xE4, 
  0x18, 0xE4, 0x18, 0xE4, 0x18, 0xE4, 0x18, 0xE4, 0x18, 0xE4, 0x18, 0xE4, 0x18, 0xE4, 0x18, 0xE4, 
  0x18, 0xE4, 0x18, 0xE4, 0x18, 0xE4, 0x18, 0xE4, 0x18, 0xE4, 0x18, 0xE4, 0x18, 0xE4, 0x18, 0xE4, 
  0x18, 0xE4, 0x18, 0xE4, 0x18, 0xE4, 0x18, 0xE4, 0x18, 0xE4, 0x18, 0xE4, 0x18, 0xE4, 0x18, 0xE4, 
  0x18, 0xE4, 0x18, 0xE4, 0x18, 0xE4, 0x18, 0xE4, 0x18, 0xE4, 0x18, 0xE4, 0x18, 0xE4, 0x18, 0xE4, 
  0x18, 0xE4, 0x18, 0xE4, 0x18, 0xE4, 0x18, 0xE4, 0x18, 0xE4, 0x18, 0xE4, 0x18, 0xE4, 0x18, 0xE4, 
  0x18, 0xE4, 0x18, 0xE4, 0x18, 0xE4, 0x18, 0xE4, 0x18, 0xE4, 0x18, 0xE4, 0x18, 0xE4, 0x18, 0xE4, 
  0x18, 0xE4, 0x18, 0xE4, 0x18, 0xE4, 0x18, 0xE4, 0x18, 0xE4, 0x18, 0xE4, 0x18, 0xE4, 0x18, 0xE4, 
  0x18, 0xE4, 0x18, 0xE4, 0x18, 0xE4, 0x18, 0xE4, 0x18, 0xE4, 0x18, 0xE4, 0x18, 0xE4, 0x18, 0xE4, 
  0x18, 0xE4, 0x18, 0xE4, 0x18, 0xE4, 0x18, 0xE4, 0x18, 0xE4, 0x18, 0xE4, 0x18, 0xE4, 0x18, 0xE4, 
  0x18, 0xE4, 0x18, 0xE4, 0x18, 0xE4, 0x18, 0xE4, 0x18, 0xE4, 0x18, 0xE4, 0x18, 0xE4, 0x18, 0xE4, 
  0x18, 0xE4, 0x18, 0xE4, 0x18, 0xE4, 0x18, 0xE4, 0x18, 0xE4, 0x18, 0xE4, 0x18, 0xE4, 0x18, 0xE4, 
  0x18, 0xE4, 0x18, 0xE4, 0x18, 0xE4, 0x18, 0xE4, 0x18, 0xE4, 0x18, 0xE4, 0x18, 0xE4, 0x18, 0xE4, 
  0x18, 0xE4, 0x18, 0xE4, 0x18, 0xE4, 0x18, 0xE4, 0x18, 0xE4, 0x18, 0xE4, 0x18, 0xE4, 0x18, 0xE4, 
  0x18, 0xE4, 0x18, 0xE4, 0x18, 0xE4, 0x18, 0xE4, 0x18, 0xE4, 0x18, 0xE4, 0x18, 0xE4, 0x18, 0xE4, 
  0x18, 0xE4, 0x18, 0xE4, 0x18, 0xE4, 0x18, 0xE4, 0x18, 0xE4, 0x18, 0xE4, 0x18, 0xE4, 0x18, 0xE4, 
  0x18, 0xE4, 0x18, 0xE4, 0x18, 0xE4, 0x18, 0xE4, 0x18, 0xE4, 0x18, 0xE4, 0x18, 0xE4, 0x18, 0xE4, 
  0x18, 0xE4, 0x18, 0xE4, 0x18, 0xE4, 0x18, 0xE4, 0x18, 0xE4, 0x18, 0xE4, 0x18, 0xE4, 0x18, 0xE4, 
  0x18, 0xE4, 0x18, 0xE4, 0x18, 0xE4, 0x18, 0xE4, 0x18, 0xE4, 0x18, 0xE4, 0x18, 0xE4, 0x18, 0xE4, 
  0x18, 0xE4, 0x18, 0xE4, 0x18, 0xE4, 0x18, 0xE4, 0x18, 0xE4, 0x18, 0xE4, 0x18, 0xE4, 0x18, 0xE4, 
  0x18, 0xE4, 0x18, 0xE4, 0x18, 0xE4, 0x18, 0xE4, 0x18, 0xE4, 0x18, 0xE4, 0x18, 0xE4, 0x18, 0xE4, 
  0x18, 0xE4, 0x18, 0xE4, 0x18, 0xE4, 0x18, 0xE4, 0x18, 0xE4, 0x18, 0xE4, 0x18, 0xE4, 0x18, 0xE4, 
  0x18, 0xE4, 0x18, 0xE4, 0x18, 0xE4, 0x18, 0xE4, 0x18, 0xE4, 0x18, 0xE4, 0x18, 0xE4, 0x18, 0xE4, 
  0x18, 0xE4, 0x18, 0xE4, 0x18, 0xE4, 0x18, 0xE4, 0x18, 0xE4, 0x18, 0xE4, 0x18, 0xE4, 0x18, 0xE4, 
  0x18, 0xE4, 0x18, 0xE4, 0x18, 0xE4, 0x18, 0xE4, 0x18, 0xE4, 0x18, 0xE4, 0x18, 0xE4, 0x18, 0xE4, 
  0x18, 0xE4, 0x18, 0xE4, 0x18, 0xE4, 0x18, 0xE4, 0x18, 0xE4, 0x18, 0xE4, 0x18, 0xE4, 0x18, 0xE4, 
  0x18, 0xE4, 0x18, 0xE4, 0x18, 0xE4, 0x18, 0xE4, 0x18, 0xE4, 0x18, 0xE4, 0x18, 0xE4, 0x18, 0xE4, 
  0x18, 0xE4, 0x18, 0xE4, 0x18, 0xE4, 0x18, 0xE4, 0x18, 0xE4, 0x18, 0xE4, 0x18, 0xE4, 0x18, 0xE4, 
  0x18, 0xE4, 0x18, 0xE4, 0x18, 0xE4, 0x18, 0xE4, 0x18, 0xE4, 0x18, 0xE4, 0x18, 0xE4, 0x18, 0xE4, 
  0x18, 0xE4, 0x18, 0xE4, 0x18, 0xE4, 0x18, 0xE4, 0x18, 0xE4, 0x18, 0xE4, 0x18, 0xE4, 0x18, 0xE4, 
  0x18, 0xE4, 0x18, 0xE4, 0x18, 0xE4, 0x18, 0xE4, 0x18, 0xE4, 0x18, 0xE4, 0x18, 0xE4, 0x18, 0xE4, 
  0x18, 0xE4, 0x18, 0xE4, 0x18, 0xE4, 0x18, 0xE4, 0x18, 0xE4, 0x18, 0xE4, 0x18, 0xE4, 0x18, 0xE4, 
  0x18, 0xE4, 0x18, 0xE4, 0x18, 0xE4, 0x18, 0xE4, 0x18, 0xE4, 0x18, 0xE4, 0x18, 0xE4, 0x18, 0xE4, 
  0x18, 0xE4, 0x18, 0xE4, 0x18, 0xE4, 0x18, 0xE4, 0x18, 0xE4, 0x18, 0xE4, 0x18, 0xE4, 0x18, 0xE4, 
  0x18, 0xE4, 0x18, 0xE4, 0x18, 0xE4, 0x18, 0xE4, 0x18, 0xE4, 0x18, 0xE4, 0x18, 0xE4, 0x18, 0xE4, 
  0x18, 0xE4, 0x18, 0xE4, 0x18, 0xE4, 0x18, 0xE4, 0x18, 0xE4, 0x18, 0xE4, 0x18, 0xE4, 0x18, 0xE4, 
  0x18, 0xE4, 0x18, 0xE4, 0x18, 0xE4, 0x18, 0xE4, 0x18, 0xE4, 0x18, 0xE4, 0x18, 0xE4, 0x18, 0xE4, 
  0x18, 0xE4, 0x18, 0xE4, 0x18, 0xE4, 0x18, 0xE4, 0x18, 0xE4, 0x18, 0xE4, 0x18, 0xE4, 0x18, 0xE4, 
  0x18, 0xE4, 0x18, 0xE4, 0x18, 0xE4, 0x18, 0xE4, 0x18, 0xE4, 0x18, 0xE4, 0x18, 0xE4, 0x18, 0xE4, 
  0x18, 0xE4, 0x18, 0xE4, 0x18, 0xE4, 0x18, 0xE4, 0x18, 0xE4, 0x18, 0xE4, 0x18, 0xE4, 0x18, 0xE4, 
  0x18, 0xE4, 0x18, 0xE4, 0x18, 0xE4, 0x18, 0xE4, 0x18, 0xE4, 0x18, 0xE4, 0x18, 0xE4, 0x18, 0xE4, 
  0x18, 0xE4, 0x18, 0xE4, 0x18, 0xE4, 0x18, 0xE4, 0x18, 0xE4, 0x18, 0xE4, 0x18, 0xE4, 0x18, 0xE4, 
  0x18, 0xE4, 0x18, 0xE4, 0x18, 0xE4, 0x18, 0xE4, 0x18, 0xE4, 0x18, 0xE4, 0x18, 0xE4, 0x18, 0xE4, 
  0x18, 0xE4, 0x18, 0xE4, 0x18, 0xE4, 0x18, 0xE4, 0x18, 0xE4, 0x18, 0xE4, 0x18, 0xE4, 0x18, 0xE4, 
  0x18, 0xE4, 0x18, 0xE4, 0x18, 0xE4, 0x18, 0xE4, 0x18, 0xE4, 0x18, 0xE4, 0x18, 0xE4, 0x18, 0xE4, 
  0x18, 0xE4, 0x18, 0xE4, 0x18, 0xE4, 0x18, 0xE4, 0x18, 0xE4, 0x18, 0xE4, 0x18, 0xE4, 0x18, 0xE4, 
  0x18, 0xE4, 0x18, 0xE4, 0x18, 0xE4, 0x18, 0xE4, 0x18, 0xE4, 0x18, 0xE4, 0x18, 0xE4, 0x18, 0xE4, 
  0x18, 0xE4, 0x18, 0xE4, 0x18, 0xE4, 0x18, 0xE4, 0x18, 0xE4, 0x18, 0xE4, 0x18, 0xE4, 0x18, 0xE4, 
  0x18, 0xE4, 0x18, 0xE4, 0x18, 0xE4, 0x18, 0xE4, 0x18, 0xE4, 0x18, 0xE4, 0x18, 0xE4, 0x18, 0xE4, 
  0x18, 0xE4, 0x18, 0xE4, 0x18, 0xE4, 0x18, 0xE4, 0x18, 0xE4, 0x18, 0xE4, 0x18, 0xE4, 0x18, 0xE4, 
  0x18, 0xE4, 0x18, 0xE4, 0x18, 0xE4, 0x18, 0xE4, 0x18, 0xE4, 0x18, 0xE4, 0x18, 0xE4, 0x18, 0xE4, 
  0x18, 0xE4, 0x18, 0xE4, 0x18, 0xE4, 0x18, 0xE4, 0x18, 0xE4, 0x18, 0xE4, 0x18, 0xE4, 0x18, 0xE4, 
  0x18, 0xE4, 0x18, 0xE4, 0x18, 0xE4, 0x18, 0xE4, 0x18, 0xE4, 0x18, 0xE4, 0x18, 0xE4, 0x18, 0xE4, 
  0x18, 0xE4, 0x18, 0xE4, 0x18, 0xE4, 0x18, 0xE4, 0x18, 0xE4, 0x18, 0xE4, 0x18, 0xE4, 0x18, 0xE4, 
  0x18, 0xE4, 0x18, 0xE4, 0x18, 0xE4, 0x18, 0xE4, 0x18, 0xE4, 0x18, 0xE4, 0x18, 0xE4, 0x18, 0xE4, 
  0x18, 0xE4, 0x18, 0xE4, 0x18, 0xE4, 0x18, 0xE4, 0x18, 0xE4, 0x18, 0xE4, 0x18, 0xE4, 0x18, 0xE4, 
  0x18, 0xE4, 0x18, 0xE4, 0x18, 0xE4, 0x18, 0xE4, 0x18, 0xE4, 0x18, 0xE4, 0x18, 0xE4, 0x18, 0xE4, 
  0x18, 0xE4, 0x18, 0xE4, 0x18, 0xE4, 0x18, 0xE4, 0x18, 0xE4, 0x18, 0xE4, 0x18, 0xE4, 0x18, 0xE4, 
  0x18, 0xE4, 0x18, 0xE4, 0x18, 0xE4, 0x18, 0xE4, 0x18, 0xE4, 0x18, 0xE4, 0x18, 0xE4, 0x18, 0xE4, 
  0x18, 0xE4, 0x18, 0xE4, 0x18, 0xE4, 0x18, 0xE4, 0x18, 0xE4, 0x18, 0xE4, 0x18, 0xE4, 0x18, 0xE4, 
  0x18, 0xE4, 0x18, 0xE4, 0x18, 0xE4, 0x18, 0xE4, 0x18, 0xE4, 0x18, 0xE4, 0x18, 0xE4, 0x18, 0xE4, 
  0x18, 0xE4, 0x18, 0xE4, 0x18, 0xE4, 0x18, 0xE4, 0x18, 0xE4, 0x18, 0xE4, 0x18, 0xE4, 0x18, 0xE4, 
  0x18, 0xE4, 0x18, 0xE4, 0x18, 0xE4, 0x18, 0xE4, 0x18, 0xE4, 0x18, 0xE4, 0x18, 0xE4, 0x18, 0xE4, 
  0x18, 0xE4, 0x18, 0xE4, 0x18, 0xE4, 0x18, 0xE4, 0x18, 0xE4, 0x18, 0xE4, 0x18, 0xE4, 0x18, 0xE4, 
  0x18, 0xE4, 0x18, 0xE4, 0x18, 0xE4, 0x18, 0xE4, 0x18, 0xE4, 0x18, 0xE4, 0x18, 0xE4, 0x18, 0xE4, 
  0x18, 0xE4, 0x18, 0xE4, 0x18, 0xE4, 0x18, 0xE4, 0x18, 0xE4, 0x18, 0xE4, 0x18, 0xE4, 0x18, 0xE4, 
  0x18, 0xE4, 0x18, 0xE4, 0x18, 0xE4, 0x18, 0xE4, 0x18, 0xE4, 0x18, 0xE4, 0x18, 0xE4, 0x18, 0xE4, 
  0x18, 0xE4, 0x18, 0xE4, 0x18, 0xE4, 0x18, 0xE4, 0x18, 0xE4, 0x18, 0xE4, 0x18, 0xE4, 0x18, 0xE4, 
  0x18, 0xE4, 0x18, 0xE4, 0x18, 0xE4, 0x18, 0xE4, 0x18, 0xE4, 0x18, 0xE4, 0x18, 0xE4, 0x18, 0xE4, 
  0x18, 0xE4, 0x18, 0xE4, 0x18, 0xE4, 0x18, 0xE4, 0x18, 0xE4, 0x18, 0xE4, 0x18, 0xE4, 0x18, 0xE4, 
  0x18, 0xE4, 0x18, 0xE4, 0x18, 0xE4, 0x18, 0xE4, 0x18, 0xE4, 0x18, 0xE4, 0x18, 0xE4, 0x18, 0xE4, 
  0x18, 0xE4, 0x18, 0xE4, 0x18, 0xE4, 0x18, 0xE4, 0x18, 0xE4, 0x18, 0xE4, 0x18, 0xE4, 0x18, 0xE4, 
  0x18, 0xE4, 0x18, 0xE4, 0x18, 0xE4, 0x18, 0xE4, 0x18, 0xE4, 0x18, 0xE4, 0x18, 0xE4, 0x18, 0xE4, 
  0x18, 0xE4, 0x18, 0xE4, 0x18, 0xE4, 0x18, 0xE4, 0x18, 0xE4, 0x18, 0xE4, 0x18, 0xE4, 0x18, 0xE4, 
  0x18, 0xE4, 0x18, 0xE4, 0x18, 0xE4, 0x18, 0xE4, 0x18, 0xE4, 0x18, 0xE4, 0x18, 0xE4, 0x18, 0xE4, 
  0x18, 0xE4, 0x18, 0xE4, 0x18, 0xE4, 0x18, 0xE4, 0x18, 0xE4, 0x18, 0xE4, 0x18, 0xE4, 0x18, 0xE4, 
  0x18, 0xE4, 0x18, 0xE4, 0x18, 0xE4, 0x18, 0xE4, 0x18, 0xE4, 0x18, 0xE4, 0x18, 0xE4, 0x18, 0xE4, 
  0x18, 0xE4, 0x18, 0xE4, 0x18, 0xE4, 0x18, 0xE4, 0x18, 0xE4, 0x18, 0xE4, 0x18, 0xE4, 0x18, 0xE4, 
  0x18, 0xE4, 0x18, 0xE4, 0x18, 0xE4, 0x18, 0xE4, 0x18, 0xE4, 0x18, 0xE4, 0x18, 0xE4, 0x18, 0xE4, 
  0x18, 0xE4, 0x18, 0xE4, 0x18, 0xE4, 0x18, 0xE4, 0x18, 0xE4, 0x18, 0xE4, 0x18, 0xE4, 0x18, 0xE4, 
  0x18, 0xE4, 0x18, 0xE4, 0x18, 0xE4, 0x18, 0xE4, 0x18, 0xE4, 0x18, 0xE4, 0x18, 0xE4, 0x18, 0xE4, 
  0x18, 0xE4, 0x18, 0xE4, 0x18, 0xE4, 0x18, 0xE4, 0x18, 0xE4, 0x18, 0xE4, 0x18, 0xE4, 0x18, 0xE4, 
  0x18, 0xE4, 0x18, 0xE4, 0x18, 0xE4, 0x18, 0xE4, 0x18, 0xE4, 0x18, 0xE4, 0x18, 0xE4, 0x18, 0xE4, 
  0x18, 0xE4, 0x18, 0xE4, 0x18, 0xE4, 0x18, 0xE4, 0x18, 0xE4, 0x18, 0xE4, 0x18, 0xE4, 0x18, 0xE4, 
  0x18, 0xE4, 0x18, 0xE4, 0x18, 0xE4, 0x18, 0xE4, 0x18, 0xE4, 0x18, 0xE4, 0x18, 0xE4, 0x18, 0xE4, 
  0x18, 0xE4, 0x18, 0xE4, 0x18, 0xE4, 0x18, 0xE4, 0x18, 0xE4, 0x18, 0xE4, 0x18, 0xE4, 0x18, 0xE4, 
  0x18, 0xE4, 0x18, 0xE4, 0x18, 0xE4, 0x18, 0xE4, 0x18, 0xE4, 0x18, 0xE4, 0x18, 0xE4, 0x18, 0xE4, 
  0x18, 0xE4, 0x18, 0xE4, 0x18, 0xE4, 0x18, 0xE4, 0x18, 0xE4, 0x18, 0xE4, 0x18, 0xE4, 0x18, 0xE4, 
  0x18, 0xE4, 0x18, 0xE4, 0x18, 0xE4, 0x18, 0xE4, 0x18, 0xE4, 0x18, 0xE4, 0x18, 0xE4, 0x18, 0xE4, 
  0x18, 0xE4, 0x18, 0xE4, 0x18, 0xE4, 0x18, 0xE4, 0x18, 0xE4, 0x18, 0xE4, 0x18, 0xE4, 0x18, 0xE4, 
  0x18, 0xE4, 0x18, 0xE4, 0x18, 0xE4, 0x18, 0xE4, 0x18, 0xE4, 0x18, 0xE4, 0x18, 0xE4, 0x18, 0xE4, 
  0x18, 0xE4, 0x18, 0xE4, 0x18, 0xE4, 0x18, 0xE4, 0x18, 0xE4, 0x18, 0xE4, 0x18, 0xE4, 0x18, 0xE4, 
  0x18, 0xE4, 0x18, 0xE4, 0x18, 0xE4, 0x18, 0xE4, 0x18, 0xE4, 0x18, 0xE4, 0x18, 0xE4, 0x18, 0xE4, 
  0x18, 0xE4, 0x18, 0xE4, 0x18, 0xE4, 0x18, 0xE4, 0x18, 0xE4, 0x18, 0xE4, 0x18, 0xE4, 0x18, 0xE4, 
  0x18, 0xE4, 0x18, 0xE4, 0x18, 0xE4, 0x18, 0xE4, 0x18, 0xE4, 0x18, 0xE4, 0x18, 0xE4, 0x18, 0xE4, 
  0x18, 0xE4, 0x18, 0xE4, 0x18, 0xE4, 0x18, 0xE4, 0x18, 0xE4, 0x18, 0xE4, 0x18, 0xE4, 0x18, 0xE4, 
  0x18, 0xE4, 0x18, 0xE4, 0x18, 0xE4, 0x18, 0xE4, 0x18, 0xE4, 0x18, 0xE4, 0x18, 0xE4, 0x18, 0xE4, 
  0x18, 0xE4, 0x18, 0xE4, 0x18, 0xE4, 0x18, 0xE4, 0x18, 0xE4, 0x18, 0xE4, 0x18, 0xE4, 0x18, 0xE4, 
  0x18, 0xE4, 0x18, 0xE4, 0x18, 0xE4, 0x18, 0xE4, 0x18, 0xE4, 0x18, 0xE4, 0x18, 0xE4, 0x18, 0xE4, 
  0x18, 0xE4, 0x18, 0xE4, 0x18, 0xE4, 0x18, 0xE4, 0x18, 0xE4, 0x18, 0xE4, 0x18, 0xE4, 0x18, 0xE4, 
  0x18, 0xE4, 0x18, 0xE4, 0x18, 0xE4, 0x18, 0xE4, 0x18, 0xE4, 0x18, 0xE4, 0x18, 0xE4, 0x18, 0xE4, 
  0x18, 0xE4, 0x18, 0xE4, 0x18, 0xE4, 0x18, 0xE4, 0x18, 0xE4, 0x18, 0xE4, 0x18, 0xE4, 0x18, 0xE4, 
  0x18, 0xE4, 0x18, 0xE4, 0x18, 0xE4, 0x18, 0xE4, 0x18, 0xE4, 0x18, 0xE4, 0x18, 0xE4, 0x18, 0xE4, 
  0x18, 0xE4, 0x18, 0xE4, 0x18, 0xE4, 0x18, 0xE4, 0x18, 0xE4, 0x18, 0xE4, 0x18, 0xE4, 0x18, 0xE4, 
  0x18, 0xE4, 0x18, 0xE4, 0x18, 0xE4, 0x18, 0xE4, 0x18, 0xE4, 0x18, 0xE4, 0x18, 0xE4, 0x18, 0xE4, 
  0x18, 0xE4, 0x18, 0xE4, 0x18, 0xE4, 0x18, 0xE4, 0x18, 0xE4, 0x18, 0xE4, 0x18, 0xE4, 0x18, 0xE4, 
  0x18, 0xE4, 0x18, 0xE4, 0x18, 0xE4, 0x18, 0xE4, 0x18, 0xE4, 0x18, 0xE4, 0x18, 0xE4, 0x18, 0xE4, 
  0x18, 0xE4, 0x18, 0xE4, 0x18, 0xE4, 0x18, 0xE4, 0x18, 0xE4, 0x18, 0xE4, 0x18, 0xE4, 0x18, 0xE4, 
  0x18, 0xE4, 0x18, 0xE4, 0x18, 0xE4, 0x18, 0xE4, 0x18, 0xE4, 0x18, 0xE4, 0x18, 0xE4, 0x18, 0xE4, 
  0x18, 0xE4, 0x18, 0xE4, 0x18, 0xE4, 0x18, 0xE4, 0x18, 0xE4, 0x18, 0xE4, 0x18, 0xE4, 0x18, 0xE4, 
  0x18, 0xE4, 0x18, 0xE4, 0x18, 0xE4, 0x18, 0xE4, 0x18, 0xE4, 0x18, 0xE4, 0x18, 0xE4, 0x18, 0xE4, 
  0x18, 0xE4, 0x18, 0xE4, 0x18, 0xE4, 0x18, 0xE4, 0x18, 0xE4, 0x18, 0xE4, 0x18, 0xE4, 0x18, 0xE4, 
  0x18, 0xE4, 0x18, 0xE4, 0x18, 0xE4, 0x18, 0xE4, 0x18, 0xE4, 0x18, 0xE4, 0x18, 0xE4, 0x18, 0xE4, 
  0x18, 0xE4, 0x18, 0xE4, 0x18, 0xE4, 0x18, 0xE4, 0x18, 0xE4, 0x18, 0xE4, 0x18, 0xE4, 0x18, 0xE4, 
  0x18, 0xE4, 0x18, 0xE4, 0x18, 0xE4, 0x18, 0xE4, 0x18, 0xE4, 0x18, 0xE4, 0x18, 0xE4, 0x18, 0xE4, 
  0x18, 0xE4, 0x18, 0xE4, 0x18, 0xE4, 0x18, 0xE4, 0x18, 0xE4, 0x18, 0xE4, 0x18, 0xE4, 0x18, 0xE4, 
  0x18, 0xE4, 0x18, 0xE4, 0x18, 0xE4, 0x18, 0xE4, 0x18, 0xE4, 0x18, 0xE4, 0x18, 0xE4, 0x18, 0xE4, 
  0x18, 0xE4, 0x18, 0xE4, 0x18, 0xE4, 0x18, 0xE4, 0x18, 0xE4, 0x18, 0xE4, 0x18, 0xE4, 0x18, 0xE4, 
  0x18, 0xE4, 0x18, 0xE4, 0x18, 0xE4, 0x18, 0xE4, 0x18, 0xE4, 0x18, 0xE4, 0x18, 0xE4, 0x18, 0xE4, 
  0x18, 0xE4, 0x18, 0xE4, 0x18, 0xE4, 0x18, 0xE4, 0x18, 0xE4, 0x18, 0xE4, 0x18, 0xE4, 0x18, 0xE4, 
  0x18, 0xE4, 0x18, 0xE4, 0x18, 0xE4, 0x18, 0xE4, 0x18, 0xE4, 0x18, 0xE4, 0x18, 0xE4, 0x18, 0xE4, 
  0x18, 0xE4, 0x18, 0xE4, 0x18, 0xE4, 0x18, 0xE4, 0x18, 0xE4, 0x18, 0xE4, 0x18, 0xE4, 0x18, 0xE4, 
  0x18, 0xE4, 0x18, 0xE4, 0x18, 0xE4, 0x18, 0xE4, 0x18, 0xE4, 0x18, 0xE4, 0x18, 0xE4, 0x18, 0xE4, 
  0x18, 0xE4, 0x18, 0xE4, 0x18, 0xE4, 0x18, 0xE4, 0x18, 0xE4, 0x18, 0xE4, 0x18, 0xE4, 0x18, 0xE4, 
  0x18, 0xE4, 0x18, 0xE4, 0x18, 0xE4, 0x18, 0xE4, 0x18, 0xE4, 0x18, 0xE4, 0x18, 0xE4, 0x18, 0xE4, 
  0x18, 0xE4, 0x18, 0xE4, 0x18, 0xE4, 0x18, 0xE4, 0x18, 0xE4, 0x18, 0xE4, 0x18, 0xE4, 0x18, 0xE4, 
  0x18, 0xE4, 0x18, 0xE4, 0x18, 0xE4, 0x18, 0xE4, 0x18, 0xE4, 0x18, 0xE4, 0x18, 0xE4, 0x18, 0xE4, 
  0x18, 0xE4, 0x18, 0xE4, 0x18, 0xE4, 0x18, 0xE4, 0x18, 0xE4, 0x18, 0xE4, 0x18, 0xE4, 0x18, 0xE4, 
  0x18, 0xE4, 0x18, 0xE4, 0x18, 0xE4, 0x18, 0xE4, 0x18, 0xE4, 0x18, 0xE4, 0x18, 0xE4, 0x18, 0xE4, 
  0x18, 0xE4, 0x18, 0xE4, 0x18, 0xE4, 0x18, 0xE4, 0x18, 0xE4, 0x18, 0xE4, 0x18, 0xE4, 0x18, 0xE4, 
  0x18, 0xE4, 0x18, 0xE4, 0x18, 0xE4, 0x18, 0xE4, 0x18, 0xE4, 0x18, 0xE4, 0x18, 0xE4, 0x18, 0xE4, 
  0x18, 0xE4, 0x18, 0xE4, 0x18, 0xE4, 0x18, 0xE4, 0x18, 0xE4, 0x18, 0xE4, 0x18, 0xE4, 0x18, 0xE4, 
  0x18, 0xE4, 0x18, 0xE4, 0x18, 0xE4, 0x18, 0xE4, 0x18, 0xE4, 0x18, 0xE4, 0x18, 0xE4, 0x18, 0xE4, 
  0x18, 0xE4, 0x18, 0xE4, 0x18, 0xE4, 0x18, 0xE4, 0x18, 0xE4, 0x18, 0xE4, 0x18, 0xE4, 0x18, 0xE4, 
  0x18, 0xE4, 0x18, 0xE4, 0x18, 0xE4, 0x18, 0xE4, 0x18, 0xE4, 0x18, 0xE4, 0x18, 0xE4, 0x18, 0xE4, 
  0x18, 0xE4, 0x18, 0xE4, 0x18, 0xE4, 0x18, 0xE4, 0x18, 0xE4, 0x18, 0xE4, 0x18, 0xE4, 0x18, 0xE4, 
  0x18, 0xE4, 0x18, 0xE4, 0x18, 0xE4, 0x18, 0xE4, 0x18, 0xE4, 0x18, 0xE4, 0x18, 0xE4, 0x18, 0xE4, 
  0x18, 0xE4, 0x18, 0xE4, 0x18, 0xE4, 0x18, 0xE4, 0x18, 0xE4, 0x18, 0xE4, 0x18, 0xE4, 0x18, 0xE4, 
  0x18, 0xE4, 0x18, 0xE4, 0x18, 0xE4, 0x18, 0xE4, 0x18, 0xE4, 0x18, 0xE4, 0x18, 0xE4, 0x18, 0xE4, 
  0x18, 0xE4, 0x18, 0xE4, 0x18, 0xE4, 0x18, 0xE4, 0x18, 0xE4, 0x18, 0xE4, 0x18, 0xE4, 0x18, 0xE4, 
  0x18, 0xE4, 0x18, 0xE4, 0x18, 0xE4, 0x18, 0xE4, 0x18, 0xE4, 0x18, 0xE4, 0x18, 0xE4, 0x18, 0xE4, 
  0x18, 0xE4, 0x18, 0xE4, 0x18, 0xE4, 0x18, 0xE4, 0x18, 0xE4, 0x18, 0xE4, 0x18, 0xE4, 0x18, 0xE4, 
  0x18, 0xE4, 0x18, 0xE4, 0x18, 0xE4, 0x18, 0xE4, 0x18, 0xE4, 0x18, 0xE4, 0x18, 0xE4, 0x18, 0xE4, 
  0x18, 0xE4, 0x18, 0xE4, 0x18, 0xE4, 0x18, 0xE4, 0x18, 0xE4, 0x18, 0xE4, 0x18, 0xE4, 0x18, 0xE4, 
  0x18, 0xE4, 0x18, 0xE4, 0x18, 0xE4, 0x18, 0xE4, 0x18, 0xE4, 0x18, 0xE4, 0x18, 0xE4, 0x18, 0xE4, 
  0x18, 0xE4, 0x18, 0xE4, 0x18, 0xE4, 0x18, 0xE4, 0x18, 0xE4, 0x18, 0xE4, 0x18, 0xE4, 0x18, 0xE4, 
  0x18, 0xE4, 0x18, 0xE4, 0x18, 0xE4, 0x18, 0xE4, 0x18, 0xE4, 0x18, 0xE4, 0x18, 0xE4, 0x18, 0xE4, 
  0x18, 0xE4, 0x18, 0xE4, 0x18, 0xE4, 0x18, 0xE4, 0x18, 0xE4, 0x18, 0xE4, 0x18, 0xE4, 0x18, 0xE4, 
  0x18, 0xE4, 0x18, 0xE4, 0x18, 0xE4, 0x18, 0xE4, 0x18, 0xE4, 0x18, 0xE4, 0x18, 0xE4, 0x18, 0xE4, 
  0x18, 0xE4, 0x18, 0xE4, 0x18, 0xE4, 0x18, 0xE4, 0x18, 0xE4, 0x18, 0xE4, 0x18, 0xE4, 0x18, 0xE4, 
  0x18, 0xE4, 0x18, 0xE4, 0x18, 0xE4, 0x18, 0xE4, 0x18, 0xE4, 0x18, 0xE4, 0x18, 0xE4, 0x18, 0xE4, 
  0x18, 0xE4, 0x18, 0xE4, 0x18, 0xE4, 0x18, 0xE4, 0x18, 0xE4, 0x18, 0xE4, 0x18, 0xE4, 0x18, 0xE4, 
  0x18, 0xE4, 0x18, 0xE4, 0x18, 0xE4, 0x18, 0xE4, 0x18, 0xE4, 0x18, 0xE4, 0x18, 0xE4, 0x18, 0xE4, 
  0x18, 0xE4, 0x18, 0xE4, 0x18, 0xE4, 0x18, 0xE4, 0x18, 0xE4, 0x18, 0xE4, 0x18, 0xE4, 0x18, 0xE4, 
  0x18, 0xE4, 0x18, 0xE4, 0x18, 0xE4, 0x18, 0xE4, 0x18, 0xE4, 0x18, 0xE4, 0x18, 0xE4, 0x18, 0xE4, 
  0x18, 0xE4, 0x18, 0xE4, 0x18, 0xE4, 0x18, 0xE4, 0x18, 0xE4, 0x18, 0xE4, 0x18, 0xE4, 0x18, 0xE4, 
  0x18, 0xE4, 0x18, 0xE4, 0x18, 0xE4, 0x18, 0xE4, 0x18, 0xE4, 0x18, 0xE4, 0x18, 0xE4, 0x18, 0xE4, 
  0x18, 0xE4, 0x18, 0xE4, 0x18, 0xE4, 0x18, 0xE4, 0x18, 0xE4, 0x18, 0xE4, 0x18, 0xE4, 0x18, 0xE4, 
  0x18, 0xE4, 0x18, 0xE4, 0x18, 0xE4, 0x18, 0xE4, 0x18, 0xE4, 0x18, 0xE4, 0x18, 0xE4, 0x18, 0xE4, 
  0x18, 0xE4, 0x18, 0xE4, 0x18, 0xE4, 0x18, 0xE4, 0x18, 0xE4, 0x18, 0xE4, 0x18, 0xE4, 0x18, 0xE4, 
  0x18, 0xE4, 0x18, 0xE4, 0x18, 0xE4, 0x18, 0xE4, 0x18, 0xE4, 0x18, 0xE4, 0x18, 0xE4, 0x18, 0xE4, 
  0x18, 0xE4, 0x18, 0xE4, 0x18, 0xE4, 0x18, 0xE4, 0x18, 0xE4, 0x18, 0xE4, 0x18, 0xE4, 0x18, 0xE4, 
  0x18, 0xE4, 0x18, 0xE4, 0x18, 0xE4, 0x18, 0xE4, 0x18, 0xE4, 0x18, 0xE4, 0x18, 0xE4, 0x18, 0xE4, 
  0x18, 0xE4, 0x18, 0xE4, 0x18, 0xE4, 0x18, 0xE4, 0x18, 0xE4, 0x18, 0xE4, 0x18, 0xE4, 0x18, 0xE4, 
  0x18, 0xE4, 0x18, 0xE4, 0x18, 0xE4, 0x18, 0xE4, 0x18, 0xE4, 0x18, 0xE4, 0x18, 0xE4, 0x18, 0xE4, 
  0x18, 0xE4, 0x18, 0xE4, 0x18, 0xE4, 0x18, 0xE4, 0x18, 0xE4, 0x18, 0xE4, 0x18, 0xE4, 0x18, 0xE4, 
  0x18, 0xE4, 0x18, 0xE4, 0x18, 0xE4, 0x18, 0xE4, 0x18, 0xE4, 0x18, 0xE4, 0x18, 0xE4, 0x18, 0xE4, 
  0x18, 0xE4, 0x18, 0xE4, 0x18, 0xE4, 0x18, 0xE4, 0x18, 0xE4, 0x18, 0xE4, 0x18, 0xE4, 0x18, 0xE4, 
  0x18, 0xE4, 0x18, 0xE4, 0x18, 0xE4, 0x18, 0xE4, 0x18, 0xE4, 0x18, 0xE4, 0x18, 0xE4, 0x18, 0xE4, 
  0x18, 0xE4, 0x18, 0xE4, 0x18, 0xE4, 0x18, 0xE4, 0x18, 0xE4, 0x18, 0xE4, 0x18, 0xE4, 0x18, 0xE4, 
  0x18, 0xE4, 0x18, 0xE4, 0x18, 0xE4, 0x18, 0xE4, 0x18, 0xE4, 0x18, 0xE4, 0x18, 0xE4, 0x18, 0xE4, 
  0x18, 0xE4, 0x18, 0xE4, 0x18, 0xE4, 0x18, 0xE4, 0x18, 0xE4, 0x18, 0xE4, 0x18, 0xE4, 0x18, 0xE4, 
  0x18, 0xE4, 0x18, 0xE4, 0x18, 0xE4, 0x18, 0xE4, 0x18, 0xE4, 0x18, 0xE4, 0x18, 0xE4, 0x18, 0xE4, 
  0x18, 0xE4, 0x18, 0xE4, 0x18, 0xE4, 0x18, 0xE4, 0x18, 0xE4, 0x18, 0xE4, 0x18, 0xE4, 0x18, 0xE4, 
  0x18, 0xE4, 0x18, 0xE4, 0x18, 0xE4, 0x18, 0xE4, 0x18, 0xE4, 0x18, 0xE4, 0x18, 0xE4, 0x18, 0xE4, 
  0x18, 0xE4, 0x18, 0xE4, 0x18, 0xE4, 0x18, 0xE4, 0x18, 0xE4, 0x18, 0xE4, 0x18, 0xE4, 0x18, 0xE4, 
  0x18, 0xE4, 0x18, 0xE4, 0x18, 0xE4, 0x18, 0xE4, 0x18, 0xE4, 0x18, 0xE4, 0x18, 0xE4, 0x18, 0xE4, 
  0x18, 0xE4, 0x18, 0xE4, 0x18, 0xE4, 0x18, 0xE4, 0x18, 0xE4, 0x18, 0xE4, 0x18, 0xE4, 0x18, 0xE4, 
  0x18, 0xE4, 0x18, 0xE4, 0x18, 0xE4, 0x18, 0xE4, 0x18, 0xE4, 0x18, 0xE4, 0x18, 0xE4, 0x18, 0xE4, 
  0x18, 0xE4, 0x18, 0xE4, 0x18, 0xE4, 0x18, 0xE4, 0x18, 0xE4, 0x18, 0xE4, 0x18, 0xE4, 0x18, 0xE4, 
  0x18, 0xE4, 0x18, 0xE4, 0x18, 0xE4, 0x18, 0xE4, 0x18, 0xE4, 0x18, 0xE4, 0x18, 0xE4, 0x18, 0xE4, 
  0x18, 0xE4, 0x18, 0xE4, 0x18, 0xE4, 0x18, 0xE4, 0x18, 0xE4, 0x18, 0xE4, 0x18, 0xE4, 0x18, 0xE4, 
  0x18, 0xE4, 0x18, 0xE4, 0x18, 0xE4, 0x18, 0xE4, 0x18, 0xE4, 0x18, 0xE4, 0x18, 0xE4, 0x18, 0xE4, 
  0x18, 0xE4, 0x18, 0xE4, 0x18, 0xE4, 0x18, 0xE4, 0x18, 0xE4, 0x18, 0xE4, 0x18, 0xE4, 0x18, 0xE4, 
  0x18, 0xE4, 0x18, 0xE4, 0x18, 0xE4, 0x18, 0xE4, 0x18, 0xE4, 0x18, 0xE4, 0x18, 0xE4, 0x18, 0xE4, 
  0x18, 0xE4, 0x18, 0xE4, 0x18, 0xE4, 0x18, 0xE4, 0x18, 0xE4, 0x18, 0xE4, 0x18, 0xE4, 0x18, 0xE4, 
  0x18, 0xE4, 0x18, 0xE4, 0x18, 0xE4, 0x18, 0xE4, 0x18, 0xE4, 0x18, 0xE4, 0x18, 0xE4, 0x18, 0xE4, 
  0x18, 0xE4, 0x18, 0xE4, 0x18, 0xE4, 0x18, 0xE4, 0x18, 0xE4, 0x18, 0xE4, 0x18, 0xE4, 0x18, 0xE4, 
  0x18, 0xE4, 0x18, 0xE4, 0x18, 0xE4, 0x18, 0xE4, 0x18, 0xE4, 0x18, 0xE4, 0x18, 0xE4, 0x18, 0xE4, 
  0x18, 0xE4, 0x18, 0xE4, 0x18, 0xE4, 0x18, 0xE4, 0x18, 0xE4, 0x18, 0xE4, 0x18, 0xE4, 0x18, 0xE4, 
  0x18, 0xE4, 0x18, 0xE4, 0x18, 0xE4, 0x18, 0xE4, 0x18, 0xE4, 0x18, 0xE4, 0x18, 0xE4, 0x18, 0xE4, 
  0x18, 0xE4, 0x18, 0xE4, 0x18, 0xE4, 0x18, 0xE4, 0x18, 0xE4, 0x18, 0xE4, 0x18, 0xE4, 0x18, 0xE4, 
  0x18, 0xE4, 0x18, 0xE4, 0x18, 0xE4, 0x18, 0xE4, 0x18, 0xE4, 0x18, 0xE4, 0x18, 0xE4, 0x18, 0xE4, 
  0x18, 0xE4, 0x18, 0xE4, 0x18, 0xE4, 0x18, 0xE4, 0x18, 0xE4, 0x18, 0xE4, 0x18, 0xE4, 0x18, 0xE4, 
  0x18, 0xE4, 0x18, 0xE4, 0x18, 0xE4, 0x18, 0xE4, 0x18, 0xE4, 0x18, 0xE4, 0x18, 0xE4, 0x18, 0xE4, 
  0x18, 0xE4, 0x18, 0xE4, 0x18, 0xE4, 0x18, 0xE4, 0x18, 0xE4, 0x18, 0xE4, 0x18, 0xE4, 0x18, 0xE4, 
  0x18, 0xE4, 0x18, 0xE4, 0x18, 0xE4, 0x18, 0xE4, 0x18, 0xE4, 0x18, 0xE4, 0x18, 0xE4, 0x18, 0xE4, 
  0x18, 0xE4, 0x18, 0xE4, 0x18, 0xE4, 0x18, 0xE4, 0x18, 0xE4, 0x18, 0xE4, 0x18, 0xE4, 0x18, 0xE4, 
  0x18, 0xE4, 0x18, 0xE4, 0x18, 0xE4, 0x18, 0xE4, 0x18, 0xE4, 0x18, 0xE4, 0x18, 0xE4, 0x18, 0xE4, 
  0x18, 0xE4, 0x18, 0xE4, 0x18, 0xE4, 0x18, 0xE4, 0x18, 0xE4, 0x18, 0xE4, 0x18, 0xE4, 0x18, 0xE4, 
  0x18, 0xE4, 0x18, 0xE4, 0x18, 0xE4, 0x18, 0xE4, 0x18, 0xE4, 0x18, 0xE4, 0x18, 0xE4, 0x18, 0xE4, 
  0x18, 0xE4, 0x18, 0xE4, 0x18, 0xE4, 0x18, 0xE4, 0x18, 0xE4, 0x18, 0xE4, 0x18, 0xE4, 0x18, 0xE4, 
  0x18, 0xE4, 0x18, 0xE4, 0x18, 0xE4, 0x18, 0xE4, 0x18, 0xE4, 0x18, 0xE4, 0x18, 0xE4, 0x18, 0xE4, 
  0x18, 0xE4, 0x18, 0xE4, 0x18, 0xE4, 0x18, 0xE4, 0x18, 0xE4, 0x18, 0xE4, 0x18, 0xE4, 0x18, 0xE4, 
  0x18, 0xE4, 0x18, 0xE4, 0x18, 0xE4, 0x18, 0xE4, 0x18, 0xE4, 0x18, 0xE4, 0x18, 0xE4, 0x18, 0xE4, 
  0x18, 0xE4, 0x18, 0xE4, 0x18, 0xE4, 0x18, 0xE4, 0x18, 0xE4, 0x18, 0xE4, 0x18, 0xE4, 0x18, 0xE4, 
  0x18, 0xE4, 0x18, 0xE4, 0x18, 0xE4, 0x18, 0xE4, 0x18, 0xE4, 0x18, 0xE4, 0x18, 0xE4, 0x18, 0xE4, 
  0x18, 0xE4, 0x18, 0xE4, 0x18, 0xE4, 0x18, 0xE4, 0x18, 0xE4, 0x18, 0xE4, 0x18, 0xE4, 0x18, 0xE4, 
  0x18, 0xE4, 0x18, 0xE4, 0x18, 0xE4, 0x18, 0xE4, 0x18, 0xE4, 0x18, 0xE4, 0x18, 0xE4, 0x18, 0xE4, 
  0x18, 0xE4, 0x18, 0xE4, 0x18, 0xE4, 0x18, 0xE4, 0x18, 0xE4, 0x18, 0xE4, 0x18, 0xE4, 0x18, 0xE4, 
  0x18, 0xE4, 0x18, 0xE4, 0x18, 0xE4, 0x18, 0xE4, 0x18, 0xE4, 0x18, 0xE4, 0x18, 0xE4, 0x18, 0xE4, 
  0x18, 0xE4, 0x18, 0xE4, 0x18, 0xE4, 0x18, 0xE4, 0x18, 0xE4, 0x18, 0xE4, 0x18, 0xE4, 0x18, 0xE4, 
  0x18, 0xE4, 0x18, 0xE4, 0x18, 0xE4, 0x18, 0xE4, 0x18, 0xE4, 0x18, 0xE4, 0x18, 0xE4, 0x18, 0xE4, 
  0x18, 0xE4, 0x18, 0xE4, 0x18, 0xE4, 0x18, 0xE4, 0x18, 0xE4, 0x18, 0xE4, 0x18, 0xE4, 0x18, 0xE4, 
  0x18, 0xE4, 0x18, 0xE4, 0x18, 0xE4, 0x18, 0xE4, 0x18, 0xE4, 0x18, 0xE4, 0x18, 0xE4, 0x18, 0xE4, 
  0x18, 0xE4, 0x18, 0xE4, 0x18, 0xE4, 0x18, 0xE4, 0x18, 0xE4, 0x18, 0xE4, 0x18, 0xE4, 0x18, 0xE4, 
  0x18, 0xE4, 0x18, 0xE4, 0x18, 0xE4, 0x18, 0xE4, 0x18, 0xE4, 0x18, 0xE4, 0x18, 0xE4, 0x18, 0xE4, 
  0x18, 0xE4, 0x18, 0xE4, 0x18, 0xE4, 0x18, 0xE4, 0x18, 0xE4, 0x18, 0xE4, 0x18, 0xE4, 0x18, 0xE4, 
  0x18, 0xE4, 0x18, 0xE4, 0x18, 0xE4, 0x18, 0xE4, 0x18, 0xE4, 0x18, 0xE4, 0x18, 0xE4, 0x18, 0xE4, 
  0x18, 0xE4, 0x18, 0xE4, 0x18, 0xE4, 0x18, 0xE4, 0x18, 0xE4, 0x18, 0xE4, 0x18, 0xE4, 0x18, 0xE4, 
  0x18, 0xE4, 0x18, 0xE4, 0x18, 0xE4, 0x18, 0xE4, 0x18, 0xE4, 0x18, 0xE4, 0x18, 0xE4, 0x18, 0xE4, 
  0x18, 0xE4, 0x18, 0xE4, 0x18, 0xE4, 0x18, 0xE4, 0x18, 0xE4, 0x18, 0xE4, 0x18, 0xE4, 0x18, 0xE4, 
  0x18, 0xE4, 0x18, 0xE4, 0x18, 0xE4, 0x18, 0xE4, 0x18, 0xE4, 0x18, 0xE4, 0x18, 0xE4, 0x18, 0xE4, 
  0x18, 0xE4, 0x18, 0xE4, 0x18, 0xE4, 0x18, 0xE4, 0x18, 0xE4, 0x18, 0xE4, 0x18, 0xE4, 0x18, 0xE4, 
  0x18, 0xE4, 0x18, 0xE4, 0x18, 0xE4, 0x18, 0xE4, 0x18, 0xE4, 0x18, 0xE4, 0x18, 0xE4, 0x18, 0xE4, 
  0x18, 0xE4, 0x18, 0xE4, 0x18, 0xE4, 0x18, 0xE4, 0x18, 0xE4, 0x18, 0xE4, 0x18, 0xE4, 0x18, 0xE4, 
  0x18, 0xE4, 0x18, 0xE4, 0x18, 0xE4, 0x18, 0xE4, 0x18, 0xE4, 0x18, 0xE4, 0x18, 0xE4, 0x18, 0xE4, 
  0x18, 0xE4, 0x18, 0xE4, 0x18, 0xE4, 0x18, 0xE4, 0x18, 0xE4, 0x18, 0xE4, 0x18, 0xE4, 0x18, 0xE4, 
  0x18, 0xE4, 0x18, 0xE4, 0x18, 0xE4, 0x18, 0xE4, 0x18, 0xE4, 0x18, 0xE4, 0x18, 0xE4, 0x18, 0xE4, 
  0x18, 0xE4, 0x18, 0xE4, 0x18, 0xE4, 0x18, 0xE4, 0x18, 0xE4, 0x18, 0xE4, 0x18, 0xE4, 0x18, 0xE4, 
  0x18, 0xE4, 0x18, 0xE4, 0x18, 0xE4, 0x18, 0xE4, 0x18, 0xE4, 0x18, 0xE4, 0x18, 0xE4, 0x18, 0xE4, 
  0x18, 0xE4, 0x18, 0xE4, 0x18, 0xE4, 0x18, 0xE4, 0x18, 0xE4, 0x18, 0xE4, 0x18, 0xE4, 0x18, 0xE4, 
  0x18, 0xE4, 0x18, 0xE4, 0x18, 0xE4, 0x18, 0xE4, 0x18, 0xE4, 0x18, 0xE4, 0x18, 0xE4, 0x18, 0xE4, 
  0x18, 0xE4, 0x18, 0xE4, 0x18, 0xE4, 0x18, 0xE4, 0x18, 0xE4, 0x18, 0xE4, 0x18, 0xE4, 0x18, 0xE4, 
  0x18, 0xE4, 0x18, 0xE4, 0x18, 0xE4, 0x18, 0xE4, 0x18, 0xE4, 0x18, 0xE4, 0x18, 0xE4, 0x18, 0xE4, 
  0x18, 0xE4, 0x18, 0xE4, 0x18, 0xE4, 0x18, 0xE4, 0x18, 0xE4, 0x18, 0xE4, 0x18, 0xE4, 0x18, 0xE4, 
  0x18, 0xE4, 0x18, 0xE4, 0x18, 0xE4, 0x18, 0xE4, 0x18, 0xE4, 0x18, 0xE4, 0x18, 0xE4, 0x18, 0xE4, 
  0x18, 0xE4, 0x18, 0xE4, 0x18, 0xE4, 0x18, 0xE4, 0x18, 0xE4, 0x18, 0xE4, 0x18, 0xE4, 0x18, 0xE4, 
  0x18, 0xE4, 0x18, 0xE4, 0x18, 0xE4, 0x18, 0xE4, 0x18, 0xE4, 0x18, 0xE4, 0x18, 0xE4, 0x18, 0xE4, 
  0x18, 0xE4, 0x18, 0xE4, 0x18, 0xE4, 0x18, 0xE4, 0x18, 0xE4, 0x18, 0xE4, 0x18, 0xE4, 0x18, 0xE4, 
  0x18, 0xE4, 0x18, 0xE4, 0x18, 0xE4, 0x18, 0xE4, 0x18, 0xE4, 0x18, 0xE4, 0x18, 0xE4, 0x18, 0xE4, 
  0x18, 0xE4, 0x18, 0xE4, 0x18, 0xE4, 0x18, 0xE4, 0x18, 0xE4, 0x18, 0xE4, 0x18, 0xE4, 0x18, 0xE4, 
  0x18, 0xE4, 0x18, 0xE4, 0x18, 0xE4, 0x18, 0xE4, 0x18, 0xE4, 0x18, 0xE4, 0x18, 0xE4, 0x18, 0xE4, 
  0x18, 0xE4, 0x18, 0xE4, 0x18, 0xE4, 0x18, 0xE4, 0x18, 0xE4, 0x18, 0xE4, 0x18, 0xE4, 0x18, 0xE4, 
  0x18, 0xE4, 0x18, 0xE4, 0x18, 0xE4, 0x18, 0xE4, 0x18, 0xE4, 0x18, 0xE4, 0x18, 0xE4, 0x18, 0xE4, 
  0x18, 0xE4, 0x18, 0xE4, 0x18, 0xE4, 0x18, 0xE4, 0x18, 0xE4, 0x18, 0xE4, 0x18, 0xE4, 0x18, 0xE4, 
  0x18, 0xE4, 0x18, 0xE4, 0x18, 0xE4, 0x18, 0xE4, 0x18, 0xE4, 0x18, 0xE4, 0x18, 0xE4, 0x18, 0xE4, 
  0x18, 0xE4, 0x18, 0xE4, 0x18, 0xE4, 0x18, 0xE4, 0x18, 0xE4, 0x18, 0xE4, 0x18, 0xE4, 0x18, 0xE4, 
  0x18, 0xE4, 0x18, 0xE4, 0x18, 0xE4, 0x18, 0xE4, 0x18, 0xE4, 0x18, 0xE4, 0x18, 0xE4, 0x18, 0xE4, 
  0x18, 0xE4, 0x18, 0xE4, 0x18, 0xE4, 0x18, 0xE4, 0x18, 0xE4, 0x18, 0xE4, 0x18, 0xE4, 0x18, 0xE4, 
  0x18, 0xE4, 0x18, 0xE4, 0x18, 0xE4, 0x18, 0xE4, 0x18, 0xE4, 0x18, 0xE4, 0x18, 0xE4, 0x18, 0xE4, 
  0x18, 0xE4, 0x18, 0xE4, 0x18, 0xE4, 0x18, 0xE4, 0x18, 0xE4, 0x18, 0xE4, 0x18, 0xE4, 0x18, 0xE4, 
  0x18, 0xE4, 0x18, 0xE4, 0x18, 0xE4, 0x18, 0xE4, 0x18, 0xE4, 0x18, 0xE4, 0x18, 0xE4, 0x18, 0xE4, 
  0x18, 0xE4, 0x18, 0xE4, 0x18, 0xE4, 0x18, 0xE4, 0x18, 0xE4, 0x18, 0xE4, 0x18, 0xE4, 0x18, 0xE4, 
  0x18, 0xE4, 0x18, 0xE4, 0x18, 0xE4, 0x18, 0xE4, 0x18, 0xE4, 0x18, 0xE4, 0x18, 0xE4, 0x18, 0xE4, 
  0x18, 0xE4, 0x18, 0xE4, 0x18, 0xE4, 0x18, 0xE4, 0x18, 0xE4, 0x18, 0xE4, 0x18, 0xE4, 0x18, 0xE4, 
  0x18, 0xE4, 0x18, 0xE4, 0x18, 0xE4, 0x18, 0xE4, 0x18, 0xE4, 0x18, 0xE4, 0x18, 0xE4, 0x18, 0xE4, 
  0x18, 0xE4, 0x18, 0xE4, 0x18, 0xE4, 0x18, 0xE4, 0x18, 0xE4, 0x18, 0xE4, 0x18, 0xE4, 0x18, 0xE4, 
  0x18, 0xE4, 0x18, 0xE4, 0x18, 0xE4, 0x18, 0xE4, 0x18, 0xE4, 0x18, 0xE4, 0x18, 0xE4, 0x18, 0xE4, 
  0x18, 0xE4, 0x18, 0xE4, 0x18, 0xE4, 0x18, 0xE4, 0x18, 0xE4, 0x18, 0xE4, 0x18, 0xE4, 0x18, 0xE4, 
  0x18, 0xE4, 0x18, 0xE4, 0x18, 0xE4, 0x18, 0xE4, 0x18, 0xE4, 0x18, 0xE4, 0x18, 0xE4, 0x18, 0xE4, 
  0x18, 0xE4, 0x18, 0xE4, 0x18, 0xE4, 0x18, 0xE4, 0x18, 0xE4, 0x18, 0xE4, 0x18, 0xE4, 0x18, 0xE4, 
  0x18, 0xE4, 0x18, 0xE4, 0x18, 0xE4, 0x18, 0xE4, 0x18, 0xE4, 0x18, 0xE4, 0x18, 0xE4, 0x18, 0xE4, 
  0x18, 0xE4, 0x18, 0xE4, 0x18, 0xE4, 0x18, 0xE4, 0x18, 0xE4, 0x18, 0xE4, 0x18, 0xE4, 0x18, 0xE4, 
  0x18, 0xE4, 0x18, 0xE4, 0x18, 0xE4, 0x18, 0xE4, 0x18, 0xE4, 0x18, 0xE4, 0x18, 0xE4, 0x18, 0xE4, 
  0x18, 0xE4, 0x18, 0xE4, 0x18, 0xE4, 0x18, 0xE4, 0x18, 0xE4, 0x18, 0xE4, 0x18, 0xE4, 0x18, 0xE4, 
  0x18, 0xE4, 0x18, 0xE4, 0x18, 0xE4, 0x18, 0xE4, 0x18, 0xE4, 0x18, 0xE4, 0x18, 0xE4, 0x18, 0xE4, 
  0x18, 0xE4, 0x18, 0xE4, 0x18, 0xE4, 0x18, 0xE4, 0x18, 0xE4, 0x18, 0xE4, 0x18, 0xE4, 0x18, 0xE4, 
  0x18, 0xE4, 0x18, 0xE4, 0x18, 0xE4, 0x18, 0xE4, 0x18, 0xE4, 0x18, 0xE4, 0x18, 0xE4, 0x18, 0xE4, 
  0x18, 0xE4, 0x18, 0xE4, 0x18, 0xE4, 0x18, 0xE4, 0x18, 0xE4, 0x18, 0xE4, 0x18, 0xE4, 0x18, 0xE4, 
  0x18, 0xE4, 0x18, 0xE4, 0x18, 0xE4, 0x18, 0xE4, 0x18, 0xE4, 0x18, 0xE4, 0x18, 0xE4, 0x18, 0xE4, 
  0x18, 0xE4, 0x18, 0xE4, 0x18, 0xE4, 0x18, 0xE4, 0x18, 0xE4, 0x18, 0xE4, 0x18, 0xE4, 0x18, 0xE4, 
  0x18, 0xE4, 0x18, 0xE4, 0x18, 0xE4, 0x18, 0xE4, 0x18, 0xE4, 0x18, 0xE4, 0x18, 0xE4, 0x18, 0xE4, 
  0x18, 0xE4, 0x18, 0xE4, 0x18, 0xE4, 0x18, 0xE4, 0x18, 0xE4, 0x18, 0xE4, 0x18, 0xE4, 0x18, 0xE4, 
  0x18, 0xE4, 0x18, 0xE4, 0x18, 0xE4, 0x18, 0xE4, 0x18, 0xE4, 0x18, 0xE4, 0x18, 0xE4, 0x18, 0xE4, 
  0x18, 0xE4, 0x18, 0xE4, 0x18, 0xE4, 0x18, 0xE4, 0x18, 0xE4, 0x18, 0xE4, 0x18, 0xE4, 0x18, 0xE4, 
  0x18, 0xE4, 0x18, 0xE4, 0x18, 0xE4, 0x18, 0xE4, 0x18, 0xE4, 0x18, 0xE4, 0x18, 0xE4, 0x18, 0xE4, 
  0x18, 0xE4, 0x18, 0xE4, 0x18, 0xE4, 0x18, 0xE4, 0x18, 0xE4, 0x18, 0xE4, 0x18, 0xE4, 0x18, 0xE4, 
  0x18, 0xE4, 0x18, 0xE4, 0x18, 0xE4, 0x18, 0xE4, 0x18, 0xE4, 0x18, 0xE4, 0x18, 0xE4, 0x18, 0xE4, 
  0x18, 0xE4, 0x18, 0xE4, 0x18, 0xE4, 0x18, 0xE4, 0x18, 0xE4, 0x18, 0xE4, 0x18, 0xE4, 0x18, 0xE4, 
  0x18, 0xE4, 0x18, 0xE4, 0x18, 0xE4, 0x18, 0xE4, 0x18, 0xE4, 0x18, 0xE4, 0x18, 0xE4, 0x18, 0xE4, 
  0x18, 0xE4, 0x18, 0xE4, 0x18, 0xE4, 0x18, 0xE4, 0x18, 0xE4, 0x18, 0xE4, 0x18, 0xE4, 0x18, 0xE4, 
  0x18, 0xE4, 0x18, 0xE4, 0x18, 0xE4, 0x18, 0xE4, 0x18, 0xE4, 0x18, 0xE4, 0x18, 0xE4, 0x18, 0xE4, 
  0x18, 0xE4, 0x18, 0xE4, 0x18, 0xE4, 0x18, 0xE4, 0x18, 0xE4, 0x18, 0xE4, 0x18, 0xE4, 0x18, 0xE4, 
  0x18, 0xE4, 0x18, 0xE4, 0x18, 0xE4, 0x18, 0xE4, 0x18, 0xE4, 0x18, 0xE4, 0x18, 0xE4, 0x18, 0xE4, 
  0x18, 0xE4, 0x18, 0xE4, 0x18, 0xE4, 0x18, 0xE4, 0x18, 0xE4, 0x18, 0xE4, 0x18, 0xE4, 0x18, 0xE4, 
  0x18, 0xE4, 0x18, 0xE4, 0x18, 0xE4, 0x18, 0xE4, 0x18, 0xE4, 0x18, 0xE4, 0x18, 0xE4, 0x18, 0xE4, 
  0x18, 0xE4, 0x18, 0xE4, 0x18, 0xE4, 0x18, 0xE4, 0x18, 0xE4, 0x18, 0xE4, 0x18, 0xE4, 0x18, 0xE4, 
  0x18, 0xE4, 0x18, 0xE4, 0x18, 0xE4, 0x18, 0xE4, 0x18, 0xE4, 0x18, 0xE4, 0x18, 0xE4, 0x18, 0xE4, 
  0x18, 0xE4, 0x18, 0xE4, 0x18, 0xE4, 0x18, 0xE4, 0x18, 0xE4, 0x18, 0xE4, 0x18, 0xE4, 0x18, 0xE4, 
  0x18, 0xE4, 0x18, 0xE4, 0x18, 0xE4, 0x18, 0xE4, 0x18, 0xE4, 0x18, 0xE4, 0x18, 0xE4, 0x18, 0xE4, 
  0x18, 0xE4, 0x18, 0xE4, 0x18, 0xE4, 0x18, 0xE4, 0x18, 0xE4, 0x18, 0xE4, 0x18, 0xE4, 0x18, 0xE4, 
  0x18, 0xE4, 0x18, 0xE4, 0x18, 0xE4, 0x18, 0xE4, 0x18, 0xE4, 0x18, 0xE4, 0x18, 0xE4, 0x18, 0xE4, 
  0x18, 0xE4, 0x18, 0xE4, 0x18, 0xE4, 0x18, 0xE4, 0x18, 0xE4, 0x18, 0xE4, 0x18, 0xE4, 0x18, 0xE4, 
  0x18, 0xE4, 0x18, 0xE4, 0x18, 0xE4, 0x18, 0xE4, 0x18, 0xE4, 0x18, 0xE4, 0x18, 0xE4, 0x18, 0xE4, 
  0x18, 0xE4, 0x18, 0xE4, 0x18, 0xE4, 0x18, 0xE4, 0x18, 0xE4, 0x18, 0xE4, 0x18, 0xE4, 0x18, 0xE4, 
  0x18, 0xE4, 0x18, 0xE4, 0x18, 0xE4, 0x18, 0xE4, 0x18, 0xE4, 0x18, 0xE4, 0x18, 0xE4, 0x18, 0xE4, 
  0x18, 0xE4, 0x18, 0xE4, 0x18, 0xE4, 0x18, 0xE4, 0x18, 0xE4, 0x18, 0xE4, 0x18, 0xE4, 0x18, 0xE4, 
  0x18, 0xE4, 0x18, 0xE4, 0x18, 0xE4, 0x18, 0xE4, 0x18, 0xE4, 0x18, 0xE4, 0x18, 0xE4, 0x18, 0xE4, 
  0x18, 0xE4, 0x18, 0xE4, 0x18, 0xE4, 0x18, 0xE4, 0x18, 0xE4, 0x18, 0xE4, 0x18, 0xE4, 0x18, 0xE4, 
  0x18, 0xE4, 0x18, 0xE4, 0x18, 0xE4, 0x18, 0xE4, 0x18, 0xE4, 0x18, 0xE4, 0x18, 0xE4, 0x18, 0xE4, 
  0x18, 0xE4, 0x18, 0xE4, 0x18, 0xE4, 0x18, 0xE4, 0x18, 0xE4, 0x18, 0xE4, 0x18, 0xE4, 0x18, 0xE4, 
  0x18, 0xE4, 0x18, 0xE4, 0x18, 0xE4, 0x18, 0xE4, 0x18, 0xE4, 0x18, 0xE4, 0x18, 0xE4, 0x18, 0xE4, 
  0x18, 0xE4, 0x18, 0xE4, 0x18, 0xE4, 0x18, 0xE4, 0x18, 0xE4, 0x18, 0xE4, 0x18, 0xE4, 0x18, 0xE4, 
  0x18, 0xE4, 0x18, 0xE4, 0x18, 0xE4, 0x18, 0xE4, 0x18, 0xE4, 0x18, 0xE4, 0x18, 0xE4, 0x18, 0xE4, 
  0x18, 0xE4, 0x18, 0xE4, 0x18, 0xE4, 0x18, 0xE4, 0x18, 0xE4, 0x18, 0xE4, 0x18, 0xE4, 0x18, 0xE4, 
  0x18, 0xE4, 0x18, 0xE4, 0x18, 0xE4, 0x18, 0xE4, 0x18, 0xE4, 0x18, 0xE4, 0x18, 0xE4, 0x18, 0xE4, 
  0x18, 0xE4, 0x18, 0xE4, 0x18, 0xE4, 0x18, 0xE4, 0x18, 0xE4, 0x18, 0xE4, 0x18, 0xE4, 0x18, 0xE4, 
  0x18, 0xE4, 0x18, 0xE4, 0x18, 0xE4, 0x18, 0xE4, 0x18, 0xE4, 0x18, 0xE4, 0x18, 0xE4, 0x18, 0xE4, 
  0x18, 0xE4, 0x18, 0xE4, 0x18, 0xE4, 0x18, 0xE4, 0x18, 0xE4, 0x18, 0xE4, 0x18, 0xE4, 0x18, 0xE4, 
  0x18, 0xE4, 0x18, 0xE4, 0x18, 0xE4, 0x18, 0xE4, 0x18, 0xE4, 0x18, 0xE4, 0x18, 0xE4, 0x18, 0xE4, 
  0x18, 0xE4, 0x18, 0xE4, 0x18, 0xE4, 0x18, 0xE4, 0x18, 0xE4, 0x18, 0xE4, 0x18, 0xE4, 0x18, 0xE4, 
  0x18, 0xE4, 0x18, 0xE4, 0x18, 0xE4, 0x18, 0xE4, 0x18, 0xE4, 0x18, 0xE4, 0x18, 0xE4, 0x18, 0xE4, 
  0x18, 0xE4, 0x18, 0xE4, 0x18, 0xE4, 0x18, 0xE4, 0x18, 0xE4, 0x18, 0xE4, 0x18, 0xE4, 0x18, 0xE4, 
  0x18, 0xE4, 0x18, 0xE4, 0x18, 0xE4, 0x18, 0xE4, 0x18, 0xE4, 0x18, 0xE4, 0x18, 0xE4, 0x18, 0xE4, 
  0x18, 0xE4, 0x18, 0xE4, 0x18, 0xE4, 0x18, 0xE4, 0x18, 0xE4, 0x18, 0xE4, 0x18, 0xE4, 0x18, 0xE4, 
  0x18, 0xE4, 0x18, 0xE4, 0x18, 0xE4, 0x18, 0xE4, 0x18, 0xE4, 0x18, 0xE4, 0x18, 0xE4, 0x18, 0xE4, 
  0x18, 0xE4, 0x18, 0xE4, 0x18, 0xE4, 0x18, 0xE4, 0x18, 0xE4, 0x18, 0xE4, 0x18, 0xE4, 0x18, 0xE4, 
  0x18, 0xE4, 0x18, 0xE4, 0x18, 0xE4, 0x18, 0xE4, 0x18, 0xE4, 0x18, 0xE4, 0x18, 0xE4, 0x18, 0xE4, 
  0x18, 0xE4, 0x18, 0xE4, 0x18, 0xE4, 0x18, 0xE4, 0x18, 0xE4, 0x18, 0xE4, 0x18, 0xE4, 0x18, 0xE4, 
  0x18, 0xE4, 0x18, 0xE4, 0x18, 0xE4, 0x18, 0xE4, 0x18, 0xE4, 0x18, 0xE4, 0x18, 0xE4, 0x18, 0xE4, 
  0x18, 0xE4, 0x18, 0xE4, 0x18, 0xE4, 0x18, 0xE4, 0x18, 0xE4, 0x18, 0xE4, 0x18, 0xE4, 0x18, 0xE4, 
  0x18, 0xE4, 0x18, 0xE4, 0x18, 0xE4, 0x18, 0xE4, 0x18, 0xE4, 0x18, 0xE4, 0x18, 0xE4, 0x18, 0xE4, 
  0x18, 0xE4, 0x18, 0xE4, 0x18, 0xE4, 0x18, 0xE4, 0x18, 0xE4, 0x18, 0xE4, 0x18, 0xE4, 0x18, 0xE4, 
  0x18, 0xE4, 0x18, 0xE4, 0x18, 0xE4, 0x18, 0xE4, 0x18, 0xE4, 0x18, 0xE4, 0x18, 0xE4, 0x18, 0xE4, 
  0x18, 0xE4, 0x18, 0xE4, 0x18, 0xE4, 0x18, 0xE4, 0x18, 0xE4, 0x18, 0xE4, 0x18, 0xE4, 0x18, 0xE4, 
  0x18, 0xE4, 0x18, 0xE4, 0x18, 0xE4, 0x18, 0xE4, 0x18, 0xE4, 0x18, 0xE4, 0x18, 0xE4, 0x18, 0xE4, 
  0x18, 0xE4, 0x18, 0xE4, 0x18, 0xE4, 0x18, 0xE4, 0x18, 0xE4, 0x18, 0xE4, 0x18, 0xE4, 0x18, 0xE4, 
  0x18, 0xE4, 0x18, 0xE4, 0x18, 0xE4, 0x18, 0xE4, 0x18, 0xE4, 0x18, 0xE4, 0x18, 0xE4, 0x18, 0xE4, 
  0x18, 0xE4, 0x18, 0xE4, 0x18, 0xE4, 0x18, 0xE4, 0x18, 0xE4, 0x18, 0xE4, 0x18, 0xE4, 0x18, 0xE4, 
  0x18, 0xE4, 0x18, 0xE4, 0x18, 0xE4, 0x18, 0xE4, 0x18, 0xE4, 0x18, 0xE4, 0x18, 0xE4, 0x18, 0xE4, 
  0x18, 0xE4, 0x18, 0xE4, 0x18, 0xE4, 0x18, 0xE4, 0x18, 0xE4, 0x18, 0xE4, 0x18, 0xE4, 0x18, 0xE4, 
  0x18, 0xE4, 0x18, 0xE4, 0x18, 0xE4, 0x18, 0xE4, 0x18, 0xE4, 0x18, 0xE4, 0x18, 0xE4, 0x18, 0xE4, 
  0x18, 0xE4, 0x18, 0xE4, 0x18, 0xE4, 0x18, 0xE4, 0x18, 0xE4, 0x18, 0xE4, 0x18, 0xE4, 0x18, 0xE4, 
  0x18, 0xE4, 0x18, 0xE4, 0x18, 0xE4, 0x18, 0xE4, 0x18, 0xE4, 0x18, 0xE4, 0x18, 0xE4, 0x18, 0xE4, 
  0x18, 0xE4, 0x18, 0xE4, 0x18, 0xE4, 0x18, 0xE4, 0x18, 0xE4, 0x18, 0xE4, 0x18, 0xE4, 0x18, 0xE4, 
  0x18, 0xE4, 0x18, 0xE4, 0x18, 0xE4, 0x18, 0xE4, 0x18, 0xE4, 0x18, 0xE4, 0x18, 0xE4, 0x18, 0xE4, 
  0x18, 0xE4, 0x18, 0xE4, 0x18, 0xE4, 0x18, 0xE4, 0x18, 0xE4, 0x18, 0xE4, 0x18, 0xE4, 0x18, 0xE4, 
  0x18, 0xE4, 0x18, 0xE4, 0x18, 0xE4, 0x18, 0xE4, 0x18, 0xE4, 0x18, 0xE4, 0x18, 0xE4, 0x18, 0xE4, 
  0x18, 0xE4, 0x18, 0xE4, 0x18, 0xE4, 0x18, 0xE4, 0x18, 0xE4, 0x18, 0xE4, 0x18, 0xE4, 0x18, 0xE4, 
  0x18, 0xE4, 0x18, 0xE4, 0x18, 0xE4, 0x18, 0xE4, 0x18, 0xE4, 0x18, 0xE4, 0x18, 0xE4, 0x18, 0xE4, 
  0x18, 0xE4, 0x18, 0xE4, 0x18, 0xE4, 0x18, 0xE4, 0x18, 0xE4, 0x18, 0xE4, 0x18, 0xE4, 0x18, 0xE4, 
  0x18, 0xE4, 0x18, 0xE4, 0x18, 0xE4, 0x18, 0xE4, 0x18, 0xE4, 0x18, 0xE4, 0x18, 0xE4, 0x18, 0xE4, 
  0x18, 0xE4, 0x18, 0xE4, 0x18, 0xE4, 0x18, 0xE4, 0x18, 0xE4, 0x18, 0xE4, 0x18, 0xE4, 0x18, 0xE4, 
  0x18, 0xE4, 0x18, 0xE4, 0x18, 0xE4, 0x18, 0xE4, 0x18, 0xE4, 0x18, 0xE4, 0x18, 0xE4, 0x18, 0xE4, 
  0x18, 0xE4, 0x18, 0xE4, 0x18, 0xE4, 0x18, 0xE4, 0x18, 0xE4, 0x18, 0xE4, 0x18, 0xE4, 0x18, 0xE4, 
  0x18, 0xE4, 0x18, 0xE4, 0x18, 0xE4, 0x18, 0xE4, 0x18, 0xE4, 0x18, 0xE4, 0x18, 0xE4, 0x18, 0xE4, 
  0x18, 0xE4, 0x18, 0xE4, 0x18, 0xE4, 0x18, 0xE4, 0x18, 0xE4, 0x18, 0xE4, 0x18, 0xE4, 0x18, 0xE4, 
  0x18, 0xE4, 0x18, 0xE4, 0x18, 0xE4, 0x18, 0xE4, 0x18, 0xE4, 0x18, 0xE4, 0x18, 0xE4, 0x18, 0xE4, 
  0x18, 0xE4, 0x18, 0xE4, 0x18, 0xE4, 0x18, 0xE4, 0x18, 0xE4, 0x18, 0xE4, 0x18, 0xE4, 0x18, 0xE4, 
  0x18, 0xE4, 0x18, 0xE4, 0x18, 0xE4, 0x18, 0xE4, 0x18, 0xE4, 0x18, 0xE4, 0x18, 0xE4, 0x18, 0xE4, 
  0x18, 0xE4, 0x18, 0xE4, 0x18, 0xE4, 0x18, 0xE4, 0x18, 0xE4, 0x18, 0xE4, 0x18, 0xE4, 0x18, 0xE4, 
  0x18, 0xE4, 0x18, 0xE4, 0x18, 0xE4, 0x18, 0xE4, 0x18, 0xE4, 0x18, 0xE4, 0x18, 0xE4, 0x18, 0xE4, 
  0x18, 0xE4, 0x18, 0xE4, 0x18, 0xE4, 0x18, 0xE4, 0x18, 0xE4, 0x18, 0xE4, 0x18, 0xE4, 0x18, 0xE4, 
  0x18, 0xE4, 0x18, 0xE4, 0x18, 0xE4, 0x18, 0xE4, 0x18, 0xE4, 0x18, 0xE4, 0x18, 0xE4, 0x18, 0xE4, 
  0x18, 0xE4, 0x18, 0xE4, 0x18, 0xE4, 0x18, 0xE4, 0x18, 0xE4, 0x18, 0xE4, 0x18, 0xE4, 0x18, 0xE4, 
  0x18, 0xE4, 0x18, 0xE4, 0x18, 0xE4, 0x18, 0xE4, 0x18, 0xE4, 0x18, 0xE4, 0x18, 0xE4, 0x18, 0xE4, 
  0x18, 0xE4, 0x18, 0xE4, 0x18, 0xE4, 0x18, 0xE4, 0x18, 0xE4, 0x18, 0xE4, 0x18, 0xE4, 0x18, 0xE4, 
  0x18, 0xE4, 0x18, 0xE4, 0x18, 0xE4, 0x18, 0xE4, 0x18, 0xE4, 0x18, 0xE4, 0x18, 0xE4, 0x18, 0xE4, 
  0x18, 0xE4, 0x18, 0xE4, 0x18, 0xE4, 0x18, 0xE4, 0x18, 0xE4, 0x18, 0xE4, 0x18, 0xE4, 0x18, 0xE4, 
  0x18, 0xE4, 0x18, 0xE4, 0x18, 0xE4, 0x18, 0xE4, 0x18, 0xE4, 0x18, 0xE4, 0x18, 0xE4, 0x18, 0xE4, 
  0x18, 0xE4, 0x18, 0xE4, 0x18, 0xE4, 0x18, 0xE4, 0x18, 0xE4, 0x18, 0xE4, 0x18, 0xE4, 0x18, 0xE4, 
  0x18, 0xE4, 0x18, 0xE4, 0x18, 0xE4, 0x18, 0xE4, 0x18, 0xE4, 0x18, 0xE4, 0x18, 0xE4, 0x18, 0xE4, 
  0x18, 0xE4, 0x18, 0xE4, 0x18, 0xE4, 0x18, 0xE4, 0x18, 0xE4, 0x18, 0xE4, 0x18, 0xE4, 0x18, 0xE4, 
  0x18, 0xE4, 0x18, 0xE4, 0x18, 0xE4, 0x18, 0xE4, 0x18, 0xE4, 0x18, 0xE4, 0x18, 0xE4, 0x18, 0xE4, 
  0x18, 0xE4, 0x18, 0xE4, 0x18, 0xE4, 0x18, 0xE4, 0x18, 0xE4, 0x18, 0xE4, 0x18, 0xE4, 0x18, 0xE4, 
  0x18, 0xE4, 0x18, 0xE4, 0x18, 0xE4, 0x18, 0xE4, 0x18, 0xE4, 0x18, 0xE4, 0x18, 0xE4, 0x18, 0xE4, 
  0x18, 0xE4, 0x18, 0xE4, 0x18, 0xE4, 0x18, 0xE4, 0x18, 0xE4, 0x18, 0xE4, 0x18, 0xE4, 0x18, 0xE4, 
  0x18, 0xE4, 0x18, 0xE4, 0x18, 0xE4, 0x18, 0xE4, 0x18, 0xE4, 0x18, 0xE4, 0x18, 0xE4, 0x18, 0xE4, 
  0x18, 0xE4, 0x18, 0xE4, 0x18, 0xE4, 0x18, 0xE4, 0x18, 0xE4, 0x18, 0xE4, 0x18, 0xE4, 0x18, 0xE4, 
  0x18, 0xE4, 0x18, 0xE4, 0x18, 0xE4, 0x18, 0xE4, 0x18, 0xE4, 0x18, 0xE4, 0x18, 0xE4, 0x18, 0xE4, 
  0x18, 0xE4, 0x18, 0xE4, 0x18, 0xE4, 0x18, 0xE4, 0x18, 0xE4, 0x18, 0xE4, 0x18, 0xE4, 0x18, 0xE4, 
  0x18, 0xE4, 0x18, 0xE4, 0x18, 0xE4, 0x18, 0xE4, 0x18, 0xE4, 0x18, 0xE4, 0x18, 0xE4, 0x18, 0xE4, 
  0x18, 0xE4, 0x18, 0xE4, 0x18, 0xE4, 0x18, 0xE4, 0x18, 0xE4, 0x18, 0xE4, 0x18, 0xE4, 0x18, 0xE4, 
  0x18, 0xE4, 0x18, 0xE4, 0x18, 0xE4, 0x18, 0xE4, 0x18, 0xE4, 0x18, 0xE4, 0x18, 0xE4, 0x18, 0xE4, 
  0x18, 0xE4, 0x18, 0xE4, 0x18, 0xE4, 0x18, 0xE4, 0x18, 0xE4, 0x18, 0xE4, 0x18, 0xE4, 0x18, 0xE4, 
  0x18, 0xE4, 0x18, 0xE4, 0x18, 0xE4, 0x18, 0xE4, 0x18, 0xE4, 0x18, 0xE4, 0x18, 0xE4, 0x18, 0xE4, 
  0x18, 0xE4, 0x18, 0xE4, 0x18, 0xE4, 0x18, 0xE4, 0x18, 0xE4, 0x18, 0xE4, 0x18, 0xE4, 0x18, 0xE4, 
  0x18, 0xE4, 0x18, 0xE4, 0x18, 0xE4, 0x18, 0xE4, 0x18, 0xE4, 0x18, 0xE4, 0x18, 0xE4, 0x18, 0xE4, 
  0x18, 0xE4, 0x18, 0xE4, 0x18, 0xE4, 0x18, 0xE4, 0x18, 0xE4, 0x18, 0xE4, 0x18, 0xE4, 0x18, 0xE4, 
  0x18, 0xE4, 0x18, 0xE4, 0x18, 0xE4, 0x18, 0xE4, 0x18, 0xE4, 0x18, 0xE4, 0x18, 0xE4, 0x18, 0xE4, 
  0x18, 0xE4, 0x18, 0xE4, 0x18, 0xE4, 0x18, 0xE4, 0x18, 0xE4, 0x18, 0xE4, 0x18, 0xE4, 0x18, 0xE4, 
  0x18, 0xE4, 0x18, 0xE4, 0x18, 0xE4, 0x18, 0xE4, 0x18, 0xE4, 0x18, 0xE4, 0x18, 0xE4, 0x18, 0xE4, 
  0x18, 0xE4, 0x18, 0xE4, 0x18, 0xE4, 0x18, 0xE4, 0x18, 0xE4, 0x18, 0xE4, 0x18, 0xE4, 0x18, 0xE4, 
  0x18, 0xE4, 0x18, 0xE4, 0x18, 0xE4, 0x18, 0xE4, 0x18, 0xE4, 0x18, 0xE4, 0x18, 0xE4, 0x18, 0xE4, 
  0x18, 0xE4, 0x18, 0xE4, 0x18, 0xE4, 0x18, 0xE4, 0x18, 0xE4, 0x18, 0xE4, 0x18, 0xE4, 0x18, 0xE4, 
  0x18, 0xE4, 0x18, 0xE4, 0x18, 0xE4, 0x18, 0xE4, 0x18, 0xE4, 0x18, 0xE4, 0x18, 0xE4, 0x18, 0xE4, 
  0x18, 0xE4, 0x18, 0xE4, 0x18, 0xE4, 0x18, 0xE4, 0x18, 0xE4, 0x18, 0xE4, 0x18, 0xE4, 0x18, 0xE4, 
  0x18, 0xE4, 0x18, 0xE4, 0x18, 0xE4, 0x18, 0xE4, 0x18, 0xE4, 0x18, 0xE4, 0x18, 0xE4, 0x18, 0xE4, 
  0x18, 0xE4, 0x18, 0xE4, 0x18, 0xE4, 0x18, 0xE4, 0x18, 0xE4, 0x18, 0xE4, 0x18, 0xE4, 0x18, 0xE4, 
  0x18, 0xE4, 0x18, 0xE4, 0x18, 0xE4, 0x18, 0xE4, 0x18, 0xE4, 0x18, 0xE4, 0x18, 0xE4, 0x18, 0xE4, 
  0x18, 0xE4, 0x18, 0xE4, 0x18, 0xE4, 0x18, 0xE4, 0x18, 0xE4, 0x18, 0xE4, 0x18, 0xE4, 0x18, 0xE4, 
  0x18, 0xE4, 0x18, 0xE4, 0x18, 0xE4, 0x18, 0xE4, 0x18, 0xE4, 0x18, 0xE4, 0x18, 0xE4, 0x18, 0xE4, 
  0x18, 0xE4, 0x18, 0xE4, 0x18, 0xE4, 0x18, 0xE4, 0x18, 0xE4, 0x18, 0xE4, 0x18, 0xE4, 0x18, 0xE4, 
  0x18, 0xE4, 0x18, 0xE4, 0x18, 0xE4, 0x18, 0xE4, 0x18, 0xE4, 0x18, 0xE4, 0x18, 0xE4, 0x18, 0xE4, 
  0x18, 0xE4, 0x18, 0xE4, 0x18, 0xE4, 0x18, 0xE4, 0x18, 0xE4, 0x18, 0xE4, 0x18, 0xE4, 0x18, 0xE4, 
  0x18, 0xE4, 0x18, 0xE4, 0x18, 0xE4, 0x18, 0xE4, 0x18, 0xE4, 0x18, 0xE4, 0x18, 0xE4, 0x18, 0xE4, 
  0x18, 0xE4, 0x18, 0xE4, 0x18, 0xE4, 0x18, 0xE4, 0x18, 0xE4, 0x18, 0xE4, 0x18, 0xE4, 0x18, 0xE4, 
  0x18, 0xE4, 0x18, 0xE4, 0x18, 0xE4, 0x18, 0xE4, 0x18, 0xE4, 0x18, 0xE4, 0x18, 0xE4, 0x18, 0xE4, 
  0x18, 0xE4, 0x18, 0xE4, 0x18, 0xE4, 0x18, 0xE4, 0x18, 0xE4, 0x18, 0xE4, 0x18, 0xE4, 0x18, 0xE4, 
  0x18, 0xE4, 0x18, 0xE4, 0x18, 0xE4, 0x18, 0xE4, 0x18, 0xE4, 0x18, 0xE4, 0x18, 0xE4, 0x18, 0xE4, 
  0x18, 0xE4, 0x18, 0xE4, 0x18, 0xE4, 0x18, 0xE4, 0x18, 0xE4, 0x18, 0xE4, 0x18, 0xE4, 0x18, 0xE4, 
  0x18, 0xE4, 0x18, 0xE4, 0x18, 0xE4, 0x18, 0xE4, 0x18, 0xE4, 0x18, 0xE4, 0x18, 0xE4, 0x18, 0xE4, 
  0x18, 0xE4, 0x18, 0xE4, 0x18, 0xE4, 0x18, 0xE4, 0x18, 0xE4, 0x18, 0xE4, 0x18, 0xE4, 0x18, 0xE4, 
  0x18, 0xE4, 0x18, 0xE4, 0x18, 0xE4, 0x18, 0xE4, 0x18, 0xE4, 0x18, 0xE4, 0x18, 0xE4, 0x18, 0xE4, 
  0x18, 0xE4, 0x18, 0xE4, 0x18, 0xE4, 0x18, 0xE4, 0x18, 0xE4, 0x18, 0xE4, 0x18, 0xE4, 0x18, 0xE4, 
  0x18, 0xE4, 0x18, 0xE4, 0x18, 0xE4, 0x18, 0xE4, 0x18, 0xE4, 0x18, 0xE4, 0x18, 0xE4, 0x18, 0xE4, 
  0x18, 0xE4, 0x18, 0xE4, 0x18, 0xE4, 0x18, 0xE4, 0x18, 0xE4, 0x18, 0xE4, 0x18, 0xE4, 0x18, 0xE4, 
  0x18, 0xE4, 0x18, 0xE4, 0x18, 0xE4, 0x18, 0xE4, 0x18, 0xE4, 0x18, 0xE4, 0x18, 0xE4, 0x18, 0xE4, 
  0x18, 0xE4, 0x18, 0xE4, 0x18, 0xE4, 0x18, 0xE4, 0x18, 0xE4, 0x18, 0xE4, 0x18, 0xE4, 0x18, 0xE4, 
  0x18, 0xE4, 0x18, 0xE4, 0x18, 0xE4, 0x18, 0xE4, 0x18, 0xE4, 0x18, 0xE4, 0x18, 0xE4, 0x18, 0xE4, 
  0x18, 0xE4, 0x18, 0xE4, 0x18, 0xE4, 0x18, 0xE4, 0x18, 0xE4, 0x18, 0xE4, 0x18, 0xE4, 0x18, 0xE4, 
  0x18, 0xE4, 0x18, 0xE4, 0x18, 0xE4, 0x18, 0xE4, 0x18, 0xE4, 0x18, 0xE4, 0x18, 0xE4, 0x18, 0xE4, 
  0x18, 0xE4, 0x18, 0xE4, 0x18, 0xE4, 0x18, 0xE4, 0x18, 0xE4, 0x18, 0xE4, 0x18, 0xE4, 0x18, 0xE4, 
  0x18, 0xE4, 0x18, 0xE4, 0x18, 0xE4, 0x18, 0xE4, 0x18, 0xE4, 0x18, 0xE4, 0x18, 0xE4, 0x18, 0xE4, 
  0x18, 0xE4, 0x18, 0xE4, 0x18, 0xE4, 0x18, 0xE4, 0x18, 0xE4, 0x18, 0xE4, 0x18, 0xE4, 0x18, 0xE4, 
  0x18, 0xE4, 0x18, 0xE4, 0x18, 0xE4, 0x18, 0xE4, 0x18, 0xE4, 0x18, 0xE4, 0x18, 0xE4, 0x18, 0xE4, 
  0x18, 0xE4, 0x18, 0xE4, 0x18, 0xE4, 0x18, 0xE4, 0x18, 0xE4, 0x18, 0xE4, 0x18, 0xE4, 0x18, 0xE4, 
  0x18, 0xE4, 0x18, 0xE4, 0x18, 0xE4, 0x18, 0xE4, 0x18, 0xE4, 0x18, 0xE4, 0x18, 0xE4, 0x18, 0xE4, 
  0x18, 0xE4, 0x18, 0xE4, 0x18, 0xE4, 0x18, 0xE4, 0x18, 0xE4, 0x18, 0xE4, 0x18, 0xE4, 0x18, 0xE4, 
  0x18, 0xE4, 0x18, 0xE4, 0x18, 0xE4, 0x18, 0xE4, 0x18, 0xE4, 0x18, 0xE4, 0x18, 0xE4, 0x18, 0xE4, 
  0x18, 0xE4, 0x18, 0xE4, 0x18, 0xE4, 0x18, 0xE4, 0x18, 0xE4, 0x18, 0xE4, 0x18, 0xE4, 0x18, 0xE4, 
  0x18, 0xE4, 0x18, 0xE4, 0x18, 0xE4, 0x18, 0xE4, 0x18, 0xE4, 0x18, 0xE4, 0x18, 0xE4, 0x18, 0xE4, 
  0x18, 0xE4, 0x18, 0xE4, 0x18, 0xE4, 0x18, 0xE4, 0x18, 0xE4, 0x18, 0xE4, 0x18, 0xE4, 0x18, 0xE4, 
  0x18, 0xE4, 0x18, 0xE4, 0x18, 0xE4, 0x18, 0xE4, 0x18, 0xE4, 0x18, 0xE4, 0x18, 0xE4, 0x18, 0xE4, 
  0x18, 0xE4, 0x18, 0xE4, 0x18, 0xE4, 0x18, 0xE4, 0x18, 0xE4, 0x18, 0xE4, 0x18, 0xE4, 0x18, 0xE4, 
  0x18, 0xE4, 0x18, 0xE4, 0x18, 0xE4, 0x18, 0xE4, 0x18, 0xE4, 0x18, 0xE4, 0x18, 0xE4, 0x18, 0xE4, 
  0x18, 0xE4, 0x18, 0xE4, 0x18, 0xE4, 0x18, 0xE4, 0x18, 0xE4, 0x18, 0xE4, 0x18, 0xE4, 0x18, 0xE4, 
  0x18, 0xE4, 0x18, 0xE4, 0x18, 0xE4, 0x18, 0xE4, 0x18, 0xE4, 0x18, 0xE4, 0x18, 0xE4, 0x18, 0xE4, 
  0x18, 0xE4, 0x18, 0xE4, 0x18, 0xE4, 0x18, 0xE4, 0x18, 0xE4, 0x18, 0xE4, 0x18, 0xE4, 0x18, 0xE4, 
  0x18, 0xE4, 0x18, 0xE4, 0x18, 0xE4, 0x18, 0xE4, 0x18, 0xE4, 0x18, 0xE4, 0x18, 0xE4, 0x18, 0xE4, 
  0x18, 0xE4, 0x18, 0xE4, 0x18, 0xE4, 0x18, 0xE4, 0x18, 0xE4, 0x18, 0xE4, 0x18, 0xE4, 0x18, 0xE4, 
  0x18, 0xE4, 0x18, 0xE4, 0x18, 0xE4, 0x18, 0xE4, 0x18, 0xE4, 0x18, 0xE4, 0x18, 0xE4, 0x18, 0xE4, 
  0x18, 0xE4, 0x18, 0xE4, 0x18, 0xE4, 0x18, 0xE4, 0x18, 0xE4, 0x18, 0xE4, 0x18, 0xE4, 0x18, 0xE4, 
  0x18, 0xE4, 0x18, 0xE4, 0x18, 0xE4, 0x18, 0xE4, 0x18, 0xE4, 0x18, 0xE4, 0x18, 0xE4, 0x18, 0xE4, 
  0x18, 0xE4, 0x18, 0xE4, 0x18, 0xE4, 0x18, 0xE4, 0x18, 0xE4, 0x18, 0xE4, 0x18, 0xE4, 0x18, 0xE4, 
  0x18, 0xE4, 0x18, 0xE4, 0x18, 0xE4, 0x18, 0xE4, 0x18, 0xE4, 0x18, 0xE4, 0x18, 0xE4, 0x18, 0xE4, 
  0x18, 0xE4, 0x18, 0xE4, 0x18, 0xE4, 0x18, 0xE4, 0x18, 0xE4, 0x18, 0xE4, 0x18, 0xE4, 0x18, 0xE4, 
  0x18, 0xE4, 0x18, 0xE4, 0x18, 0xE4, 0x18, 0xE4, 0x18, 0xE4, 0x18, 0xE4, 0x18, 0xE4, 0x18, 0xE4, 
  0x18, 0xE4, 0x18, 0xE4, 0x18, 0xE4, 0x18, 0xE4, 0x18, 0xE4, 0x18, 0xE4, 0x18, 0xE4, 0x18, 0xE4, 
  0x18, 0xE4, 0x18, 0xE4, 0x18, 0xE4, 0x18, 0xE4, 0x18, 0xE4, 0x18, 0xE4, 0x18, 0xE4, 0x18, 0xE4, 
  0x18, 0xE4, 0x18, 0xE4, 0x18, 0xE4, 0x18, 0xE4, 0x18, 0xE4, 0x18, 0xE4, 0x18, 0xE4, 0x18, 0xE4, 
  0x18, 0xE4, 0x18, 0xE4, 0x18, 0xE4, 0x18, 0xE4, 0x18, 0xE4, 0x18, 0xE4, 0x18, 0xE4, 0x18, 0xE4, 
  0x18, 0xE4, 0x18, 0xE4, 0x18, 0xE4, 0x18, 0xE4, 0x18, 0xE4, 0x18, 0xE4, 0x18, 0xE4, 0x18, 0xE4, 
  0x18, 0xE4, 0x18, 0xE4, 0x18, 0xE4, 0x18, 0xE4, 0x18, 0xE4, 0x18, 0xE4, 0x18, 0xE4, 0x18, 0xE4, 
  0x18, 0xE4, 0x18, 0xE4, 0x18, 0xE4, 0x18, 0xE4, 0x18, 0xE4, 0x18, 0xE4, 0x18, 0xE4, 0x18, 0xE4, 
  0x18, 0xE4, 0x18, 0xE4, 0x18, 0xE4, 0x18, 0xE4, 0x18, 0xE4, 0x18, 0xE4, 0x18, 0xE4, 0x18, 0xE4, 
  0x18, 0xE4, 0x18, 0xE4, 0x18, 0xE4, 0x18, 0xE4, 0x18, 0xE4, 0x18, 0xE4, 0x18, 0xE4, 0x18, 0xE4, 
  0x18, 0xE4, 0x18, 0xE4, 0x18, 0xE4, 0x18, 0xE4, 0x18, 0xE4, 0x18, 0xE4, 0x18, 0xE4, 0x18, 0xE4, 
  0x18, 0xE4, 0x18, 0xE4, 0x18, 0xE4, 0x18, 0xE4, 0x18, 0xE4, 0x18, 0xE4, 0x18, 0xE4, 0x18, 0xE4, 
  0x18, 0xE4, 0x18, 0xE4, 0x18, 0xE4, 0x18, 0xE4, 0x18, 0xE4, 0x18, 0xE4, 0x18, 0xE4, 0x18, 0xE4, 
  0x18, 0xE4, 0x18, 0xE4, 0x18, 0xE4, 0x18, 0xE4, 0x18, 0xE4, 0x18, 0xE4, 0x18, 0xE4, 0x18, 0xE4, 
  0x18, 0xE4, 0x18, 0xE4, 0x18, 0xE4, 0x18, 0xE4, 0x18, 0xE4, 0x18, 0xE4, 0x18, 0xE4, 0x18, 0xE4, 
  0x18, 0xE4, 0x18, 0xE4, 0x18, 0xE4, 0x18, 0xE4, 0x18, 0xE4, 0x18, 0xE4, 0x18, 0xE4, 0x18, 0xE4, 
  0x18, 0xE4, 0x18, 0xE4, 0x18, 0xE4, 0x18, 0xE4, 0x18, 0xE4, 0x18, 0xE4, 0x18, 0xE4, 0x18, 0xE4, 
  0x18, 0xE4, 0x18, 0xE4, 0x18, 0xE4, 0x18, 0xE4, 0x18, 0xE4, 0x18, 0xE4, 0x18, 0xE4, 0x18, 0xE4, 
  0x18, 0xE4, 0x18, 0xE4, 0x18, 0xE4, 0x18, 0xE4, 0x18, 0xE4, 0x18, 0xE4, 0x18, 0xE4, 0x18, 0xE4, 
  0x18, 0xE4, 0x18, 0xE4, 0x18, 0xE4, 0x18, 0xE4, 0x18, 0xE4, 0x18, 0xE4, 0x18, 0xE4, 0x18, 0xE4, 
  0x18, 0xE4, 0x18, 0xE4, 0x18, 0xE4, 0x18, 0xE4, 0x18, 0xE4, 0x18, 0xE4, 0x18, 0xE4, 0x18, 0xE4, 
  0x18, 0xE4, 0x18, 0xE4, 0x18, 0xE4, 0x18, 0xE4, 0x18, 0xE4, 0x18, 0xE4, 0x18, 0xE4, 0x18, 0xE4, 
  0x18, 0xE4, 0x18, 0xE4, 0x18, 0xE4, 0x18, 0xE4, 0x18, 0xE4, 0x18, 0xE4, 0x18, 0xE4, 0x18, 0xE4, 
  0x18, 0xE4, 0x18, 0xE4, 0x18, 0xE4, 0x18, 0xE4, 0x18, 0xE4, 0x18, 0xE4, 0x18, 0xE4, 0x18, 0xE4, 
  0x18, 0xE4, 0x18, 0xE4, 0x18, 0xE4, 0x18, 0xE4, 0x18, 0xE4, 0x18, 0xE4, 0x18, 0xE4, 0x18, 0xE4, 
  0x18, 0xE4, 0x18, 0xE4, 0x18, 0xE4, 0x18, 0xE4, 0x18, 0xE4, 0x18, 0xE4, 0x18, 0xE4, 0x18, 0xE4, 
  0x18, 0xE4, 0x18, 0xE4, 0x18, 0xE4, 0x18, 0xE4, 0x18, 0xE4, 0x18, 0xE4, 0x18, 0xE4, 0x18, 0xE4, 
  0x18, 0xE4, 0x18, 0xE4, 0x18, 0xE4, 0x18, 0xE4, 0x18, 0xE4, 0x18, 0xE4, 0x18, 0xE4, 0x18, 0xE4, 
  0x18, 0xE4, 0x18, 0xE4, 0x18, 0xE4, 0x18, 0xE4, 0x18, 0xE4, 0x18, 0xE4, 0x18, 0xE4, 0x18, 0xE4, 
  0x18, 0xE4, 0x18, 0xE4, 0x18, 0xE4, 0x18, 0xE4, 0x18, 0xE4, 0x18, 0xE4, 0x18, 0xE4, 0x18, 0xE4, 
  0x18, 0xE4, 0x18, 0xE4, 0x18, 0xE4, 0x18, 0xE4, 0x18, 0xE4, 0x18, 0xE4, 0x18, 0xE4, 0x18, 0xE4, 
  0x18, 0xE4, 0x18, 0xE4, 0x18, 0xE4, 0x18, 0xE4, 0x18, 0xE4, 0x18, 0xE4, 0x18, 0xE4, 0x18, 0xE4, 
  0x18, 0xE4, 0x18, 0xE4, 0x18, 0xE4, 0x18, 0xE4, 0x18, 0xE4, 0x18, 0xE4, 0x18, 0xE4, 0x18, 0xE4, 
  0x18, 0xE4, 0x18, 0xE4, 0x18, 0xE4, 0x18, 0xE4, 0x18, 0xE4, 0x18, 0xE4, 0x18, 0xE4, 0x18, 0xE4, 
  0x18, 0xE4, 0x18, 0xE4, 0x18, 0xE4, 0x18, 0xE4, 0x18, 0xE4, 0x18, 0xE4, 0x18, 0xE4, 0x18, 0xE4, 
  0x18, 0xE4, 0x18, 0xE4, 0x18, 0xE4, 0x18, 0xE4, 0x18, 0xE4, 0x18, 0xE4, 0x18, 0xE4, 0x18, 0xE4, 
  0x18, 0xE4, 0x18, 0xE4, 0x18, 0xE4, 0x18, 0xE4, 0x18, 0xE4, 0x18, 0xE4, 0x18, 0xE4, 0x18, 0xE4, 
  0x18, 0xE4, 0x18, 0xE4, 0x18, 0xE4, 0x18, 0xE4, 0x18, 0xE4, 0x18, 0xE4, 0x18, 0xE4, 0x18, 0xE4, 
  0x18, 0xE4, 0x18, 0xE4, 0x18, 0xE4, 0x18, 0xE4, 0x18, 0xE4, 0x18, 0xE4, 0x18, 0xE4, 0x18, 0xE4, 
  0x18, 0xE4, 0x18, 0xE4, 0x18, 0xE4, 0x18, 0xE4, 0x18, 0xE4, 0x18, 0xE4, 0x18, 0xE4, 0x18, 0xE4, 
  0x18, 0xE4, 0x18, 0xE4, 0x18, 0xE4, 0x18, 0xE4, 0x18, 0xE4, 0x18, 0xE4, 0x18, 0xE4, 0x18, 0xE4, 
  0x18, 0xE4, 0x18, 0xE4, 0x18, 0xE4, 0x18, 0xE4, 0x18, 0xE4, 0x18, 0xE4, 0x18, 0xE4, 0x18, 0xE4, 
  0x18, 0xE4, 0x18, 0xE4, 0x18, 0xE4, 0x18, 0xE4, 0x18, 0xE4, 0x18, 0xE4, 0x18, 0xE4, 0x18, 0xE4, 
  0x18, 0xE4, 0x18, 0xE4, 0x18, 0xE4, 0x18, 0xE4, 0x18, 0xE4, 0x18, 0xE4, 0x18, 0xE4, 0x18, 0xE4, 
  0x18, 0xE4, 0x18, 0xE4, 0x18, 0xE4, 0x18, 0xE4, 0x18, 0xE4, 0x18, 0xE4, 0x18, 0xE4, 0x18, 0xE4, 
  0x18, 0xE4, 0x18, 0xE4, 0x18, 0xE4, 0x18, 0xE4, 0x18, 0xE4, 0x18, 0xE4, 0x18, 0xE4, 0x18, 0xE4, 
  0x18, 0xE4, 0x18, 0xE4, 0x18, 0xE4, 0x18, 0xE4, 0x18, 0xE4, 0x18, 0xE4, 0x18, 0xE4, 0x18, 0xE4, 
  0x18, 0xE4, 0x18, 0xE4, 0x18, 0xE4, 0x18, 0xE4, 0x18, 0xE4, 0x18, 0xE4, 0x18, 0xE4, 0x18, 0xE4, 
  0x18, 0xE4, 0x18, 0xE4, 0x18, 0xE4, 0x18, 0xE4, 0x18, 0xE4, 0x18, 0xE4, 0x18, 0xE4, 0x18, 0xE4, 
  0x18, 0xE4, 0x18, 0xE4, 0x18, 0xE4, 0x18, 0xE4, 0x18, 0xE4, 0x18, 0xE4, 0x18, 0xE4, 0x18, 0xE4, 
  0x18, 0xE4, 0x18, 0xE4, 0x18, 0xE4, 0x18, 0xE4, 0x18, 0xE4, 0x18, 0xE4, 0x18, 0xE4, 0x18, 0xE4, 
  0x18, 0xE4, 0x18, 0xE4, 0x18, 0xE4, 0x18, 0xE4, 0x18, 0xE4, 0x18, 0xE4, 0x18, 0xE4, 0x18, 0xE4, 
  0x18, 0xE4, 0x18, 0xE4, 0x18, 0xE4, 0x18, 0xE4, 0x18, 0xE4, 0x18, 0xE4, 0x18, 0xE4, 0x18, 0xE4, 
  0x18, 0xE4, 0x18, 0xE4, 0x18, 0xE4, 0x18, 0xE4, 0x18, 0xE4, 0x18, 0xE4, 0x18, 0xE4, 0x18, 0xE4, 
  0x18, 0xE4, 0x18, 0xE4, 0x18, 0xE4, 0x18, 0xE4, 0x18, 0xE4, 0x18, 0xE4, 0x18, 0xE4, 0x18, 0xE4, 
  0x18, 0xE4, 0x18, 0xE4, 0x18, 0xE4, 0x18, 0xE4, 0x18, 0xE4, 0x18, 0xE4, 0x18, 0xE4, 0x18, 0xE4, 
  0x18, 0xE4, 0x18, 0xE4, 0x18, 0xE4, 0x18, 0xE4, 0x18, 0xE4, 0x18, 0xE4, 0x18, 0xE4, 0x18, 0xE4, 
  0x18, 0xE4, 0x18, 0xE4, 0x18, 0xE4, 0x18, 0xE4, 0x18, 0xE4, 0x18, 0xE4, 0x18, 0xE4, 0x18, 0xE4, 
  0x18, 0xE4, 0x18, 0xE4, 0x18, 0xE4, 0x18, 0xE4, 0x18, 0xE4, 0x18, 0xE4, 0x18, 0xE4, 0x18, 0xE4, 
  0x18, 0xE4, 0x18, 0xE4, 0x18, 0xE4, 0x18, 0xE4, 0x18, 0xE4, 0x18, 0xE4, 0x18, 0xE4, 0x18, 0xE4, 
  0x18, 0xE4, 0x18, 0xE4, 0x18, 0xE4, 0x18, 0xE4, 0x18, 0xE4, 0x18, 0xE4, 0x18, 0xE4, 0x18, 0xE4, 
  0x18, 0xE4, 0x18, 0xE4, 0x18, 0xE4, 0x18, 0xE4, 0x18, 0xE4, 0x18, 0xE4, 0x18, 0xE4, 0x18, 0xE4, 
  0x18, 0xE4, 0x18, 0xE4, 0x18, 0xE4, 0x18, 0xE4, 0x18, 0xE4, 0x18, 0xE4, 0x18, 0xE4, 0x18, 0xE4, 
  0x18, 0xE4, 0x18, 0xE4, 0x18, 0xE4, 0x18, 0xE4, 0x18, 0xE4, 0x18, 0xE4, 0x18, 0xE4, 0x18, 0xE4, 
  0x18, 0xE4, 0x18, 0xE4, 0x18, 0xE4, 0x18, 0xE4, 0x18, 0xE4, 0x18, 0xE4, 0x18, 0xE4, 0x18, 0xE4, 
  0x18, 0xE4, 0x18, 0xE4, 0x18, 0xE4, 0x18, 0xE4, 0x18, 0xE4, 0x18, 0xE4, 0x18, 0xE4, 0x18, 0xE4, 
  0x18, 0xE4, 0x18, 0xE4, 0x18, 0xE4, 0x18, 0xE4, 0x18, 0xE4, 0x18, 0xE4, 0x18, 0xE4, 0x18, 0xE4, 
  0x18, 0xE4, 0x18, 0xE4, 0x18, 0xE4, 0x18, 0xE4, 0x18, 0xE4, 0x18, 0xE4, 0x18, 0xE4, 0x18, 0xE4, 
  0x18, 0xE4, 0x18, 0xE4, 0x18, 0xE4, 0x18, 0xE4, 0x18, 0xE4, 0x18, 0xE4, 0x18, 0xE4, 0x18, 0xE4, 
  0x18, 0xE4, 0x18, 0xE4, 0x18, 0xE4, 0x18, 0xE4, 0x18, 0xE4, 0x18, 0xE4, 0x18, 0xE4, 0x18, 0xE4, 
  0x18, 0xE4, 0x18, 0xE4, 0x18, 0xE4, 0x18, 0xE4, 0x18, 0xE4, 0x18, 0xE4, 0x18, 0xE4, 0x18, 0xE4, 
  0x18, 0xE4, 0x18, 0xE4, 0x18, 0xE4, 0x18, 0xE4, 0x18, 0xE4, 0x18, 0xE4, 0x18, 0xE4, 0x18, 0xE4, 
  0x18, 0xE4, 0x18, 0xE4, 0x18, 0xE4, 0x18, 0xE4, 0x18, 0xE4, 0x18, 0xE4, 0x18, 0xE4, 0x18, 0xE4, 
  0x18, 0xE4, 0x18, 0xE4, 0x18, 0xE4, 0x18, 0xE4, 0x18, 0xE4, 0x18, 0xE4, 0x18, 0xE4, 0x18, 0xE4, 
  0x18, 0xE5, 0x18, 0xE5, 0x18, 0xE5, 0x18, 0xE5, 0x18, 0xE5, 0x18, 0xE5, 0x18, 0xE5, 0x18, 0xE5, 
  0x18, 0xE5, 0x18, 0xE5, 0x18, 0xE5, 0x18, 0xE5, 0x18, 0xE5, 0x18, 0xE5, 0x18, 0xE5, 0x18, 0xE5, 
  0x18, 0xE5, 0x18, 0xE5, 0x18, 0xE5, 0x18, 0xE5, 0x18, 0xE5, 0x18, 0xE5, 0x18, 0xE5, 0x18, 0xE5, 
  0x18, 0xE5, 0x18, 0xE5, 0x18, 0xE5, 0x18, 0xE5, 0x18, 0xE5, 0x18, 0xE5, 0x18, 0xE5, 0x18, 0xE5, 
  0x18, 0xE5, 0x18, 0xE5, 0x18, 0xE5, 0x18, 0xE5, 0x18, 0xE5, 0x18, 0xE5, 0x18, 0xE5, 0x18, 0xE5, 
  0x18, 0xE5, 0x18, 0xE5, 0x18, 0xE5, 0x18, 0xE5, 0x18, 0xE5, 0x18, 0xE5, 0x18, 0xE5, 0x18, 0xE5, 
  0x18, 0xE5, 0x18, 0xE5, 0x18, 0xE5, 0x18, 0xE5, 0x18, 0xE5, 0x18, 0xE5, 0x18, 0xE5, 0x18, 0xE5, 
  0x18, 0xE5, 0x18, 0xE5, 0x18, 0xE5, 0x18, 0xE5, 0x18, 0xE5, 0x18, 0xE5, 0x18, 0xE5, 0x18, 0xE5, 
  0x18, 0xE5, 0x18, 0xE5, 0x18, 0xE5, 0x18, 0xE5, 0x18, 0xE5, 0x18, 0xE5, 0x18, 0xE5, 0x18, 0xE5, 
  0x18, 0xE5, 0x18, 0xE5, 0x18, 0xE5, 0x18, 0xE5, 0x18, 0xE5, 0x18, 0xE5, 0x18, 0xE5, 0x18, 0xE5, 
  0x18, 0xE5, 0x18, 0xE5, 0x18, 0xE5, 0x18, 0xE5, 0x18, 0xE5, 0x18, 0xE5, 0x18, 0xE5, 0x18, 0xE5, 
  0x18, 0xE5, 0x18, 0xE5, 0x18, 0xE5, 0x18, 0xE5, 0x18, 0xE5, 0x18, 0xE5, 0x18, 0xE5, 0x18, 0xE5, 
  0x18, 0xE5, 0x18, 0xE5, 0x18, 0xE5, 0x18, 0xE5, 0x18, 0xE5, 0x18, 0xE5, 0x18, 0xE5, 0x18, 0xE5, 
  0x18, 0xE5, 0x18, 0xE5, 0x18, 0xE5, 0x18, 0xE5, 0x18, 0xE5, 0x18, 0xE5, 0x18, 0xE5, 0x18, 0xE5, 
  0x18, 0xE5, 0x18, 0xE5, 0x18, 0xE5, 0x18, 0xE5, 0x18, 0xE5, 0x18, 0xE5, 0x18, 0xE5, 0x18, 0xE5, 
  0x18, 0xE5, 0x18, 0xE5, 0x18, 0xE5, 0x18, 0xE5, 0x18, 0xE5, 0x18, 0xE5, 0x18, 0xE5, 0x18, 0xE5, 
  0x18, 0xE5, 0x18, 0xE5, 0x18, 0xE5, 0x18, 0xE5, 0x18, 0xE5, 0x18, 0xE5, 0x18, 0xE5, 0x18, 0xE5, 
  0x18, 0xE5, 0x18, 0xE5, 0x18, 0xE5, 0x18, 0xE5, 0x18, 0xE5, 0x18, 0xE5, 0x18, 0xE5, 0x18, 0xE5, 
  0x18, 0xE5, 0x18, 0xE5, 0x18, 0xE5, 0x18, 0xE5, 0x18, 0xE5, 0x18, 0xE5, 0x18, 0xE5, 0x18, 0xE5, 
  0x18, 0xE5, 0x18, 0xE5, 0x18, 0xE5, 0x18, 0xE5, 0x18, 0xE5, 0x18, 0xE5, 0x18, 0xE5, 0x18, 0xE5, 
  0x18, 0xE5, 0x18, 0xE5, 0x18, 0xE5, 0x18, 0xE5, 0x18, 0xE5, 0x18, 0xE5, 0x18, 0xE5, 0x18, 0xE5, 
  0x18, 0xE5, 0x18, 0xE5, 0x18, 0xE5, 0x18, 0xE5, 0x18, 0xE5, 0x18, 0xE5, 0x18, 0xE5, 0x18, 0xE5, 
  0x18, 0xE5, 0x18, 0xE5, 0x18, 0xE5, 0x18, 0xE5, 0x18, 0xE5, 0x18, 0xE5, 0x18, 0xE5, 0x18, 0xE5, 
  0x18, 0xE5, 0x18, 0xE5, 0x18, 0xE5, 0x18, 0xE5, 0x18, 0xE5, 0x18, 0xE5, 0x18, 0xE5, 0x18, 0xE5, 
  0x18, 0xE5, 0x18, 0xE5, 0x18, 0xE5, 0x18, 0xE5, 0x18, 0xE5, 0x18, 0xE5, 0x18, 0xE5, 0x18, 0xE5, 
  0x18, 0xE5, 0x18, 0xE5, 0x18, 0xE5, 0x18, 0xE5, 0x18, 0xE5, 0x18, 0xE5, 0x18, 0xE5, 0x18, 0xE5, 
  0x18, 0xE5, 0x18, 0xE5, 0x18, 0xE5, 0x18, 0xE5, 0x18, 0xE5, 0x18, 0xE5, 0x18, 0xE5, 0x18, 0xE5, 
  0x18, 0xE5, 0x18, 0xE5, 0x18, 0xE5, 0x18, 0xE5, 0x18, 0xE5, 0x18, 0xE5, 0x18, 0xE5, 0x18, 0xE5, 
  0x18, 0xE5, 0x18, 0xE5, 0x18, 0xE5, 0x18, 0xE5, 0x18, 0xE5, 0x18, 0xE5, 0x18, 0xE5, 0x18, 0xE5, 
  0x18, 0xE5, 0x18, 0xE5, 0x18, 0xE5, 0x18, 0xE5, 0x18, 0xE5, 0x18, 0xE5, 0x18, 0xE5, 0x18, 0xE5, 
  0x18, 0xE5, 0x18, 0xE5, 0x18, 0xE5, 0x18, 0xE5, 0x18, 0xE5, 0x18, 0xE5, 0x18, 0xE5, 0x18, 0xE5, 
  0x18, 0xE5, 0x18, 0xE5, 0x18, 0xE5, 0x18, 0xE5, 0x18, 0xE5, 0x18, 0xE5, 0x18, 0xE5, 0x18, 0xE5, 
  0x18, 0xE5, 0x18, 0xE5, 0x18, 0xE5, 0x18, 0xE5, 0x18, 0xE5, 0x18, 0xE5, 0x18, 0xE5, 0x18, 0xE5, 
  0x18, 0xE5, 0x18, 0xE5, 0x18, 0xE5, 0x18, 0xE5, 0x18, 0xE5, 0x18, 0xE5, 0x18, 0xE5, 0x18, 0xE5, 
  0x18, 0xE5, 0x18, 0xE5, 0x18, 0xE5, 0x18, 0xE5, 0x18, 0xE5, 0x18, 0xE5, 0x18, 0xE5, 0x18, 0xE5, 
  0x18, 0xE5, 0x18, 0xE5, 0x18, 0xE5, 0x18, 0xE5, 0x18, 0xE5, 0x18, 0xE5, 0x18, 0xE5, 0x18, 0xE5, 
  0x18, 0xE5, 0x18, 0xE5, 0x18, 0xE5, 0x18, 0xE5, 0x18, 0xE5, 0x18, 0xE5, 0x18, 0xE5, 0x18, 0xE5, 
  0x18, 0xE5, 0x18, 0xE5, 0x18, 0xE5, 0x18, 0xE5, 0x18, 0xE5, 0x18, 0xE5, 0x18, 0xE5, 0x18, 0xE5, 
  0x18, 0xE5, 0x18, 0xE5, 0x18, 0xE5, 0x18, 0xE5, 0x18, 0xE5, 0x18, 0xE5, 0x18, 0xE5, 0x18, 0xE5, 
  0x18, 0xE5, 0x18, 0xE5, 0x18, 0xE5, 0x18, 0xE5, 0x18, 0xE5, 0x18, 0xE5, 0x18, 0xE5, 0x18, 0xE5, 
  0x18, 0xE5, 0x18, 0xE5, 0x18, 0xE5, 0x18, 0xE5, 0x18, 0xE5, 0x18, 0xE5, 0x18, 0xE5, 0x18, 0xE5, 
  0x18, 0xE5, 0x18, 0xE5, 0x18, 0xE5, 0x18, 0xE5, 0x18, 0xE5, 0x18, 0xE5, 0x18, 0xE5, 0x18, 0xE5, 
  0x18, 0xE5, 0x18, 0xE5, 0x18, 0xE5, 0x18, 0xE5, 0x18, 0xE5, 0x18, 0xE5, 0x18, 0xE5, 0x18, 0xE5, 
  0x18, 0xE5, 0x18, 0xE5, 0x18, 0xE5, 0x18, 0xE5, 0x18, 0xE5, 0x18, 0xE5, 0x18, 0xE5, 0x18, 0xE5, 
  0x18, 0xE5, 0x18, 0xE5, 0x18, 0xE5, 0x18, 0xE5, 0x18, 0xE5, 0x18, 0xE5, 0x18, 0xE5, 0x18, 0xE5, 
  0x18, 0xE5, 0x18, 0xE5, 0x18, 0xE5, 0x18, 0xE5, 0x18, 0xE5, 0x18, 0xE5, 0x18, 0xE5, 0x18, 0xE5, 
  0x18, 0xE5, 0x18, 0xE5, 0x18, 0xE5, 0x18, 0xE5, 0x18, 0xE5, 0x18, 0xE5, 0x18, 0xE5, 0x18, 0xE5, 
  0x18, 0xE5, 0x18, 0xE5, 0x18, 0xE5, 0x18, 0xE5, 0x18, 0xE5, 0x18, 0xE5, 0x18, 0xE5, 0x18, 0xE5, 
  0x18, 0xE5, 0x18, 0xE5, 0x18, 0xE5, 0x18, 0xE5, 0x18, 0xE5, 0x18, 0xE5, 0x18, 0xE5, 0x18, 0xE5, 
  0x18, 0xE5, 0x18, 0xE5, 0x18, 0xE5, 0x18, 0xE5, 0x18, 0xE5, 0x18, 0xE5, 0x18, 0xE5, 0x18, 0xE5, 
  0x18, 0xE5, 0x18, 0xE5, 0x18, 0xE5, 0x18, 0xE5, 0x18, 0xE5, 0x18, 0xE5, 0x18, 0xE5, 0x18, 0xE5, 
  0x18, 0xE5, 0x18, 0xE5, 0x18, 0xE5, 0x18, 0xE5, 0x18, 0xE5, 0x18, 0xE5, 0x18, 0xE5, 0x18, 0xE5, 
  0x18, 0xE5, 0x18, 0xE5, 0x18, 0xE5, 0x18, 0xE5, 0x18, 0xE5, 0x18, 0xE5, 0x18, 0xE5, 0x18, 0xE5, 
  0x18, 0xE5, 0x18, 0xE5, 0x18, 0xE5, 0x18, 0xE5, 0x18, 0xE5, 0x18, 0xE5, 0x18, 0xE5, 0x18, 0xE5, 
  0x18, 0xE5, 0x18, 0xE5, 0x18, 0xE5, 0x18, 0xE5, 0x18, 0xE5, 0x18, 0xE5, 0x18, 0xE5, 0x18, 0xE5, 
  0x18, 0xE5, 0x18, 0xE5, 0x18, 0xE5, 0x18, 0xE5, 0x18, 0xE5, 0x18, 0xE5, 0x18, 0xE5, 0x18, 0xE5, 
  0x18, 0xE5, 0x18, 0xE5, 0x18, 0xE5, 0x18, 0xE5, 0x18, 0xE5, 0x18, 0xE5, 0x18, 0xE5, 0x18, 0xE5, 
  0x18, 0xE5, 0x18, 0xE5, 0x18, 0xE5, 0x18, 0xE5, 0x18, 0xE5, 0x18, 0xE5, 0x18, 0xE5, 0x18, 0xE5, 
  0x18, 0xE5, 0x18, 0xE5, 0x18, 0xE5, 0x18, 0xE5, 0x18, 0xE5, 0x18, 0xE5, 0x18, 0xE5, 0x18, 0xE5, 
  0x18, 0xE5, 0x18, 0xE5, 0x18, 0xE5, 0x18, 0xE5, 0x18, 0xE5, 0x18, 0xE5, 0x18, 0xE5, 0x18, 0xE5, 
  0x18, 0xE5, 0x18, 0xE5, 0x18, 0xE5, 0x18, 0xE5, 0x18, 0xE5, 0x18, 0xE5, 0x18, 0xE5, 0x18, 0xE5, 
  0x18, 0xE5, 0x18, 0xE5, 0x18, 0xE5, 0x18, 0xE5, 0x18, 0xE5, 0x18, 0xE5, 0x18, 0xE5, 0x18, 0xE5, 
  0x18, 0xE5, 0x18, 0xE5, 0x18, 0xE5, 0x18, 0xE5, 0x18, 0xE5, 0x18, 0xE5, 0x18, 0xE5, 0x18, 0xE5, 
  0x18, 0xE5, 0x18, 0xE5, 0x18, 0xE5, 0x18, 0xE5, 0x18, 0xE5, 0x18, 0xE5, 0x18, 0xE5, 0x18, 0xE5, 
  0x18, 0xE5, 0x18, 0xE5, 0x18, 0xE5, 0x18, 0xE5, 0x18, 0xE5, 0x18, 0xE5, 0x18, 0xE5, 0x18, 0xE5, 
  0x18, 0xE5, 0x18, 0xE5, 0x18, 0xE5, 0x18, 0xE5, 0x18, 0xE5, 0x18, 0xE5, 0x18, 0xE5, 0x18, 0xE5, 
  0x18, 0xE5, 0x18, 0xE5, 0x18, 0xE5, 0x18, 0xE5, 0x18, 0xE5, 0x18, 0xE5, 0x18, 0xE5, 0x18, 0xE5, 
  0x18, 0xE5, 0x18, 0xE5, 0x18, 0xE5, 0x18, 0xE5, 0x18, 0xE5, 0x18, 0xE5, 0x18, 0xE5, 0x18, 0xE5, 
  0x18, 0xE5, 0x18, 0xE5, 0x18, 0xE5, 0x18, 0xE5, 0x18, 0xE5, 0x18, 0xE5, 0x18, 0xE5, 0x18, 0xE5, 
  0x18, 0xE5, 0x18, 0xE5, 0x18, 0xE5, 0x18, 0xE5, 0x18, 0xE5, 0x18, 0xE5, 0x18, 0xE5, 0x18, 0xE5, 
  0x18, 0xE5, 0x18, 0xE5, 0x18, 0xE5, 0x18, 0xE5, 0x18, 0xE5, 0x18, 0xE5, 0x18, 0xE5, 0x18, 0xE5, 
  0x18, 0xE5, 0x18, 0xE5, 0x18, 0xE5, 0x18, 0xE5, 0x18, 0xE5, 0x18, 0xE5, 0x18, 0xE5, 0x18, 0xE5, 
  0x18, 0xE5, 0x18, 0xE5, 0x18, 0xE5, 0x18, 0xE5, 0x18, 0xE5, 0x18, 0xE5, 0x18, 0xE5, 0x18, 0xE5, 
  0x18, 0xE5, 0x18, 0xE5, 0x18, 0xE5, 0x18, 0xE5, 0x18, 0xE5, 0x18, 0xE5, 0x18, 0xE5, 0x18, 0xE5, 
  0x18, 0xE5, 0x18, 0xE5, 0x18, 0xE5, 0x18, 0xE5, 0x18, 0xE5, 0x18, 0xE5, 0x18, 0xE5, 0x18, 0xE5, 
  0x18, 0xE5, 0x18, 0xE5, 0x18, 0xE5, 0x18, 0xE5, 0x18, 0xE5, 0x18, 0xE5, 0x18, 0xE5, 0x18, 0xE5, 
  0x18, 0xE5, 0x18, 0xE5, 0x18, 0xE5, 0x18, 0xE5, 0x18, 0xE5, 0x18, 0xE5, 0x18, 0xE5, 0x18, 0xE5, 
  0x18, 0xE5, 0x18, 0xE5, 0x18, 0xE5, 0x18, 0xE5, 0x18, 0xE5, 0x18, 0xE5, 0x18, 0xE5, 0x18, 0xE5, 
  0x18, 0xE5, 0x18, 0xE5, 0x18, 0xE5, 0x18, 0xE5, 0x18, 0xE5, 0x18, 0xE5, 0x18, 0xE5, 0x18, 0xE5, 
  0x18, 0xE5, 0x18, 0xE5, 0x18, 0xE5, 0x18, 0xE5, 0x18, 0xE5, 0x18, 0xE5, 0x18, 0xE5, 0x18, 0xE5, 
  0x18, 0xE5, 0x18, 0xE5, 0x18, 0xE5, 0x18, 0xE5, 0x18, 0xE5, 0x18, 0xE5, 0x18, 0xE5, 0x18, 0xE5, 
  0x18, 0xE5, 0x18, 0xE5, 0x18, 0xE5, 0x18, 0xE5, 0x18, 0xE5, 0x18, 0xE5, 0x18, 0xE5, 0x18, 0xE5, 
  0x18, 0xE5, 0x18, 0xE5, 0x18, 0xE5, 0x18, 0xE5, 0x18, 0xE5, 0x18, 0xE5, 0x18, 0xE5, 0x18, 0xE5, 
  0x18, 0xE5, 0x18, 0xE5, 0x18, 0xE5, 0x18, 0xE5, 0x18, 0xE5, 0x18, 0xE5, 0x18, 0xE5, 0x18, 0xE5, 
  0x18, 0xE5, 0x18, 0xE5, 0x18, 0xE5, 0x18, 0xE5, 0x18, 0xE5, 0x18, 0xE5, 0x18, 0xE5, 0x18, 0xE5, 
  0x18, 0xE5, 0x18, 0xE5, 0x18, 0xE5, 0x18, 0xE5, 0x18, 0xE5, 0x18, 0xE5, 0x18, 0xE5, 0x18, 0xE5, 
  0x18, 0xE5, 0x18, 0xE5, 0x18, 0xE5, 0x18, 0xE5, 0x18, 0xE5, 0x18, 0xE5, 0x18, 0xE5, 0x18, 0xE5, 
  0x18, 0xE5, 0x18, 0xE5, 0x18, 0xE5, 0x18, 0xE5, 0x18, 0xE5, 0x18, 0xE5, 0x18, 0xE5, 0x18, 0xE5, 
  0x18, 0xE5, 0x18, 0xE5, 0x18, 0xE5, 0x18, 0xE5, 0x18, 0xE5, 0x18, 0xE5, 0x18, 0xE5, 0x18, 0xE5, 
  0x18, 0xE5, 0x18, 0xE5, 0x18, 0xE5, 0x18, 0xE5, 0x18, 0xE5, 0x18, 0xE5, 0x18, 0xE5, 0x18, 0xE5, 
  0x18, 0xE5, 0x18, 0xE5, 0x18, 0xE5, 0x18, 0xE5, 0x18, 0xE5, 0x18, 0xE5, 0x18, 0xE5, 0x18, 0xE5, 
  0x18, 0xE5, 0x18, 0xE5, 0x18, 0xE5, 0x18, 0xE5, 0x18, 0xE5, 0x18, 0xE5, 0x18, 0xE5, 0x18, 0xE5, 
  0x18, 0xE5, 0x18, 0xE5, 0x18, 0xE5, 0x18, 0xE5, 0x18, 0xE5, 0x18, 0xE5, 0x18, 0xE5, 0x18, 0xE5, 
  0x18, 0xE5, 0x18, 0xE5, 0x18, 0xE5, 0x18, 0xE5, 0x18, 0xE5, 0x18, 0xE5, 0x18, 0xE5, 0x18, 0xE5, 
  0x18, 0xE5, 0x18, 0xE5, 0x18, 0xE5, 0x18, 0xE5, 0x18, 0xE5, 0x18, 0xE5, 0x18, 0xE5, 0x18, 0xE5, 
  0x18, 0xE5, 0x18, 0xE5, 0x18, 0xE5, 0x18, 0xE5, 0x18, 0xE5, 0x18, 0xE5, 0x18, 0xE5, 0x18, 0xE5, 
  0x18, 0xE5, 0x18, 0xE5, 0x18, 0xE5, 0x18, 0xE5, 0x18, 0xE5, 0x18, 0xE5, 0x18, 0xE5, 0x18, 0xE5, 
  0x18, 0xE5, 0x18, 0xE5, 0x18, 0xE5, 0x18, 0xE5, 0x18, 0xE5, 0x18, 0xE5, 0x18, 0xE5, 0x18, 0xE5, 
  0x18, 0xE5, 0x18, 0xE5, 0x18, 0xE5, 0x18, 0xE5, 0x18, 0xE5, 0x18, 0xE5, 0x18, 0xE5, 0x18, 0xE5, 
  0x18, 0xE5, 0x18, 0xE5, 0x18, 0xE5, 0x18, 0xE5, 0x18, 0xE5, 0x18, 0xE5, 0x18, 0xE5, 0x18, 0xE5, 
  0x18, 0xE5, 0x18, 0xE5, 0x18, 0xE5, 0x18, 0xE5, 0x18, 0xE5, 0x18, 0xE5, 0x18, 0xE5, 0x18, 0xE5, 
  0x18, 0xE5, 0x18, 0xE5, 0x18, 0xE5, 0x18, 0xE5, 0x18, 0xE5, 0x18, 0xE5, 0x18, 0xE5, 0x18, 0xE5, 
  0x18, 0xE5, 0x18, 0xE5, 0x18, 0xE5, 0x18, 0xE5, 0x18, 0xE5, 0x18, 0xE5, 0x18, 0xE5, 0x18, 0xE5, 
  0x18, 0xE5, 0x18, 0xE5, 0x18, 0xE5, 0x18, 0xE5, 0x18, 0xE5, 0x18, 0xE5, 0x18, 0xE5, 0x18, 0xE5, 
  0x18, 0xE5, 0x18, 0xE5, 0x18, 0xE5, 0x18, 0xE5, 0x18, 0xE5, 0x18, 0xE5, 0x18, 0xE5, 0x18, 0xE5, 
  0x18, 0xE5, 0x18, 0xE5, 0x18, 0xE5, 0x18, 0xE5, 0x18, 0xE5, 0x18, 0xE5, 0x18, 0xE5, 0x18, 0xE5, 
  0x18, 0xE5, 0x18, 0xE5, 0x18, 0xE5, 0x18, 0xE5, 0x18, 0xE5, 0x18, 0xE5, 0x18, 0xE5, 0x18, 0xE5, 
  0x18, 0xE5, 0x18, 0xE5, 0x18, 0xE5, 0x18, 0xE5, 0x18, 0xE5, 0x18, 0xE5, 0x18, 0xE5, 0x18, 0xE5, 
  0x18, 0xE5, 0x18, 0xE5, 0x18, 0xE5, 0x18, 0xE5, 0x18, 0xE5, 0x18, 0xE5, 0x18, 0xE5, 0x18, 0xE5, 
  0x18, 0xE5, 0x18, 0xE5, 0x18, 0xE5, 0x18, 0xE5, 0x18, 0xE5, 0x18, 0xE5, 0x18, 0xE5, 0x18, 0xE5, 
  0x18, 0xE5, 0x18, 0xE5, 0x18, 0xE5, 0x18, 0xE5, 0x18, 0xE5, 0x18, 0xE5, 0x18, 0xE5, 0x18, 0xE5, 
  0x18, 0xE5, 0x18, 0xE5, 0x18, 0xE5, 0x18, 0xE5, 0x18, 0xE5, 0x18, 0xE5, 0x18, 0xE5, 0x18, 0xE5, 
  0x18, 0xE5, 0x18, 0xE5, 0x18, 0xE5, 0x18, 0xE5, 0x18, 0xE5, 0x18, 0xE5, 0x18, 0xE5, 0x18, 0xE5, 
  0x18, 0xE5, 0x18, 0xE5, 0x18, 0xE5, 0x18, 0xE5, 0x18, 0xE5, 0x18, 0xE5, 0x18, 0xE5, 0x18, 0xE5, 
  0x18, 0xE5, 0x18, 0xE5, 0x18, 0xE5, 0x18, 0xE5, 0x18, 0xE5, 0x18, 0xE5, 0x18, 0xE5, 0x18, 0xE5, 
  0x18, 0xE5, 0x18, 0xE5, 0x18, 0xE5, 0x18, 0xE5, 0x18, 0xE5, 0x18, 0xE5, 0x18, 0xE5, 0x18, 0xE5, 
  0x18, 0xE5, 0x18, 0xE5, 0x18, 0xE5, 0x18, 0xE5, 0x18, 0xE5, 0x18, 0xE5, 0x18, 0xE5, 0x18, 0xE5, 
  0x18, 0xE5, 0x18, 0xE5, 0x18, 0xE5, 0x18, 0xE5, 0x18, 0xE5, 0x18, 0xE5, 0x18, 0xE5, 0x18, 0xE5, 
  0x18, 0xE5, 0x18, 0xE5, 0x18, 0xE5, 0x18, 0xE5, 0x18, 0xE5, 0x18, 0xE5, 0x18, 0xE5, 0x18, 0xE5, 
  0x18, 0xE5, 0x18, 0xE5, 0x18, 0xE5, 0x18, 0xE5, 0x18, 0xE5, 0x18, 0xE5, 0x18, 0xE5, 0x18, 0xE5, 
  0x18, 0xE5, 0x18, 0xE5, 0x18, 0xE5, 0x18, 0xE5, 0x18, 0xE5, 0x18, 0xE5, 0x18, 0xE5, 0x18, 0xE5, 
  0x18, 0xE5, 0x18, 0xE5, 0x18, 0xE5, 0x18, 0xE5, 0x18, 0xE5, 0x18, 0xE5, 0x18, 0xE5, 0x18, 0xE5, 
  0x18, 0xE5, 0x18, 0xE5, 0x18, 0xE5, 0x18, 0xE5, 0x18, 0xE5, 0x18, 0xE5, 0x18, 0xE5, 0x18, 0xE5, 
  0x18, 0xE5, 0x18, 0xE5, 0x18, 0xE5, 0x18, 0xE5, 0x18, 0xE5, 0x18, 0xE5, 0x18, 0xE5, 0x18, 0xE5, 
  0x18, 0xE5, 0x18, 0xE5, 0x18, 0xE5, 0x18, 0xE5, 0x18, 0xE5, 0x18, 0xE5, 0x18, 0xE5, 0x18, 0xE5, 
  0x18, 0xE5, 0x18, 0xE5, 0x18, 0xE5, 0x18, 0xE5, 0x18, 0xE5, 0x18, 0xE5, 0x18, 0xE5, 0x18, 0xE5, 
  0x18, 0xE5, 0x18, 0xE5, 0x18, 0xE5, 0x18, 0xE5, 0x18, 0xE5, 0x18, 0xE5, 0x18, 0xE5, 0x18, 0xE5, 
  0x18, 0xE5, 0x18, 0xE5, 0x18, 0xE5, 0x18, 0xE5, 0x18, 0xE5, 0x18, 0xE5, 0x18, 0xE5, 0x18, 0xE5, 
  0x18, 0xE5, 0x18, 0xE5, 0x18, 0xE5, 0x18, 0xE5, 0x18, 0xE5, 0x18, 0xE5, 0x18, 0xE5, 0x18, 0xE5, 
  0x18, 0xE5, 0x18, 0xE5, 0x18, 0xE5, 0x18, 0xE5, 0x18, 0xE5, 0x18, 0xE5, 0x18, 0xE5, 0x18, 0xE5, 
  0x18, 0xE5, 0x18, 0xE5, 0x18, 0xE5, 0x18, 0xE5, 0x18, 0xE5, 0x18, 0xE5, 0x18, 0xE5, 0x18, 0xE5, 
  0x18, 0xE5, 0x18, 0xE5, 0x18, 0xE5, 0x18, 0xE5, 0x18, 0xE5, 0x18, 0xE5, 0x18, 0xE5, 0x18, 0xE5, 
  0x18, 0xE5, 0x18, 0xE5, 0x18, 0xE5, 0x18, 0xE5, 0x18, 0xE5, 0x18, 0xE5, 0x18, 0xE5, 0x18, 0xE5, 
  0x18, 0xE5, 0x18, 0xE5, 0x18, 0xE5, 0x18, 0xE5, 0x18, 0xE5, 0x18, 0xE5, 0x18, 0xE5, 0x18, 0xE5, 
  0x18, 0xE5, 0x18, 0xE5, 0x18, 0xE5, 0x18, 0xE5, 0x18, 0xE5, 0x18, 0xE5, 0x18, 0xE5, 0x18, 0xE5, 
  0x18, 0xE5, 0x18, 0xE5, 0x18, 0xE5, 0x18, 0xE5, 0x18, 0xE5, 0x18, 0xE5, 0x18, 0xE5, 0x18, 0xE5, 
  0x18, 0xE5, 0x18, 0xE5, 0x18, 0xE5, 0x18, 0xE5, 0x18, 0xE5, 0x18, 0xE5, 0x18, 0xE5, 0x18, 0xE5, 
  0x18, 0xE5, 0x18, 0xE5, 0x18, 0xE5, 0x18, 0xE5, 0x18, 0xE5, 0x18, 0xE5, 0x18, 0xE5, 0x18, 0xE5, 
  0x18, 0xE5, 0x18, 0xE5, 0x18, 0xE5, 0x18, 0xE5, 0x18, 0xE5, 0x18, 0xE5, 0x18, 0xE5, 0x18, 0xE5, 
  0x18, 0xE5, 0x18, 0xE5, 0x18, 0xE5, 0x18, 0xE5, 0x18, 0xE5, 0x18, 0xE5, 0x18, 0xE5, 0x18, 0xE5, 
  0x18, 0xE5, 0x18, 0xE5, 0x18, 0xE5, 0x18, 0xE5, 0x18, 0xE5, 0x18, 0xE5, 0x18, 0xE5, 0x18, 0xE5, 
  0x18, 0xE5, 0x18, 0xE5, 0x18, 0xE5, 0x18, 0xE5, 0x18, 0xE5, 0x18, 0xE5, 0x18, 0xE5, 0x18, 0xE5, 
  0x18, 0xE5, 0x18, 0xE5, 0x18, 0xE5, 0x18, 0xE5, 0x18, 0xE5, 0x18, 0xE5, 0x18, 0xE5, 0x18, 0xE5, 
  0x18, 0xE5, 0x18, 0xE5, 0x18, 0xE5, 0x18, 0xE5, 0x18, 0xE5, 0x18, 0xE5, 0x18, 0xE5, 0x18, 0xE5, 
  0x18, 0xE5, 0x18, 0xE5, 0x18, 0xE5, 0x18, 0xE5, 0x18, 0xE5, 0x18, 0xE5, 0x18, 0xE5, 0x18, 0xE5, 
  0x18, 0xE5, 0x18, 0xE5, 0x18, 0xE5, 0x18, 0xE5, 0x18, 0xE5, 0x18, 0xE5, 0x18, 0xE5, 0x18, 0xE5, 
  0x18, 0xE5, 0x18, 0xE5, 0x18, 0xE5, 0x18, 0xE5, 0x18, 0xE5, 0x18, 0xE5, 0x18, 0xE5, 0x18, 0xE5, 
  0x18, 0xE5, 0x18, 0xE5, 0x18, 0xE5, 0x18, 0xE5, 0x18, 0xE5, 0x18, 0xE5, 0x18, 0xE5, 0x18, 0xE5, 
  0x18, 0xE5, 0x18, 0xE5, 0x18, 0xE5, 0x18, 0xE5, 0x18, 0xE5, 0x18, 0xE5, 0x18, 0xE5, 0x18, 0xE5, 
  0x18, 0xE5, 0x18, 0xE5, 0x18, 0xE5, 0x18, 0xE5, 0x18, 0xE5, 0x18, 0xE5, 0x18, 0xE5, 0x18, 0xE5, 
  0x18, 0xE5, 0x18, 0xE5, 0x18, 0xE5, 0x18, 0xE5, 0x18, 0xE5, 0x18, 0xE5, 0x18, 0xE5, 0x18, 0xE5, 
  0x18, 0xE5, 0x18, 0xE5, 0x18, 0xE5, 0x18, 0xE5, 0x18, 0xE5, 0x18, 0xE5, 0x18, 0xE5, 0x18, 0xE5, 
  0x18, 0xE5, 0x18, 0xE5, 0x18, 0xE5, 0x18, 0xE5, 0x18, 0xE5, 0x18, 0xE5, 0x18, 0xE5, 0x18, 0xE5, 
  0x18, 0xE5, 0x18, 0xE5, 0x18, 0xE5, 0x18, 0xE5, 0x18, 0xE5, 0x18, 0xE5, 0x18, 0xE5, 0x18, 0xE5, 
  0x18, 0xE5, 0x18, 0xE5, 0x18, 0xE5, 0x18, 0xE5, 0x18, 0xE5, 0x18, 0xE5, 0x18, 0xE5, 0x18, 0xE5, 
  0x18, 0xE5, 0x18, 0xE5, 0x18, 0xE5, 0x18, 0xE5, 0x18, 0xE5, 0x18, 0xE5, 0x18, 0xE5, 0x18, 0xE5, 
  0x18, 0xE5, 0x18, 0xE5, 0x18, 0xE5, 0x18, 0xE5, 0x18, 0xE5, 0x18, 0xE5, 0x18, 0xE5, 0x18, 0xE5, 
  0x18, 0xE5, 0x18, 0xE5, 0x18, 0xE5, 0x18, 0xE5, 0x18, 0xE5, 0x18, 0xE5, 0x18, 0xE5, 0x18, 0xE5, 
  0x18, 0xE5, 0x18, 0xE5, 0x18, 0xE5, 0x18, 0xE5, 0x18, 0xE5, 0x18, 0xE5, 0x18, 0xE5, 0x18, 0xE5, 
  0x18, 0xE5, 0x18, 0xE5, 0x18, 0xE5, 0x18, 0xE5, 0x18, 0xE5, 0x18, 0xE5, 0x18, 0xE5, 0x18, 0xE5, 
  0x18, 0xE5, 0x18, 0xE5, 0x18, 0xE5, 0x18, 0xE5, 0x18, 0xE5, 0x18, 0xE5, 0x18, 0xE5, 0x18, 0xE5, 
  0x18, 0xE5, 0x18, 0xE5, 0x18, 0xE5, 0x18, 0xE5, 0x18, 0xE5, 0x18, 0xE5, 0x18, 0xE5, 0x18, 0xE5, 
  0x18, 0xE5, 0x18, 0xE5, 0x18, 0xE5, 0x18, 0xE5, 0x18, 0xE5, 0x18, 0xE5, 0x18, 0xE5, 0x18, 0xE5, 
  0x18, 0xE5, 0x18, 0xE5, 0x18, 0xE5, 0x18, 0xE5, 0x18, 0xE5, 0x18, 0xE5, 0x18, 0xE5, 0x18, 0xE5, 
  0x18, 0xE5, 0x18, 0xE5, 0x18, 0xE5, 0x18, 0xE5, 0x18, 0xE5, 0x18, 0xE5, 0x18, 0xE5, 0x18, 0xE5, 
  0x18, 0xE5, 0x18, 0xE5, 0x18, 0xE5, 0x18, 0xE5, 0x18, 0xE5, 0x18, 0xE5, 0x18, 0xE5, 0x18, 0xE5, 
  0x18, 0xE5, 0x18, 0xE5, 0x18, 0xE5, 0x18, 0xE5, 0x18, 0xE5, 0x18, 0xE5, 0x18, 0xE5, 0x18, 0xE5, 
  0x18, 0xE5, 0x18, 0xE5, 0x18, 0xE5, 0x18, 0xE5, 0x18, 0xE5, 0x18, 0xE5, 0x18, 0xE5, 0x18, 0xE5, 
  0x18, 0xE5, 0x18, 0xE5, 0x18, 0xE5, 0x18, 0xE5, 0x18, 0xE5, 0x18, 0xE5, 0x18, 0xE5, 0x18, 0xE5, 
  0x18, 0xE5, 0x18, 0xE5, 0x18, 0xE5, 0x18, 0xE5, 0x18, 0xE5, 0x18, 0xE5, 0x18, 0xE5, 0x18, 0xE5, 
  0x18, 0xE5, 0x18, 0xE5, 0x18, 0xE5, 0x18, 0xE5, 0x18, 0xE5, 0x18, 0xE5, 0x18, 0xE5, 0x18, 0xE5, 
  0x18, 0xE5, 0x18, 0xE5, 0x18, 0xE5, 0x18, 0xE5, 0x18, 0xE5, 0x18, 0xE5, 0x18, 0xE5, 0x18, 0xE5, 
  0x18, 0xE5, 0x18, 0xE5, 0x18, 0xE5, 0x18, 0xE5, 0x18, 0xE5, 0x18, 0xE5, 0x18, 0xE5, 0x18, 0xE5, 
  0x18, 0xE5, 0x18, 0xE5, 0x18, 0xE5, 0x18, 0xE5, 0x18, 0xE5, 0x18, 0xE5, 0x18, 0xE5, 0x18, 0xE5, 
  0x18, 0xE5, 0x18, 0xE5, 0x18, 0xE5, 0x18, 0xE5, 0x18, 0xE5, 0x18, 0xE5, 0x18, 0xE5, 0x18, 0xE5, 
  0x18, 0xE5, 0x18, 0xE5, 0x18, 0xE5, 0x18, 0xE5, 0x18, 0xE5, 0x18, 0xE5, 0x18, 0xE5, 0x18, 0xE5, 
  0x18, 0xE5, 0x18, 0xE5, 0x18, 0xE5, 0x18, 0xE5, 0x18, 0xE5, 0x18, 0xE5, 0x18, 0xE5, 0x18, 0xE5, 
  0x18, 0xE5, 0x18, 0xE5, 0x18, 0xE5, 0x18, 0xE5, 0x18, 0xE5, 0x18, 0xE5, 0x18, 0xE5, 0x18, 0xE5, 
  0x18, 0xE5, 0x18, 0xE5, 0x18, 0xE5, 0x18, 0xE5, 0x18, 0xE5, 0x18, 0xE5, 0x18, 0xE5, 0x18, 0xE5, 
  0x18, 0xE5, 0x18, 0xE5, 0x18, 0xE5, 0x18, 0xE5, 0x18, 0xE5, 0x18, 0xE5, 0x18, 0xE5, 0x18, 0xE5, 
  0x18, 0xE5, 0x18, 0xE5, 0x18, 0xE5, 0x18, 0xE5, 0x18, 0xE5, 0x18, 0xE5, 0x18, 0xE5, 0x18, 0xE5, 
  0x18, 0xE5, 0x18, 0xE5, 0x18, 0xE5, 0x18, 0xE5, 0x18, 0xE5, 0x18, 0xE5, 0x18, 0xE5, 0x18, 0xE5, 
  0x18, 0xE5, 0x18, 0xE5, 0x18, 0xE5, 0x18, 0xE5, 0x18, 0xE5, 0x18, 0xE5, 0x18, 0xE5, 0x18, 0xE5, 
  0x18, 0xE5, 0x18, 0xE5, 0x18, 0xE5, 0x18, 0xE5, 0x18, 0xE5, 0x18, 0xE5, 0x18, 0xE5, 0x18, 0xE5, 
  0x18, 0xE5, 0x18, 0xE5, 0x18, 0xE5, 0x18, 0xE5, 0x18, 0xE5, 0x18, 0xE5, 0x18, 0xE5, 0x18, 0xE5, 
  0x18, 0xE5, 0x18, 0xE5, 0x18, 0xE5, 0x18, 0xE5, 0x18, 0xE5, 0x18, 0xE5, 0x18, 0xE5, 0x18, 0xE5, 
  0x18, 0xE5, 0x18, 0xE5, 0x18, 0xE5, 0x18, 0xE5, 0x18, 0xE5, 0x18, 0xE5, 0x18, 0xE5, 0x18, 0xE5, 
  0x18, 0xE5, 0x18, 0xE5, 0x18, 0xE5, 0x18, 0xE5, 0x18, 0xE5, 0x18, 0xE5, 0x18, 0xE5, 0x18, 0xE5, 
  0x18, 0xE5, 0x18, 0xE5, 0x18, 0xE5, 0x18, 0xE5, 0x18, 0xE5, 0x18, 0xE5, 0x18, 0xE5, 0x18, 0xE5, 
  0x18, 0xE5, 0x18, 0xE5, 0x18, 0xE5, 0x18, 0xE5, 0x18, 0xE5, 0x18, 0xE5, 0x18, 0xE5, 0x18, 0xE5, 
  0x18, 0xE5, 0x18, 0xE5, 0x18, 0xE5, 0x18, 0xE5, 0x18, 0xE5, 0x18, 0xE5, 0x18, 0xE5, 0x18, 0xE5, 
  0x18, 0xE5, 0x18, 0xE5, 0x18, 0xE5, 0x18, 0xE5, 0x18, 0xE5, 0x18, 0xE5, 0x18, 0xE5, 0x18, 0xE5, 
  0x18, 0xE5, 0x18, 0xE5, 0x18, 0xE5, 0x18, 0xE5, 0x18, 0xE5, 0x18, 0xE5, 0x18, 0xE5, 0x18, 0xE5, 
  0x18, 0xE5, 0x18, 0xE5, 0x18, 0xE5, 0x18, 0xE5, 0x18, 0xE5, 0x18, 0xE5, 0x18, 0xE5, 0x18, 0xE5, 
  0x18, 0xE5, 0x18, 0xE5, 0x18, 0xE5, 0x18, 0xE5, 0x18, 0xE5, 0x18, 0xE5, 0x18, 0xE5, 0x18, 0xE5, 
  0x18, 0xE5, 0x18, 0xE5, 0x18, 0xE5, 0x18, 0xE5, 0x18, 0xE5, 0x18, 0xE5, 0x18, 0xE5, 0x18, 0xE5, 
  0x18, 0xE5, 0x18, 0xE5, 0x18, 0xE5, 0x18, 0xE5, 0x18, 0xE5, 0x18, 0xE5, 0x18, 0xE5, 0x18, 0xE5, 
  0x18, 0xE5, 0x18, 0xE5, 0x18, 0xE5, 0x18, 0xE5, 0x18, 0xE5, 0x18, 0xE5, 0x18, 0xE5, 0x18, 0xE5, 
  0x18, 0xE5, 0x18, 0xE5, 0x18, 0xE5, 0x18, 0xE5, 0x18, 0xE5, 0x18, 0xE5, 0x18, 0xE5, 0x18, 0xE5, 
  0x18, 0xE5, 0x18, 0xE5, 0x18, 0xE5, 0x18, 0xE5, 0x18, 0xE5, 0x18, 0xE5, 0x18, 0xE5, 0x18, 0xE5, 
  0x18, 0xE5, 0x18, 0xE5, 0x18, 0xE5, 0x18, 0xE5, 0x18, 0xE5, 0x18, 0xE5, 0x18, 0xE5, 0x18, 0xE5, 
  0x18, 0xE5, 0x18, 0xE5, 0x18, 0xE5, 0x18, 0xE5, 0x18, 0xE5, 0x18, 0xE5, 0x18, 0xE5, 0x18, 0xE5, 
  0x18, 0xE5, 0x18, 0xE5, 0x18, 0xE5, 0x18, 0xE5, 0x18, 0xE5, 0x18, 0xE5, 0x18, 0xE5, 0x18, 0xE5, 
  0x18, 0xE5, 0x18, 0xE5, 0x18, 0xE5, 0x18, 0xE5, 0x18, 0xE5, 0x18, 0xE5, 0x18, 0xE5, 0x18, 0xE5, 
  0x18, 0xE5, 0x18, 0xE5, 0x18, 0xE5, 0x18, 0xE5, 0x18, 0xE5, 0x18, 0xE5, 0x18, 0xE5, 0x18, 0xE5, 
  0x18, 0xE5, 0x18, 0xE5, 0x18, 0xE5, 0x18, 0xE5, 0x18, 0xE5, 0x18, 0xE5, 0x18, 0xE5, 0x18, 0xE5, 
  0x18, 0xE5, 0x18, 0xE5, 0x18, 0xE5, 0x18, 0xE5, 0x18, 0xE5, 0x18, 0xE5, 0x18, 0xE5, 0x18, 0xE5, 
  0x18, 0xE5, 0x18, 0xE5, 0x18, 0xE5, 0x18, 0xE5, 0x18, 0xE5, 0x18, 0xE5, 0x18, 0xE5, 0x18, 0xE5, 
  0x18, 0xE5, 0x18, 0xE5, 0x18, 0xE5, 0x18, 0xE5, 0x18, 0xE5, 0x18, 0xE5, 0x18, 0xE5, 0x18, 0xE5, 
  0x18, 0xE5, 0x18, 0xE5, 0x18, 0xE5, 0x18, 0xE5, 0x18, 0xE5, 0x18, 0xE5, 0x18, 0xE5, 0x18, 0xE5, 
  0x18, 0xE5, 0x18, 0xE5, 0x18, 0xE5, 0x18, 0xE5, 0x18, 0xE5, 0x18, 0xE5, 0x18, 0xE5, 0x18, 0xE5, 
  0x18, 0xE5, 0x18, 0xE5, 0x18, 0xE5, 0x18, 0xE5, 0x18, 0xE5, 0x18, 0xE5, 0x18, 0xE5, 0x18, 0xE5, 
  0x18, 0xE5, 0x18, 0xE5, 0x18, 0xE5, 0x18, 0xE5, 0x18, 0xE5, 0x18, 0xE5, 0x18, 0xE5, 0x18, 0xE5, 
  0x18, 0xE5, 0x18, 0xE5, 0x18, 0xE5, 0x18, 0xE5, 0x18, 0xE5, 0x18, 0xE5, 0x18, 0xE5, 0x18, 0xE5, 
  0x18, 0xE5, 0x18, 0xE5, 0x18, 0xE5, 0x18, 0xE5, 0x18, 0xE5, 0x18, 0xE5, 0x18, 0xE5, 0x18, 0xE5, 
  0x18, 0xE5, 0x18, 0xE5, 0x18, 0xE5, 0x18, 0xE5, 0x18, 0xE5, 0x18, 0xE5, 0x18, 0xE5, 0x18, 0xE5, 
  0x18, 0xE5, 0x18, 0xE5, 0x18, 0xE5, 0x18, 0xE5, 0x18, 0xE5, 0x18, 0xE5, 0x18, 0xE5, 0x18, 0xE5, 
  0x18, 0xE5, 0x18, 0xE5, 0x18, 0xE5, 0x18, 0xE5, 0x18, 0xE5, 0x18, 0xE5, 0x18, 0xE5, 0x18, 0xE5, 
  0x18, 0xE5, 0x18, 0xE5, 0x18, 0xE5, 0x18, 0xE5, 0x18, 0xE5, 0x18, 0xE5, 0x18, 0xE5, 0x18, 0xE5, 
  0x18, 0xE5, 0x18, 0xE5, 0x18, 0xE5, 0x18, 0xE5, 0x18, 0xE5, 0x18, 0xE5, 0x18, 0xE5, 0x18, 0xE5, 
  0x18, 0xE5, 0x18, 0xE5, 0x18, 0xE5, 0x18, 0xE5, 0x18, 0xE5, 0x18, 0xE5, 0x18, 0xE5, 0x18, 0xE5, 
  0x18, 0xE5, 0x18, 0xE5, 0x18, 0xE5, 0x18, 0xE5, 0x18, 0xE5, 0x18, 0xE5, 0x18, 0xE5, 0x18, 0xE5, 
  0x18, 0xE5, 0x18, 0xE5, 0x18, 0xE5, 0x18, 0xE5, 0x18, 0xE5, 0x18, 0xE5, 0x18, 0xE5, 0x18, 0xE5, 
  0x18, 0xE5, 0x18, 0xE5, 0x18, 0xE5, 0x18, 0xE5, 0x18, 0xE5, 0x18, 0xE5, 0x18, 0xE5, 0x18, 0xE5, 
  0x18, 0xE5, 0x18, 0xE5, 0x18, 0xE5, 0x18, 0xE5, 0x18, 0xE5, 0x18, 0xE5, 0x18, 0xE5, 0x18, 0xE5, 
  0x18, 0xE5, 0x18, 0xE5, 0x18, 0xE5, 0x18, 0xE5, 0x18, 0xE5, 0x18, 0xE5, 0x18, 0xE5, 0x18, 0xE5, 
  0x18, 0xE5, 0x18, 0xE5, 0x18, 0xE5, 0x18, 0xE5, 0x18, 0xE5, 0x18, 0xE5, 0x18, 0xE5, 0x18, 0xE5, 
  0x18, 0xE5, 0x18, 0xE5, 0x18, 0xE5, 0x18, 0xE5, 0x18, 0xE5, 0x18, 0xE5, 0x18, 0xE5, 0x18, 0xE5, 
  0x18, 0xE5, 0x18, 0xE5, 0x18, 0xE5, 0x18, 0xE5, 0x18, 0xE5, 0x18, 0xE5, 0x18, 0xE5, 0x18, 0xE5, 
  0x18, 0xE5, 0x18, 0xE5, 0x18, 0xE5, 0x18, 0xE5, 0x18, 0xE5, 0x18, 0xE5, 0x18, 0xE5, 0x18, 0xE5, 
  0x18, 0xE5, 0x18, 0xE5, 0x18, 0xE5, 0x18, 0xE5, 0x18, 0xE5, 0x18, 0xE5, 0x18, 0xE5, 0x18, 0xE5, 
  0x18, 0xE5, 0x18, 0xE5, 0x18, 0xE5, 0x18, 0xE5, 0x18, 0xE5, 0x18, 0xE5, 0x18, 0xE5, 0x18, 0xE5, 
  0x18, 0xE5, 0x18, 0xE5, 0x18, 0xE5, 0x18, 0xE5, 0x18, 0xE5, 0x18, 0xE5, 0x18, 0xE5, 0x18, 0xE5, 
  0x18, 0xE5, 0x18, 0xE5, 0x18, 0xE5, 0x18, 0xE5, 0x18, 0xE5, 0x18, 0xE5, 0x18, 0xE5, 0x18, 0xE5, 
  0x18, 0xE5, 0x18, 0xE5, 0x18, 0xE5, 0x18, 0xE5, 0x18, 0xE5, 0x18, 0xE5, 0x18, 0xE5, 0x18, 0xE5, 
  0x18, 0xE5, 0x18, 0xE5, 0x18, 0xE5, 0x18, 0xE5, 0x18, 0xE5, 0x18, 0xE5, 0x18, 0xE5, 0x18, 0xE5, 
  0x18, 0xE5, 0x18, 0xE5, 0x18, 0xE5, 0x18, 0xE5, 0x18, 0xE5, 0x18, 0xE5, 0x18, 0xE5, 0x18, 0xE5, 
  0x18, 0xE5, 0x18, 0xE5, 0x18, 0xE5, 0x18, 0xE5, 0x18, 0xE5, 0x18, 0xE5, 0x18, 0xE5, 0x18, 0xE5, 
  0x18, 0xE5, 0x18, 0xE5, 0x18, 0xE5, 0x18, 0xE5, 0x18, 0xE5, 0x18, 0xE5, 0x18, 0xE5, 0x18, 0xE5, 
  0x18, 0xE5, 0x18, 0xE5, 0x18, 0xE5, 0x18, 0xE5, 0x18, 0xE5, 0x18, 0xE5, 0x18, 0xE5, 0x18, 0xE5, 
  0x18, 0xE5, 0x18, 0xE5, 0x18, 0xE5, 0x18, 0xE5, 0x18, 0xE5, 0x18, 0xE5, 0x18, 0xE5, 0x18, 0xE5, 
  0x18, 0xE5, 0x18, 0xE5, 0x18, 0xE5, 0x18, 0xE5, 0x18, 0xE5, 0x18, 0xE5, 0x18, 0xE5, 0x18, 0xE5, 
  0x18, 0xE5, 0x18, 0xE5, 0x18, 0xE5, 0x18, 0xE5, 0x18, 0xE5, 0x18, 0xE5, 0x18, 0xE5, 0x18, 0xE5, 
  0x18, 0xE5, 0x18, 0xE5, 0x18, 0xE5, 0x18, 0xE5, 0x18, 0xE5, 0x18, 0xE5, 0x18, 0xE5, 0x18, 0xE5, 
  0x18, 0xE5, 0x18, 0xE5, 0x18, 0xE5, 0x18, 0xE5, 0x18, 0xE5, 0x18, 0xE5, 0x18, 0xE5, 0x18, 0xE5, 
  0x18, 0xE5, 0x18, 0xE5, 0x18, 0xE5, 0x18, 0xE5, 0x18, 0xE5, 0x18, 0xE5, 0x18, 0xE5, 0x18, 0xE5, 
  0x18, 0xE5, 0x18, 0xE5, 0x18, 0xE5, 0x18, 0xE5, 0x18, 0xE5, 0x18, 0xE5, 0x18, 0xE5, 0x18, 0xE5, 
  0x18, 0xE5, 0x18, 0xE5, 0x18, 0xE5, 0x18, 0xE5, 0x18, 0xE5, 0x18, 0xE5, 0x18, 0xE5, 0x18, 0xE5, 
  0x18, 0xE5, 0x18, 0xE5, 0x18, 0xE5, 0x18, 0xE5, 0x18, 0xE5, 0x18, 0xE5, 0x18, 0xE5, 0x18, 0xE5, 
  0x18, 0xE5, 0x18, 0xE5, 0x18, 0xE5, 0x18, 0xE5, 0x18, 0xE5, 0x18, 0xE5, 0x18, 0xE5, 0x18, 0xE5, 
  0x18, 0xE5, 0x18, 0xE5, 0x18, 0xE5, 0x18, 0xE5, 0x18, 0xE5, 0x18, 0xE5, 0x18, 0xE5, 0x18, 0xE5, 
  0x18, 0xE5, 0x18, 0xE5, 0x18, 0xE5, 0x18, 0xE5, 0x18, 0xE5, 0x18, 0xE5, 0x18, 0xE5, 0x18, 0xE5, 
  0x18, 0xE5, 0x18, 0xE5, 0x18, 0xE5, 0x18, 0xE5, 0x18, 0xE5, 0x18, 0xE5, 0x18, 0xE5, 0x18, 0xE5, 
  0x18, 0xE5, 0x18, 0xE5, 0x18, 0xE5, 0x18, 0xE5, 0x18, 0xE5, 0x18, 0xE5, 0x18, 0xE5, 0x18, 0xE5, 
  0x18, 0xE5, 0x18, 0xE5, 0x18, 0xE5, 0x18, 0xE5, 0x18, 0xE5, 0x18, 0xE5, 0x18, 0xE5, 0x18, 0xE5, 
  0x18, 0xE5, 0x18, 0xE5, 0x18, 0xE5, 0x18, 0xE5, 0x18, 0xE5, 0x18, 0xE5, 0x18, 0xE5, 0x18, 0xE5, 
  0x18, 0xE5, 0x18, 0xE5, 0x18, 0xE5, 0x18, 0xE5, 0x18, 0xE5, 0x18, 0xE5, 0x18, 0xE5, 0x18, 0xE5, 
  0x18, 0xE5, 0x18, 0xE5, 0x18, 0xE5, 0x18, 0xE5, 0x18, 0xE5, 0x18, 0xE5, 0x18, 0xE5, 0x18, 0xE5, 
  0x18, 0xE5, 0x18, 0xE5, 0x18, 0xE5, 0x18, 0xE5, 0x18, 0xE5, 0x18, 0xE5, 0x18, 0xE5, 0x18, 0xE5, 
  0x18, 0xE5, 0x18, 0xE5, 0x18, 0xE5, 0x18, 0xE5, 0x18, 0xE5, 0x18, 0xE5, 0x18, 0xE5, 0x18, 0xE5, 
  0x18, 0xE5, 0x18, 0xE5, 0x18, 0xE5, 0x18, 0xE5, 0x18, 0xE5, 0x18, 0xE5, 0x18, 0xE5, 0x18, 0xE5, 
  0x18, 0xE5, 0x18, 0xE5, 0x18, 0xE5, 0x18, 0xE5, 0x18, 0xE5, 0x18, 0xE5, 0x18, 0xE5, 0x18, 0xE5, 
  0x18, 0xE5, 0x18, 0xE5, 0x18, 0xE5, 0x18, 0xE5, 0x18, 0xE5, 0x18, 0xE5, 0x18, 0xE5, 0x18, 0xE5, 
  0x18, 0xE5, 0x18, 0xE5, 0x18, 0xE5, 0x18, 0xE5, 0x18, 0xE5, 0x18, 0xE5, 0x18, 0xE5, 0x18, 0xE5, 
  0x18, 0xE5, 0x18, 0xE5, 0x18, 0xE5, 0x18, 0xE5, 0x18, 0xE5, 0x18, 0xE5, 0x18, 0xE5, 0x18, 0xE5, 
  0x18, 0xE5, 0x18, 0xE5, 0x18, 0xE5, 0x18, 0xE5, 0x18, 0xE5, 0x18, 0xE5, 0x18, 0xE5, 0x18, 0xE5, 
  0x18, 0xE5, 0x18, 0xE5, 0x18, 0xE5, 0x18, 0xE5, 0x18, 0xE5, 0x18, 0xE5, 0x18, 0xE5, 0x18, 0xE5, 
  0x18, 0xE5, 0x18, 0xE5, 0x18, 0xE5, 0x18, 0xE5, 0x18, 0xE5, 0x18, 0xE5, 0x18, 0xE5, 0x18, 0xE5, 
  0x18, 0xE5, 0x18, 0xE5, 0x18, 0xE5, 0x18, 0xE5, 0x18, 0xE5, 0x18, 0xE5, 0x18, 0xE5, 0x18, 0xE5, 
  0x18, 0xE5, 0x18, 0xE5, 0x18, 0xE5, 0x18, 0xE5, 0x18, 0xE5, 0x18, 0xE5, 0x18, 0xE5, 0x18, 0xE5, 
  0x18, 0xE5, 0x18, 0xE5, 0x18, 0xE5, 0x18, 0xE5, 0x18, 0xE5, 0x18, 0xE5, 0x18, 0xE5, 0x18, 0xE5, 
  0x18, 0xE5, 0x18, 0xE5, 0x18, 0xE5, 0x18, 0xE5, 0x18, 0xE5, 0x18, 0xE5, 0x18, 0xE5, 0x18, 0xE5, 
  0x18, 0xE5, 0x18, 0xE5, 0x18, 0xE5, 0x18, 0xE5, 0x18, 0xE5, 0x18, 0xE5, 0x18, 0xE5, 0x18, 0xE5, 
  0x18, 0xE5, 0x18, 0xE5, 0x18, 0xE5, 0x18, 0xE5, 0x18, 0xE5, 0x18, 0xE5, 0x18, 0xE5, 0x18, 0xE5, 
  0x18, 0xE5, 0x18, 0xE5, 0x18, 0xE5, 0x18, 0xE5, 0x18, 0xE5, 0x18, 0xE5, 0x18, 0xE5, 0x18, 0xE5, 
  0x18, 0xE5, 0x18, 0xE5, 0x18, 0xE5, 0x18, 0xE5, 0x18, 0xE5, 0x18, 0xE5, 0x18, 0xE5, 0x18, 0xE5, 
  0x18, 0xE5, 0x18, 0xE5, 0x18, 0xE5, 0x18, 0xE5, 0x18, 0xE5, 0x18, 0xE5, 0x18, 0xE5, 0x18, 0xE5, 
  0x18, 0xE5, 0x18, 0xE5, 0x18, 0xE5, 0x18, 0xE5, 0x18, 0xE5, 0x18, 0xE5, 0x18, 0xE5, 0x18, 0xE5, 
  0x18, 0xE5, 0x18, 0xE5, 0x18, 0xE5, 0x18, 0xE5, 0x18, 0xE5, 0x18, 0xE5, 0x18, 0xE5, 0x18, 0xE5, 
  0x18, 0xE5, 0x18, 0xE5, 0x18, 0xE5, 0x18, 0xE5, 0x18, 0xE5, 0x18, 0xE5, 0x18, 0xE5, 0x18, 0xE5, 
  0x18, 0xE5, 0x18, 0xE5, 0x18, 0xE5, 0x18, 0xE5, 0x18, 0xE5, 0x18, 0xE5, 0x18, 0xE5, 0x18, 0xE5, 
  0x18, 0xE5, 0x18, 0xE5, 0x18, 0xE5, 0x18, 0xE5, 0x18, 0xE5, 0x18, 0xE5, 0x18, 0xE5, 0x18, 0xE5, 
  0x18, 0xE5, 0x18, 0xE5, 0x18, 0xE5, 0x18, 0xE5, 0x18, 0xE5, 0x18, 0xE5, 0x18, 0xE5, 0x18, 0xE5, 
  0x18, 0xE5, 0x18, 0xE5, 0x18, 0xE5, 0x18, 0xE5, 0x18, 0xE5, 0x18, 0xE5, 0x18, 0xE5, 0x18, 0xE5, 
  0x18, 0xE5, 0x18, 0xE5, 0x18, 0xE5, 0x18, 0xE5, 0x18, 0xE5, 0x18, 0xE5, 0x18, 0xE5, 0x18, 0xE5, 
  0x18, 0xE5, 0x18, 0xE5, 0x18, 0xE5, 0x18, 0xE5, 0x18, 0xE5, 0x18, 0xE5, 0x18, 0xE5, 0x18, 0xE5, 
  0x18, 0xE5, 0x18, 0xE5, 0x18, 0xE5, 0x18, 0xE5, 0x18, 0xE5, 0x18, 0xE5, 0x18, 0xE5, 0x18, 0xE5, 
  0x18, 0xE5, 0x18, 0xE5, 0x18, 0xE5, 0x18, 0xE5, 0x18, 0xE5, 0x18, 0xE5, 0x18, 0xE5, 0x18, 0xE5, 
  0x18, 0xE5, 0x18, 0xE5, 0x18, 0xE5, 0x18, 0xE5, 0x18, 0xE5, 0x18, 0xE5, 0x18, 0xE5, 0x18, 0xE5, 
  0x18, 0xE5, 0x18, 0xE5, 0x18, 0xE5, 0x18, 0xE5, 0x18, 0xE5, 0x18, 0xE5, 0x18, 0xE5, 0x18, 0xE5, 
  0x18, 0xE5, 0x18, 0xE5, 0x18, 0xE5, 0x18, 0xE5, 0x18, 0xE5, 0x18, 0xE5, 0x18, 0xE5, 0x18, 0xE5, 
  0x18, 0xE5, 0x18, 0xE5, 0x18, 0xE5, 0x18, 0xE5, 0x18, 0xE5, 0x18, 0xE5, 0x18, 0xE5, 0x18, 0xE5, 
  0x18, 0xE5, 0x18, 0xE5, 0x18, 0xE5, 0x18, 0xE5, 0x18, 0xE5, 0x18, 0xE5, 0x18, 0xE5, 0x18, 0xE5, 
  0x18, 0xE5, 0x18, 0xE5, 0x18, 0xE5, 0x18, 0xE5, 0x18, 0xE5, 0x18, 0xE5, 0x18, 0xE5, 0x18, 0xE5, 
  0x18, 0xE5, 0x18, 0xE5, 0x18, 0xE5, 0x18, 0xE5, 0x18, 0xE5, 0x18, 0xE5, 0x18, 0xE5, 0x18, 0xE5, 
  0x18, 0xE5, 0x18, 0xE5, 0x18, 0xE5, 0x18, 0xE5, 0x18, 0xE5, 0x18, 0xE5, 0x18, 0xE5, 0x18, 0xE5, 
  0x18, 0xE5, 0x18, 0xE5, 0x18, 0xE5, 0x18, 0xE5, 0x18, 0xE5, 0x18, 0xE5, 0x18, 0xE5, 0x18, 0xE5, 
  0x18, 0xE5, 0x18, 0xE5, 0x18, 0xE5, 0x18, 0xE5, 0x18, 0xE5, 0x18, 0xE5, 0x18, 0xE5, 0x18, 0xE5, 
  0x18, 0xE5, 0x18, 0xE5, 0x18, 0xE5, 0x18, 0xE5, 0x18, 0xE5, 0x18, 0xE5, 0x18, 0xE5, 0x18, 0xE5, 
  0x18, 0xE5, 0x18, 0xE5, 0x18, 0xE5, 0x18, 0xE5, 0x18, 0xE5, 0x18, 0xE5, 0x18, 0xE5, 0x18, 0xE5, 
  0x18, 0xE5, 0x18, 0xE5, 0x18, 0xE5, 0x18, 0xE5, 0x18, 0xE5, 0x18, 0xE5, 0x18, 0xE5, 0x18, 0xE5, 
  0x18, 0xE5, 0x18, 0xE5, 0x18, 0xE5, 0x18, 0xE5, 0x18, 0xE5, 0x18, 0xE5, 0x18, 0xE5, 0x18, 0xE5, 
  0x18, 0xE5, 0x18, 0xE5, 0x18, 0xE5, 0x18, 0xE5, 0x18, 0xE5, 0x18, 0xE5, 0x18, 0xE5, 0x18, 0xE5, 
  0x18, 0xE5, 0x18, 0xE5, 0x18, 0xE5, 0x18, 0xE5, 0x18, 0xE5, 0x18, 0xE5, 0x18, 0xE5, 0x18, 0xE5, 
  0x18, 0xE5, 0x18, 0xE5, 0x18, 0xE5, 0x18, 0xE5, 0x18, 0xE5, 0x18, 0xE5, 0x18, 0xE5, 0x18, 0xE5, 
  0x18, 0xE5, 0x18, 0xE5, 0x18, 0xE5, 0x18, 0xE5, 0x18, 0xE5, 0x18, 0xE5, 0x18, 0xE5, 0x18, 0xE5, 
  0x18, 0xE5, 0x18, 0xE5, 0x18, 0xE5, 0x18, 0xE5, 0x18, 0xE5, 0x18, 0xE5, 0x18, 0xE5, 0x18, 0xE5, 
  0x18, 0xE5, 0x18, 0xE5, 0x18, 0xE5, 0x18, 0xE5, 0x18, 0xE5, 0x18, 0xE5, 0x18, 0xE5, 0x18, 0xE5, 
  0x18, 0xE5, 0x18, 0xE5, 0x18, 0xE5, 0x18, 0xE5, 0x18, 0xE5, 0x18, 0xE5, 0x18, 0xE5, 0x18, 0xE5, 
  0x18, 0xE5, 0x18, 0xE5, 0x18, 0xE5, 0x18, 0xE5, 0x18, 0xE5, 0x18, 0xE5, 0x18, 0xE5, 0x18, 0xE5, 
  0x18, 0xE5, 0x18, 0xE5, 0x18, 0xE5, 0x18, 0xE5, 0x18, 0xE5, 0x18, 0xE5, 0x18, 0xE5, 0x18, 0xE5, 
  0x18, 0xE5, 0x18, 0xE5, 0x18, 0xE5, 0x18, 0xE5, 0x18, 0xE5, 0x18, 0xE5, 0x18, 0xE5, 0x18, 0xE5, 
  0x18, 0xE5, 0x18, 0xE5, 0x18, 0xE5, 0x18, 0xE5, 0x18, 0xE5, 0x18, 0xE5, 0x18, 0xE5, 0x18, 0xE5, 
  0x18, 0xE5, 0x18, 0xE5, 0x18, 0xE5, 0x18, 0xE5, 0x18, 0xE5, 0x18, 0xE5, 0x18, 0xE5, 0x18, 0xE5, 
  0x18, 0xE5, 0x18, 0xE5, 0x18, 0xE5, 0x18, 0xE5, 0x18, 0xE5, 0x18, 0xE5, 0x18, 0xE5, 0x18, 0xE5, 
  0x18, 0xE5, 0x18, 0xE5, 0x18, 0xE5, 0x18, 0xE5, 0x18, 0xE5, 0x18, 0xE5, 0x18, 0xE5, 0x18, 0xE5, 
  0x18, 0xE5, 0x18, 0xE5, 0x18, 0xE5, 0x18, 0xE5, 0x18, 0xE5, 0x18, 0xE5, 0x18, 0xE5, 0x18, 0xE5, 
  0x18, 0xE5, 0x18, 0xE5, 0x18, 0xE5, 0x18, 0xE5, 0x18, 0xE5, 0x18, 0xE5, 0x18, 0xE5, 0x18, 0xE5, 
  0x18, 0xE5, 0x18, 0xE5, 0x18, 0xE5, 0x18, 0xE5, 0x18, 0xE5, 0x18, 0xE5, 0x18, 0xE5, 0x18, 0xE5, 
  0x18, 0xE5, 0x18, 0xE5, 0x18, 0xE5, 0x18, 0xE5, 0x18, 0xE5, 0x18, 0xE5, 0x18, 0xE5, 0x18, 0xE5, 
  0x18, 0xE5, 0x18, 0xE5, 0x18, 0xE5, 0x18, 0xE5, 0x18, 0xE5, 0x18, 0xE5, 0x18, 0xE5, 0x18, 0xE5, 
  0x18, 0xE5, 0x18, 0xE5, 0x18, 0xE5, 0x18, 0xE5, 0x18, 0xE5, 0x18, 0xE5, 0x18, 0xE5, 0x18, 0xE5, 
  0x18, 0xE5, 0x18, 0xE5, 0x18, 0xE5, 0x18, 0xE5, 0x18, 0xE5, 0x18, 0xE5, 0x18, 0xE5, 0x18, 0xE5, 
  0x18, 0xE5, 0x18, 0xE5, 0x18, 0xE5, 0x18, 0xE5, 0x18, 0xE5, 0x18, 0xE5, 0x18, 0xE5, 0x18, 0xE5, 
  0x18, 0xE5, 0x18, 0xE5, 0x18, 0xE5, 0x18, 0xE5, 0x18, 0xE5, 0x18, 0xE5, 0x18, 0xE5, 0x18, 0xE5, 
  0x18, 0xE5, 0x18, 0xE5, 0x18, 0xE5, 0x18, 0xE5, 0x18, 0xE5, 0x18, 0xE5, 0x18, 0xE5, 0x18, 0xE5, 
  0x18, 0xE5, 0x18, 0xE5, 0x18, 0xE5, 0x18, 0xE5, 0x18, 0xE5, 0x18, 0xE5, 0x18, 0xE5, 0x18, 0xE5, 
  0x18, 0xE5, 0x18, 0xE5, 0x18, 0xE5, 0x18, 0xE5, 0x18, 0xE5, 0x18, 0xE5, 0x18, 0xE5, 0x18, 0xE5, 
  0x18, 0xE5, 0x18, 0xE5, 0x18, 0xE5, 0x18, 0xE5, 0x18, 0xE5, 0x18, 0xE5, 0x18, 0xE5, 0x18, 0xE5, 
  0x18, 0xE5, 0x18, 0xE5, 0x18, 0xE5, 0x18, 0xE5, 0x18, 0xE5, 0x18, 0xE5, 0x18, 0xE5, 0x18, 0xE5, 
  0x18, 0xE5, 0x18, 0xE5, 0x18, 0xE5, 0x18, 0xE5, 0x18, 0xE5, 0x18, 0xE5, 0x18, 0xE5, 0x18, 0xE5, 
  0x18, 0xE5, 0x18, 0xE5, 0x18, 0xE5, 0x18, 0xE5, 0x18, 0xE5, 0x18, 0xE5, 0x18, 0xE5, 0x18, 0xE5, 
  0x18, 0xE5, 0x18, 0xE5, 0x18, 0xE5, 0x18, 0xE5, 0x18, 0xE5, 0x18, 0xE5, 0x18, 0xE5, 0x18, 0xE5, 
  0x18, 0xE5, 0x18, 0xE5, 0x18, 0xE5, 0x18, 0xE5, 0x18, 0xE5, 0x18, 0xE5, 0x18, 0xE5, 0x18, 0xE5, 
  0x18, 0xE5, 0x18, 0xE5, 0x18, 0xE5, 0x18, 0xE5, 0x18, 0xE5, 0x18, 0xE5, 0x18, 0xE5, 0x18, 0xE5, 
  0x18, 0xE5, 0x18, 0xE5, 0x18, 0xE5, 0x18, 0xE5, 0x18, 0xE5, 0x18, 0xE5, 0x18, 0xE5, 0x18, 0xE5, 
  0x18, 0xE5, 0x18, 0xE5, 0x18, 0xE5, 0x18, 0xE5, 0x18, 0xE5, 0x18, 0xE5, 0x18, 0xE5, 0x18, 0xE5, 
  0x18, 0xE5, 0x18, 0xE5, 0x18, 0xE5, 0x18, 0xE5, 0x18, 0xE5, 0x18, 0xE5, 0x18, 0xE5, 0x18, 0xE5, 
  0x18, 0xE5, 0x18, 0xE5, 0x18, 0xE5, 0x18, 0xE5, 0x18, 0xE5, 0x18, 0xE5, 0x18, 0xE5, 0x18, 0xE5, 
  0x18, 0xE5, 0x18, 0xE5, 0x18, 0xE5, 0x18, 0xE5, 0x18, 0xE5, 0x18, 0xE5, 0x18, 0xE5, 0x18, 0xE5, 
  0x18, 0xE5, 0x18, 0xE5, 0x18, 0xE5, 0x18, 0xE5, 0x18, 0xE5, 0x18, 0xE5, 0x18, 0xE5, 0x18, 0xE5, 
  0x18, 0xE5, 0x18, 0xE5, 0x18, 0xE5, 0x18, 0xE5, 0x18, 0xE5, 0x18, 0xE5, 0x18, 0xE5, 0x18, 0xE5, 
  0x18, 0xE5, 0x18, 0xE5, 0x18, 0xE5, 0x18, 0xE5, 0x18, 0xE5, 0x18, 0xE5, 0x18, 0xE5, 0x18, 0xE5, 
  0x18, 0xE5, 0x18, 0xE5, 0x18, 0xE5, 0x18, 0xE5, 0x18, 0xE5, 0x18, 0xE5, 0x18, 0xE5, 0x18, 0xE5, 
  0x18, 0xE5, 0x18, 0xE5, 0x18, 0xE5, 0x18, 0xE5, 0x18, 0xE5, 0x18, 0xE5, 0x18, 0xE5, 0x18, 0xE5, 
  0x18, 0xE5, 0x18, 0xE5, 0x18, 0xE5, 0x18, 0xE5, 0x18, 0xE5, 0x18, 0xE5, 0x18, 0xE5, 0x18, 0xE5, 
  0x18, 0xE5, 0x18, 0xE5, 0x18, 0xE5, 0x18, 0xE5, 0x18, 0xE5, 0x18, 0xE5, 0x18, 0xE5, 0x18, 0xE5, 
  0x18, 0xE5, 0x18, 0xE5, 0x18, 0xE5, 0x18, 0xE5, 0x18, 0xE5, 0x18, 0xE5, 0x18, 0xE5, 0x18, 0xE5, 
  0x18, 0xE5, 0x18, 0xE5, 0x18, 0xE5, 0x18, 0xE5, 0x18, 0xE5, 0x18, 0xE5, 0x18, 0xE5, 0x18, 0xE5, 
  0x18, 0xE5, 0x18, 0xE5, 0x18, 0xE5, 0x18, 0xE5, 0x18, 0xE5, 0x18, 0xE5, 0x18, 0xE5, 0x18, 0xE5, 
  0x18, 0xE5, 0x18, 0xE5, 0x18, 0xE5, 0x18, 0xE5, 0x18, 0xE5, 0x18, 0xE5, 0x18, 0xE5, 0x18, 0xE5, 
  0x18, 0xE5, 0x18, 0xE5, 0x18, 0xE5, 0x18, 0xE5, 0x18, 0xE5, 0x18, 0xE5, 0x18, 0xE5, 0x18, 0xE5, 
  0x18, 0xE5, 0x18, 0xE5, 0x18, 0xE5, 0x18, 0xE5, 0x18, 0xE5, 0x18, 0xE5, 0x18, 0xE5, 0x18, 0xE5, 
  0x18, 0xE5, 0x18, 0xE5, 0x18, 0xE5, 0x18, 0xE5, 0x18, 0xE5, 0x18, 0xE5, 0x18, 0xE5, 0x18, 0xE5, 
  0x18, 0xE5, 0x18, 0xE5, 0x18, 0xE5, 0x18, 0xE5, 0x18, 0xE5, 0x18, 0xE5, 0x18, 0xE5, 0x18, 0xE5, 
  0x18, 0xE5, 0x18, 0xE5, 0x18, 0xE5, 0x18, 0xE5, 0x18, 0xE5, 0x18, 0xE5, 0x18, 0xE5, 0x18, 0xE5, 
  0x18, 0xE5, 0x18, 0xE5, 0x18, 0xE5, 0x18, 0xE5, 0x18, 0xE5, 0x18, 0xE5, 0x18, 0xE5, 0x18, 0xE5, 
  0x18, 0xE5, 0x18, 0xE5, 0x18, 0xE5, 0x18, 0xE5, 0x18, 0xE5, 0x18, 0xE5, 0x18, 0xE5, 0x18, 0xE5, 
  0x18, 0xE5, 0x18, 0xE5, 0x18, 0xE5, 0x18, 0xE5, 0x18, 0xE5, 0x18, 0xE5, 0x18, 0xE5, 0x18, 0xE5, 
  0x18, 0xE5, 0x18, 0xE5, 0x18, 0xE5, 0x18, 0xE5, 0x18, 0xE5, 0x18, 0xE5, 0x18, 0xE5, 0x18, 0xE5, 
  0x18, 0xE5, 0x18, 0xE5, 0x18, 0xE5, 0x18, 0xE5, 0x18, 0xE5, 0x18, 0xE5, 0x18, 0xE5, 0x18, 0xE5, 
  0x18, 0xE5, 0x18, 0xE5, 0x18, 0xE5, 0x18, 0xE5, 0x18, 0xE5, 0x18, 0xE5, 0x18, 0xE5, 0x18, 0xE5, 
  0x18, 0xE5, 0x18, 0xE5, 0x18, 0xE5, 0x18, 0xE5, 0x18, 0xE5, 0x18, 0xE5, 0x18, 0xE5, 0x18, 0xE5, 
  0x18, 0xE5, 0x18, 0xE5, 0x18, 0xE5, 0x18, 0xE5, 0x18, 0xE5, 0x18, 0xE5, 0x18, 0xE5, 0x18, 0xE5, 
  0x18, 0xE5, 0x18, 0xE5, 0x18, 0xE5, 0x18, 0xE5, 0x18, 0xE5, 0x18, 0xE5, 0x18, 0xE5, 0x18, 0xE5, 
  0x18, 0xE5, 0x18, 0xE5, 0x18, 0xE5, 0x18, 0xE5, 0x18, 0xE5, 0x18, 0xE5, 0x18, 0xE5, 0x18, 0xE5, 
  0x18, 0xE5, 0x18, 0xE5, 0x18, 0xE5, 0x18, 0xE5, 0x18, 0xE5, 0x18, 0xE5, 0x18, 0xE5, 0x18, 0xE5, 
  0x18, 0xE5, 0x18, 0xE5, 0x18, 0xE5, 0x18, 0xE5, 0x18, 0xE5, 0x18, 0xE5, 0x18, 0xE5, 0x18, 0xE5, 
  0x18, 0xE5, 0x18, 0xE5, 0x18, 0xE5, 0x18, 0xE5, 0x18, 0xE5, 0x18, 0xE5, 0x18, 0xE5, 0x18, 0xE5, 
  0x18, 0xE5, 0x18, 0xE5, 0x18, 0xE5, 0x18, 0xE5, 0x18, 0xE5, 0x18, 0xE5, 0x18, 0xE5, 0x18, 0xE5, 
  0x18, 0xE5, 0x18, 0xE5, 0x18, 0xE5, 0x18, 0xE5, 0x18, 0xE5, 0x18, 0xE5, 0x18, 0xE5, 0x18, 0xE5, 
  0x18, 0xE5, 0x18, 0xE5, 0x18, 0xE5, 0x18, 0xE5, 0x18, 0xE5, 0x18, 0xE5, 0x18, 0xE5, 0x18, 0xE5, 
  0x18, 0xE5, 0x18, 0xE5, 0x18, 0xE5, 0x18, 0xE5, 0x18, 0xE5, 0x18, 0xE5, 0x18, 0xE5, 0x18, 0xE5, 
  0x18, 0xE5, 0x18, 0xE5, 0x18, 0xE5, 0x18, 0xE5, 0x18, 0xE5, 0x18, 0xE5, 0x18, 0xE5, 0x18, 0xE5, 
  0x18, 0xE5, 0x18, 0xE5, 0x18, 0xE5, 0x18, 0xE5, 0x18, 0xE5, 0x18, 0xE5, 0x18, 0xE5, 0x18, 0xE5, 
  0x18, 0xE5, 0x18, 0xE5, 0x18, 0xE5, 0x18, 0xE5, 0x18, 0xE5, 0x18, 0xE5, 0x18, 0xE5, 0x18, 0xE5, 
  0x18, 0xE5, 0x18, 0xE5, 0x18, 0xE5, 0x18, 0xE5, 0x18, 0xE5, 0x18, 0xE5, 0x18, 0xE5, 0x18, 0xE5, 
  0x18, 0xE5, 0x18, 0xE5, 0x18, 0xE5, 0x18, 0xE5, 0x18, 0xE5, 0x18, 0xE5, 0x18, 0xE5, 0x18, 0xE5, 
  0x18, 0xE5, 0x18, 0xE5, 0x18, 0xE5, 0x18, 0xE5, 0x18, 0xE5, 0x18, 0xE5, 0x18, 0xE5, 0x18, 0xE5, 
  0x18, 0xE5, 0x18, 0xE5, 0x18, 0xE5, 0x18, 0xE5, 0x18, 0xE5, 0x18, 0xE5, 0x18, 0xE5, 0x18, 0xE5, 
  0x18, 0xE5, 0x18, 0xE5, 0x18, 0xE5, 0x18, 0xE5, 0x18, 0xE5, 0x18, 0xE5, 0x18, 0xE5, 0x18, 0xE5, 
  0x18, 0xE5, 0x18, 0xE5, 0x18, 0xE5, 0x18, 0xE5, 0x18, 0xE5, 0x18, 0xE5, 0x18, 0xE5, 0x18, 0xE5, 
  0x18, 0xE5, 0x18, 0xE5, 0x18, 0xE5, 0x18, 0xE5, 0x18, 0xE5, 0x18, 0xE5, 0x18, 0xE5, 0x18, 0xE5, 
  0x18, 0xE5, 0x18, 0xE5, 0x18, 0xE5, 0x18, 0xE5, 0x18, 0xE5, 0x18, 0xE5, 0x18, 0xE5, 0x18, 0xE5, 
  0x18, 0xE5, 0x18, 0xE5, 0x18, 0xE5, 0x18, 0xE5, 0x18, 0xE5, 0x18, 0xE5, 0x18, 0xE5, 0x18, 0xE5, 
  0x18, 0xE5, 0x18, 0xE5, 0x18, 0xE5, 0x18, 0xE5, 0x18, 0xE5, 0x18, 0xE5, 0x18, 0xE5, 0x18, 0xE5, 
  0x18, 0xE5, 0x18, 0xE5, 0x18, 0xE5, 0x18, 0xE5, 0x18, 0xE5, 0x18, 0xE5, 0x18, 0xE5, 0x18, 0xE5, 
  0x18, 0xE5, 0x18, 0xE5, 0x18, 0xE5, 0x18, 0xE5, 0x18, 0xE5, 0x18, 0xE5, 0x18, 0xE5, 0x18, 0xE5, 
  0x18, 0xE5, 0x18, 0xE5, 0x18, 0xE5, 0x18, 0xE5, 0x18, 0xE5, 0x18, 0xE5, 0x18, 0xE5, 0x18, 0xE5, 
  0x18, 0xE5, 0x18, 0xE5, 0x18, 0xE5, 0x18, 0xE5, 0x18, 0xE5, 0x18, 0xE5, 0x18, 0xE5, 0x18, 0xE5, 
  0x18, 0xE5, 0x18, 0xE5, 0x18, 0xE5, 0x18, 0xE5, 0x18, 0xE5, 0x18, 0xE5, 0x18, 0xE5, 0x18, 0xE5, 
  0x18, 0xE5, 0x18, 0xE5, 0x18, 0xE5, 0x18, 0xE5, 0x18, 0xE5, 0x18, 0xE5, 0x18, 0xE5, 0x18, 0xE5, 
  0x18, 0xE5, 0x18, 0xE5, 0x18, 0xE5, 0x18, 0xE5, 0x18, 0xE5, 0x18, 0xE5, 0x18, 0xE5, 0x18, 0xE5, 
  0x18, 0xE5, 0x18, 0xE5, 0x18, 0xE5, 0x18, 0xE5, 0x18, 0xE5, 0x18, 0xE5, 0x18, 0xE5, 0x18, 0xE5, 
  0x18, 0xE5, 0x18, 0xE5, 0x18, 0xE5, 0x18, 0xE5, 0x18, 0xE5, 0x18, 0xE5, 0x18, 0xE5, 0x18, 0xE5, 
  0x18, 0xE5, 0x18, 0xE5, 0x18, 0xE5, 0x18, 0xE5, 0x18, 0xE5, 0x18, 0xE5, 0x18, 0xE5, 0x18, 0xE5, 
  0x18, 0xE5, 0x18, 0xE5, 0x18, 0xE5, 0x18, 0xE5, 0x18, 0xE5, 0x18, 0xE5, 0x18, 0xE5, 0x18, 0xE5, 
  0x18, 0xE5, 0x18, 0xE5, 0x18, 0xE5, 0x18, 0xE5, 0x18, 0xE5, 0x18, 0xE5, 0x18, 0xE5, 0x18, 0xE5, 
  0x18, 0xE5, 0x18, 0xE5, 0x18, 0xE5, 0x18, 0xE5, 0x18, 0xE5, 0x18, 0xE5, 0x18, 0xE5, 0x18, 0xE5, 
  0x18, 0xE5, 0x18, 0xE5, 0x18, 0xE5, 0x18, 0xE5, 0x18, 0xE5, 0x18, 0xE5, 0x18, 0xE5, 0x18, 0xE5, 
  0x18, 0xE5, 0x18, 0xE5, 0x18, 0xE5, 0x18, 0xE5, 0x18, 0xE5, 0x18, 0xE5, 0x18, 0xE5, 0x18, 0xE5, 
  0x18, 0xE5, 0x18, 0xE5, 0x18, 0xE5, 0x18, 0xE5, 0x18, 0xE5, 0x18, 0xE5, 0x18, 0xE5, 0x18, 0xE5, 
  0x18, 0xE5, 0x18, 0xE5, 0x18, 0xE5, 0x18, 0xE5, 0x18, 0xE5, 0x18, 0xE5, 0x18, 0xE5, 0x18, 0xE5, 
  0x18, 0xE5, 0x18, 0xE5, 0x18, 0xE5, 0x18, 0xE5, 0x18, 0xE5, 0x18, 0xE5, 0x18, 0xE5, 0x18, 0xE5, 
  0x18, 0xE5, 0x18, 0xE5, 0x18, 0xE5, 0x18, 0xE5, 0x18, 0xE5, 0x18, 0xE5, 0x18, 0xE5, 0x18, 0xE5, 
  0x18, 0xE5, 0x18, 0xE5, 0x18, 0xE5, 0x18, 0xE5, 0x18, 0xE5, 0x18, 0xE5, 0x18, 0xE5, 0x18, 0xE5, 
  0x18, 0xE5, 0x18, 0xE5, 0x18, 0xE5, 0x18, 0xE5, 0x18, 0xE5, 0x18, 0xE5, 0x18, 0xE5, 0x18, 0xE5, 
  0x18, 0xE5, 0x18, 0xE5, 0x18, 0xE5, 0x18, 0xE5, 0x18, 0xE5, 0x18, 0xE5, 0x18, 0xE5, 0x18, 0xE5, 
  0x18, 0xE5, 0x18, 0xE5, 0x18, 0xE5, 0x18, 0xE5, 0x18, 0xE5, 0x18, 0xE5, 0x18, 0xE5, 0x18, 0xE5, 
  0x18, 0xE5, 0x18, 0xE5, 0x18, 0xE5, 0x18, 0xE5, 0x18, 0xE5, 0x18, 0xE5, 0x18, 0xE5, 0x18, 0xE5, 
  0x18, 0xE5, 0x18, 0xE5, 0x18, 0xE5, 0x18, 0xE5, 0x18, 0xE5, 0x18, 0xE5, 0x18, 0xE5, 0x18, 0xE5, 
  0x18, 0xE5, 0x18, 0xE5, 0x18, 0xE5, 0x18, 0xE5, 0x18, 0xE5, 0x18, 0xE5, 0x18, 0xE5, 0x18, 0xE5, 
  0x18, 0xE5, 0x18, 0xE5, 0x18, 0xE5, 0x18, 0xE5, 0x18, 0xE5, 0x18, 0xE5, 0x18, 0xE5, 0x18, 0xE5, 
  0x18, 0xE5, 0x18, 0xE5, 0x18, 0xE5, 0x18, 0xE5, 0x18, 0xE5, 0x18, 0xE5, 0x18, 0xE5, 0x18, 0xE5, 
  0x18, 0xE5, 0x18, 0xE5, 0x18, 0xE5, 0x18, 0xE5, 0x18, 0xE5, 0x18, 0xE5, 0x18, 0xE5, 0x18, 0xE5, 
  0x18, 0xE5, 0x18, 0xE5, 0x18, 0xE5, 0x18, 0xE5, 0x18, 0xE5, 0x18, 0xE5, 0x18, 0xE5, 0x18, 0xE5, 
  0x18, 0xE5, 0x18, 0xE5, 0x18, 0xE5, 0x18, 0xE5, 0x18, 0xE5, 0x18, 0xE5, 0x18, 0xE5, 0x18, 0xE5, 
  0x18, 0xE5, 0x18, 0xE5, 0x18, 0xE5, 0x18, 0xE5, 0x18, 0xE5, 0x18, 0xE5, 0x18, 0xE5, 0x18, 0xE5, 
  0x18, 0xE5, 0x18, 0xE5, 0x18, 0xE5, 0x18, 0xE5, 0x18, 0xE5, 0x18, 0xE5, 0x18, 0xE5, 0x18, 0xE5, 
  0x18, 0xE5, 0x18, 0xE5, 0x18, 0xE5, 0x18, 0xE5, 0x18, 0xE5, 0x18, 0xE5, 0x18, 0xE5, 0x18, 0xE5, 
  0x18, 0xE5, 0x18, 0xE5, 0x18, 0xE5, 0x18, 0xE5, 0x18, 0xE5, 0x18, 0xE5, 0x18, 0xE5, 0x18, 0xE5, 
  0x18, 0xE5, 0x18, 0xE5, 0x18, 0xE5, 0x18, 0xE5, 0x18, 0xE5, 0x18, 0xE5, 0x18, 0xE5, 0x18, 0xE5, 
  0x18, 0xE5, 0x18, 0xE5, 0x18, 0xE5, 0x18, 0xE5, 0x18, 0xE5, 0x18, 0xE5, 0x18, 0xE5, 0x18, 0xE5, 
  0x18, 0xE5, 0x18, 0xE5, 0x18, 0xE5, 0x18, 0xE5, 0x18, 0xE5, 0x18, 0xE5, 0x18, 0xE5, 0x18, 0xE5, 
  0x18, 0xE5, 0x18, 0xE5, 0x18, 0xE5, 0x18, 0xE5, 0x18, 0xE5, 0x18, 0xE5, 0x18, 0xE5, 0x18, 0xE5, 
  0x18, 0xE5, 0x18, 0xE5, 0x18, 0xE5, 0x18, 0xE5, 0x18, 0xE5, 0x18, 0xE5, 0x18, 0xE5, 0x18, 0xE5, 
  0x18, 0xE5, 0x18, 0xE5, 0x18, 0xE5, 0x18, 0xE5, 0x18, 0xE5, 0x18, 0xE5, 0x18, 0xE5, 0x18, 0xE5, 
  0x18, 0xE5, 0x18, 0xE5, 0x18, 0xE5, 0x18, 0xE5, 0x18, 0xE5, 0x18, 0xE5, 0x18, 0xE5, 0x18, 0xE5, 
  0x18, 0xE5, 0x18, 0xE5, 0x18, 0xE5, 0x18, 0xE5, 0x18, 0xE5, 0x18, 0xE5, 0x18, 0xE5, 0x18, 0xE5, 
  0x18, 0xE5, 0x18, 0xE5, 0x18, 0xE5, 0x18, 0xE5, 0x18, 0xE5, 0x18, 0xE5, 0x18, 0xE5, 0x18, 0xE5, 
  0x18, 0xE5, 0x18, 0xE5, 0x18, 0xE5, 0x18, 0xE5, 0x18, 0xE5, 0x18, 0xE5, 0x18, 0xE5, 0x18, 0xE5, 
  0x18, 0xE5, 0x18, 0xE5, 0x18, 0xE5, 0x18, 0xE5, 0x18, 0xE5, 0x18, 0xE5, 0x18, 0xE5, 0x18, 0xE5, 
  0x18, 0xE5, 0x18, 0xE5, 0x18, 0xE5, 0x18, 0xE5, 0x18, 0xE5, 0x18, 0xE5, 0x18, 0xE5, 0x18, 0xE5, 
  0x18, 0xE5, 0x18, 0xE5, 0x18, 0xE5, 0x18, 0xE5, 0x18, 0xE5, 0x18, 0xE5, 0x18, 0xE5, 0x18, 0xE5, 
  0x18, 0xE5, 0x18, 0xE5, 0x18, 0xE5, 0x18, 0xE5, 0x18, 0xE5, 0x18, 0xE5, 0x18, 0xE5, 0x18, 0xE5, 
  0x18, 0xE5, 0x18, 0xE5, 0x18, 0xE5, 0x18, 0xE5, 0x18, 0xE5, 0x18, 0xE5, 0x18, 0xE5, 0x18, 0xE5, 
  0x18, 0xE5, 0x18, 0xE5, 0x18, 0xE5, 0x18, 0xE5, 0x18, 0xE5, 0x18, 0xE5, 0x18, 0xE5, 0x18, 0xE5, 
  0x18, 0xE5, 0x18, 0xE5, 0x18, 0xE5, 0x18, 0xE5, 0x18, 0xE5, 0x18, 0xE5, 0x18, 0xE5, 0x18, 0xE5, 
  0x18, 0xE5, 0x18, 0xE5, 0x18, 0xE5, 0x18, 0xE5, 0x18, 0xE5, 0x18, 0xE5, 0x18, 0xE5, 0x18, 0xE5, 
  0x18, 0xE5, 0x18, 0xE5, 0x18, 0xE5, 0x18, 0xE5, 0x18, 0xE5, 0x18, 0xE5, 0x18, 0xE5, 0x18, 0xE5, 
  0x18, 0xE5, 0x18, 0xE5, 0x18, 0xE5, 0x18, 0xE5, 0x18, 0xE5, 0x18, 0xE5, 0x18, 0xE5, 0x18, 0xE5, 
  0x18, 0xE5, 0x18, 0xE5, 0x18, 0xE5, 0x18, 0xE5, 0x18, 0xE5, 0x18, 0xE5, 0x18, 0xE5, 0x18, 0xE5, 
  0x18, 0xE5, 0x18, 0xE5, 0x18, 0xE5, 0x18, 0xE5, 0x18, 0xE5, 0x18, 0xE5, 0x18, 0xE5, 0x18, 0xE5, 
  0x18, 0xE5, 0x18, 0xE5, 0x18, 0xE5, 0x18, 0xE5, 0x18, 0xE5, 0x18, 0xE5, 0x18, 0xE5, 0x18, 0xE5, 
  0x18, 0xE5, 0x18, 0xE5, 0x18, 0xE5, 0x18, 0xE5, 0x18, 0xE5, 0x18, 0xE5, 0x18, 0xE5, 0x18, 0xE5, 
  0x18, 0xE5, 0x18, 0xE5, 0x18, 0xE5, 0x18, 0xE5, 0x18, 0xE5, 0x18, 0xE5, 0x18, 0xE5, 0x18, 0xE5, 
  0x18, 0xE5, 0x18, 0xE5, 0x18, 0xE5, 0x18, 0xE5, 0x18, 0xE5, 0x18, 0xE5, 0x18, 0xE5, 0x18, 0xE5, 
  0x18, 0xE5, 0x18, 0xE5, 0x18, 0xE5, 0x18, 0xE5, 0x18, 0xE5, 0x18, 0xE5, 0x18, 0xE5, 0x18, 0xE5, 
  0x18, 0xE5, 0x18, 0xE5, 0x18, 0xE5, 0x18, 0xE5, 0x18, 0xE5, 0x18, 0xE5, 0x18, 0xE5, 0x18, 0xE5, 
  0x18, 0xE5, 0x18, 0xE5, 0x18, 0xE5, 0x18, 0xE5, 0x18, 0xE5, 0x18, 0xE5, 0x18, 0xE5, 0x18, 0xE5, 
  0x21, 0x05, 0x21, 0x05, 0x21, 0x05, 0x21, 0x05, 0x21, 0x05, 0x21, 0x05, 0x21, 0x05, 0x21, 0x05, 
  0x21, 0x05, 0x21, 0x05, 0x21, 0x05, 0x21, 0x05, 0x21, 0x05, 0x21, 0x05, 0x21, 0x05, 0x21, 0x05, 
  0x21, 0x05, 0x21, 0x05, 0x21, 0x05, 0x21, 0x05, 0x21, 0x05, 0x21, 0x05, 0x21, 0x05, 0x21, 0x05, 
  0x21, 0x05, 0x21, 0x05, 0x21, 0x05, 0x21, 0x05, 0x21, 0x05, 0x21, 0x05, 0x21, 0x05, 0x21, 0x05, 
  0x21, 0x05, 0x21, 0x05, 0x21, 0x05, 0x21, 0x05, 0x21, 0x05, 0x21, 0x05, 0x21, 0x05, 0x21, 0x05, 
  0x21, 0x05, 0x21, 0x05, 0x21, 0x05, 0x21, 0x05, 0x21, 0x05, 0x21, 0x05, 0x21, 0x05, 0x21, 0x05, 
  0x21, 0x05, 0x21, 0x05, 0x21, 0x05, 0x21, 0x05, 0x21, 0x05, 0x21, 0x05, 0x21, 0x05, 0x21, 0x05, 
  0x21, 0x05, 0x21, 0x05, 0x21, 0x05, 0x21, 0x05, 0x21, 0x05, 0x21, 0x05, 0x21, 0x05, 0x21, 0x05, 
  0x21, 0x05, 0x21, 0x05, 0x21, 0x05, 0x21, 0x05, 0x21, 0x05, 0x21, 0x05, 0x21, 0x05, 0x21, 0x05, 
  0x21, 0x05, 0x21, 0x05, 0x21, 0x05, 0x21, 0x05, 0x21, 0x05, 0x21, 0x05, 0x21, 0x05, 0x21, 0x05, 
  0x21, 0x05, 0x21, 0x05, 0x21, 0x05, 0x21, 0x05, 0x21, 0x05, 0x21, 0x05, 0x21, 0x05, 0x21, 0x05, 
  0x21, 0x05, 0x21, 0x05, 0x21, 0x05, 0x21, 0x05, 0x21, 0x05, 0x21, 0x05, 0x21, 0x05, 0x21, 0x05, 
  0x21, 0x05, 0x21, 0x05, 0x21, 0x05, 0x21, 0x05, 0x21, 0x05, 0x21, 0x05, 0x21, 0x05, 0x21, 0x05, 
  0x21, 0x05, 0x21, 0x05, 0x21, 0x05, 0x21, 0x05, 0x21, 0x05, 0x21, 0x05, 0x21, 0x05, 0x21, 0x05, 
  0x21, 0x05, 0x21, 0x05, 0x21, 0x05, 0x21, 0x05, 0x21, 0x05, 0x21, 0x05, 0x21, 0x05, 0x21, 0x05, 
  0x21, 0x05, 0x21, 0x05, 0x21, 0x05, 0x21, 0x05, 0x21, 0x05, 0x21, 0x05, 0x21, 0x05, 0x21, 0x05, 
  0x21, 0x05, 0x21, 0x05, 0x21, 0x05, 0x21, 0x05, 0x21, 0x05, 0x21, 0x05, 0x21, 0x05, 0x21, 0x05, 
  0x21, 0x05, 0x21, 0x05, 0x21, 0x05, 0x21, 0x05, 0x21, 0x05, 0x21, 0x05, 0x21, 0x05, 0x21, 0x05, 
  0x21, 0x05, 0x21, 0x05, 0x21, 0x05, 0x21, 0x05, 0x21, 0x05, 0x21, 0x05, 0x21, 0x05, 0x21, 0x05, 
  0x21, 0x05, 0x21, 0x05, 0x21, 0x05, 0x21, 0x05, 0x21, 0x05, 0x21, 0x05, 0x21, 0x05, 0x21, 0x05, 
  0x21, 0x05, 0x21, 0x05, 0x21, 0x05, 0x21, 0x05, 0x21, 0x05, 0x21, 0x05, 0x21, 0x05, 0x21, 0x05, 
  0x21, 0x05, 0x21, 0x05, 0x21, 0x05, 0x21, 0x05, 0x21, 0x05, 0x21, 0x05, 0x21, 0x05, 0x21, 0x05, 
  0x21, 0x05, 0x21, 0x05, 0x21, 0x05, 0x21, 0x05, 0x21, 0x05, 0x21, 0x05, 0x21, 0x05, 0x21, 0x05, 
  0x21, 0x05, 0x21, 0x05, 0x21, 0x05, 0x21, 0x05, 0x21, 0x05, 0x21, 0x05, 0x21, 0x05, 0x21, 0x05, 
  0x21, 0x05, 0x21, 0x05, 0x21, 0x05, 0x21, 0x05, 0x21, 0x05, 0x21, 0x05, 0x21, 0x05, 0x21, 0x05, 
  0x21, 0x05, 0x21, 0x05, 0x21, 0x05, 0x21, 0x05, 0x21, 0x05, 0x21, 0x05, 0x21, 0x05, 0x21, 0x05, 
  0x21, 0x05, 0x21, 0x05, 0x21, 0x05, 0x21, 0x05, 0x21, 0x05, 0x21, 0x05, 0x21, 0x05, 0x21, 0x05, 
  0x21, 0x05, 0x21, 0x05, 0x21, 0x05, 0x21, 0x05, 0x21, 0x05, 0x21, 0x05, 0x21, 0x05, 0x21, 0x05, 
  0x21, 0x05, 0x21, 0x05, 0x21, 0x05, 0x21, 0x05, 0x21, 0x05, 0x21, 0x05, 0x21, 0x05, 0x21, 0x05, 
  0x21, 0x05, 0x21, 0x05, 0x21, 0x05, 0x21, 0x05, 0x21, 0x05, 0x21, 0x05, 0x21, 0x05, 0x21, 0x05, 
  0x21, 0x05, 0x21, 0x05, 0x21, 0x05, 0x21, 0x05, 0x21, 0x05, 0x21, 0x05, 0x21, 0x05, 0x21, 0x05, 
  0x21, 0x05, 0x21, 0x05, 0x21, 0x05, 0x21, 0x05, 0x21, 0x05, 0x21, 0x05, 0x21, 0x05, 0x21, 0x05, 
  0x21, 0x05, 0x21, 0x05, 0x21, 0x05, 0x21, 0x05, 0x21, 0x05, 0x21, 0x05, 0x21, 0x05, 0x21, 0x05, 
  0x21, 0x05, 0x21, 0x05, 0x21, 0x05, 0x21, 0x05, 0x21, 0x05, 0x21, 0x05, 0x21, 0x05, 0x21, 0x05, 
  0x21, 0x05, 0x21, 0x05, 0x21, 0x05, 0x21, 0x05, 0x21, 0x05, 0x21, 0x05, 0x21, 0x05, 0x21, 0x05, 
  0x21, 0x05, 0x21, 0x05, 0x21, 0x05, 0x21, 0x05, 0x21, 0x05, 0x21, 0x05, 0x21, 0x05, 0x21, 0x05, 
  0x21, 0x05, 0x21, 0x05, 0x21, 0x05, 0x21, 0x05, 0x21, 0x05, 0x21, 0x05, 0x21, 0x05, 0x21, 0x05, 
  0x21, 0x05, 0x21, 0x05, 0x21, 0x05, 0x21, 0x05, 0x21, 0x05, 0x21, 0x05, 0x21, 0x05, 0x21, 0x05, 
  0x21, 0x05, 0x21, 0x05, 0x21, 0x05, 0x21, 0x05, 0x21, 0x05, 0x21, 0x05, 0x21, 0x05, 0x21, 0x05, 
  0x21, 0x05, 0x21, 0x05, 0x21, 0x05, 0x21, 0x05, 0x21, 0x05, 0x21, 0x05, 0x21, 0x05, 0x21, 0x05, 
  0x21, 0x05, 0x21, 0x05, 0x21, 0x05, 0x21, 0x05, 0x21, 0x05, 0x21, 0x05, 0x21, 0x05, 0x21, 0x05, 
  0x21, 0x05, 0x21, 0x05, 0x21, 0x05, 0x21, 0x05, 0x21, 0x05, 0x21, 0x05, 0x21, 0x05, 0x21, 0x05, 
  0x21, 0x05, 0x21, 0x05, 0x21, 0x05, 0x21, 0x05, 0x21, 0x05, 0x21, 0x05, 0x21, 0x05, 0x21, 0x05, 
  0x21, 0x05, 0x21, 0x05, 0x21, 0x05, 0x21, 0x05, 0x21, 0x05, 0x21, 0x05, 0x21, 0x05, 0x21, 0x05, 
  0x21, 0x05, 0x21, 0x05, 0x21, 0x05, 0x21, 0x05, 0x21, 0x05, 0x21, 0x05, 0x21, 0x05, 0x21, 0x05, 
  0x21, 0x05, 0x21, 0x05, 0x21, 0x05, 0x21, 0x05, 0x21, 0x05, 0x21, 0x05, 0x21, 0x05, 0x21, 0x05, 
  0x21, 0x05, 0x21, 0x05, 0x21, 0x05, 0x21, 0x05, 0x21, 0x05, 0x21, 0x05, 0x21, 0x05, 0x21, 0x05, 
  0x21, 0x05, 0x21, 0x05, 0x21, 0x05, 0x21, 0x05, 0x21, 0x05, 0x21, 0x05, 0x21, 0x05, 0x21, 0x05, 
  0x21, 0x05, 0x21, 0x05, 0x21, 0x05, 0x21, 0x05, 0x21, 0x05, 0x21, 0x05, 0x21, 0x05, 0x21, 0x05, 
  0x21, 0x05, 0x21, 0x05, 0x21, 0x05, 0x21, 0x05, 0x21, 0x05, 0x21, 0x05, 0x21, 0x05, 0x21, 0x05, 
  0x21, 0x05, 0x21, 0x05, 0x21, 0x05, 0x21, 0x05, 0x21, 0x05, 0x21, 0x05, 0x21, 0x05, 0x21, 0x05, 
  0x21, 0x05, 0x21, 0x05, 0x21, 0x05, 0x21, 0x05, 0x21, 0x05, 0x21, 0x05, 0x21, 0x05, 0x21, 0x05, 
  0x21, 0x05, 0x21, 0x05, 0x21, 0x05, 0x21, 0x05, 0x21, 0x05, 0x21, 0x05, 0x21, 0x05, 0x21, 0x05, 
  0x21, 0x05, 0x21, 0x05, 0x21, 0x05, 0x21, 0x05, 0x21, 0x05, 0x21, 0x05, 0x21, 0x05, 0x21, 0x05, 
  0x21, 0x05, 0x21, 0x05, 0x21, 0x05, 0x21, 0x05, 0x21, 0x05, 0x21, 0x05, 0x21, 0x05, 0x21, 0x05, 
  0x21, 0x05, 0x21, 0x05, 0x21, 0x05, 0x21, 0x05, 0x21, 0x05, 0x21, 0x05, 0x21, 0x05, 0x21, 0x05, 
  0x21, 0x05, 0x21, 0x05, 0x21, 0x05, 0x21, 0x05, 0x21, 0x05, 0x21, 0x05, 0x21, 0x05, 0x21, 0x05, 
  0x21, 0x05, 0x21, 0x05, 0x21, 0x05, 0x21, 0x05, 0x21, 0x05, 0x21, 0x05, 0x21, 0x05, 0x21, 0x05, 
  0x21, 0x05, 0x21, 0x05, 0x21, 0x05, 0x21, 0x05, 0x21, 0x05, 0x21, 0x05, 0x21, 0x05, 0x21, 0x05, 
  0x21, 0x05, 0x21, 0x05, 0x21, 0x05, 0x21, 0x05, 0x21, 0x05, 0x21, 0x05, 0x21, 0x05, 0x21, 0x05, 
  0x21, 0x05, 0x21, 0x05, 0x21, 0x05, 0x21, 0x05, 0x21, 0x05, 0x21, 0x05, 0x21, 0x05, 0x21, 0x05, 
  0x21, 0x05, 0x21, 0x05, 0x21, 0x05, 0x21, 0x05, 0x21, 0x05, 0x21, 0x05, 0x21, 0x05, 0x21, 0x05, 
  0x21, 0x05, 0x21, 0x05, 0x21, 0x05, 0x21, 0x05, 0x21, 0x05, 0x21, 0x05, 0x21, 0x05, 0x21, 0x05, 
  0x21, 0x05, 0x21, 0x05, 0x21, 0x05, 0x21, 0x05, 0x21, 0x05, 0x21, 0x05, 0x21, 0x05, 0x21, 0x05, 
  0x21, 0x05, 0x21, 0x05, 0x21, 0x05, 0x21, 0x05, 0x21, 0x05, 0x21, 0x05, 0x21, 0x05, 0x21, 0x05, 
  0x21, 0x05, 0x21, 0x05, 0x21, 0x05, 0x21, 0x05, 0x21, 0x05, 0x21, 0x05, 0x21, 0x05, 0x21, 0x05, 
  0x21, 0x05, 0x21, 0x05, 0x21, 0x05, 0x21, 0x05, 0x21, 0x05, 0x21, 0x05, 0x21, 0x05, 0x21, 0x05, 
  0x21, 0x05, 0x21, 0x05, 0x21, 0x05, 0x21, 0x05, 0x21, 0x05, 0x21, 0x05, 0x21, 0x05, 0x21, 0x05, 
  0x21, 0x05, 0x21, 0x05, 0x21, 0x05, 0x21, 0x05, 0x21, 0x05, 0x21, 0x05, 0x21, 0x05, 0x21, 0x05, 
  0x21, 0x05, 0x21, 0x05, 0x21, 0x05, 0x21, 0x05, 0x21, 0x05, 0x21, 0x05, 0x21, 0x05, 0x21, 0x05, 
  0x21, 0x05, 0x21, 0x05, 0x21, 0x05, 0x21, 0x05, 0x21, 0x05, 0x21, 0x05, 0x21, 0x05, 0x21, 0x05, 
  0x21, 0x05, 0x21, 0x05, 0x21, 0x05, 0x21, 0x05, 0x21, 0x05, 0x21, 0x05, 0x21, 0x05, 0x21, 0x05, 
  0x21, 0x05, 0x21, 0x05, 0x21, 0x05, 0x21, 0x05, 0x21, 0x05, 0x21, 0x05, 0x21, 0x05, 0x21, 0x05, 
  0x21, 0x05, 0x21, 0x05, 0x21, 0x05, 0x21, 0x05, 0x21, 0x05, 0x21, 0x05, 0x21, 0x05, 0x21, 0x05, 
  0x21, 0x05, 0x21, 0x05, 0x21, 0x05, 0x21, 0x05, 0x21, 0x05, 0x21, 0x05, 0x21, 0x05, 0x21, 0x05, 
  0x21, 0x05, 0x21, 0x05, 0x21, 0x05, 0x21, 0x05, 0x21, 0x05, 0x21, 0x05, 0x21, 0x05, 0x21, 0x05, 
  0x21, 0x05, 0x21, 0x05, 0x21, 0x05, 0x21, 0x05, 0x21, 0x05, 0x21, 0x05, 0x21, 0x05, 0x21, 0x05, 
  0x21, 0x05, 0x21, 0x05, 0x21, 0x05, 0x21, 0x05, 0x21, 0x05, 0x21, 0x05, 0x21, 0x05, 0x21, 0x05, 
  0x21, 0x05, 0x21, 0x05, 0x21, 0x05, 0x21, 0x05, 0x21, 0x05, 0x21, 0x05, 0x21, 0x05, 0x21, 0x05, 
  0x21, 0x05, 0x21, 0x05, 0x21, 0x05, 0x21, 0x05, 0x21, 0x05, 0x21, 0x05, 0x21, 0x05, 0x21, 0x05, 
  0x21, 0x05, 0x21, 0x05, 0x21, 0x05, 0x21, 0x05, 0x21, 0x05, 0x21, 0x05, 0x21, 0x05, 0x21, 0x05, 
  0x21, 0x05, 0x21, 0x05, 0x21, 0x05, 0x21, 0x05, 0x21, 0x05, 0x21, 0x05, 0x21, 0x05, 0x21, 0x05, 
  0x21, 0x05, 0x21, 0x05, 0x21, 0x05, 0x21, 0x05, 0x21, 0x05, 0x21, 0x05, 0x21, 0x05, 0x21, 0x05, 
  0x21, 0x05, 0x21, 0x05, 0x21, 0x05, 0x21, 0x05, 0x21, 0x05, 0x21, 0x05, 0x21, 0x05, 0x21, 0x05, 
  0x21, 0x05, 0x21, 0x05, 0x21, 0x05, 0x21, 0x05, 0x21, 0x05, 0x21, 0x05, 0x21, 0x05, 0x21, 0x05, 
  0x21, 0x05, 0x21, 0x05, 0x21, 0x05, 0x21, 0x05, 0x21, 0x05, 0x21, 0x05, 0x21, 0x05, 0x21, 0x05, 
  0x21, 0x05, 0x21, 0x05, 0x21, 0x05, 0x21, 0x05, 0x21, 0x05, 0x21, 0x05, 0x21, 0x05, 0x21, 0x05, 
  0x21, 0x05, 0x21, 0x05, 0x21, 0x05, 0x21, 0x05, 0x21, 0x05, 0x21, 0x05, 0x21, 0x05, 0x21, 0x05, 
  0x21, 0x05, 0x21, 0x05, 0x21, 0x05, 0x21, 0x05, 0x21, 0x05, 0x21, 0x05, 0x21, 0x05, 0x21, 0x05, 
  0x21, 0x05, 0x21, 0x05, 0x21, 0x05, 0x21, 0x05, 0x21, 0x05, 0x21, 0x05, 0x21, 0x05, 0x21, 0x05, 
  0x21, 0x05, 0x21, 0x05, 0x21, 0x05, 0x21, 0x05, 0x21, 0x05, 0x21, 0x05, 0x21, 0x05, 0x21, 0x05, 
  0x21, 0x05, 0x21, 0x05, 0x21, 0x05, 0x21, 0x05, 0x21, 0x05, 0x21, 0x05, 0x21, 0x05, 0x21, 0x05, 
  0x21, 0x05, 0x21, 0x05, 0x21, 0x05, 0x21, 0x05, 0x21, 0x05, 0x21, 0x05, 0x21, 0x05, 0x21, 0x05, 
  0x21, 0x05, 0x21, 0x05, 0x21, 0x05, 0x21, 0x05, 0x21, 0x05, 0x21, 0x05, 0x21, 0x05, 0x21, 0x05, 
  0x21, 0x05, 0x21, 0x05, 0x21, 0x05, 0x21, 0x05, 0x21, 0x05, 0x21, 0x05, 0x21, 0x05, 0x21, 0x05, 
  0x21, 0x05, 0x21, 0x05, 0x21, 0x05, 0x21, 0x05, 0x21, 0x05, 0x21, 0x05, 0x21, 0x05, 0x21, 0x05, 
  0x21, 0x05, 0x21, 0x05, 0x21, 0x05, 0x21, 0x05, 0x21, 0x05, 0x21, 0x05, 0x21, 0x05, 0x21, 0x05, 
  0x21, 0x05, 0x21, 0x05, 0x21, 0x05, 0x21, 0x05, 0x21, 0x05, 0x21, 0x05, 0x21, 0x05, 0x21, 0x05, 
  0x21, 0x05, 0x21, 0x05, 0x21, 0x05, 0x21, 0x05, 0x21, 0x05, 0x21, 0x05, 0x21, 0x05, 0x21, 0x05, 
  0x21, 0x05, 0x21, 0x05, 0x21, 0x05, 0x21, 0x05, 0x21, 0x05, 0x21, 0x05, 0x21, 0x05, 0x21, 0x05, 
  0x21, 0x05, 0x21, 0x05, 0x21, 0x05, 0x21, 0x05, 0x21, 0x05, 0x21, 0x05, 0x21, 0x05, 0x21, 0x05, 
  0x21, 0x05, 0x21, 0x05, 0x21, 0x05, 0x21, 0x05, 0x21, 0x05, 0x21, 0x05, 0x21, 0x05, 0x21, 0x05, 
  0x21, 0x05, 0x21, 0x05, 0x21, 0x05, 0x21, 0x05, 0x21, 0x05, 0x21, 0x05, 0x21, 0x05, 0x21, 0x05, 
  0x21, 0x05, 0x21, 0x05, 0x21, 0x05, 0x21, 0x05, 0x21, 0x05, 0x21, 0x05, 0x21, 0x05, 0x21, 0x05, 
  0x21, 0x05, 0x21, 0x05, 0x21, 0x05, 0x21, 0x05, 0x21, 0x05, 0x21, 0x05, 0x21, 0x05, 0x21, 0x05, 
  0x21, 0x05, 0x21, 0x05, 0x21, 0x05, 0x21, 0x05, 0x21, 0x05, 0x21, 0x05, 0x21, 0x05, 0x21, 0x05, 
  0x21, 0x05, 0x21, 0x05, 0x21, 0x05, 0x21, 0x05, 0x21, 0x05, 0x21, 0x05, 0x21, 0x05, 0x21, 0x05, 
  0x21, 0x05, 0x21, 0x05, 0x21, 0x05, 0x21, 0x05, 0x21, 0x05, 0x21, 0x05, 0x21, 0x05, 0x21, 0x05, 
  0x21, 0x05, 0x21, 0x05, 0x21, 0x05, 0x21, 0x05, 0x21, 0x05, 0x21, 0x05, 0x21, 0x05, 0x21, 0x05, 
  0x21, 0x05, 0x21, 0x05, 0x21, 0x05, 0x21, 0x05, 0x21, 0x05, 0x21, 0x05, 0x21, 0x05, 0x21, 0x05, 
  0x21, 0x05, 0x21, 0x05, 0x21, 0x05, 0x21, 0x05, 0x21, 0x05, 0x21, 0x05, 0x21, 0x05, 0x21, 0x05, 
  0x21, 0x05, 0x21, 0x05, 0x21, 0x05, 0x21, 0x05, 0x21, 0x05, 0x21, 0x05, 0x21, 0x05, 0x21, 0x05, 
  0x21, 0x05, 0x21, 0x05, 0x21, 0x05, 0x21, 0x05, 0x21, 0x05, 0x21, 0x05, 0x21, 0x05, 0x21, 0x05, 
  0x21, 0x05, 0x21, 0x05, 0x21, 0x05, 0x21, 0x05, 0x21, 0x05, 0x21, 0x05, 0x21, 0x05, 0x21, 0x05, 
  0x21, 0x05, 0x21, 0x05, 0x21, 0x05, 0x21, 0x05, 0x21, 0x05, 0x21, 0x05, 0x21, 0x05, 0x21, 0x05, 
  0x21, 0x05, 0x21, 0x05, 0x21, 0x05, 0x21, 0x05, 0x21, 0x05, 0x21, 0x05, 0x21, 0x05, 0x21, 0x05, 
  0x21, 0x05, 0x21, 0x05, 0x21, 0x05, 0x21, 0x05, 0x21, 0x05, 0x21, 0x05, 0x21, 0x05, 0x21, 0x05, 
  0x21, 0x05, 0x21, 0x05, 0x21, 0x05, 0x21, 0x05, 0x21, 0x05, 0x21, 0x05, 0x21, 0x05, 0x21, 0x05, 
  0x21, 0x05, 0x21, 0x05, 0x21, 0x05, 0x21, 0x05, 0x21, 0x05, 0x21, 0x05, 0x21, 0x05, 0x21, 0x05, 
  0x21, 0x05, 0x21, 0x05, 0x21, 0x05, 0x21, 0x05, 0x21, 0x05, 0x21, 0x05, 0x21, 0x05, 0x21, 0x05, 
  0x21, 0x05, 0x21, 0x05, 0x21, 0x05, 0x21, 0x05, 0x21, 0x05, 0x21, 0x05, 0x21, 0x05, 0x21, 0x05, 
  0x21, 0x05, 0x21, 0x05, 0x21, 0x05, 0x21, 0x05, 0x21, 0x05, 0x21, 0x05, 0x21, 0x05, 0x21, 0x05, 
  0x21, 0x05, 0x21, 0x05, 0x21, 0x05, 0x21, 0x05, 0x21, 0x05, 0x21, 0x05, 0x21, 0x05, 0x21, 0x05, 
  0x21, 0x05, 0x21, 0x05, 0x21, 0x05, 0x21, 0x05, 0x21, 0x05, 0x21, 0x05, 0x21, 0x05, 0x21, 0x05, 
  0x21, 0x05, 0x21, 0x05, 0x21, 0x05, 0x21, 0x05, 0x21, 0x05, 0x21, 0x05, 0x21, 0x05, 0x21, 0x05, 
  0x21, 0x05, 0x21, 0x05, 0x21, 0x05, 0x21, 0x05, 0x21, 0x05, 0x21, 0x05, 0x21, 0x05, 0x21, 0x05, 
  0x21, 0x05, 0x21, 0x05, 0x21, 0x05, 0x21, 0x05, 0x21, 0x05, 0x21, 0x05, 0x21, 0x05, 0x21, 0x05, 
  0x21, 0x05, 0x21, 0x05, 0x21, 0x05, 0x21, 0x05, 0x21, 0x05, 0x21, 0x05, 0x21, 0x05, 0x21, 0x05, 
  0x21, 0x05, 0x21, 0x05, 0x21, 0x05, 0x21, 0x05, 0x21, 0x05, 0x21, 0x05, 0x21, 0x05, 0x21, 0x05, 
  0x21, 0x05, 0x21, 0x05, 0x21, 0x05, 0x21, 0x05, 0x21, 0x05, 0x21, 0x05, 0x21, 0x05, 0x21, 0x05, 
  0x21, 0x05, 0x21, 0x05, 0x21, 0x05, 0x21, 0x05, 0x21, 0x05, 0x21, 0x05, 0x21, 0x05, 0x21, 0x05, 
  0x21, 0x05, 0x21, 0x05, 0x21, 0x05, 0x21, 0x05, 0x21, 0x05, 0x21, 0x05, 0x21, 0x05, 0x21, 0x05, 
  0x21, 0x05, 0x21, 0x05, 0x21, 0x05, 0x21, 0x05, 0x21, 0x05, 0x21, 0x05, 0x21, 0x05, 0x21, 0x05, 
  0x21, 0x05, 0x21, 0x05, 0x21, 0x05, 0x21, 0x05, 0x21, 0x05, 0x21, 0x05, 0x21, 0x05, 0x21, 0x05, 
  0x21, 0x05, 0x21, 0x05, 0x21, 0x05, 0x21, 0x05, 0x21, 0x05, 0x21, 0x05, 0x21, 0x05, 0x21, 0x05, 
  0x21, 0x05, 0x21, 0x05, 0x21, 0x05, 0x21, 0x05, 0x21, 0x05, 0x21, 0x05, 0x21, 0x05, 0x21, 0x05, 
  0x21, 0x05, 0x21, 0x05, 0x21, 0x05, 0x21, 0x05, 0x21, 0x05, 0x21, 0x05, 0x21, 0x05, 0x21, 0x05, 
  0x21, 0x05, 0x21, 0x05, 0x21, 0x05, 0x21, 0x05, 0x21, 0x05, 0x21, 0x05, 0x21, 0x05, 0x21, 0x05, 
  0x21, 0x05, 0x21, 0x05, 0x21, 0x05, 0x21, 0x05, 0x21, 0x05, 0x21, 0x05, 0x21, 0x05, 0x21, 0x05, 
  0x21, 0x05, 0x21, 0x05, 0x21, 0x05, 0x21, 0x05, 0x21, 0x05, 0x21, 0x05, 0x21, 0x05, 0x21, 0x05, 
  0x21, 0x05, 0x21, 0x05, 0x21, 0x05, 0x21, 0x05, 0x21, 0x05, 0x21, 0x05, 0x21, 0x05, 0x21, 0x05, 
  0x21, 0x05, 0x21, 0x05, 0x21, 0x05, 0x21, 0x05, 0x21, 0x05, 0x21, 0x05, 0x21, 0x05, 0x21, 0x05, 
  0x21, 0x05, 0x21, 0x05, 0x21, 0x05, 0x21, 0x05, 0x21, 0x05, 0x21, 0x05, 0x21, 0x05, 0x21, 0x05, 
  0x21, 0x05, 0x21, 0x05, 0x21, 0x05, 0x21, 0x05, 0x21, 0x05, 0x21, 0x05, 0x21, 0x05, 0x21, 0x05, 
  0x21, 0x05, 0x21, 0x05, 0x21, 0x05, 0x21, 0x05, 0x21, 0x05, 0x21, 0x05, 0x21, 0x05, 0x21, 0x05, 
  0x21, 0x05, 0x21, 0x05, 0x21, 0x05, 0x21, 0x05, 0x21, 0x05, 0x21, 0x05, 0x21, 0x05, 0x21, 0x05, 
  0x21, 0x05, 0x21, 0x05, 0x21, 0x05, 0x21, 0x05, 0x21, 0x05, 0x21, 0x05, 0x21, 0x05, 0x21, 0x05, 
  0x21, 0x05, 0x21, 0x05, 0x21, 0x05, 0x21, 0x05, 0x21, 0x05, 0x21, 0x05, 0x21, 0x05, 0x21, 0x05, 
  0x21, 0x05, 0x21, 0x05, 0x21, 0x05, 0x21, 0x05, 0x21, 0x05, 0x21, 0x05, 0x21, 0x05, 0x21, 0x05, 
  0x21, 0x05, 0x21, 0x05, 0x21, 0x05, 0x21, 0x05, 0x21, 0x05, 0x21, 0x05, 0x21, 0x05, 0x21, 0x05, 
  0x21, 0x05, 0x21, 0x05, 0x21, 0x05, 0x21, 0x05, 0x21, 0x05, 0x21, 0x05, 0x21, 0x05, 0x21, 0x05, 
  0x21, 0x05, 0x21, 0x05, 0x21, 0x05, 0x21, 0x05, 0x21, 0x05, 0x21, 0x05, 0x21, 0x05, 0x21, 0x05, 
  0x21, 0x05, 0x21, 0x05, 0x21, 0x05, 0x21, 0x05, 0x21, 0x05, 0x21, 0x05, 0x21, 0x05, 0x21, 0x05, 
  0x21, 0x05, 0x21, 0x05, 0x21, 0x05, 0x21, 0x05, 0x21, 0x05, 0x21, 0x05, 0x21, 0x05, 0x21, 0x05, 
  0x21, 0x05, 0x21, 0x05, 0x21, 0x05, 0x21, 0x05, 0x21, 0x05, 0x21, 0x05, 0x21, 0x05, 0x21, 0x05, 
  0x21, 0x05, 0x21, 0x05, 0x21, 0x05, 0x21, 0x05, 0x21, 0x05, 0x21, 0x05, 0x21, 0x05, 0x21, 0x05, 
  0x21, 0x05, 0x21, 0x05, 0x21, 0x05, 0x21, 0x05, 0x21, 0x05, 0x21, 0x05, 0x21, 0x05, 0x21, 0x05, 
  0x21, 0x05, 0x21, 0x05, 0x21, 0x05, 0x21, 0x05, 0x21, 0x05, 0x21, 0x05, 0x21, 0x05, 0x21, 0x05, 
  0x21, 0x05, 0x21, 0x05, 0x21, 0x05, 0x21, 0x05, 0x21, 0x05, 0x21, 0x05, 0x21, 0x05, 0x21, 0x05, 
  0x21, 0x05, 0x21, 0x05, 0x21, 0x05, 0x21, 0x05, 0x21, 0x05, 0x21, 0x05, 0x21, 0x05, 0x21, 0x05, 
  0x21, 0x05, 0x21, 0x05, 0x21, 0x05, 0x21, 0x05, 0x21, 0x05, 0x21, 0x05, 0x21, 0x05, 0x21, 0x05, 
  0x21, 0x05, 0x21, 0x05, 0x21, 0x05, 0x21, 0x05, 0x21, 0x05, 0x21, 0x05, 0x21, 0x05, 0x21, 0x05, 
  0x21, 0x05, 0x21, 0x05, 0x21, 0x05, 0x21, 0x05, 0x21, 0x05, 0x21, 0x05, 0x21, 0x05, 0x21, 0x05, 
  0x21, 0x05, 0x21, 0x05, 0x21, 0x05, 0x21, 0x05, 0x21, 0x05, 0x21, 0x05, 0x21, 0x05, 0x21, 0x05, 
  0x21, 0x05, 0x21, 0x05, 0x21, 0x05, 0x21, 0x05, 0x21, 0x05, 0x21, 0x05, 0x21, 0x05, 0x21, 0x05, 
  0x21, 0x05, 0x21, 0x05, 0x21, 0x05, 0x21, 0x05, 0x21, 0x05, 0x21, 0x05, 0x21, 0x05, 0x21, 0x05, 
  0x21, 0x05, 0x21, 0x05, 0x21, 0x05, 0x21, 0x05, 0x21, 0x05, 0x21, 0x05, 0x21, 0x05, 0x21, 0x05, 
  0x21, 0x05, 0x21, 0x05, 0x21, 0x05, 0x21, 0x05, 0x21, 0x05, 0x21, 0x05, 0x21, 0x05, 0x21, 0x05, 
  0x21, 0x05, 0x21, 0x05, 0x21, 0x05, 0x21, 0x05, 0x21, 0x05, 0x21, 0x05, 0x21, 0x05, 0x21, 0x05, 
  0x21, 0x05, 0x21, 0x05, 0x21, 0x05, 0x21, 0x05, 0x21, 0x05, 0x21, 0x05, 0x21, 0x05, 0x21, 0x05, 
  0x21, 0x05, 0x21, 0x05, 0x21, 0x05, 0x21, 0x05, 0x21, 0x05, 0x21, 0x05, 0x21, 0x05, 0x21, 0x05, 
  0x21, 0x05, 0x21, 0x05, 0x21, 0x05, 0x21, 0x05, 0x21, 0x05, 0x21, 0x05, 0x21, 0x05, 0x21, 0x05, 
  0x21, 0x05, 0x21, 0x05, 0x21, 0x05, 0x21, 0x05, 0x21, 0x05, 0x21, 0x05, 0x21, 0x05, 0x21, 0x05, 
  0x21, 0x05, 0x21, 0x05, 0x21, 0x05, 0x21, 0x05, 0x21, 0x05, 0x21, 0x05, 0x21, 0x05, 0x21, 0x05, 
  0x21, 0x05, 0x21, 0x05, 0x21, 0x05, 0x21, 0x05, 0x21, 0x05, 0x21, 0x05, 0x21, 0x05, 0x21, 0x05, 
  0x21, 0x05, 0x21, 0x05, 0x21, 0x05, 0x21, 0x05, 0x21, 0x05, 0x21, 0x05, 0x21, 0x05, 0x21, 0x05, 
  0x21, 0x05, 0x21, 0x05, 0x21, 0x05, 0x21, 0x05, 0x21, 0x05, 0x21, 0x05, 0x21, 0x05, 0x21, 0x05, 
  0x21, 0x05, 0x21, 0x05, 0x21, 0x05, 0x21, 0x05, 0x21, 0x05, 0x21, 0x05, 0x21, 0x05, 0x21, 0x05, 
  0x21, 0x05, 0x21, 0x05, 0x21, 0x05, 0x21, 0x05, 0x21, 0x05, 0x21, 0x05, 0x21, 0x05, 0x21, 0x05, 
  0x21, 0x05, 0x21, 0x05, 0x21, 0x05, 0x21, 0x05, 0x21, 0x05, 0x21, 0x05, 0x21, 0x05, 0x21, 0x05, 
  0x21, 0x05, 0x21, 0x05, 0x21, 0x05, 0x21, 0x05, 0x21, 0x05, 0x21, 0x05, 0x21, 0x05, 0x21, 0x05, 
  0x21, 0x05, 0x21, 0x05, 0x21, 0x05, 0x21, 0x05, 0x21, 0x05, 0x21, 0x05, 0x21, 0x05, 0x21, 0x05, 
  0x21, 0x05, 0x21, 0x05, 0x21, 0x05, 0x21, 0x05, 0x21, 0x05, 0x21, 0x05, 0x21, 0x05, 0x21, 0x05, 
  0x21, 0x05, 0x21, 0x05, 0x21, 0x05, 0x21, 0x05, 0x21, 0x05, 0x21, 0x05, 0x21, 0x05, 0x21, 0x05, 
  0x21, 0x05, 0x21, 0x05, 0x21, 0x05, 0x21, 0x05, 0x21, 0x05, 0x21, 0x05, 0x21, 0x05, 0x21, 0x05, 
  0x21, 0x05, 0x21, 0x05, 0x21, 0x05, 0x21, 0x05, 0x21, 0x05, 0x21, 0x05, 0x21, 0x05, 0x21, 0x05, 
  0x21, 0x05, 0x21, 0x05, 0x21, 0x05, 0x21, 0x05, 0x21, 0x05, 0x21, 0x05, 0x21, 0x05, 0x21, 0x05, 
  0x21, 0x05, 0x21, 0x05, 0x21, 0x05, 0x21, 0x05, 0x21, 0x05, 0x21, 0x05, 0x21, 0x05, 0x21, 0x05, 
  0x21, 0x05, 0x21, 0x05, 0x21, 0x05, 0x21, 0x05, 0x21, 0x05, 0x21, 0x05, 0x21, 0x05, 0x21, 0x05, 
  0x21, 0x05, 0x21, 0x05, 0x21, 0x05, 0x21, 0x05, 0x21, 0x05, 0x21, 0x05, 0x21, 0x05, 0x21, 0x05, 
  0x21, 0x05, 0x21, 0x05, 0x21, 0x05, 0x21, 0x05, 0x21, 0x05, 0x21, 0x05, 0x21, 0x05, 0x21, 0x05, 
  0x21, 0x05, 0x21, 0x05, 0x21, 0x05, 0x21, 0x05, 0x21, 0x05, 0x21, 0x05, 0x21, 0x05, 0x21, 0x05, 
  0x21, 0x05, 0x21, 0x05, 0x21, 0x05, 0x21, 0x05, 0x21, 0x05, 0x21, 0x05, 0x21, 0x05, 0x21, 0x05, 
  0x21, 0x05, 0x21, 0x05, 0x21, 0x05, 0x21, 0x05, 0x21, 0x05, 0x21, 0x05, 0x21, 0x05, 0x21, 0x05, 
  0x21, 0x05, 0x21, 0x05, 0x21, 0x05, 0x21, 0x05, 0x21, 0x05, 0x21, 0x05, 0x21, 0x05, 0x21, 0x05, 
  0x21, 0x05, 0x21, 0x05, 0x21, 0x05, 0x21, 0x05, 0x21, 0x05, 0x21, 0x05, 0x21, 0x05, 0x21, 0x05, 
  0x21, 0x05, 0x21, 0x05, 0x21, 0x05, 0x21, 0x05, 0x21, 0x05, 0x21, 0x05, 0x21, 0x05, 0x21, 0x05, 
  0x21, 0x05, 0x21, 0x05, 0x21, 0x05, 0x21, 0x05, 0x21, 0x05, 0x21, 0x05, 0x21, 0x05, 0x21, 0x05, 
  0x21, 0x05, 0x21, 0x05, 0x21, 0x05, 0x21, 0x05, 0x21, 0x05, 0x21, 0x05, 0x21, 0x05, 0x21, 0x05, 
  0x21, 0x05, 0x21, 0x05, 0x21, 0x05, 0x21, 0x05, 0x21, 0x05, 0x21, 0x05, 0x21, 0x05, 0x21, 0x05, 
  0x21, 0x05, 0x21, 0x05, 0x21, 0x05, 0x21, 0x05, 0x21, 0x05, 0x21, 0x05, 0x21, 0x05, 0x21, 0x05, 
  0x21, 0x05, 0x21, 0x05, 0x21, 0x05, 0x21, 0x05, 0x21, 0x05, 0x21, 0x05, 0x21, 0x05, 0x21, 0x05, 
  0x21, 0x05, 0x21, 0x05, 0x21, 0x05, 0x21, 0x05, 0x21, 0x05, 0x21, 0x05, 0x21, 0x05, 0x21, 0x05, 
  0x21, 0x05, 0x21, 0x05, 0x21, 0x05, 0x21, 0x05, 0x21, 0x05, 0x21, 0x05, 0x21, 0x05, 0x21, 0x05, 
  0x21, 0x05, 0x21, 0x05, 0x21, 0x05, 0x21, 0x05, 0x21, 0x05, 0x21, 0x05, 0x21, 0x05, 0x21, 0x05, 
  0x21, 0x05, 0x21, 0x05, 0x21, 0x05, 0x21, 0x05, 0x21, 0x05, 0x21, 0x05, 0x21, 0x05, 0x21, 0x05, 
  0x21, 0x05, 0x21, 0x05, 0x21, 0x05, 0x21, 0x05, 0x21, 0x05, 0x21, 0x05, 0x21, 0x05, 0x21, 0x05, 
  0x21, 0x05, 0x21, 0x05, 0x21, 0x05, 0x21, 0x05, 0x21, 0x05, 0x21, 0x05, 0x21, 0x05, 0x21, 0x05, 
  0x21, 0x05, 0x21, 0x05, 0x21, 0x05, 0x21, 0x05, 0x21, 0x05, 0x21, 0x05, 0x21, 0x05, 0x21, 0x05, 
  0x21, 0x05, 0x21, 0x05, 0x21, 0x05, 0x21, 0x05, 0x21, 0x05, 0x21, 0x05, 0x21, 0x05, 0x21, 0x05, 
  0x21, 0x05, 0x21, 0x05, 0x21, 0x05, 0x21, 0x05, 0x21, 0x05, 0x21, 0x05, 0x21, 0x05, 0x21, 0x05, 
  0x21, 0x05, 0x21, 0x05, 0x21, 0x05, 0x21, 0x05, 0x21, 0x05, 0x21, 0x05, 0x21, 0x05, 0x21, 0x05, 
  0x21, 0x05, 0x21, 0x05, 0x21, 0x05, 0x21, 0x05, 0x21, 0x05, 0x21, 0x05, 0x21, 0x05, 0x21, 0x05, 
  0x21, 0x05, 0x21, 0x05, 0x21, 0x05, 0x21, 0x05, 0x21, 0x05, 0x21, 0x05, 0x21, 0x05, 0x21, 0x05, 
  0x21, 0x05, 0x21, 0x05, 0x21, 0x05, 0x21, 0x05, 0x21, 0x05, 0x21, 0x05, 0x21, 0x05, 0x21, 0x05, 
  0x21, 0x05, 0x21, 0x05, 0x21, 0x05, 0x21, 0x05, 0x21, 0x05, 0x21, 0x05, 0x21, 0x05, 0x21, 0x05, 
  0x21, 0x05, 0x21, 0x05, 0x21, 0x05, 0x21, 0x05, 0x21, 0x05, 0x21, 0x05, 0x21, 0x05, 0x21, 0x05, 
  0x21, 0x05, 0x21, 0x05, 0x21, 0x05, 0x21, 0x05, 0x21, 0x05, 0x21, 0x05, 0x21, 0x05, 0x21, 0x05, 
  0x21, 0x05, 0x21, 0x05, 0x21, 0x05, 0x21, 0x05, 0x21, 0x05, 0x21, 0x05, 0x21, 0x05, 0x21, 0x05, 
  0x21, 0x05, 0x21, 0x05, 0x21, 0x05, 0x21, 0x05, 0x21, 0x05, 0x21, 0x05, 0x21, 0x05, 0x21, 0x05, 
  0x21, 0x05, 0x21, 0x05, 0x21, 0x05, 0x21, 0x05, 0x21, 0x05, 0x21, 0x05, 0x21, 0x05, 0x21, 0x05, 
  0x21, 0x05, 0x21, 0x05, 0x21, 0x05, 0x21, 0x05, 0x21, 0x05, 0x21, 0x05, 0x21, 0x05, 0x21, 0x05, 
  0x21, 0x05, 0x21, 0x05, 0x21, 0x05, 0x21, 0x05, 0x21, 0x05, 0x21, 0x05, 0x21, 0x05, 0x21, 0x05, 
  0x21, 0x05, 0x21, 0x05, 0x21, 0x05, 0x21, 0x05, 0x21, 0x05, 0x21, 0x05, 0x21, 0x05, 0x21, 0x05, 
  0x21, 0x05, 0x21, 0x05, 0x21, 0x05, 0x21, 0x05, 0x21, 0x05, 0x21, 0x05, 0x21, 0x05, 0x21, 0x05, 
  0x21, 0x05, 0x21, 0x05, 0x21, 0x05, 0x21, 0x05, 0x21, 0x05, 0x21, 0x05, 0x21, 0x05, 0x21, 0x05, 
  0x21, 0x05, 0x21, 0x05, 0x21, 0x05, 0x21, 0x05, 0x21, 0x05, 0x21, 0x05, 0x21, 0x05, 0x21, 0x05, 
  0x21, 0x05, 0x21, 0x05, 0x21, 0x05, 0x21, 0x05, 0x21, 0x05, 0x21, 0x05, 0x21, 0x05, 0x21, 0x05, 
  0x21, 0x05, 0x21, 0x05, 0x21, 0x05, 0x21, 0x05, 0x21, 0x05, 0x21, 0x05, 0x21, 0x05, 0x21, 0x05, 
  0x21, 0x05, 0x21, 0x05, 0x21, 0x05, 0x21, 0x05, 0x21, 0x05, 0x21, 0x05, 0x21, 0x05, 0x21, 0x05, 
  0x21, 0x05, 0x21, 0x05, 0x21, 0x05, 0x21, 0x05, 0x21, 0x05, 0x21, 0x05, 0x21, 0x05, 0x21, 0x05, 
  0x21, 0x05, 0x21, 0x05, 0x21, 0x05, 0x21, 0x05, 0x21, 0x05, 0x21, 0x05, 0x21, 0x05, 0x21, 0x05, 
  0x21, 0x05, 0x21, 0x05, 0x21, 0x05, 0x21, 0x05, 0x21, 0x05, 0x21, 0x05, 0x21, 0x05, 0x21, 0x05, 
  0x21, 0x05, 0x21, 0x05, 0x21, 0x05, 0x21, 0x05, 0x21, 0x05, 0x21, 0x05, 0x21, 0x05, 0x21, 0x05, 
  0x21, 0x05, 0x21, 0x05, 0x21, 0x05, 0x21, 0x05, 0x21, 0x05, 0x21, 0x05, 0x21, 0x05, 0x21, 0x05, 
  0x21, 0x05, 0x21, 0x05, 0x21, 0x05, 0x21, 0x05, 0x21, 0x05, 0x21, 0x05, 0x21, 0x05, 0x21, 0x05, 
  0x21, 0x05, 0x21, 0x05, 0x21, 0x05, 0x21, 0x05, 0x21, 0x05, 0x21, 0x05, 0x21, 0x05, 0x21, 0x05, 
  0x21, 0x05, 0x21, 0x05, 0x21, 0x05, 0x21, 0x05, 0x21, 0x05, 0x21, 0x05, 0x21, 0x05, 0x21, 0x05, 
  0x21, 0x05, 0x21, 0x05, 0x21, 0x05, 0x21, 0x05, 0x21, 0x05, 0x21, 0x05, 0x21, 0x05, 0x21, 0x05, 
  0x21, 0x05, 0x21, 0x05, 0x21, 0x05, 0x21, 0x05, 0x21, 0x05, 0x21, 0x05, 0x21, 0x05, 0x21, 0x05, 
  0x21, 0x05, 0x21, 0x05, 0x21, 0x05, 0x21, 0x05, 0x21, 0x05, 0x21, 0x05, 0x21, 0x05, 0x21, 0x05, 
  0x21, 0x05, 0x21, 0x05, 0x21, 0x05, 0x21, 0x05, 0x21, 0x05, 0x21, 0x05, 0x21, 0x05, 0x21, 0x05, 
  0x21, 0x05, 0x21, 0x05, 0x21, 0x05, 0x21, 0x05, 0x21, 0x05, 0x21, 0x05, 0x21, 0x05, 0x21, 0x05, 
  0x21, 0x05, 0x21, 0x05, 0x21, 0x05, 0x21, 0x05, 0x21, 0x05, 0x21, 0x05, 0x21, 0x05, 0x21, 0x05, 
  0x21, 0x05, 0x21, 0x05, 0x21, 0x05, 0x21, 0x05, 0x21, 0x05, 0x21, 0x05, 0x21, 0x05, 0x21, 0x05, 
  0x21, 0x05, 0x21, 0x05, 0x21, 0x05, 0x21, 0x05, 0x21, 0x05, 0x21, 0x05, 0x21, 0x05, 0x21, 0x05, 
  0x21, 0x05, 0x21, 0x05, 0x21, 0x05, 0x21, 0x05, 0x21, 0x05, 0x21, 0x05, 0x21, 0x05, 0x21, 0x05, 
  0x21, 0x05, 0x21, 0x05, 0x21, 0x05, 0x21, 0x05, 0x21, 0x05, 0x21, 0x05, 0x21, 0x05, 0x21, 0x05, 
  0x21, 0x05, 0x21, 0x05, 0x21, 0x05, 0x21, 0x05, 0x21, 0x05, 0x21, 0x05, 0x21, 0x05, 0x21, 0x05, 
  0x21, 0x05, 0x21, 0x05, 0x21, 0x05, 0x21, 0x05, 0x21, 0x05, 0x21, 0x05, 0x21, 0x05, 0x21, 0x05, 
  0x21, 0x05, 0x21, 0x05, 0x21, 0x05, 0x21, 0x05, 0x21, 0x05, 0x21, 0x05, 0x21, 0x05, 0x21, 0x05, 
  0x21, 0x05, 0x21, 0x05, 0x21, 0x05, 0x21, 0x05, 0x21, 0x05, 0x21, 0x05, 0x21, 0x05, 0x21, 0x05, 
  0x21, 0x05, 0x21, 0x05, 0x21, 0x05, 0x21, 0x05, 0x21, 0x05, 0x21, 0x05, 0x21, 0x05, 0x21, 0x05, 
  0x21, 0x05, 0x21, 0x05, 0x21, 0x05, 0x21, 0x05, 0x21, 0x05, 0x21, 0x05, 0x21, 0x05, 0x21, 0x05, 
  0x21, 0x05, 0x21, 0x05, 0x21, 0x05, 0x21, 0x05, 0x21, 0x05, 0x21, 0x05, 0x21, 0x05, 0x21, 0x05, 
  0x21, 0x05, 0x21, 0x05, 0x21, 0x05, 0x21, 0x05, 0x21, 0x05, 0x21, 0x05, 0x21, 0x05, 0x21, 0x05, 
  0x21, 0x05, 0x21, 0x05, 0x21, 0x05, 0x21, 0x05, 0x21, 0x05, 0x21, 0x05, 0x21, 0x05, 0x21, 0x05, 
  0x21, 0x05, 0x21, 0x05, 0x21, 0x05, 0x21, 0x05, 0x21, 0x05, 0x21, 0x05, 0x21, 0x05, 0x21, 0x05, 
  0x21, 0x05, 0x21, 0x05, 0x21, 0x05, 0x21, 0x05, 0x21, 0x05, 0x21, 0x05, 0x21, 0x05, 0x21, 0x05, 
  0x21, 0x05, 0x21, 0x05, 0x21, 0x05, 0x21, 0x05, 0x21, 0x05, 0x21, 0x05, 0x21, 0x05, 0x21, 0x05, 
  0x21, 0x05, 0x21, 0x05, 0x21, 0x05, 0x21, 0x05, 0x21, 0x05, 0x21, 0x05, 0x21, 0x05, 0x21, 0x05, 
  0x21, 0x05, 0x21, 0x05, 0x21, 0x05, 0x21, 0x05, 0x21, 0x05, 0x21, 0x05, 0x21, 0x05, 0x21, 0x05, 
  0x21, 0x05, 0x21, 0x05, 0x21, 0x05, 0x21, 0x05, 0x21, 0x05, 0x21, 0x05, 0x21, 0x05, 0x21, 0x05, 
  0x21, 0x05, 0x21, 0x05, 0x21, 0x05, 0x21, 0x05, 0x21, 0x05, 0x21, 0x05, 0x21, 0x05, 0x21, 0x05, 
  0x21, 0x05, 0x21, 0x05, 0x21, 0x05, 0x21, 0x05, 0x21, 0x05, 0x21, 0x05, 0x21, 0x05, 0x21, 0x05, 
  0x21, 0x05, 0x21, 0x05, 0x21, 0x05, 0x21, 0x05, 0x21, 0x05, 0x21, 0x05, 0x21, 0x05, 0x21, 0x05, 
  0x21, 0x05, 0x21, 0x05, 0x21, 0x05, 0x21, 0x05, 0x21, 0x05, 0x21, 0x05, 0x21, 0x05, 0x21, 0x05, 
  0x21, 0x05, 0x21, 0x05, 0x21, 0x05, 0x21, 0x05, 0x21, 0x05, 0x21, 0x05, 0x21, 0x05, 0x21, 0x05, 
  0x21, 0x05, 0x21, 0x05, 0x21, 0x05, 0x21, 0x05, 0x21, 0x05, 0x21, 0x05, 0x21, 0x05, 0x21, 0x05, 
  0x21, 0x05, 0x21, 0x05, 0x21, 0x05, 0x21, 0x05, 0x21, 0x05, 0x21, 0x05, 0x21, 0x05, 0x21, 0x05, 
  0x21, 0x05, 0x21, 0x05, 0x21, 0x05, 0x21, 0x05, 0x21, 0x05, 0x21, 0x05, 0x21, 0x05, 0x21, 0x05, 
  0x21, 0x05, 0x21, 0x05, 0x21, 0x05, 0x21, 0x05, 0x21, 0x05, 0x21, 0x05, 0x21, 0x05, 0x21, 0x05, 
  0x21, 0x05, 0x21, 0x05, 0x21, 0x05, 0x21, 0x05, 0x21, 0x05, 0x21, 0x05, 0x21, 0x05, 0x21, 0x05, 
  0x21, 0x05, 0x21, 0x05, 0x21, 0x05, 0x21, 0x05, 0x21, 0x05, 0x21, 0x05, 0x21, 0x05, 0x21, 0x05, 
  0x21, 0x05, 0x21, 0x05, 0x21, 0x05, 0x21, 0x05, 0x21, 0x05, 0x21, 0x05, 0x21, 0x05, 0x21, 0x05, 
  0x21, 0x05, 0x21, 0x05, 0x21, 0x05, 0x21, 0x05, 0x21, 0x05, 0x21, 0x05, 0x21, 0x05, 0x21, 0x05, 
  0x21, 0x05, 0x21, 0x05, 0x21, 0x05, 0x21, 0x05, 0x21, 0x05, 0x21, 0x05, 0x21, 0x05, 0x21, 0x05, 
  0x21, 0x05, 0x21, 0x05, 0x21, 0x05, 0x21, 0x05, 0x21, 0x05, 0x21, 0x05, 0x21, 0x05, 0x21, 0x05, 
  0x21, 0x05, 0x21, 0x05, 0x21, 0x05, 0x21, 0x05, 0x21, 0x05, 0x21, 0x05, 0x21, 0x05, 0x21, 0x05, 
  0x21, 0x05, 0x21, 0x05, 0x21, 0x05, 0x21, 0x05, 0x21, 0x05, 0x21, 0x05, 0x21, 0x05, 0x21, 0x05, 
  0x21, 0x05, 0x21, 0x05, 0x21, 0x05, 0x21, 0x05, 0x21, 0x05, 0x21, 0x05, 0x21, 0x05, 0x21, 0x05, 
  0x21, 0x05, 0x21, 0x05, 0x21, 0x05, 0x21, 0x05, 0x21, 0x05, 0x21, 0x05, 0x21, 0x05, 0x21, 0x05, 
  0x21, 0x05, 0x21, 0x05, 0x21, 0x05, 0x21, 0x05, 0x21, 0x05, 0x21, 0x05, 0x21, 0x05, 0x21, 0x05, 
  0x21, 0x05, 0x21, 0x05, 0x21, 0x05, 0x21, 0x05, 0x21, 0x05, 0x21, 0x05, 0x21, 0x05, 0x21, 0x05, 
  0x21, 0x05, 0x21, 0x05, 0x21, 0x05, 0x21, 0x05, 0x21, 0x05, 0x21, 0x05, 0x21, 0x05, 0x21, 0x05, 
  0x21, 0x05, 0x21, 0x05, 0x21, 0x05, 0x21, 0x05, 0x21, 0x05, 0x21, 0x05, 0x21, 0x05, 0x21, 0x05, 
  0x21, 0x05, 0x21, 0x05, 0x21, 0x05, 0x21, 0x05, 0x21, 0x05, 0x21, 0x05, 0x21, 0x05, 0x21, 0x05, 
  0x21, 0x05, 0x21, 0x05, 0x21, 0x05, 0x21, 0x05, 0x21, 0x05, 0x21, 0x05, 0x21, 0x05, 0x21, 0x05, 
  0x21, 0x05, 0x21, 0x05, 0x21, 0x05, 0x21, 0x05, 0x21, 0x05, 0x21, 0x05, 0x21, 0x05, 0x21, 0x05, 
  0x21, 0x05, 0x21, 0x05, 0x21, 0x05, 0x21, 0x05, 0x21, 0x05, 0x21, 0x05, 0x21, 0x05, 0x21, 0x05, 
  0x21, 0x05, 0x21, 0x05, 0x21, 0x05, 0x21, 0x05, 0x21, 0x05, 0x21, 0x05, 0x21, 0x05, 0x21, 0x05, 
  0x21, 0x05, 0x21, 0x05, 0x21, 0x05, 0x21, 0x05, 0x21, 0x05, 0x21, 0x05, 0x21, 0x05, 0x21, 0x05, 
  0x21, 0x05, 0x21, 0x05, 0x21, 0x05, 0x21, 0x05, 0x21, 0x05, 0x21, 0x05, 0x21, 0x05, 0x21, 0x05, 
  0x21, 0x05, 0x21, 0x05, 0x21, 0x05, 0x21, 0x05, 0x21, 0x05, 0x21, 0x05, 0x21, 0x05, 0x21, 0x05, 
  0x21, 0x05, 0x21, 0x05, 0x21, 0x05, 0x21, 0x05, 0x21, 0x05, 0x21, 0x05, 0x21, 0x05, 0x21, 0x05, 
  0x21, 0x05, 0x21, 0x05, 0x21, 0x05, 0x21, 0x05, 0x21, 0x05, 0x21, 0x05, 0x21, 0x05, 0x21, 0x05, 
  0x21, 0x05, 0x21, 0x05, 0x21, 0x05, 0x21, 0x05, 0x21, 0x05, 0x21, 0x05, 0x21, 0x05, 0x21, 0x05, 
  0x21, 0x05, 0x21, 0x05, 0x21, 0x05, 0x21, 0x05, 0x21, 0x05, 0x21, 0x05, 0x21, 0x05, 0x21, 0x05, 
  0x21, 0x05, 0x21, 0x05, 0x21, 0x05, 0x21, 0x05, 0x21, 0x05, 0x21, 0x05, 0x21, 0x05, 0x21, 0x05, 
  0x21, 0x05, 0x21, 0x05, 0x21, 0x05, 0x21, 0x05, 0x21, 0x05, 0x21, 0x05, 0x21, 0x05, 0x21, 0x05, 
  0x21, 0x05, 0x21, 0x05, 0x21, 0x05, 0x21, 0x05, 0x21, 0x05, 0x21, 0x05, 0x21, 0x05, 0x21, 0x05, 
  0x21, 0x05, 0x21, 0x05, 0x21, 0x05, 0x21, 0x05, 0x21, 0x05, 0x21, 0x05, 0x21, 0x05, 0x21, 0x05, 
  0x21, 0x05, 0x21, 0x05, 0x21, 0x05, 0x21, 0x05, 0x21, 0x05, 0x21, 0x05, 0x21, 0x05, 0x21, 0x05, 
  0x21, 0x05, 0x21, 0x05, 0x21, 0x05, 0x21, 0x05, 0x21, 0x05, 0x21, 0x05, 0x21, 0x05, 0x21, 0x05, 
  0x21, 0x05, 0x21, 0x05, 0x21, 0x05, 0x21, 0x05, 0x21, 0x05, 0x21, 0x05, 0x21, 0x05, 0x21, 0x05, 
  0x21, 0x05, 0x21, 0x05, 0x21, 0x05, 0x21, 0x05, 0x21, 0x05, 0x21, 0x05, 0x21, 0x05, 0x21, 0x05, 
  0x21, 0x05, 0x21, 0x05, 0x21, 0x05, 0x21, 0x05, 0x21, 0x05, 0x21, 0x05, 0x21, 0x05, 0x21, 0x05, 
  0x21, 0x05, 0x21, 0x05, 0x21, 0x05, 0x21, 0x05, 0x21, 0x05, 0x21, 0x05, 0x21, 0x05, 0x21, 0x05, 
  0x21, 0x05, 0x21, 0x05, 0x21, 0x05, 0x21, 0x05, 0x21, 0x05, 0x21, 0x05, 0x21, 0x05, 0x21, 0x05, 
  0x21, 0x05, 0x21, 0x05, 0x21, 0x05, 0x21, 0x05, 0x21, 0x05, 0x21, 0x05, 0x21, 0x05, 0x21, 0x05, 
  0x21, 0x05, 0x21, 0x05, 0x21, 0x05, 0x21, 0x05, 0x21, 0x05, 0x21, 0x05, 0x21, 0x05, 0x21, 0x05, 
  0x21, 0x05, 0x21, 0x05, 0x21, 0x05, 0x21, 0x05, 0x21, 0x05, 0x21, 0x05, 0x21, 0x05, 0x21, 0x05, 
  0x21, 0x05, 0x21, 0x05, 0x21, 0x05, 0x21, 0x05, 0x21, 0x05, 0x21, 0x05, 0x21, 0x05, 0x21, 0x05, 
  0x21, 0x05, 0x21, 0x05, 0x21, 0x05, 0x21, 0x05, 0x21, 0x05, 0x21, 0x05, 0x21, 0x05, 0x21, 0x05, 
  0x21, 0x05, 0x21, 0x05, 0x21, 0x05, 0x21, 0x05, 0x21, 0x05, 0x21, 0x05, 0x21, 0x05, 0x21, 0x05, 
  0x21, 0x05, 0x21, 0x05, 0x21, 0x05, 0x21, 0x05, 0x21, 0x05, 0x21, 0x05, 0x21, 0x05, 0x21, 0x05, 
  0x21, 0x05, 0x21, 0x05, 0x21, 0x05, 0x21, 0x05, 0x21, 0x05, 0x21, 0x05, 0x21, 0x05, 0x21, 0x05, 
  0x21, 0x05, 0x21, 0x05, 0x21, 0x05, 0x21, 0x05, 0x21, 0x05, 0x21, 0x05, 0x21, 0x05, 0x21, 0x05, 
  0x21, 0x05, 0x21, 0x05, 0x21, 0x05, 0x21, 0x05, 0x21, 0x05, 0x21, 0x05, 0x21, 0x05, 0x21, 0x05, 
  0x21, 0x05, 0x21, 0x05, 0x21, 0x05, 0x21, 0x05, 0x21, 0x05, 0x21, 0x05, 0x21, 0x05, 0x21, 0x05, 
  0x21, 0x05, 0x21, 0x05, 0x21, 0x05, 0x21, 0x05, 0x21, 0x05, 0x21, 0x05, 0x21, 0x05, 0x21, 0x05, 
  0x21, 0x05, 0x21, 0x05, 0x21, 0x05, 0x21, 0x05, 0x21, 0x05, 0x21, 0x05, 0x21, 0x05, 0x21, 0x05, 
  0x21, 0x05, 0x21, 0x05, 0x21, 0x05, 0x21, 0x05, 0x21, 0x05, 0x21, 0x05, 0x21, 0x05, 0x21, 0x05, 
  0x21, 0x05, 0x21, 0x05, 0x21, 0x05, 0x21, 0x05, 0x21, 0x05, 0x21, 0x05, 0x21, 0x05, 0x21, 0x05, 
  0x21, 0x05, 0x21, 0x05, 0x21, 0x05, 0x21, 0x05, 0x21, 0x05, 0x21, 0x05, 0x21, 0x05, 0x21, 0x05, 
  0x21, 0x05, 0x21, 0x05, 0x21, 0x05, 0x21, 0x05, 0x21, 0x05, 0x21, 0x05, 0x21, 0x05, 0x21, 0x05, 
  0x21, 0x05, 0x21, 0x05, 0x21, 0x05, 0x21, 0x05, 0x21, 0x05, 0x21, 0x05, 0x21, 0x05, 0x21, 0x05, 
  0x21, 0x05, 0x21, 0x05, 0x21, 0x05, 0x21, 0x05, 0x21, 0x05, 0x21, 0x05, 0x21, 0x05, 0x21, 0x05, 
  0x21, 0x05, 0x21, 0x05, 0x21, 0x05, 0x21, 0x05, 0x21, 0x05, 0x21, 0x05, 0x21, 0x05, 0x21, 0x05, 
  0x21, 0x05, 0x21, 0x05, 0x21, 0x05, 0x21, 0x05, 0x21, 0x05, 0x21, 0x05, 0x21, 0x05, 0x21, 0x05, 
  0x21, 0x05, 0x21, 0x05, 0x21, 0x05, 0x21, 0x05, 0x21, 0x05, 0x21, 0x05, 0x21, 0x05, 0x21, 0x05, 
  0x21, 0x05, 0x21, 0x05, 0x21, 0x05, 0x21, 0x05, 0x21, 0x05, 0x21, 0x05, 0x21, 0x05, 0x21, 0x05, 
  0x21, 0x05, 0x21, 0x05, 0x21, 0x05, 0x21, 0x05, 0x21, 0x05, 0x21, 0x05, 0x21, 0x05, 0x21, 0x05, 
  0x21, 0x05, 0x21, 0x05, 0x21, 0x05, 0x21, 0x05, 0x21, 0x05, 0x21, 0x05, 0x21, 0x05, 0x21, 0x05, 
  0x21, 0x05, 0x21, 0x05, 0x21, 0x05, 0x21, 0x05, 0x21, 0x05, 0x21, 0x05, 0x21, 0x05, 0x21, 0x05, 
  0x21, 0x05, 0x21, 0x05, 0x21, 0x05, 0x21, 0x05, 0x21, 0x05, 0x21, 0x05, 0x21, 0x05, 0x21, 0x05, 
  0x21, 0x05, 0x21, 0x05, 0x21, 0x05, 0x21, 0x05, 0x21, 0x05, 0x21, 0x05, 0x21, 0x05, 0x21, 0x05, 
  0x21, 0x05, 0x21, 0x05, 0x21, 0x05, 0x21, 0x05, 0x21, 0x05, 0x21, 0x05, 0x21, 0x05, 0x21, 0x05, 
  0x21, 0x05, 0x21, 0x05, 0x21, 0x05, 0x21, 0x05, 0x21, 0x05, 0x21, 0x05, 0x21, 0x05, 0x21, 0x05, 
  0x21, 0x05, 0x21, 0x05, 0x21, 0x05, 0x21, 0x05, 0x21, 0x05, 0x21, 0x05, 0x21, 0x05, 0x21, 0x05, 
  0x21, 0x05, 0x21, 0x05, 0x21, 0x05, 0x21, 0x05, 0x21, 0x05, 0x21, 0x05, 0x21, 0x05, 0x21, 0x05, 
  0x21, 0x05, 0x21, 0x05, 0x21, 0x05, 0x21, 0x05, 0x21, 0x05, 0x21, 0x05, 0x21, 0x05, 0x21, 0x05, 
  0x21, 0x05, 0x21, 0x05, 0x21, 0x05, 0x21, 0x05, 0x21, 0x05, 0x21, 0x05, 0x21, 0x05, 0x21, 0x05, 
  0x21, 0x05, 0x21, 0x05, 0x21, 0x05, 0x21, 0x05, 0x21, 0x05, 0x21, 0x05, 0xF6, 0x2F, 0x21, 0x05, 
  0x21, 0x05, 0x21, 0x05, 0x21, 0x05, 0x21, 0x05, 0x21, 0x05, 0x21, 0x05, 0x21, 0x05, 0x21, 0x05, 
  0x21, 0x05, 0x21, 0x05, 0x21, 0x05, 0x21, 0x05, 0x21, 0x05, 0x21, 0x05, 0x21, 0x05, 0x21, 0x05, 
  0x21, 0x05, 0x21, 0x05, 0xF6, 0x2F, 0x21, 0x05, 0x21, 0x05, 0x21, 0x05, 0x21, 0x05, 0x21, 0x05, 
  0x21, 0x05, 0x21, 0x05, 0x21, 0x05, 0x21, 0x05, 0x21, 0x05, 0x21, 0x05, 0x21, 0x05, 0x21, 0x05, 
  0x21, 0x05, 0x21, 0x05, 0x21, 0x05, 0x21, 0x05, 0x21, 0x05, 0x21, 0x05, 0x21, 0x05, 0x21, 0x05, 
  0x21, 0x05, 0x21, 0x05, 0x21, 0x05, 0x21, 0x05, 0x21, 0x05, 0x21, 0x05, 0x21, 0x05, 0x21, 0x05, 
  0x21, 0x05, 0x21, 0x05, 0x21, 0x05, 0x21, 0x05, 0x21, 0x05, 0x21, 0x05, 0x21, 0x05, 0x21, 0x05, 
  0x21, 0x05, 0x21, 0x05, 0x21, 0x05, 0x21, 0x05, 0x21, 0x05, 0x21, 0x05, 0x21, 0x05, 0x21, 0x05, 
  0x21, 0x05, 0x21, 0x05, 0x21, 0x05, 0x21, 0x05, 0x21, 0x05, 0x21, 0x05, 0x21, 0x05, 0x21, 0x05, 
  0x21, 0x05, 0x21, 0x05, 0x21, 0x05, 0x21, 0x05, 0x21, 0x05, 0x21, 0x05, 0x21, 0x05, 0x21, 0x05, 
  0x21, 0x05, 0x21, 0x05, 0x21, 0x05, 0x21, 0x05, 0x21, 0x05, 0x21, 0x05, 0x21, 0x05, 0x21, 0x05, 
  0x21, 0x05, 0x21, 0x05, 0x21, 0x05, 0x21, 0x05, 0x21, 0x05, 0x21, 0x05, 0x21, 0x05, 0x21, 0x05, 
  0x21, 0x05, 0x21, 0x05, 0x21, 0x05, 0x21, 0x05, 0x21, 0x05, 0x21, 0x05, 0x21, 0x05, 0x21, 0x05, 
  0x21, 0x05, 0x21, 0x05, 0x21, 0x05, 0x21, 0x05, 0x21, 0x05, 0x21, 0x05, 0x21, 0x05, 0x21, 0x05, 
  0x21, 0x05, 0x21, 0x05, 0x21, 0x05, 0x21, 0x05, 0x21, 0x05, 0x21, 0x05, 0x21, 0x05, 0x21, 0x05, 
  0x21, 0x05, 0x21, 0x05, 0x21, 0x05, 0x21, 0x05, 0x21, 0x05, 0x21, 0x05, 0x21, 0x05, 0x21, 0x05, 
  0x21, 0x05, 0x21, 0x05, 0x21, 0x05, 0x21, 0x05, 0x21, 0x05, 0x21, 0x05, 0x21, 0x05, 0x21, 0x05, 
  0x21, 0x05, 0x21, 0x05, 0x21, 0x05, 0x21, 0x05, 0x21, 0x05, 0x21, 0x05, 0x21, 0x05, 0x21, 0x05, 
  0x21, 0x05, 0x21, 0x05, 0x21, 0x05, 0x21, 0x05, 0x21, 0x05, 0x21, 0x05, 0x21, 0x05, 0x21, 0x05, 
  0x21, 0x05, 0x21, 0x05, 0x21, 0x05, 0x21, 0x05, 0x21, 0x05, 0x21, 0x05, 0x21, 0x05, 0x21, 0x05, 
  0x21, 0x05, 0x21, 0x05, 0x21, 0x05, 0x21, 0x05, 0x21, 0x05, 0x21, 0x05, 0x21, 0x05, 0x21, 0x05, 
  0x21, 0x05, 0x21, 0x05, 0x21, 0x05, 0x21, 0x05, 0x21, 0x05, 0x21, 0x05, 0x21, 0x05, 0x21, 0x05, 
  0x21, 0x05, 0x21, 0x05, 0x21, 0x05, 0x21, 0x05, 0x21, 0x05, 0x21, 0x05, 0x21, 0x05, 0x21, 0x05, 
  0x21, 0x05, 0x21, 0x05, 0x21, 0x05, 0x21, 0x05, 0x21, 0x05, 0x21, 0x05, 0x21, 0x05, 0x21, 0x05, 
  0x21, 0x05, 0x21, 0x05, 0x21, 0x05, 0x21, 0x05, 0x21, 0x05, 0x21, 0x05, 0x21, 0x05, 0x21, 0x05, 
  0x21, 0x05, 0x21, 0x05, 0x21, 0x05, 0x21, 0x05, 0x21, 0x05, 0x21, 0x05, 0x21, 0x05, 0x21, 0x05, 
  0x21, 0x05, 0x21, 0x05, 0x21, 0x05, 0x21, 0x05, 0x21, 0x05, 0x21, 0x05, 0x21, 0x05, 0x21, 0x05, 
  0x21, 0x05, 0x21, 0x05, 0x21, 0x05, 0x21, 0x05, 0x21, 0x05, 0x21, 0x05, 0x21, 0x05, 0x21, 0x05, 
  0x21, 0x05, 0x21, 0x05, 0x21, 0x05, 0x21, 0x05, 0x21, 0x05, 0x21, 0x05, 0x21, 0x05, 0x21, 0x05, 
  0x21, 0x05, 0x21, 0x05, 0x21, 0x05, 0x21, 0x05, 0x21, 0x05, 0xF6, 0x2F, 0xF6, 0x2F, 0x21, 0x05, 
  0x21, 0x05, 0x21, 0x05, 0x21, 0x05, 0x21, 0x05, 0x21, 0x05, 0x21, 0x05, 0x21, 0x05, 0x21, 0x05, 
  0x21, 0x05, 0x21, 0x05, 0x21, 0x05, 0x21, 0x05, 0x21, 0x05, 0x21, 0x05, 0x21, 0x05, 0x21, 0x05, 
  0x21, 0x05, 0x21, 0x05, 0xF6, 0x2F, 0xF6, 0x2F, 0x21, 0x05, 0x21, 0x05, 0x21, 0x05, 0x21, 0x05, 
  0x21, 0x05, 0x21, 0x05, 0x21, 0x05, 0x21, 0x05, 0x21, 0x05, 0x21, 0x05, 0x21, 0x05, 0x21, 0x05, 
  0x21, 0x05, 0x21, 0x05, 0x21, 0x05, 0x21, 0x05, 0x21, 0x05, 0x21, 0x05, 0x21, 0x05, 0x21, 0x05, 
  0x21, 0x05, 0x21, 0x05, 0x21, 0x05, 0x21, 0x05, 0x21, 0x05, 0x21, 0x05, 0x21, 0x05, 0x21, 0x05, 
  0x21, 0x05, 0x21, 0x05, 0x21, 0x05, 0x21, 0x05, 0x21, 0x05, 0x21, 0x05, 0x21, 0x05, 0x21, 0x05, 
  0x21, 0x05, 0x21, 0x05, 0x21, 0x05, 0x21, 0x05, 0x21, 0x05, 0x21, 0x05, 0x21, 0x05, 0x21, 0x05, 
  0x21, 0x05, 0x21, 0x05, 0x21, 0x05, 0x21, 0x05, 0x21, 0x05, 0x21, 0x05, 0x21, 0x05, 0x21, 0x05, 
  0x21, 0x05, 0x21, 0x05, 0x21, 0x05, 0x21, 0x05, 0x21, 0x05, 0x21, 0x05, 0x21, 0x05, 0x21, 0x05, 
  0x21, 0x05, 0x21, 0x05, 0x21, 0x05, 0x21, 0x05, 0x21, 0x05, 0x21, 0x05, 0x21, 0x05, 0x21, 0x05, 
  0x21, 0x05, 0x21, 0x05, 0x21, 0x05, 0x21, 0x05, 0x21, 0x05, 0x21, 0x05, 0x21, 0x05, 0x21, 0x05, 
  0x21, 0x05, 0x21, 0x05, 0x21, 0x05, 0x21, 0x05, 0x21, 0x05, 0x21, 0x05, 0x21, 0x05, 0x21, 0x05, 
  0x21, 0x05, 0x21, 0x05, 0x21, 0x05, 0x21, 0x05, 0x21, 0x05, 0x21, 0x05, 0x21, 0x05, 0x21, 0x05, 
  0x21, 0x05, 0x21, 0x05, 0x21, 0x05, 0x21, 0x05, 0x21, 0x05, 0x21, 0x05, 0x21, 0x05, 0x21, 0x05, 
  0x21, 0x05, 0x21, 0x05, 0x21, 0x05, 0x21, 0x05, 0x21, 0x05, 0x21, 0x05, 0x21, 0x05, 0x21, 0x05, 
  0x21, 0x05, 0x21, 0x05, 0x21, 0x05, 0x21, 0x05, 0x21, 0x05, 0x21, 0x05, 0x21, 0x05, 0x21, 0x05, 
  0x21, 0x05, 0x21, 0x05, 0x21, 0x05, 0x21, 0x05, 0x21, 0x05, 0x21, 0x05, 0x21, 0x05, 0x21, 0x05, 
  0x21, 0x05, 0x21, 0x05, 0x21, 0x05, 0x21, 0x05, 0x21, 0x05, 0x21, 0x05, 0x21, 0x05, 0x21, 0x05, 
  0x21, 0x05, 0x21, 0x05, 0x21, 0x05, 0x21, 0x05, 0x21, 0x05, 0x21, 0x05, 0x21, 0x05, 0x21, 0x05, 
  0x21, 0x05, 0x21, 0x05, 0x21, 0x05, 0x21, 0x05, 0x21, 0x05, 0x21, 0x05, 0x21, 0x05, 0x21, 0x05, 
  0x21, 0x05, 0x21, 0x05, 0x21, 0x05, 0x21, 0x05, 0x21, 0x05, 0x21, 0x05, 0x21, 0x05, 0x21, 0x05, 
  0x21, 0x05, 0x21, 0x05, 0x21, 0x05, 0x21, 0x05, 0x21, 0x05, 0x21, 0x05, 0x21, 0x05, 0x21, 0x05, 
  0x21, 0x05, 0x21, 0x05, 0x21, 0x05, 0x21, 0x05, 0x21, 0x05, 0x21, 0x05, 0x21, 0x05, 0x21, 0x05, 
  0x21, 0x05, 0x21, 0x05, 0x21, 0x05, 0x21, 0x05, 0x21, 0x05, 0x21, 0x05, 0x21, 0x05, 0x21, 0x05, 
  0x21, 0x05, 0x21, 0x05, 0x21, 0x05, 0x21, 0x05, 0x21, 0x05, 0x21, 0x05, 0x21, 0x05, 0x21, 0x05, 
  0x21, 0x05, 0x21, 0x05, 0x21, 0x05, 0x21, 0x05, 0x21, 0x05, 0x21, 0x05, 0x21, 0x05, 0x21, 0x05, 
  0x21, 0x05, 0x21, 0x05, 0x21, 0x05, 0x21, 0x05, 0x21, 0x05, 0x21, 0x05, 0x21, 0x05, 0x21, 0x05, 
  0x21, 0x05, 0x21, 0x05, 0x21, 0x05, 0x21, 0x05, 0x21, 0x05, 0x21, 0x05, 0x21, 0x05, 0x21, 0x05, 
  0x21, 0x05, 0x21, 0x05, 0x21, 0x05, 0x21, 0x05, 0x21, 0x05, 0xF6, 0x2F, 0xF6, 0x2F, 0xF6, 0x2F, 
  0x21, 0x05, 0x21, 0x05, 0x21, 0x05, 0x21, 0x05, 0x21, 0x05, 0x21, 0x05, 0x21, 0x05, 0x21, 0x05, 
  0x21, 0x05, 0x21, 0x05, 0x21, 0x05, 0x21, 0x05, 0x21, 0x05, 0x21, 0x05, 0x21, 0x05, 0x21, 0x05, 
  0x21, 0x05, 0xF6, 0x2F, 0xF6, 0x2F, 0xF6, 0x2F, 0x21, 0x05, 0x21, 0x05, 0x21, 0x05, 0x21, 0x05, 
  0x21, 0x05, 0x21, 0x05, 0x21, 0x05, 0x21, 0x05, 0x21, 0x05, 0x21, 0x05, 0x21, 0x05, 0x21, 0x05, 
  0x21, 0x05, 0x21, 0x05, 0x21, 0x05, 0x21, 0x05, 0x21, 0x05, 0x21, 0x05, 0x21, 0x05, 0x21, 0x05, 
  0x21, 0x05, 0x21, 0x05, 0x21, 0x05, 0x21, 0x05, 0x21, 0x05, 0x21, 0x05, 0x21, 0x05, 0x21, 0x05, 
  0x21, 0x05, 0x21, 0x05, 0x21, 0x05, 0x21, 0x05, 0x21, 0x05, 0x21, 0x05, 0x21, 0x05, 0x21, 0x05, 
  0x21, 0x05, 0x21, 0x05, 0x21, 0x05, 0x21, 0x05, 0x21, 0x05, 0x21, 0x05, 0x21, 0x05, 0x21, 0x05, 
  0x21, 0x05, 0x21, 0x05, 0x21, 0x05, 0x21, 0x05, 0x21, 0x05, 0x21, 0x05, 0x21, 0x05, 0x21, 0x05, 
  0x21, 0x05, 0x21, 0x05, 0x21, 0x05, 0x21, 0x05, 0x21, 0x05, 0x21, 0x05, 0x21, 0x05, 0x21, 0x05, 
  0x21, 0x05, 0x21, 0x05, 0x21, 0x05, 0x21, 0x05, 0x21, 0x05, 0x21, 0x05, 0x21, 0x05, 0x21, 0x05, 
  0x21, 0x05, 0x21, 0x05, 0x21, 0x05, 0x21, 0x05, 0x21, 0x05, 0x21, 0x05, 0x21, 0x05, 0x21, 0x05, 
  0x21, 0x05, 0x21, 0x05, 0x21, 0x05, 0x21, 0x05, 0x21, 0x05, 0x21, 0x05, 0x21, 0x05, 0x21, 0x05, 
  0x21, 0x05, 0x21, 0x05, 0x21, 0x05, 0x21, 0x05, 0x21, 0x05, 0x21, 0x05, 0x21, 0x05, 0x21, 0x05, 
  0x21, 0x05, 0x21, 0x05, 0x21, 0x05, 0x21, 0x05, 0x21, 0x05, 0x21, 0x05, 0x21, 0x05, 0x21, 0x05, 
  0x21, 0x05, 0x21, 0x05, 0x21, 0x05, 0x21, 0x05, 0x21, 0x05, 0x21, 0x05, 0x21, 0x05, 0x21, 0x05, 
  0x21, 0x05, 0x21, 0x05, 0x21, 0x05, 0x21, 0x05, 0x21, 0x05, 0x21, 0x05, 0x21, 0x05, 0x21, 0x05, 
  0x21, 0x05, 0x21, 0x05, 0x21, 0x05, 0x21, 0x05, 0x21, 0x05, 0x21, 0x05, 0x21, 0x05, 0x21, 0x05, 
  0x21, 0x05, 0x21, 0x05, 0x21, 0x05, 0x21, 0x05, 0x21, 0x05, 0x21, 0x05, 0x21, 0x05, 0x21, 0x05, 
  0x21, 0x05, 0x21, 0x05, 0x21, 0x05, 0x21, 0x05, 0x21, 0x05, 0x21, 0x05, 0x21, 0x05, 0x21, 0x05, 
  0x21, 0x05, 0x21, 0x05, 0x21, 0x05, 0x21, 0x05, 0x21, 0x05, 0x21, 0x05, 0x21, 0x05, 0x21, 0x05, 
  0x21, 0x05, 0x21, 0x05, 0x21, 0x05, 0x21, 0x05, 0x21, 0x05, 0x21, 0x05, 0x21, 0x05, 0x21, 0x05, 
  0x21, 0x05, 0x21, 0x05, 0x21, 0x05, 0x21, 0x05, 0x21, 0x05, 0x21, 0x05, 0x21, 0x05, 0x21, 0x05, 
  0x21, 0x05, 0x21, 0x05, 0x21, 0x05, 0x21, 0x05, 0x21, 0x05, 0x21, 0x05, 0x21, 0x05, 0x21, 0x05, 
  0x21, 0x05, 0x21, 0x05, 0x21, 0x05, 0x21, 0x05, 0x21, 0x05, 0x21, 0x05, 0x21, 0x05, 0x21, 0x05, 
  0x21, 0x05, 0x21, 0x05, 0x21, 0x05, 0x21, 0x05, 0x21, 0x05, 0x21, 0x05, 0x21, 0x05, 0x21, 0x05, 
  0x21, 0x05, 0x21, 0x05, 0x21, 0x05, 0x21, 0x05, 0x21, 0x05, 0x21, 0x05, 0x21, 0x05, 0x21, 0x05, 
  0x21, 0x05, 0x21, 0x05, 0x21, 0x05, 0x21, 0x05, 0x21, 0x05, 0x21, 0x05, 0x21, 0x05, 0x21, 0x05, 
  0x21, 0x05, 0x21, 0x05, 0x21, 0x05, 0x21, 0x05, 0x21, 0x05, 0x21, 0x05, 0x21, 0x05, 0x21, 0x05, 
  0x21, 0x05, 0x21, 0x05, 0x21, 0x05, 0x21, 0x05, 0xF6, 0x2F, 0xF6, 0x2F, 0xF6, 0x2F, 0xF6, 0x2F, 
  0x21, 0x05, 0x21, 0x05, 0x21, 0x05, 0x21, 0x05, 0x21, 0x05, 0x21, 0x05, 0x21, 0x05, 0x21, 0x05, 
  0x21, 0x05, 0x21, 0x05, 0x21, 0x05, 0x21, 0x05, 0x21, 0x05, 0x21, 0x05, 0x21, 0x05, 0x21, 0x05, 
  0x21, 0x05, 0xF6, 0x2F, 0xF6, 0x2F, 0xF6, 0x2F, 0xF6, 0x2F, 0x21, 0x05, 0x21, 0x05, 0x21, 0x05, 
  0x21, 0x05, 0x21, 0x05, 0x21, 0x05, 0x21, 0x05, 0x21, 0x05, 0x21, 0x05, 0x21, 0x05, 0x21, 0x05, 
  0x21, 0x05, 0x21, 0x05, 0x21, 0x05, 0x21, 0x05, 0x21, 0x05, 0x21, 0x05, 0x21, 0x05, 0x21, 0x05, 
  0x21, 0x05, 0x21, 0x05, 0x21, 0x05, 0x21, 0x05, 0x21, 0x05, 0x21, 0x05, 0x21, 0x05, 0x21, 0x05, 
  0x21, 0x05, 0x21, 0x05, 0x21, 0x05, 0x21, 0x05, 0x21, 0x05, 0x21, 0x05, 0x21, 0x05, 0x21, 0x05, 
  0x21, 0x05, 0x21, 0x05, 0x21, 0x05, 0x21, 0x05, 0x21, 0x05, 0x21, 0x05, 0x21, 0x05, 0x21, 0x05, 
  0x21, 0x05, 0x21, 0x05, 0x21, 0x05, 0x21, 0x05, 0x21, 0x05, 0x21, 0x05, 0x21, 0x05, 0x21, 0x05, 
  0x21, 0x05, 0x21, 0x05, 0x21, 0x05, 0x21, 0x05, 0x21, 0x05, 0x21, 0x05, 0x21, 0x05, 0x21, 0x05, 
  0x21, 0x05, 0x21, 0x05, 0x21, 0x05, 0x21, 0x05, 0x21, 0x05, 0x21, 0x05, 0x21, 0x05, 0x21, 0x05, 
  0x21, 0x05, 0x21, 0x05, 0x21, 0x05, 0x21, 0x05, 0x21, 0x05, 0x21, 0x05, 0x21, 0x05, 0x21, 0x05, 
  0x21, 0x05, 0x21, 0x05, 0x21, 0x05, 0x21, 0x05, 0x21, 0x05, 0x21, 0x05, 0x21, 0x05, 0x21, 0x05, 
  0x21, 0x05, 0x21, 0x05, 0x21, 0x05, 0x21, 0x05, 0x21, 0x05, 0x21, 0x05, 0x21, 0x05, 0x21, 0x05, 
  0x21, 0x05, 0x21, 0x05, 0x21, 0x05, 0x21, 0x05, 0x21, 0x05, 0x21, 0x05, 0x21, 0x05, 0x21, 0x05, 
  0x21, 0x05, 0x21, 0x05, 0x21, 0x05, 0x21, 0x05, 0x21, 0x05, 0x21, 0x05, 0x21, 0x05, 0x21, 0x05, 
  0x21, 0x05, 0x21, 0x05, 0x21, 0x05, 0x21, 0x05, 0x21, 0x05, 0x21, 0x05, 0x21, 0x05, 0x21, 0x05, 
  0x21, 0x05, 0x21, 0x05, 0x21, 0x05, 0x21, 0x05, 0x21, 0x05, 0x21, 0x05, 0x21, 0x05, 0x21, 0x05, 
  0x21, 0x05, 0x21, 0x05, 0x21, 0x05, 0x21, 0x05, 0x21, 0x05, 0x21, 0x05, 0x21, 0x05, 0x21, 0x05, 
  0x21, 0x05, 0x21, 0x05, 0x21, 0x05, 0x21, 0x05, 0x21, 0x05, 0x21, 0x05, 0x21, 0x05, 0x21, 0x05, 
  0x21, 0x05, 0x21, 0x05, 0x21, 0x05, 0x21, 0x05, 0x21, 0x05, 0x21, 0x05, 0x21, 0x05, 0x21, 0x05, 
  0x21, 0x05, 0x21, 0x05, 0x21, 0x05, 0x21, 0x05, 0x21, 0x05, 0x21, 0x05, 0x21, 0x05, 0x21, 0x05, 
  0x21, 0x05, 0x21, 0x05, 0x21, 0x05, 0x21, 0x05, 0x21, 0x05, 0x21, 0x05, 0x21, 0x05, 0x21, 0x05, 
  0x21, 0x05, 0x21, 0x05, 0x21, 0x05, 0x21, 0x05, 0x21, 0x05, 0x21, 0x05, 0x21, 0x05, 0x21, 0x05, 
  0x21, 0x05, 0x21, 0x05, 0x21, 0x05, 0x21, 0x05, 0x21, 0x05, 0x21, 0x05, 0x21, 0x05, 0x21, 0x05, 
  0x21, 0x05, 0x21, 0x05, 0x21, 0x05, 0x21, 0x05, 0x21, 0x05, 0x21, 0x05, 0x21, 0x05, 0x21, 0x05, 
  0x21, 0x05, 0x21, 0x05, 0x21, 0x05, 0x21, 0x05, 0x21, 0x05, 0x21, 0x05, 0x21, 0x05, 0x21, 0x05, 
  0x21, 0x05, 0x21, 0x05, 0x21, 0x05, 0x21, 0x05, 0x21, 0x05, 0x21, 0x05, 0x21, 0x05, 0x21, 0x05, 
  0x21, 0x05, 0x21, 0x05, 0x21, 0x05, 0x21, 0x05, 0x21, 0x05, 0x21, 0x05, 0x21, 0x05, 0x21, 0x05, 
  0x21, 0x05, 0x21, 0x05, 0x21, 0x05, 0x21, 0x05, 0xF6, 0x2F, 0xF6, 0x2F, 0xF6, 0x2F, 0xF6, 0x2F, 
  0x21, 0x05, 0x21, 0x05, 0x21, 0x05, 0x21, 0x05, 0x21, 0x05, 0x21, 0x05, 0x21, 0x05, 0x21, 0x05, 
  0x21, 0x05, 0x21, 0x05, 0x21, 0x05, 0x21, 0x05, 0x21, 0x05, 0x21, 0x05, 0x21, 0x05, 0x21, 0x05, 
  0x21, 0x05, 0xF6, 0x2F, 0xF6, 0x2F, 0xF6, 0x2F, 0xF6, 0x2F, 0x21, 0x05, 0x21, 0x05, 0x21, 0x05, 
  0x21, 0x05, 0x21, 0x05, 0x21, 0x05, 0x21, 0x05, 0x21, 0x05, 0x21, 0x05, 0x21, 0x05, 0x21, 0x05, 
  0x21, 0x05, 0x21, 0x05, 0x21, 0x05, 0x21, 0x05, 0x21, 0x05, 0x21, 0x05, 0x21, 0x05, 0x21, 0x05, 
  0x21, 0x05, 0x21, 0x05, 0x21, 0x05, 0x21, 0x05, 0x21, 0x05, 0x21, 0x05, 0x21, 0x05, 0x21, 0x05, 
  0x21, 0x05, 0x21, 0x05, 0x21, 0x05, 0x21, 0x05, 0x21, 0x05, 0x21, 0x05, 0x21, 0x05, 0x21, 0x05, 
  0x21, 0x05, 0x21, 0x05, 0x21, 0x05, 0x21, 0x05, 0x21, 0x05, 0x21, 0x05, 0x21, 0x05, 0x21, 0x05, 
  0x21, 0x05, 0x21, 0x05, 0x21, 0x05, 0x21, 0x05, 0x21, 0x05, 0x21, 0x05, 0x21, 0x05, 0x21, 0x05, 
  0x21, 0x05, 0x21, 0x05, 0x21, 0x05, 0x21, 0x05, 0x21, 0x05, 0x21, 0x05, 0x21, 0x05, 0x21, 0x05, 
  0x21, 0x05, 0x21, 0x05, 0x21, 0x05, 0x21, 0x05, 0x21, 0x05, 0x21, 0x05, 0x21, 0x05, 0x21, 0x05, 
  0x21, 0x05, 0x21, 0x05, 0x21, 0x05, 0x21, 0x05, 0x21, 0x05, 0x21, 0x05, 0x21, 0x05, 0x21, 0x05, 
  0x21, 0x05, 0x21, 0x05, 0x21, 0x05, 0x21, 0x05, 0x21, 0x05, 0x21, 0x05, 0x21, 0x05, 0x21, 0x05, 
  0x21, 0x05, 0x21, 0x05, 0x21, 0x05, 0x21, 0x05, 0x21, 0x05, 0x21, 0x05, 0x21, 0x05, 0x21, 0x05, 
  0x21, 0x05, 0x21, 0x05, 0x21, 0x05, 0x21, 0x05, 0x21, 0x05, 0x21, 0x05, 0x21, 0x05, 0x21, 0x05, 
  0x21, 0x05, 0x21, 0x05, 0x21, 0x05, 0x21, 0x05, 0x21, 0x05, 0x21, 0x05, 0x21, 0x05, 0x21, 0x05, 
  0x21, 0x05, 0x21, 0x05, 0x21, 0x05, 0x21, 0x05, 0x21, 0x05, 0x21, 0x05, 0x21, 0x05, 0x21, 0x05, 
  0x21, 0x05, 0x21, 0x05, 0x21, 0x05, 0x21, 0x05, 0x21, 0x05, 0x21, 0x05, 0x21, 0x05, 0x21, 0x05, 
  0x21, 0x05, 0x21, 0x05, 0x21, 0x05, 0x21, 0x05, 0x21, 0x05, 0x21, 0x05, 0x21, 0x05, 0x21, 0x05, 
  0x21, 0x05, 0x21, 0x05, 0x21, 0x05, 0x21, 0x05, 0x21, 0x05, 0x21, 0x05, 0x21, 0x05, 0x21, 0x05, 
  0x21, 0x05, 0x21, 0x05, 0x21, 0x05, 0x21, 0x05, 0x21, 0x05, 0x21, 0x05, 0x21, 0x05, 0x21, 0x05, 
  0x21, 0x05, 0x21, 0x05, 0x21, 0x05, 0x21, 0x05, 0x21, 0x05, 0x21, 0x05, 0x21, 0x05, 0x21, 0x05, 
  0x21, 0x05, 0x21, 0x05, 0x21, 0x05, 0x21, 0x05, 0x21, 0x05, 0x21, 0x05, 0x21, 0x05, 0x21, 0x05, 
  0x21, 0x05, 0x21, 0x05, 0x21, 0x05, 0x21, 0x05, 0x21, 0x05, 0x21, 0x05, 0x21, 0x05, 0x21, 0x05, 
  0x21, 0x05, 0x21, 0x05, 0x21, 0x05, 0x21, 0x05, 0x21, 0x05, 0x21, 0x05, 0x21, 0x05, 0x21, 0x05, 
  0x21, 0x05, 0x21, 0x05, 0x21, 0x05, 0x21, 0x05, 0x21, 0x05, 0x21, 0x05, 0x21, 0x05, 0x21, 0x05, 
  0x21, 0x05, 0x21, 0x05, 0x21, 0x05, 0x21, 0x05, 0x21, 0x05, 0x21, 0x05, 0x21, 0x05, 0x21, 0x05, 
  0x21, 0x05, 0x21, 0x05, 0x21, 0x05, 0x21, 0x05, 0x21, 0x05, 0x21, 0x05, 0x21, 0x05, 0x21, 0x05, 
  0x21, 0x05, 0x21, 0x05, 0x21, 0x05, 0x21, 0x05, 0x21, 0x05, 0x21, 0x05, 0x21, 0x05, 0x21, 0x05, 
  0x21, 0x05, 0x21, 0x05, 0x21, 0x05, 0xF6, 0x2F, 0xF6, 0x2F, 0xF6, 0x2F, 0xF6, 0x2F, 0xF6, 0x2F, 
  0xF6, 0x2F, 0x21, 0x05, 0x21, 0x05, 0x21, 0x05, 0x21, 0x05, 0x21, 0x05, 0x21, 0x05, 0x21, 0x05, 
  0x21, 0x05, 0x21, 0x05, 0x21, 0x05, 0x21, 0x05, 0x21, 0x05, 0x21, 0x05, 0x21, 0x05, 0x21, 0x05, 
  0xF6, 0x2F, 0xF6, 0x2F, 0xF6, 0x2F, 0xF6, 0x2F, 0xF6, 0x2F, 0xF6, 0x2F, 0x21, 0x05, 0x21, 0x05, 
  0x21, 0x05, 0x21, 0x05, 0x21, 0x05, 0x21, 0x05, 0x21, 0x05, 0x21, 0x05, 0x21, 0x05, 0x21, 0x05, 
  0x21, 0x05, 0x21, 0x05, 0x21, 0x05, 0x21, 0x05, 0x21, 0x05, 0x21, 0x05, 0x21, 0x05, 0x21, 0x05, 
  0x21, 0x05, 0x21, 0x05, 0x21, 0x05, 0x21, 0x05, 0x21, 0x05, 0x21, 0x05, 0x21, 0x05, 0x21, 0x05, 
  0x21, 0x05, 0x21, 0x05, 0x21, 0x05, 0x21, 0x05, 0x21, 0x05, 0x21, 0x05, 0x21, 0x05, 0x21, 0x05, 
  0x21, 0x05, 0x21, 0x05, 0x21, 0x05, 0x21, 0x05, 0x21, 0x05, 0x21, 0x05, 0x21, 0x05, 0x21, 0x05, 
  0x21, 0x05, 0x21, 0x05, 0x21, 0x05, 0x21, 0x05, 0x21, 0x05, 0x21, 0x05, 0x21, 0x05, 0x21, 0x05, 
  0x21, 0x05, 0x21, 0x05, 0x21, 0x05, 0x21, 0x05, 0x21, 0x05, 0x21, 0x05, 0x21, 0x05, 0x21, 0x05, 
  0x21, 0x05, 0x21, 0x05, 0x21, 0x05, 0x21, 0x05, 0x21, 0x05, 0x21, 0x05, 0x21, 0x05, 0x21, 0x05, 
  0x21, 0x05, 0x21, 0x05, 0x21, 0x05, 0x21, 0x05, 0x21, 0x05, 0x21, 0x05, 0x21, 0x05, 0x21, 0x05, 
  0x21, 0x05, 0x21, 0x05, 0x21, 0x05, 0x21, 0x05, 0x21, 0x05, 0x21, 0x05, 0x21, 0x05, 0x21, 0x05, 
  0x21, 0x05, 0x21, 0x05, 0x21, 0x05, 0x21, 0x05, 0x21, 0x05, 0x21, 0x05, 0x21, 0x05, 0x21, 0x05, 
  0x21, 0x05, 0x21, 0x05, 0x21, 0x05, 0x21, 0x05, 0x21, 0x05, 0x21, 0x05, 0x21, 0x05, 0x21, 0x05, 
  0x21, 0x05, 0x21, 0x05, 0x21, 0x05, 0x21, 0x05, 0x21, 0x05, 0x21, 0x05, 0x21, 0x05, 0x21, 0x05, 
  0x21, 0x05, 0x21, 0x05, 0x21, 0x05, 0x21, 0x05, 0x21, 0x05, 0x21, 0x05, 0x21, 0x05, 0x21, 0x05, 
  0x21, 0x05, 0x21, 0x05, 0x21, 0x05, 0x21, 0x05, 0x21, 0x05, 0x21, 0x05, 0x21, 0x05, 0x21, 0x05, 
  0x21, 0x05, 0x21, 0x05, 0x21, 0x05, 0x21, 0x05, 0x21, 0x05, 0x21, 0x05, 0x21, 0x05, 0x21, 0x05, 
  0x21, 0x05, 0x21, 0x05, 0x21, 0x05, 0x21, 0x05, 0x21, 0x05, 0x21, 0x05, 0x21, 0x05, 0x21, 0x05, 
  0x21, 0x05, 0x21, 0x05, 0x21, 0x05, 0x21, 0x05, 0x21, 0x05, 0x21, 0x05, 0x21, 0x05, 0x21, 0x05, 
  0x21, 0x05, 0x21, 0x05, 0x21, 0x05, 0x21, 0x05, 0x21, 0x05, 0x21, 0x05, 0x21, 0x05, 0x21, 0x05, 
  0x21, 0x05, 0x21, 0x05, 0x21, 0x05, 0x21, 0x05, 0x21, 0x05, 0x21, 0x05, 0x21, 0x05, 0x21, 0x05, 
  0x21, 0x05, 0x21, 0x05, 0x21, 0x05, 0x21, 0x05, 0x21, 0x05, 0x21, 0x05, 0x21, 0x05, 0x21, 0x05, 
  0x21, 0x05, 0x21, 0x05, 0x21, 0x05, 0x21, 0x05, 0x21, 0x05, 0x21, 0x05, 0x21, 0x05, 0x21, 0x05, 
  0x21, 0x05, 0x21, 0x05, 0x21, 0x05, 0x21, 0x05, 0x21, 0x05, 0x21, 0x05, 0x21, 0x05, 0x21, 0x05, 
  0x21, 0x05, 0x21, 0x05, 0x21, 0x05, 0x21, 0x05, 0x21, 0x05, 0x21, 0x05, 0x21, 0x05, 0x21, 0x05, 
  0x21, 0x05, 0x21, 0x05, 0x21, 0x05, 0x21, 0x05, 0x21, 0x05, 0x21, 0x05, 0x21, 0x05, 0x21, 0x05, 
  0x21, 0x05, 0x21, 0x05, 0x21, 0x05, 0x21, 0x05, 0x21, 0x05, 0x21, 0x05, 0x21, 0x05, 0x21, 0x05, 
  0x21, 0x05, 0x21, 0x05, 0x21, 0x05, 0xF6, 0x2F, 0xF6, 0x2F, 0xF6, 0x2F, 0xF6, 0x2F, 0xF6, 0x2F, 
  0xF6, 0x2F, 0x21, 0x05, 0x21, 0x05, 0x21, 0x05, 0x21, 0x05, 0x21, 0x05, 0x21, 0x05, 0x21, 0x05, 
  0x21, 0x05, 0x21, 0x05, 0x21, 0x05, 0x21, 0x05, 0x21, 0x05, 0x21, 0x05, 0x21, 0x05, 0x21, 0x05, 
  0xF6, 0x2F, 0xF6, 0x2F, 0xF6, 0x2F, 0xF6, 0x2F, 0xF6, 0x2F, 0xF6, 0x2F, 0x21, 0x05, 0x21, 0x05, 
  0x21, 0x05, 0x21, 0x05, 0x21, 0x05, 0x21, 0x05, 0x21, 0x05, 0x21, 0x05, 0x21, 0x05, 0x21, 0x05, 
  0x21, 0x05, 0x21, 0x05, 0x21, 0x05, 0x21, 0x05, 0x21, 0x05, 0x21, 0x05, 0x21, 0x05, 0x21, 0x05, 
  0x21, 0x05, 0x21, 0x05, 0x21, 0x05, 0x21, 0x05, 0x21, 0x05, 0x21, 0x05, 0x21, 0x05, 0x21, 0x05, 
  0x21, 0x05, 0x21, 0x05, 0x21, 0x05, 0x21, 0x05, 0x21, 0x05, 0x21, 0x05, 0x21, 0x05, 0x21, 0x05, 
  0x21, 0x05, 0x21, 0x05, 0x21, 0x05, 0x21, 0x05, 0x21, 0x05, 0x21, 0x05, 0x21, 0x05, 0x21, 0x05, 
  0x21, 0x05, 0x21, 0x05, 0x21, 0x05, 0x21, 0x05, 0x21, 0x05, 0x21, 0x05, 0x21, 0x05, 0x21, 0x05, 
  0x21, 0x05, 0x21, 0x05, 0x21, 0x05, 0x21, 0x05, 0x21, 0x05, 0x21, 0x05, 0x21, 0x05, 0x21, 0x05, 
  0x21, 0x05, 0x21, 0x05, 0x21, 0x05, 0x21, 0x05, 0x21, 0x05, 0x21, 0x05, 0x21, 0x05, 0x21, 0x05, 
  0x21, 0x05, 0x21, 0x05, 0x21, 0x05, 0x21, 0x05, 0x21, 0x05, 0x21, 0x05, 0x21, 0x05, 0x21, 0x05, 
  0x21, 0x05, 0x21, 0x05, 0x21, 0x05, 0x21, 0x05, 0x21, 0x05, 0x21, 0x05, 0x21, 0x05, 0x21, 0x05, 
  0x21, 0x05, 0x21, 0x05, 0x21, 0x05, 0x21, 0x05, 0x21, 0x05, 0x21, 0x05, 0x21, 0x05, 0x21, 0x05, 
  0x21, 0x05, 0x21, 0x05, 0x21, 0x05, 0x21, 0x05, 0x21, 0x05, 0x21, 0x05, 0x21, 0x05, 0x21, 0x05, 
  0x21, 0x05, 0x21, 0x05, 0x21, 0x05, 0x21, 0x05, 0x21, 0x05, 0x21, 0x05, 0x21, 0x05, 0x21, 0x05, 
  0x21, 0x05, 0x21, 0x05, 0x21, 0x05, 0x21, 0x05, 0x21, 0x05, 0x21, 0x05, 0x21, 0x05, 0x21, 0x05, 
  0x21, 0x05, 0x21, 0x05, 0x21, 0x05, 0x21, 0x05, 0x21, 0x05, 0x21, 0x05, 0x21, 0x05, 0x21, 0x05, 
  0x21, 0x05, 0x21, 0x05, 0x21, 0x05, 0x21, 0x05, 0x21, 0x05, 0x21, 0x05, 0x21, 0x05, 0x21, 0x05, 
  0x21, 0x05, 0x21, 0x05, 0x21, 0x05, 0x21, 0x05, 0x21, 0x05, 0x21, 0x05, 0x21, 0x05, 0x21, 0x05, 
  0x21, 0x05, 0x21, 0x05, 0x21, 0x05, 0x21, 0x05, 0x21, 0x05, 0x21, 0x05, 0x21, 0x05, 0x21, 0x05, 
  0x21, 0x05, 0x21, 0x05, 0x21, 0x05, 0x21, 0x05, 0x21, 0x05, 0x21, 0x05, 0x21, 0x05, 0x21, 0x05, 
  0x21, 0x05, 0x21, 0x05, 0x21, 0x05, 0x21, 0x05, 0x21, 0x05, 0x21, 0x05, 0x21, 0x05, 0x21, 0x05, 
  0x21, 0x05, 0x21, 0x05, 0x21, 0x05, 0x21, 0x05, 0x21, 0x05, 0x21, 0x05, 0x21, 0x05, 0x21, 0x05, 
  0x21, 0x05, 0x21, 0x05, 0x21, 0x05, 0x21, 0x05, 0x21, 0x05, 0x21, 0x05, 0x21, 0x05, 0x21, 0x05, 
  0x21, 0x05, 0x21, 0x05, 0x21, 0x05, 0x21, 0x05, 0x21, 0x05, 0x21, 0x05, 0x21, 0x05, 0x21, 0x05, 
  0x21, 0x05, 0x21, 0x05, 0x21, 0x05, 0x21, 0x05, 0x21, 0x05, 0x21, 0x05, 0x21, 0x05, 0x21, 0x05, 
  0x21, 0x05, 0x21, 0x05, 0x21, 0x05, 0x21, 0x05, 0x21, 0x05, 0x21, 0x05, 0x21, 0x05, 0x21, 0x05, 
  0x21, 0x05, 0x21, 0x05, 0x21, 0x05, 0x21, 0x05, 0x21, 0x05, 0x21, 0x05, 0x21, 0x05, 0x21, 0x05, 
  0x21, 0x05, 0x21, 0x05, 0xF6, 0x2F, 0xF6, 0x2F, 0xF6, 0x2F, 0xF6, 0x2F, 0xF6, 0x2F, 0xF6, 0x2F, 
  0xF6, 0x2F, 0xF6, 0x2F, 0x21, 0x05, 0x21, 0x05, 0x21, 0x05, 0x21, 0x05, 0x21, 0x05, 0x21, 0x05, 
  0x21, 0x05, 0x21, 0x05, 0x21, 0x05, 0x21, 0x05, 0x21, 0x05, 0x21, 0x05, 0x21, 0x05, 0xF6, 0x2F, 
  0xF6, 0x2F, 0xF6, 0x2F, 0xF6, 0x2F, 0xF6, 0x2F, 0xF6, 0x2F, 0xF6, 0x2F, 0xF6, 0x2F, 0x21, 0x05, 
  0x21, 0x05, 0x21, 0x05, 0x21, 0x05, 0x21, 0x05, 0x21, 0x05, 0x21, 0x05, 0x21, 0x05, 0x21, 0x05, 
  0x21, 0x05, 0x21, 0x05, 0x21, 0x05, 0x21, 0x05, 0x21, 0x05, 0x21, 0x05, 0x21, 0x05, 0x21, 0x05, 
  0x21, 0x05, 0x21, 0x05, 0x21, 0x05, 0x21, 0x05, 0x21, 0x05, 0x21, 0x05, 0x21, 0x05, 0x21, 0x05, 
  0x21, 0x05, 0x21, 0x05, 0x21, 0x05, 0x21, 0x05, 0x21, 0x05, 0x21, 0x05, 0x21, 0x05, 0x21, 0x05, 
  0x21, 0x05, 0x21, 0x05, 0x21, 0x05, 0x21, 0x05, 0x21, 0x05, 0x21, 0x05, 0x21, 0x05, 0x21, 0x05, 
  0x21, 0x05, 0x21, 0x05, 0x21, 0x05, 0x21, 0x05, 0x21, 0x05, 0x21, 0x05, 0x21, 0x05, 0x21, 0x05, 
  0x21, 0x05, 0x21, 0x05, 0x21, 0x05, 0x21, 0x05, 0x21, 0x05, 0x21, 0x05, 0x21, 0x05, 0x21, 0x05, 
  0x21, 0x05, 0x21, 0x05, 0x21, 0x05, 0x21, 0x05, 0x21, 0x05, 0x21, 0x05, 0x21, 0x05, 0x21, 0x05, 
  0x21, 0x05, 0x21, 0x05, 0x21, 0x05, 0x21, 0x05, 0x21, 0x05, 0x21, 0x05, 0x21, 0x05, 0x21, 0x05, 
  0x21, 0x05, 0x21, 0x05, 0x21, 0x05, 0x21, 0x05, 0x21, 0x05, 0x21, 0x05, 0x21, 0x05, 0x21, 0x05, 
  0x21, 0x05, 0x21, 0x05, 0x21, 0x05, 0x21, 0x05, 0x21, 0x05, 0x21, 0x05, 0x21, 0x05, 0x21, 0x05, 
  0x21, 0x05, 0x21, 0x05, 0x21, 0x05, 0x21, 0x05, 0x21, 0x05, 0x21, 0x05, 0x21, 0x05, 0x21, 0x05, 
  0x21, 0x05, 0x21, 0x05, 0x21, 0x05, 0x21, 0x05, 0x21, 0x05, 0x21, 0x05, 0x21, 0x05, 0x21, 0x05, 
  0x21, 0x05, 0x21, 0x05, 0x21, 0x05, 0x21, 0x05, 0x21, 0x05, 0x21, 0x05, 0x21, 0x05, 0x21, 0x05, 
  0x21, 0x05, 0x21, 0x05, 0x21, 0x05, 0x21, 0x05, 0x21, 0x05, 0x21, 0x05, 0x21, 0x05, 0x21, 0x05, 
  0x21, 0x05, 0x21, 0x05, 0x21, 0x05, 0x21, 0x05, 0x21, 0x05, 0x21, 0x05, 0x21, 0x05, 0x21, 0x05, 
  0x21, 0x05, 0x21, 0x05, 0x21, 0x05, 0x21, 0x05, 0x21, 0x05, 0x21, 0x05, 0x21, 0x05, 0x21, 0x05, 
  0x21, 0x05, 0x21, 0x05, 0x21, 0x05, 0x21, 0x05, 0x21, 0x05, 0x21, 0x05, 0x21, 0x05, 0x21, 0x05, 
  0x21, 0x05, 0x21, 0x05, 0x21, 0x05, 0x21, 0x05, 0x21, 0x05, 0x21, 0x05, 0x21, 0x05, 0x21, 0x05, 
  0x21, 0x05, 0x21, 0x05, 0x21, 0x05, 0x21, 0x05, 0x21, 0x05, 0x21, 0x05, 0x21, 0x05, 0x21, 0x05, 
  0x21, 0x05, 0x21, 0x05, 0x21, 0x05, 0x21, 0x05, 0x21, 0x05, 0x21, 0x05, 0x21, 0x05, 0x21, 0x05, 
  0x21, 0x05, 0x21, 0x05, 0x21, 0x05, 0x21, 0x05, 0x21, 0x05, 0x21, 0x05, 0x21, 0x05, 0x21, 0x05, 
  0x21, 0x05, 0x21, 0x05, 0x21, 0x05, 0x21, 0x05, 0x21, 0x05, 0x21, 0x05, 0x21, 0x05, 0x21, 0x05, 
  0x21, 0x05, 0x21, 0x05, 0x21, 0x05, 0x21, 0x05, 0x21, 0x05, 0x21, 0x05, 0x21, 0x05, 0x21, 0x05, 
  0x21, 0x05, 0x21, 0x05, 0x21, 0x05, 0x21, 0x05, 0x21, 0x05, 0x21, 0x05, 0x21, 0x05, 0x21, 0x05, 
  0x21, 0x05, 0x21, 0x05, 0x21, 0x05, 0x21, 0x05, 0x21, 0x05, 0x21, 0x05, 0x21, 0x05, 0x21, 0x05, 
  0x21, 0x05, 0x21, 0x05, 0xF6, 0x2F, 0xF6, 0x2F, 0xF6, 0x2F, 0xF6, 0x2F, 0xF6, 0x2F, 0xF6, 0x2F, 
  0xF6, 0x2F, 0xF6, 0x2F, 0x21, 0x05, 0x21, 0x05, 0x21, 0x05, 0x21, 0x05, 0x21, 0x05, 0x21, 0x05, 
  0x21, 0x05, 0x21, 0x05, 0x21, 0x05, 0x21, 0x05, 0x21, 0x05, 0x21, 0x05, 0x21, 0x05, 0xF6, 0x2F, 
  0xF6, 0x2F, 0xF6, 0x2F, 0xF6, 0x2F, 0xF6, 0x2F, 0xF6, 0x2F, 0xF6, 0x2F, 0xF6, 0x2F, 0x21, 0x05, 
  0x21, 0x05, 0x21, 0x05, 0x21, 0x05, 0x21, 0x05, 0x21, 0x05, 0x21, 0x05, 0x21, 0x05, 0x21, 0x05, 
  0x21, 0x05, 0x21, 0x05, 0x21, 0x05, 0x21, 0x05, 0x21, 0x05, 0x21, 0x05, 0x21, 0x05, 0x21, 0x05, 
  0x21, 0x05, 0x21, 0x05, 0x21, 0x05, 0x21, 0x05, 0x21, 0x05, 0x21, 0x05, 0x21, 0x05, 0x21, 0x05, 
  0x21, 0x05, 0x21, 0x05, 0x21, 0x05, 0x21, 0x05, 0x21, 0x05, 0x21, 0x05, 0x21, 0x05, 0x21, 0x05, 
  0x21, 0x05, 0x21, 0x05, 0x21, 0x05, 0x21, 0x05, 0x21, 0x05, 0x21, 0x05, 0x21, 0x05, 0x21, 0x05, 
  0x21, 0x05, 0x21, 0x05, 0x21, 0x05, 0x21, 0x05, 0x21, 0x05, 0x21, 0x05, 0x21, 0x05, 0x21, 0x05, 
  0x21, 0x05, 0x21, 0x05, 0x21, 0x05, 0x21, 0x05, 0x21, 0x05, 0x21, 0x05, 0x21, 0x05, 0x21, 0x05, 
  0x21, 0x05, 0x21, 0x05, 0x21, 0x05, 0x21, 0x05, 0x21, 0x05, 0x21, 0x05, 0x21, 0x05, 0x21, 0x05, 
  0x21, 0x05, 0x21, 0x05, 0x21, 0x05, 0x21, 0x05, 0x21, 0x05, 0x21, 0x05, 0x21, 0x05, 0x21, 0x05, 
  0x21, 0x05, 0x21, 0x05, 0x21, 0x05, 0x21, 0x05, 0x21, 0x05, 0x21, 0x05, 0x21, 0x05, 0x21, 0x05, 
  0x21, 0x05, 0x21, 0x05, 0x21, 0x05, 0x21, 0x05, 0x21, 0x05, 0x21, 0x05, 0x21, 0x05, 0x21, 0x05, 
  0x21, 0x05, 0x21, 0x05, 0x21, 0x05, 0x21, 0x05, 0x21, 0x05, 0x21, 0x05, 0x21, 0x05, 0x21, 0x05, 
  0x21, 0x05, 0x21, 0x05, 0x21, 0x05, 0x21, 0x05, 0x21, 0x05, 0x21, 0x05, 0x21, 0x05, 0x21, 0x05, 
  0x21, 0x05, 0x21, 0x05, 0x21, 0x05, 0x21, 0x05, 0x21, 0x05, 0x21, 0x05, 0x21, 0x05, 0x21, 0x05, 
  0x21, 0x05, 0x21, 0x05, 0x21, 0x05, 0x21, 0x05, 0x21, 0x05, 0x21, 0x05, 0x21, 0x05, 0x21, 0x05, 
  0x21, 0x05, 0x21, 0x05, 0x21, 0x05, 0x21, 0x05, 0x21, 0x05, 0x21, 0x05, 0x21, 0x05, 0x21, 0x05, 
  0x21, 0x05, 0x21, 0x05, 0x21, 0x05, 0x21, 0x05, 0x21, 0x05, 0x21, 0x05, 0x21, 0x05, 0x21, 0x05, 
  0x21, 0x05, 0x21, 0x05, 0x21, 0x05, 0x21, 0x05, 0x21, 0x05, 0x21, 0x05, 0x21, 0x05, 0x21, 0x05, 
  0x21, 0x05, 0x21, 0x05, 0x21, 0x05, 0x21, 0x05, 0x21, 0x05, 0x21, 0x05, 0x21, 0x05, 0x21, 0x05, 
  0x21, 0x05, 0x21, 0x05, 0x21, 0x05, 0x21, 0x05, 0x21, 0x05, 0x21, 0x05, 0x21, 0x05, 0x21, 0x05, 
  0x21, 0x05, 0x21, 0x05, 0x21, 0x05, 0x21, 0x05, 0x21, 0x05, 0x21, 0x05, 0x21, 0x05, 0x21, 0x05, 
  0x21, 0x05, 0x21, 0x05, 0x21, 0x05, 0x21, 0x05, 0x21, 0x05, 0x21, 0x05, 0x21, 0x05, 0x21, 0x05, 
  0x21, 0x05, 0x21, 0x05, 0x21, 0x05, 0x21, 0x05, 0x21, 0x05, 0x21, 0x05, 0x21, 0x05, 0x21, 0x05, 
  0x21, 0x05, 0x21, 0x05, 0x21, 0x05, 0x21, 0x05, 0x21, 0x05, 0x21, 0x05, 0x21, 0x05, 0x21, 0x05, 
  0x21, 0x05, 0x21, 0x05, 0x21, 0x05, 0x21, 0x05, 0x21, 0x05, 0x21, 0x05, 0x21, 0x05, 0x21, 0x05, 
  0x21, 0x05, 0x21, 0x05, 0x21, 0x05, 0x21, 0x05, 0x21, 0x05, 0x21, 0x05, 0x21, 0x05, 0x21, 0x05, 
  0x21, 0x05, 0xF6, 0x2F, 0xF6, 0x2F, 0xF6, 0x2F, 0xF6, 0x2F, 0xF6, 0x2F, 0xF6, 0x2F, 0xF6, 0x2F, 
  0xF6, 0x2F, 0xF6, 0x2F, 0x21, 0x05, 0x21, 0x05, 0x21, 0x05, 0x21, 0x05, 0x21, 0x05, 0x21, 0x05, 
  0x21, 0x05, 0x21, 0x05, 0x21, 0x05, 0x21, 0x05, 0x21, 0x05, 0x21, 0x05, 0x21, 0x05, 0xF6, 0x2F, 
  0xF6, 0x2F, 0xF6, 0x2F, 0xF6, 0x2F, 0xF6, 0x2F, 0xF6, 0x2F, 0xF6, 0x2F, 0xF6, 0x2F, 0xF6, 0x2F, 
  0x21, 0x05, 0x21, 0x05, 0x21, 0x05, 0x21, 0x05, 0x21, 0x05, 0x21, 0x05, 0x21, 0x05, 0x21, 0x05, 
  0x21, 0x05, 0x21, 0x05, 0x21, 0x05, 0x21, 0x05, 0x21, 0x05, 0x21, 0x05, 0x21, 0x05, 0x21, 0x05, 
  0x21, 0x05, 0x21, 0x05, 0x21, 0x05, 0x21, 0x05, 0x21, 0x05, 0x21, 0x05, 0x21, 0x05, 0x21, 0x05, 
  0x21, 0x05, 0x21, 0x05, 0x21, 0x05, 0x21, 0x05, 0x21, 0x05, 0x21, 0x05, 0x21, 0x05, 0x21, 0x05, 
  0x21, 0x05, 0x21, 0x05, 0x21, 0x05, 0x21, 0x05, 0x21, 0x05, 0x21, 0x05, 0x21, 0x05, 0x21, 0x05, 
  0x21, 0x05, 0x21, 0x05, 0x21, 0x05, 0x21, 0x05, 0x21, 0x05, 0x21, 0x05, 0x21, 0x05, 0x21, 0x05, 
  0x21, 0x05, 0x21, 0x05, 0x21, 0x05, 0x21, 0x05, 0x21, 0x05, 0x21, 0x05, 0x21, 0x05, 0x21, 0x05, 
  0x21, 0x05, 0x21, 0x05, 0x21, 0x05, 0x21, 0x05, 0x21, 0x05, 0x21, 0x05, 0x21, 0x05, 0x21, 0x05, 
  0x21, 0x05, 0x21, 0x05, 0x21, 0x05, 0x21, 0x05, 0x21, 0x05, 0x21, 0x05, 0x21, 0x05, 0x21, 0x05, 
  0x21, 0x05, 0x21, 0x05, 0x21, 0x05, 0x21, 0x05, 0x21, 0x05, 0x21, 0x05, 0x21, 0x05, 0x21, 0x05, 
  0x21, 0x05, 0x21, 0x05, 0x21, 0x05, 0x21, 0x05, 0x21, 0x05, 0x21, 0x05, 0x21, 0x05, 0x21, 0x05, 
  0x21, 0x05, 0x21, 0x05, 0x21, 0x05, 0x21, 0x05, 0x21, 0x05, 0x21, 0x05, 0x21, 0x05, 0x21, 0x05, 
  0x21, 0x05, 0x21, 0x05, 0x21, 0x05, 0x21, 0x05, 0x21, 0x05, 0x21, 0x05, 0x21, 0x05, 0x21, 0x05, 
  0x21, 0x05, 0x21, 0x05, 0x21, 0x05, 0x21, 0x05, 0x21, 0x05, 0x21, 0x05, 0x21, 0x05, 0x21, 0x05, 
  0x21, 0x05, 0x21, 0x05, 0x21, 0x05, 0x21, 0x05, 0x21, 0x05, 0x21, 0x05, 0x21, 0x05, 0x21, 0x05, 
  0x21, 0x05, 0x21, 0x05, 0x21, 0x05, 0x21, 0x05, 0x21, 0x05, 0x21, 0x05, 0x21, 0x05, 0x21, 0x05, 
  0x21, 0x05, 0x21, 0x05, 0x21, 0x05, 0x21, 0x05, 0x21, 0x05, 0x21, 0x05, 0x21, 0x05, 0x21, 0x05, 
  0x21, 0x05, 0x21, 0x05, 0x21, 0x05, 0x21, 0x05, 0x21, 0x05, 0x21, 0x05, 0x21, 0x05, 0x21, 0x05, 
  0x21, 0x05, 0x21, 0x05, 0x21, 0x05, 0x21, 0x05, 0x21, 0x05, 0x21, 0x05, 0x21, 0x05, 0x21, 0x05, 
  0x21, 0x05, 0x21, 0x05, 0x21, 0x05, 0x21, 0x05, 0x21, 0x05, 0x21, 0x05, 0x21, 0x05, 0x21, 0x05, 
  0x21, 0x05, 0x21, 0x05, 0x21, 0x05, 0x21, 0x05, 0x21, 0x05, 0x21, 0x05, 0x21, 0x05, 0x21, 0x05, 
  0x21, 0x05, 0x21, 0x05, 0x21, 0x05, 0x21, 0x05, 0x21, 0x05, 0x21, 0x05, 0x21, 0x05, 0x21, 0x05, 
  0x21, 0x05, 0x21, 0x05, 0x21, 0x05, 0x21, 0x05, 0x21, 0x05, 0x21, 0x05, 0x21, 0x05, 0x21, 0x05, 
  0x21, 0x05, 0x21, 0x05, 0x21, 0x05, 0x21, 0x05, 0x21, 0x05, 0x21, 0x05, 0x21, 0x05, 0x21, 0x05, 
  0x21, 0x05, 0x21, 0x05, 0x21, 0x05, 0x21, 0x05, 0x21, 0x05, 0x21, 0x05, 0x21, 0x05, 0x21, 0x05, 
  0x21, 0x05, 0x21, 0x05, 0x21, 0x05, 0x21, 0x05, 0x21, 0x05, 0x21, 0x05, 0x21, 0x05, 0x21, 0x05, 
  0x21, 0x05, 0xF6, 0x2F, 0xF6, 0x2F, 0xF6, 0x2F, 0xF6, 0x2F, 0xF6, 0x2F, 0xF6, 0x2F, 0xF6, 0x2F, 
  0xF6, 0x2F, 0xF6, 0x2F, 0xF6, 0x2F, 0x21, 0x05, 0x21, 0x05, 0x21, 0x05, 0x21, 0x05, 0x21, 0x05, 
  0x21, 0x05, 0x21, 0x05, 0x21, 0x05, 0x21, 0x05, 0x21, 0x05, 0x21, 0x05, 0xF6, 0x2F, 0xF6, 0x2F, 
  0xF6, 0x2F, 0xF6, 0x2F, 0xF6, 0x2F, 0xF6, 0x2F, 0xF6, 0x2F, 0xF6, 0x2F, 0xF6, 0x2F, 0xF6, 0x2F, 
  0x21, 0x05, 0x21, 0x05, 0x21, 0x05, 0x21, 0x05, 0x21, 0x05, 0x21, 0x05, 0x21, 0x05, 0x21, 0x05, 
  0x21, 0x05, 0x21, 0x05, 0x21, 0x05, 0x21, 0x05, 0x21, 0x05, 0x21, 0x05, 0x21, 0x05, 0x21, 0x05, 
  0x21, 0x05, 0x21, 0x05, 0x21, 0x05, 0x21, 0x05, 0x21, 0x05, 0x21, 0x05, 0x21, 0x05, 0x21, 0x05, 
  0x21, 0x05, 0x21, 0x05, 0x21, 0x05, 0x21, 0x05, 0x21, 0x05, 0x21, 0x05, 0x21, 0x05, 0x21, 0x05, 
  0x21, 0x05, 0x21, 0x05, 0x21, 0x05, 0x21, 0x05, 0x21, 0x05, 0x21, 0x05, 0x21, 0x05, 0x21, 0x05, 
  0x21, 0x05, 0x21, 0x05, 0x21, 0x05, 0x21, 0x05, 0x21, 0x05, 0x21, 0x05, 0x21, 0x05, 0x21, 0x05, 
  0x21, 0x05, 0x21, 0x05, 0x21, 0x05, 0x21, 0x05, 0x21, 0x05, 0x21, 0x05, 0x21, 0x05, 0x21, 0x05, 
  0x21, 0x05, 0x21, 0x05, 0x21, 0x05, 0x21, 0x05, 0x21, 0x05, 0x21, 0x05, 0x21, 0x05, 0x21, 0x05, 
  0x21, 0x05, 0x21, 0x05, 0x21, 0x05, 0x21, 0x05, 0x21, 0x05, 0x21, 0x05, 0x21, 0x05, 0x21, 0x05, 
  0x21, 0x05, 0x21, 0x05, 0x21, 0x05, 0x21, 0x05, 0x21, 0x05, 0x21, 0x05, 0x21, 0x05, 0x21, 0x05, 
  0x21, 0x05, 0x21, 0x05, 0x21, 0x05, 0x21, 0x05, 0x21, 0x05, 0x21, 0x05, 0x21, 0x05, 0x21, 0x05, 
  0x21, 0x05, 0x21, 0x05, 0x21, 0x05, 0x21, 0x05, 0x21, 0x05, 0x21, 0x05, 0x21, 0x05, 0x21, 0x05, 
  0x21, 0x05, 0x21, 0x05, 0x21, 0x05, 0x21, 0x05, 0x21, 0x05, 0x21, 0x05, 0x21, 0x05, 0x21, 0x05, 
  0x21, 0x05, 0x21, 0x05, 0x21, 0x05, 0x21, 0x05, 0x21, 0x05, 0x21, 0x05, 0x21, 0x05, 0x21, 0x05, 
  0x21, 0x05, 0x21, 0x05, 0x21, 0x05, 0x21, 0x05, 0x21, 0x05, 0x21, 0x05, 0x21, 0x05, 0x21, 0x05, 
  0x21, 0x05, 0x21, 0x05, 0x21, 0x05, 0x21, 0x05, 0x21, 0x05, 0x21, 0x05, 0x21, 0x05, 0x21, 0x05, 
  0x21, 0x05, 0x21, 0x05, 0x21, 0x05, 0x21, 0x05, 0x21, 0x05, 0x21, 0x05, 0x21, 0x05, 0x21, 0x05, 
  0x21, 0x05, 0x21, 0x05, 0x21, 0x05, 0x21, 0x05, 0x21, 0x05, 0x21, 0x05, 0x21, 0x05, 0x21, 0x05, 
  0x21, 0x05, 0x21, 0x05, 0x21, 0x05, 0x21, 0x05, 0x21, 0x05, 0x21, 0x05, 0x21, 0x05, 0x21, 0x05, 
  0x21, 0x05, 0x21, 0x05, 0x21, 0x05, 0x21, 0x05, 0x21, 0x05, 0x21, 0x05, 0x21, 0x05, 0x21, 0x05, 
  0x21, 0x05, 0x21, 0x05, 0x21, 0x05, 0x21, 0x05, 0x21, 0x05, 0x21, 0x05, 0x21, 0x05, 0x21, 0x05, 
  0x21, 0x05, 0x21, 0x05, 0x21, 0x05, 0x21, 0x05, 0x21, 0x05, 0x21, 0x05, 0x21, 0x05, 0x21, 0x05, 
  0x21, 0x05, 0x21, 0x05, 0x21, 0x05, 0x21, 0x05, 0x21, 0x05, 0x21, 0x05, 0x21, 0x05, 0x21, 0x05, 
  0x21, 0x05, 0x21, 0x05, 0x21, 0x05, 0x21, 0x05, 0x21, 0x05, 0x21, 0x05, 0x21, 0x05, 0x21, 0x05, 
  0x21, 0x05, 0x21, 0x05, 0x21, 0x05, 0x21, 0x05, 0x21, 0x05, 0x21, 0x05, 0x21, 0x05, 0x21, 0x05, 
  0x21, 0x05, 0x21, 0x05, 0x21, 0x05, 0x21, 0x05, 0x21, 0x05, 0x21, 0x05, 0x21, 0x05, 0x21, 0x05, 
  0xF6, 0x2F, 0xF6, 0x2F, 0xF6, 0x2F, 0xF6, 0x2F, 0xF6, 0x2F, 0xF6, 0x2F, 0xF6, 0x2F, 0xF6, 0x2F, 
  0xF6, 0x2F, 0xF6, 0x2F, 0xF6, 0x2F, 0x21, 0x05, 0x21, 0x05, 0x21, 0x05, 0x21, 0x05, 0x21, 0x05, 
  0x21, 0x05, 0x21, 0x05, 0x21, 0x05, 0x21, 0x05, 0x21, 0x05, 0x21, 0x05, 0xF6, 0x2F, 0xF6, 0x2F, 
  0xF6, 0x2F, 0xF6, 0x2F, 0xF6, 0x2F, 0xF6, 0x2F, 0xF6, 0x2F, 0xF6, 0x2F, 0xF6, 0x2F, 0xF6, 0x2F, 
  0xF6, 0x2F, 0x21, 0x05, 0x21, 0x05, 0x21, 0x05, 0x21, 0x05, 0x21, 0x05, 0x21, 0x05, 0x21, 0x05, 
  0x21, 0x05, 0x21, 0x05, 0x21, 0x05, 0x21, 0x05, 0x21, 0x05, 0x21, 0x05, 0x21, 0x05, 0x21, 0x05, 
  0x21, 0x05, 0x21, 0x05, 0x21, 0x05, 0x21, 0x05, 0x21, 0x05, 0x21, 0x05, 0x21, 0x05, 0x21, 0x05, 
  0x21, 0x05, 0x21, 0x05, 0x21, 0x05, 0x21, 0x05, 0x21, 0x05, 0x21, 0x05, 0x21, 0x05, 0x21, 0x05, 
  0x21, 0x05, 0x21, 0x05, 0x21, 0x05, 0x21, 0x05, 0x21, 0x05, 0x21, 0x05, 0x21, 0x05, 0x21, 0x05, 
  0x21, 0x05, 0x21, 0x05, 0x21, 0x05, 0x21, 0x05, 0x21, 0x05, 0x21, 0x05, 0x21, 0x05, 0x21, 0x05, 
  0x21, 0x05, 0x21, 0x05, 0x21, 0x05, 0x21, 0x05, 0x21, 0x05, 0x21, 0x05, 0x21, 0x05, 0x21, 0x05, 
  0x21, 0x05, 0x21, 0x05, 0x21, 0x05, 0x21, 0x05, 0x21, 0x05, 0x21, 0x05, 0x21, 0x05, 0x21, 0x05, 
  0x21, 0x05, 0x21, 0x05, 0x21, 0x05, 0x21, 0x05, 0x21, 0x05, 0x21, 0x05, 0x21, 0x05, 0x21, 0x05, 
  0x21, 0x05, 0x21, 0x05, 0x21, 0x05, 0x21, 0x05, 0x21, 0x05, 0x21, 0x05, 0x21, 0x05, 0x21, 0x05, 
  0x21, 0x05, 0x21, 0x05, 0x21, 0x05, 0x21, 0x05, 0x21, 0x05, 0x21, 0x05, 0x21, 0x05, 0x21, 0x05, 
  0x21, 0x05, 0x21, 0x05, 0x21, 0x05, 0x21, 0x05, 0x21, 0x05, 0x21, 0x05, 0x21, 0x05, 0x21, 0x05, 
  0x21, 0x05, 0x21, 0x05, 0x21, 0x05, 0x21, 0x05, 0x21, 0x05, 0x21, 0x05, 0x21, 0x05, 0x21, 0x05, 
  0x21, 0x05, 0x21, 0x05, 0x21, 0x05, 0x21, 0x05, 0x21, 0x05, 0x21, 0x05, 0x21, 0x05, 0x21, 0x05, 
  0x21, 0x05, 0x21, 0x05, 0x21, 0x05, 0x21, 0x05, 0x21, 0x05, 0x21, 0x05, 0x21, 0x05, 0x21, 0x05, 
  0x21, 0x05, 0x21, 0x05, 0x21, 0x05, 0x21, 0x05, 0x21, 0x05, 0x21, 0x05, 0x21, 0x05, 0x21, 0x05, 
  0x21, 0x05, 0x21, 0x05, 0x21, 0x05, 0x21, 0x05, 0x21, 0x05, 0x21, 0x05, 0x21, 0x05, 0x21, 0x05, 
  0x21, 0x05, 0x21, 0x05, 0x21, 0x05, 0x21, 0x05, 0x21, 0x05, 0x21, 0x05, 0x21, 0x05, 0x21, 0x05, 
  0x21, 0x05, 0x21, 0x05, 0x21, 0x05, 0x21, 0x05, 0x21, 0x05, 0x21, 0x05, 0x21, 0x05, 0x21, 0x05, 
  0x21, 0x05, 0x21, 0x05, 0x21, 0x05, 0x21, 0x05, 0x21, 0x05, 0x21, 0x05, 0x21, 0x05, 0x21, 0x05, 
  0x21, 0x05, 0x21, 0x05, 0x21, 0x05, 0x21, 0x05, 0x21, 0x05, 0x21, 0x05, 0x21, 0x05, 0x21, 0x05, 
  0x21, 0x05, 0x21, 0x05, 0x21, 0x05, 0x21, 0x05, 0x21, 0x05, 0x21, 0x05, 0x21, 0x05, 0x21, 0x05, 
  0x21, 0x05, 0x21, 0x05, 0x21, 0x05, 0x21, 0x05, 0x21, 0x05, 0x21, 0x05, 0x21, 0x05, 0x21, 0x05, 
  0x21, 0x05, 0x21, 0x05, 0x21, 0x05, 0x21, 0x05, 0x21, 0x05, 0x21, 0x05, 0x21, 0x05, 0x21, 0x05, 
  0x21, 0x05, 0x21, 0x05, 0x21, 0x05, 0x21, 0x05, 0x21, 0x05, 0x21, 0x05, 0x21, 0x05, 0x21, 0x05, 
  0x21, 0x05, 0x21, 0x05, 0x21, 0x05, 0x21, 0x05, 0x21, 0x05, 0x21, 0x05, 0x21, 0x05, 0xF6, 0x2F, 
  0xF6, 0x2F, 0xF6, 0x2F, 0xF6, 0x2F, 0xF6, 0x2F, 0xF6, 0x2F, 0xF6, 0x2F, 0xF6, 0x2F, 0xF6, 0x2F, 
  0xF6, 0x2F, 0xF6, 0x2F, 0xF6, 0x2F, 0x21, 0x05, 0x21, 0x05, 0x21, 0x05, 0x21, 0x05, 0x21, 0x05, 
  0x21, 0x05, 0x21, 0x05, 0x21, 0x05, 0x21, 0x05, 0x21, 0x05, 0x21, 0x05, 0xF6, 0x2F, 0xF6, 0x2F, 
  0xF6, 0x2F, 0xF6, 0x2F, 0xF6, 0x2F, 0xF6, 0x2F, 0xF6, 0x2F, 0xF6, 0x2F, 0xF6, 0x2F, 0xF6, 0x2F, 
  0xF6, 0x2F, 0xF6, 0x2F, 0x21, 0x05, 0x21, 0x05, 0x21, 0x05, 0x21, 0x05, 0x21, 0x05, 0x21, 0x05, 
  0x21, 0x05, 0x21, 0x05, 0x21, 0x05, 0x21, 0x05, 0x21, 0x05, 0x21, 0x05, 0x21, 0x05, 0x21, 0x05, 
  0x21, 0x05, 0x21, 0x05, 0x21, 0x05, 0x21, 0x05, 0x21, 0x05, 0x21, 0x05, 0x21, 0x05, 0x21, 0x05, 
  0x21, 0x05, 0x21, 0x05, 0x21, 0x05, 0x21, 0x05, 0x21, 0x05, 0x21, 0x05, 0x21, 0x05, 0x21, 0x05, 
  0x21, 0x05, 0x21, 0x05, 0x21, 0x05, 0x21, 0x05, 0x21, 0x05, 0x21, 0x05, 0x21, 0x05, 0x21, 0x05, 
  0x21, 0x05, 0x21, 0x05, 0x21, 0x05, 0x21, 0x05, 0x21, 0x05, 0x21, 0x05, 0x21, 0x05, 0x21, 0x05, 
  0x21, 0x05, 0x21, 0x05, 0x21, 0x05, 0x21, 0x05, 0x21, 0x05, 0x21, 0x05, 0x21, 0x05, 0x21, 0x05, 
  0x21, 0x05, 0x21, 0x05, 0x21, 0x05, 0x21, 0x05, 0x21, 0x05, 0x21, 0x05, 0x21, 0x05, 0x21, 0x05, 
  0x21, 0x05, 0x21, 0x05, 0x21, 0x05, 0x21, 0x05, 0x21, 0x05, 0x21, 0x05, 0x21, 0x05, 0x21, 0x05, 
  0x21, 0x05, 0x21, 0x05, 0x21, 0x05, 0x21, 0x05, 0x21, 0x05, 0x21, 0x05, 0x21, 0x05, 0x21, 0x05, 
  0x21, 0x05, 0x21, 0x05, 0x21, 0x05, 0x21, 0x05, 0x21, 0x05, 0x21, 0x05, 0x21, 0x05, 0x21, 0x05, 
  0x21, 0x05, 0x21, 0x05, 0x21, 0x05, 0x21, 0x05, 0x21, 0x05, 0x21, 0x05, 0x21, 0x05, 0x21, 0x05, 
  0x21, 0x05, 0x21, 0x05, 0x21, 0x05, 0x21, 0x05, 0x21, 0x05, 0x21, 0x05, 0x21, 0x05, 0x21, 0x05, 
  0x21, 0x05, 0x21, 0x05, 0x21, 0x05, 0x21, 0x05, 0x21, 0x05, 0x21, 0x05, 0x21, 0x05, 0x21, 0x05, 
  0x21, 0x05, 0x21, 0x05, 0x21, 0x05, 0x21, 0x05, 0x21, 0x05, 0x21, 0x05, 0x21, 0x05, 0x21, 0x05, 
  0x21, 0x05, 0x21, 0x05, 0x21, 0x05, 0x21, 0x05, 0x21, 0x05, 0x21, 0x05, 0x21, 0x05, 0x21, 0x05, 
  0x21, 0x05, 0x21, 0x05, 0x21, 0x05, 0x21, 0x05, 0x21, 0x05, 0x21, 0x05, 0x21, 0x05, 0x21, 0x05, 
  0x21, 0x05, 0x21, 0x05, 0x21, 0x05, 0x21, 0x05, 0x21, 0x05, 0x21, 0x05, 0x21, 0x05, 0x21, 0x05, 
  0x21, 0x05, 0x21, 0x05, 0x21, 0x05, 0x21, 0x05, 0x21, 0x05, 0x21, 0x05, 0x21, 0x05, 0x21, 0x05, 
  0x21, 0x05, 0x21, 0x05, 0x21, 0x05, 0x21, 0x05, 0x21, 0x05, 0x21, 0x05, 0x21, 0x05, 0x21, 0x05, 
  0x21, 0x05, 0x21, 0x05, 0x21, 0x05, 0x21, 0x05, 0x21, 0x05, 0x21, 0x05, 0x21, 0x05, 0x21, 0x05, 
  0x21, 0x05, 0x21, 0x05, 0x21, 0x05, 0x21, 0x05, 0x21, 0x05, 0x21, 0x05, 0x21, 0x05, 0x21, 0x05, 
  0x21, 0x05, 0x21, 0x05, 0x21, 0x05, 0x21, 0x05, 0x21, 0x05, 0x21, 0x05, 0x21, 0x05, 0x21, 0x05, 
  0x21, 0x05, 0x21, 0x05, 0x21, 0x05, 0x21, 0x05, 0x21, 0x05, 0x21, 0x05, 0x21, 0x05, 0x21, 0x05, 
  0x21, 0x05, 0x21, 0x05, 0x21, 0x05, 0x21, 0x05, 0x21, 0x05, 0x21, 0x05, 0x21, 0x05, 0x21, 0x05, 
  0x21, 0x05, 0x21, 0x05, 0x21, 0x05, 0x21, 0x05, 0x21, 0x05, 0x21, 0x05, 0x21, 0x05, 0xF6, 0x2F, 
  0xF6, 0x2F, 0xF6, 0x2F, 0xF6, 0x2F, 0xF6, 0x2F, 0xF6, 0x2F, 0xF6, 0x2F, 0xF6, 0x2F, 0xF6, 0x2F, 
  0xF6, 0x2F, 0xF6, 0x2F, 0xF6, 0x2F, 0xF6, 0x2F, 0x21, 0x05, 0x21, 0x05, 0x21, 0x05, 0x21, 0x05, 
  0x21, 0x05, 0x21, 0x05, 0x21, 0x05, 0x21, 0x05, 0x21, 0x05, 0xF6, 0x2F, 0xF6, 0x2F, 0xF6, 0x2F, 
  0xF6, 0x2F, 0xF6, 0x2F, 0xF6, 0x2F, 0xF6, 0x2F, 0xF6, 0x2F, 0xF6, 0x2F, 0xF6, 0x2F, 0xF6, 0x2F, 
  0xF6, 0x2F, 0xF6, 0x2F, 0x21, 0x05, 0x21, 0x05, 0x21, 0x05, 0x21, 0x05, 0x21, 0x05, 0x21, 0x05, 
  0x21, 0x05, 0x21, 0x05, 0x21, 0x05, 0x21, 0x05, 0x21, 0x05, 0x21, 0x05, 0x21, 0x05, 0x21, 0x05, 
  0x21, 0x05, 0x21, 0x05, 0x21, 0x05, 0x21, 0x05, 0x21, 0x05, 0x21, 0x05, 0x21, 0x05, 0x21, 0x05, 
  0x21, 0x05, 0x21, 0x05, 0x21, 0x05, 0x21, 0x05, 0x21, 0x05, 0x21, 0x05, 0x21, 0x05, 0x21, 0x05, 
  0x21, 0x05, 0x21, 0x05, 0x21, 0x05, 0x21, 0x05, 0x21, 0x05, 0x21, 0x05, 0x21, 0x05, 0x21, 0x05, 
  0x21, 0x05, 0x21, 0x05, 0x21, 0x05, 0x21, 0x05, 0x21, 0x05, 0x21, 0x05, 0x21, 0x05, 0x21, 0x05, 
  0x21, 0x05, 0x21, 0x05, 0x21, 0x05, 0x21, 0x05, 0x21, 0x05, 0x21, 0x05, 0x21, 0x05, 0x21, 0x05, 
  0x21, 0x05, 0x21, 0x05, 0x21, 0x05, 0x21, 0x05, 0x21, 0x05, 0x21, 0x05, 0x21, 0x05, 0x21, 0x05, 
  0x21, 0x05, 0x21, 0x05, 0x21, 0x05, 0x21, 0x05, 0x21, 0x05, 0x21, 0x05, 0x21, 0x05, 0x21, 0x05, 
  0x21, 0x05, 0x21, 0x05, 0x21, 0x05, 0x21, 0x05, 0x21, 0x05, 0x21, 0x05, 0x21, 0x05, 0x21, 0x05, 
  0x21, 0x05, 0x21, 0x05, 0x21, 0x05, 0x21, 0x05, 0x21, 0x05, 0x21, 0x05, 0x21, 0x05, 0x21, 0x05, 
  0x21, 0x05, 0x21, 0x05, 0x21, 0x05, 0x21, 0x05, 0x21, 0x05, 0x21, 0x05, 0x21, 0x05, 0x21, 0x05, 
  0x21, 0x05, 0x21, 0x05, 0x21, 0x05, 0x21, 0x05, 0x21, 0x05, 0x21, 0x05, 0x21, 0x05, 0x21, 0x05, 
  0x21, 0x05, 0x21, 0x05, 0x21, 0x05, 0x21, 0x05, 0x21, 0x05, 0x21, 0x05, 0x21, 0x05, 0x21, 0x05, 
  0x21, 0x05, 0x21, 0x05, 0x21, 0x05, 0x21, 0x05, 0x21, 0x05, 0x21, 0x05, 0x21, 0x05, 0x21, 0x05, 
  0x21, 0x05, 0x21, 0x05, 0x21, 0x05, 0x21, 0x05, 0x21, 0x05, 0x21, 0x05, 0x21, 0x05, 0x21, 0x05, 
  0x21, 0x05, 0x21, 0x05, 0x21, 0x05, 0x21, 0x05, 0x21, 0x05, 0x21, 0x05, 0x21, 0x05, 0x21, 0x05, 
  0x21, 0x05, 0x21, 0x05, 0x21, 0x05, 0x21, 0x05, 0x21, 0x05, 0x21, 0x05, 0x21, 0x05, 0x21, 0x05, 
  0x21, 0x05, 0x21, 0x05, 0x21, 0x05, 0x21, 0x05, 0x21, 0x05, 0x21, 0x05, 0x21, 0x05, 0x21, 0x05, 
  0x21, 0x05, 0x21, 0x05, 0x21, 0x05, 0x21, 0x05, 0x21, 0x05, 0x21, 0x05, 0x21, 0x05, 0x21, 0x05, 
  0x21, 0x05, 0x21, 0x05, 0x21, 0x05, 0x21, 0x05, 0x21, 0x05, 0x21, 0x05, 0x21, 0x05, 0x21, 0x05, 
  0x21, 0x05, 0x21, 0x05, 0x21, 0x05, 0x21, 0x05, 0x21, 0x05, 0x21, 0x05, 0x21, 0x05, 0x21, 0x05, 
  0x21, 0x05, 0x21, 0x05, 0x21, 0x05, 0x21, 0x05, 0x21, 0x05, 0x21, 0x05, 0x21, 0x05, 0x21, 0x05, 
  0x21, 0x05, 0x21, 0x05, 0x21, 0x05, 0x21, 0x05, 0x21, 0x05, 0x21, 0x05, 0x21, 0x05, 0x21, 0x05, 
  0x21, 0x05, 0x21, 0x05, 0x21, 0x05, 0x21, 0x05, 0x21, 0x05, 0x21, 0x05, 0x21, 0x05, 0x21, 0x05, 
  0x21, 0x05, 0x21, 0x05, 0x21, 0x05, 0x21, 0x05, 0x21, 0x05, 0x21, 0x05, 0xF6, 0x2F, 0xF6, 0x2F, 
  0xF6, 0x2F, 0xF6, 0x2F, 0xF6, 0x2F, 0xF6, 0x2F, 0xF6, 0x2F, 0xF6, 0x2F, 0xF6, 0x2F, 0xF6, 0x2F, 
  0xF6, 0x2F, 0xF6, 0x2F, 0xF6, 0x2F, 0xF6, 0x2F, 0x21, 0x05, 0x21, 0x05, 0x21, 0x05, 0x21, 0x05, 
  0x21, 0x05, 0x21, 0x05, 0x21, 0x05, 0x21, 0x05, 0x21, 0x05, 0xF6, 0x2F, 0xF6, 0x2F, 0xF6, 0x2F, 
  0xF6, 0x2F, 0xF6, 0x2F, 0xF6, 0x2F, 0xF6, 0x2F, 0xF6, 0x2F, 0xF6, 0x2F, 0xF6, 0x2F, 0xF6, 0x2F, 
  0xF6, 0x2F, 0xF6, 0x2F, 0xF6, 0x2F, 0x21, 0x05, 0x21, 0x05, 0x21, 0x05, 0x21, 0x05, 0x21, 0x05, 
  0x21, 0x05, 0x21, 0x05, 0x21, 0x05, 0x21, 0x05, 0x21, 0x05, 0x21, 0x05, 0x21, 0x05, 0x21, 0x05, 
  0x21, 0x05, 0x21, 0x05, 0x21, 0x05, 0x21, 0x05, 0x21, 0x05, 0x21, 0x05, 0x21, 0x05, 0x21, 0x05, 
  0x21, 0x05, 0x21, 0x05, 0x21, 0x05, 0x21, 0x05, 0x21, 0x05, 0x21, 0x05, 0x21, 0x05, 0x21, 0x05, 
  0x21, 0x05, 0x21, 0x05, 0x21, 0x05, 0x21, 0x05, 0x21, 0x05, 0x21, 0x05, 0x21, 0x05, 0x21, 0x05, 
  0x21, 0x05, 0x21, 0x05, 0x21, 0x05, 0x21, 0x05, 0x21, 0x05, 0x21, 0x05, 0x21, 0x05, 0x21, 0x05, 
  0x21, 0x05, 0x21, 0x05, 0x21, 0x05, 0x21, 0x05, 0x21, 0x05, 0x21, 0x05, 0x21, 0x05, 0x21, 0x05, 
  0x21, 0x05, 0x21, 0x05, 0x21, 0x05, 0x21, 0x05, 0x21, 0x05, 0x21, 0x05, 0x21, 0x05, 0x21, 0x05, 
  0x21, 0x05, 0x21, 0x05, 0x21, 0x05, 0x21, 0x05, 0x21, 0x05, 0x21, 0x05, 0x21, 0x05, 0x21, 0x05, 
  0x21, 0x05, 0x21, 0x05, 0x21, 0x05, 0x21, 0x05, 0x21, 0x05, 0x21, 0x05, 0x21, 0x05, 0x21, 0x05, 
  0x21, 0x05, 0x21, 0x05, 0x21, 0x05, 0x21, 0x05, 0x21, 0x05, 0x21, 0x05, 0x21, 0x05, 0x21, 0x05, 
  0x21, 0x05, 0x21, 0x05, 0x21, 0x05, 0x21, 0x05, 0x21, 0x05, 0x21, 0x05, 0x21, 0x05, 0x21, 0x05, 
  0x21, 0x05, 0x21, 0x05, 0x21, 0x05, 0x21, 0x05, 0x21, 0x05, 0x21, 0x05, 0x21, 0x05, 0x21, 0x05, 
  0x21, 0x05, 0x21, 0x05, 0x21, 0x05, 0x21, 0x05, 0x21, 0x05, 0x21, 0x05, 0x21, 0x05, 0x21, 0x05, 
  0x21, 0x05, 0x21, 0x05, 0x21, 0x05, 0x21, 0x05, 0x21, 0x05, 0x21, 0x05, 0x21, 0x05, 0x21, 0x05, 
  0x21, 0x05, 0x21, 0x05, 0x21, 0x05, 0x21, 0x05, 0x21, 0x05, 0x21, 0x05, 0x21, 0x05, 0x21, 0x05, 
  0x21, 0x05, 0x21, 0x05, 0x21, 0x05, 0x21, 0x05, 0x21, 0x05, 0x21, 0x05, 0x21, 0x05, 0x21, 0x05, 
  0x21, 0x05, 0x21, 0x05, 0x21, 0x05, 0x21, 0x05, 0x21, 0x05, 0x21, 0x05, 0x21, 0x05, 0x21, 0x05, 
  0x21, 0x05, 0x21, 0x05, 0x21, 0x05, 0x21, 0x05, 0x21, 0x05, 0x21, 0x05, 0x21, 0x05, 0x21, 0x05, 
  0x21, 0x05, 0x21, 0x05, 0x21, 0x05, 0x21, 0x05, 0x21, 0x05, 0x21, 0x05, 0x21, 0x05, 0x21, 0x05, 
  0x21, 0x05, 0x21, 0x05, 0x21, 0x05, 0x21, 0x05, 0x21, 0x05, 0x21, 0x05, 0x21, 0x05, 0x21, 0x05, 
  0x21, 0x05, 0x21, 0x05, 0x21, 0x05, 0x21, 0x05, 0x21, 0x05, 0x21, 0x05, 0x21, 0x05, 0x21, 0x05, 
  0x21, 0x05, 0x21, 0x05, 0x21, 0x05, 0x21, 0x05, 0x21, 0x05, 0x21, 0x05, 0x21, 0x05, 0x21, 0x05, 
  0x21, 0x05, 0x21, 0x05, 0x21, 0x05, 0x21, 0x05, 0x21, 0x05, 0x21, 0x05, 0x21, 0x05, 0x21, 0x05, 
  0x21, 0x05, 0x21, 0x05, 0x21, 0x05, 0x21, 0x05, 0x21, 0x05, 0x21, 0x05, 0x21, 0x05, 0x21, 0x05, 
  0x21, 0x05, 0x21, 0x05, 0x21, 0x05, 0x21, 0x05, 0x21, 0x05, 0x21, 0x05, 0xF6, 0x2F, 0xF6, 0x2F, 
  0xF6, 0x2F, 0xF6, 0x2F, 0xF6, 0x2F, 0xF6, 0x2F, 0xF6, 0x2F, 0xF6, 0x2F, 0xFD, 0x14, 0xF6, 0x2F, 
  0xF6, 0x2F, 0xF6, 0x2F, 0xF6, 0x2F, 0xF6, 0x2F, 0x21, 0x05, 0x21, 0x05, 0x21, 0x05, 0x21, 0x05, 
  0x21, 0x05, 0x21, 0x05, 0x21, 0x05, 0x21, 0x05, 0x21, 0x05, 0xF6, 0x2F, 0xF6, 0x2F, 0xF6, 0x2F, 
  0xF6, 0x2F, 0xF6, 0x2F, 0xFD, 0x14, 0xF6, 0x2F, 0xF6, 0x2F, 0xF6, 0x2F, 0xF6, 0x2F, 0xF6, 0x2F, 
  0xF6, 0x2F, 0xF6, 0x2F, 0xF6, 0x2F, 0x21, 0x05, 0x21, 0x05, 0x21, 0x05, 0x21, 0x05, 0x21, 0x05, 
  0x21, 0x05, 0x21, 0x05, 0x21, 0x05, 0x21, 0x05, 0x21, 0x05, 0x21, 0x05, 0x21, 0x05, 0x21, 0x05, 
  0x21, 0x05, 0x21, 0x05, 0x21, 0x05, 0x21, 0x05, 0x21, 0x05, 0x21, 0x05, 0x21, 0x05, 0x21, 0x05, 
  0x21, 0x05, 0x21, 0x05, 0x21, 0x05, 0x21, 0x05, 0x21, 0x05, 0x21, 0x05, 0x21, 0x05, 0x21, 0x05, 
  0x21, 0x05, 0x21, 0x05, 0x21, 0x05, 0x21, 0x05, 0x21, 0x05, 0x21, 0x05, 0x21, 0x05, 0x21, 0x05, 
  0x21, 0x05, 0x21, 0x05, 0x21, 0x05, 0x21, 0x05, 0x21, 0x05, 0x21, 0x05, 0x21, 0x05, 0x21, 0x05, 
  0x21, 0x05, 0x21, 0x05, 0x21, 0x05, 0x21, 0x05, 0x21, 0x05, 0x21, 0x05, 0x21, 0x05, 0x21, 0x05, 
  0x21, 0x05, 0x21, 0x05, 0x21, 0x05, 0x21, 0x05, 0x21, 0x05, 0x21, 0x05, 0x21, 0x05, 0x21, 0x05, 
  0x21, 0x05, 0x21, 0x05, 0x21, 0x05, 0x21, 0x05, 0x21, 0x05, 0x21, 0x05, 0x21, 0x05, 0x21, 0x05, 
  0x21, 0x05, 0x21, 0x05, 0x21, 0x05, 0x21, 0x05, 0x21, 0x05, 0x21, 0x05, 0x21, 0x05, 0x21, 0x05, 
  0x21, 0x05, 0x21, 0x05, 0x21, 0x05, 0x21, 0x05, 0x21, 0x05, 0x21, 0x05, 0x21, 0x05, 0x21, 0x05, 
  0x21, 0x05, 0x21, 0x05, 0x21, 0x05, 0x21, 0x05, 0x21, 0x05, 0x21, 0x05, 0x21, 0x05, 0x21, 0x05, 
  0x21, 0x05, 0x21, 0x05, 0x21, 0x05, 0x21, 0x05, 0x21, 0x05, 0x21, 0x05, 0x21, 0x05, 0x21, 0x05, 
  0x21, 0x05, 0x21, 0x05, 0x21, 0x05, 0x21, 0x05, 0x21, 0x05, 0x21, 0x05, 0x21, 0x05, 0x21, 0x05, 
  0x21, 0x05, 0x21, 0x05, 0x21, 0x05, 0x21, 0x05, 0x21, 0x05, 0x21, 0x05, 0x21, 0x05, 0x21, 0x05, 
  0x21, 0x05, 0x21, 0x05, 0x21, 0x05, 0x21, 0x05, 0x21, 0x05, 0x21, 0x05, 0x21, 0x05, 0x21, 0x05, 
  0x21, 0x05, 0x21, 0x05, 0x21, 0x05, 0x21, 0x05, 0x21, 0x05, 0x21, 0x05, 0x21, 0x05, 0x21, 0x05, 
  0x21, 0x05, 0x21, 0x05, 0x21, 0x05, 0x21, 0x05, 0x21, 0x05, 0x21, 0x05, 0x21, 0x05, 0x21, 0x05, 
  0x21, 0x05, 0x21, 0x05, 0x21, 0x05, 0x21, 0x05, 0x21, 0x05, 0x21, 0x05, 0x21, 0x05, 0x21, 0x05, 
  0x21, 0x05, 0x21, 0x05, 0x21, 0x05, 0x21, 0x05, 0x21, 0x05, 0x21, 0x05, 0x21, 0x05, 0x21, 0x05, 
  0x21, 0x05, 0x21, 0x05, 0x21, 0x05, 0x21, 0x05, 0x21, 0x05, 0x21, 0x05, 0x21, 0x05, 0x21, 0x05, 
  0x21, 0x05, 0x21, 0x05, 0x21, 0x05, 0x21, 0x05, 0x21, 0x05, 0x21, 0x05, 0x21, 0x05, 0x21, 0x05, 
  0x21, 0x05, 0x21, 0x05, 0x21, 0x05, 0x21, 0x05, 0x21, 0x05, 0x21, 0x05, 0x21, 0x05, 0x21, 0x05, 
  0x21, 0x05, 0x21, 0x05, 0x21, 0x05, 0x21, 0x05, 0x21, 0x05, 0x21, 0x05, 0x21, 0x05, 0x21, 0x05, 
  0x21, 0x05, 0x21, 0x05, 0x21, 0x05, 0x21, 0x05, 0x21, 0x05, 0x21, 0x05, 0x21, 0x05, 0x21, 0x05, 
  0x21, 0x05, 0x21, 0x05, 0x21, 0x05, 0x21, 0x05, 0x21, 0x05, 0xF6, 0x2F, 0xF6, 0x2F, 0xF6, 0x2F, 
  0xF6, 0x2F, 0xF6, 0x2F, 0xF6, 0x2F, 0xF6, 0x2F, 0xF6, 0x2F, 0xF6, 0x2F, 0xFD, 0x14, 0xF6, 0x2F, 
  0xF6, 0x2F, 0xF6, 0x2F, 0xF6, 0x2F, 0xF6, 0x2F, 0xF6, 0x2F, 0x21, 0x05, 0x21, 0x05, 0x21, 0x05, 
  0x21, 0x05, 0x21, 0x05, 0x21, 0x05, 0x21, 0x05, 0xF6, 0x2F, 0xF6, 0x2F, 0xF6, 0x2F, 0xF6, 0x2F, 
  0xF6, 0x2F, 0xF6, 0x2F, 0xFD, 0x14, 0xF6, 0x2F, 0xF6, 0x2F, 0xF6, 0x2F, 0xF6, 0x2F, 0xF6, 0x2F, 
  0xF6, 0x2F, 0xF6, 0x2F, 0xF6, 0x2F, 0xF6, 0x2F, 0x21, 0x05, 0x21, 0x05, 0x21, 0x05, 0x21, 0x05, 
  0x21, 0x05, 0x21, 0x05, 0x21, 0x05, 0x21, 0x05, 0x21, 0x05, 0x21, 0x05, 0x21, 0x05, 0x21, 0x05, 
  0x21, 0x05, 0x21, 0x05, 0x21, 0x05, 0x21, 0x05, 0x21, 0x05, 0x21, 0x05, 0x21, 0x05, 0x21, 0x05, 
  0x21, 0x05, 0x21, 0x05, 0x21, 0x05, 0x21, 0x05, 0x21, 0x05, 0x21, 0x05, 0x21, 0x05, 0x21, 0x05, 
  0x21, 0x05, 0x21, 0x05, 0x21, 0x05, 0x21, 0x05, 0x21, 0x05, 0x21, 0x05, 0x21, 0x05, 0x21, 0x05, 
  0x21, 0x05, 0x21, 0x05, 0x21, 0x05, 0x21, 0x05, 0x21, 0x05, 0x21, 0x05, 0x21, 0x05, 0x21, 0x05, 
  0x21, 0x05, 0x21, 0x05, 0x21, 0x05, 0x21, 0x05, 0x21, 0x05, 0x21, 0x05, 0x21, 0x05, 0x21, 0x05, 
  0x21, 0x05, 0x21, 0x05, 0x21, 0x05, 0x21, 0x05, 0x21, 0x05, 0x21, 0x05, 0x21, 0x05, 0x21, 0x05, 
  0x21, 0x05, 0x21, 0x05, 0x21, 0x05, 0x21, 0x05, 0x21, 0x05, 0x21, 0x05, 0x21, 0x05, 0x21, 0x05, 
  0x21, 0x05, 0x21, 0x05, 0x21, 0x05, 0x21, 0x05, 0x21, 0x05, 0x21, 0x05, 0x21, 0x05, 0x21, 0x05, 
  0x21, 0x05, 0x21, 0x05, 0x21, 0x05, 0x21, 0x05, 0x21, 0x05, 0x21, 0x05, 0x21, 0x05, 0x21, 0x05, 
  0x21, 0x05, 0x21, 0x05, 0x21, 0x05, 0x21, 0x05, 0x21, 0x05, 0x21, 0x05, 0x21, 0x05, 0x21, 0x05, 
  0x21, 0x05, 0x21, 0x05, 0x21, 0x05, 0x21, 0x05, 0x21, 0x05, 0x21, 0x05, 0x21, 0x05, 0x21, 0x05, 
  0x21, 0x05, 0x21, 0x05, 0x21, 0x05, 0x21, 0x05, 0x21, 0x05, 0x21, 0x05, 0x21, 0x05, 0x21, 0x05, 
  0x21, 0x05, 0x21, 0x05, 0x21, 0x05, 0x21, 0x05, 0x21, 0x05, 0x21, 0x05, 0x21, 0x05, 0x21, 0x05, 
  0x21, 0x05, 0x21, 0x05, 0x21, 0x05, 0x21, 0x05, 0x21, 0x05, 0x21, 0x05, 0x21, 0x05, 0x21, 0x05, 
  0x21, 0x05, 0x21, 0x05, 0x21, 0x05, 0x21, 0x05, 0x21, 0x05, 0x21, 0x05, 0x21, 0x05, 0x21, 0x05, 
  0x21, 0x05, 0x21, 0x05, 0x21, 0x05, 0x21, 0x05, 0x21, 0x05, 0x21, 0x05, 0x21, 0x05, 0x21, 0x05, 
  0x21, 0x05, 0x21, 0x05, 0x21, 0x05, 0x21, 0x05, 0x21, 0x05, 0x21, 0x05, 0x21, 0x05, 0x21, 0x05, 
  0x21, 0x05, 0x21, 0x05, 0x21, 0x05, 0x21, 0x05, 0x21, 0x05, 0x21, 0x05, 0x21, 0x05, 0x21, 0x05, 
  0x21, 0x05, 0x21, 0x05, 0x21, 0x05, 0x21, 0x05, 0x21, 0x05, 0x21, 0x05, 0x21, 0x05, 0x21, 0x05, 
  0x21, 0x05, 0x21, 0x05, 0x21, 0x05, 0x21, 0x05, 0x21, 0x05, 0x21, 0x05, 0x21, 0x05, 0x21, 0x05, 
  0x21, 0x05, 0x21, 0x05, 0x21, 0x05, 0x21, 0x05, 0x21, 0x05, 0x21, 0x05, 0x21, 0x05, 0x21, 0x05, 
  0x21, 0x05, 0x21, 0x05, 0x21, 0x05, 0x21, 0x05, 0x21, 0x05, 0x21, 0x05, 0x21, 0x05, 0x21, 0x05, 
  0x21, 0x05, 0x21, 0x05, 0x21, 0x05, 0x21, 0x05, 0x21, 0x05, 0x21, 0x05, 0x21, 0x05, 0x21, 0x05, 
  0x21, 0x05, 0x21, 0x05, 0x21, 0x05, 0x21, 0x05, 0x21, 0x05, 0xF6, 0x2F, 0xF6, 0x2F, 0xF6, 0x2F, 
  0xF6, 0x2F, 0xF6, 0x2F, 0xF6, 0x2F, 0xF6, 0x2F, 0xF6, 0x2F, 0xFD, 0x14, 0xFD, 0x14, 0xFD, 0x14, 
  0xF6, 0x2F, 0xF6, 0x2F, 0xF6, 0x2F, 0xF6, 0x2F, 0xF6, 0x2F, 0x21, 0x05, 0x21, 0x05, 0x21, 0x05, 
  0x21, 0x05, 0x21, 0x05, 0x21, 0x05, 0x21, 0x05, 0xF6, 0x2F, 0xF6, 0x2F, 0xF6, 0x2F, 0xF6, 0x2F, 
  0xF6, 0x2F, 0xFD, 0x14, 0xFD, 0x14, 0xFD, 0x14, 0xF6, 0x2F, 0xF6, 0x2F, 0xF6, 0x2F, 0xF6, 0x2F, 
  0xF6, 0x2F, 0xF6, 0x2F, 0xF6, 0x2F, 0xF6, 0x2F, 0x21, 0x05, 0x21, 0x05, 0x21, 0x05, 0x21, 0x05, 
  0x21, 0x05, 0x21, 0x05, 0x21, 0x05, 0x21, 0x05, 0x21, 0x05, 0x21, 0x05, 0x21, 0x05, 0x21, 0x05, 
  0x21, 0x05, 0x21, 0x05, 0x21, 0x05, 0x21, 0x05, 0x21, 0x05, 0x21, 0x05, 0x21, 0x05, 0x21, 0x05, 
  0x21, 0x05, 0x21, 0x05, 0x21, 0x05, 0x21, 0x05, 0x21, 0x05, 0x21, 0x05, 0x21, 0x05, 0x21, 0x05, 
  0x21, 0x05, 0x21, 0x05, 0x21, 0x05, 0x21, 0x05, 0x21, 0x05, 0x21, 0x05, 0x21, 0x05, 0x21, 0x05, 
  0x21, 0x05, 0x21, 0x05, 0x21, 0x05, 0x21, 0x05, 0x21, 0x05, 0x21, 0x05, 0x21, 0x05, 0x21, 0x05, 
  0x21, 0x05, 0x21, 0x05, 0x21, 0x05, 0x21, 0x05, 0x21, 0x05, 0x21, 0x05, 0x21, 0x05, 0x21, 0x05, 
  0x21, 0x05, 0x21, 0x05, 0x21, 0x05, 0x21, 0x05, 0x21, 0x05, 0x21, 0x05, 0x21, 0x05, 0x21, 0x05, 
  0x21, 0x05, 0x21, 0x05, 0x21, 0x05, 0x21, 0x05, 0x21, 0x05, 0x21, 0x05, 0x21, 0x05, 0x21, 0x05, 
  0x21, 0x05, 0x21, 0x05, 0x21, 0x05, 0x21, 0x05, 0x21, 0x05, 0x21, 0x05, 0x21, 0x05, 0x21, 0x05, 
  0x21, 0x05, 0x21, 0x05, 0x21, 0x05, 0x21, 0x05, 0x21, 0x05, 0x21, 0x05, 0x21, 0x05, 0x21, 0x05, 
  0x21, 0x05, 0x21, 0x05, 0x21, 0x05, 0x21, 0x05, 0x21, 0x05, 0x21, 0x05, 0x21, 0x05, 0x21, 0x05, 
  0x21, 0x05, 0x21, 0x05, 0x21, 0x05, 0x21, 0x05, 0x21, 0x05, 0x21, 0x05, 0x21, 0x05, 0x21, 0x05, 
  0x21, 0x05, 0x21, 0x05, 0x21, 0x05, 0x21, 0x05, 0x21, 0x05, 0x21, 0x05, 0x21, 0x05, 0x21, 0x05, 
  0x21, 0x05, 0x21, 0x05, 0x21, 0x05, 0x21, 0x05, 0x21, 0x05, 0x21, 0x05, 0x21, 0x05, 0x21, 0x05, 
  0x21, 0x05, 0x21, 0x05, 0x21, 0x05, 0x21, 0x05, 0x21, 0x05, 0x21, 0x05, 0x21, 0x05, 0x21, 0x05, 
  0x21, 0x05, 0x21, 0x05, 0x21, 0x05, 0x21, 0x05, 0x21, 0x05, 0x21, 0x05, 0x21, 0x05, 0x21, 0x05, 
  0x21, 0x05, 0x21, 0x05, 0x21, 0x05, 0x21, 0x05, 0x21, 0x05, 0x21, 0x05, 0x21, 0x05, 0x21, 0x05, 
  0x21, 0x05, 0x21, 0x05, 0x21, 0x05, 0x21, 0x05, 0x21, 0x05, 0x21, 0x05, 0x21, 0x05, 0x21, 0x05, 
  0x21, 0x05, 0x21, 0x05, 0x21, 0x05, 0x21, 0x05, 0x21, 0x05, 0x21, 0x05, 0x21, 0x05, 0x21, 0x05, 
  0x21, 0x05, 0x21, 0x05, 0x21, 0x05, 0x21, 0x05, 0x21, 0x05, 0x21, 0x05, 0x21, 0x05, 0x21, 0x05, 
  0x21, 0x05, 0x21, 0x05, 0x21, 0x05, 0x21, 0x05, 0x21, 0x05, 0x21, 0x05, 0x21, 0x05, 0x21, 0x05, 
  0x21, 0x05, 0x21, 0x05, 0x21, 0x05, 0x21, 0x05, 0x21, 0x05, 0x21, 0x05, 0x21, 0x05, 0x21, 0x05, 
  0x21, 0x05, 0x21, 0x05, 0x21, 0x05, 0x21, 0x05, 0x21, 0x05, 0x21, 0x05, 0x21, 0x05, 0x21, 0x05, 
  0x21, 0x05, 0x21, 0x05, 0x21, 0x05, 0x21, 0x05, 0x21, 0x05, 0x21, 0x05, 0x21, 0x05, 0x21, 0x05, 
  0x21, 0x05, 0x21, 0x05, 0x21, 0x05, 0x21, 0x05, 0xF6, 0x2F, 0xF6, 0x2F, 0xF6, 0x2F, 0xF6, 0x2F, 
  0xF6, 0x2F, 0xF6, 0x2F, 0xF6, 0x2F, 0xF6, 0x2F, 0xF6, 0x2F, 0xFD, 0x14, 0xFD, 0x14, 0xFD, 0x14, 
  0xF6, 0x2F, 0xF6, 0x2F, 0xF6, 0x2F, 0xF6, 0x2F, 0xF6, 0x2F, 0xF6, 0x2F, 0x21, 0x05, 0x21, 0x05, 
  0x21, 0x05, 0x21, 0x05, 0x21, 0x05, 0xF6, 0x2F, 0xF6, 0x2F, 0xF6, 0x2F, 0xF6, 0x2F, 0xF6, 0x2F, 
  0xF6, 0x2F, 0xFD, 0x14, 0xFD, 0x14, 0xFD, 0x14, 0xF6, 0x2F, 0xF6, 0x2F, 0xF6, 0x2F, 0xF6, 0x2F, 
  0xF6, 0x2F, 0xF6, 0x2F, 0xF6, 0x2F, 0xF6, 0x2F, 0xF6, 0x2F, 0x21, 0x05, 0x21, 0x05, 0x21, 0x05, 
  0x21, 0x05, 0x21, 0x05, 0x21, 0x05, 0x21, 0x05, 0x21, 0x05, 0x21, 0x05, 0x21, 0x05, 0x21, 0x05, 
  0x21, 0x05, 0x21, 0x05, 0x21, 0x05, 0x21, 0x05, 0x21, 0x05, 0x21, 0x05, 0x21, 0x05, 0x21, 0x05, 
  0x21, 0x05, 0x21, 0x05, 0x21, 0x05, 0x21, 0x05, 0x21, 0x05, 0x21, 0x05, 0x21, 0x05, 0x21, 0x05, 
  0x21, 0x05, 0x21, 0x05, 0x21, 0x05, 0x21, 0x05, 0x21, 0x05, 0x21, 0x05, 0x21, 0x05, 0x21, 0x05, 
  0x21, 0x05, 0x21, 0x05, 0x21, 0x05, 0x21, 0x05, 0x21, 0x05, 0x21, 0x05, 0x21, 0x05, 0x21, 0x05, 
  0x21, 0x05, 0x21, 0x05, 0x21, 0x05, 0x21, 0x05, 0x21, 0x05, 0x21, 0x05, 0x21, 0x05, 0x21, 0x05, 
  0x21, 0x05, 0x21, 0x05, 0x21, 0x05, 0x21, 0x05, 0x21, 0x05, 0x21, 0x05, 0x21, 0x05, 0x21, 0x05, 
  0x21, 0x05, 0x21, 0x05, 0x21, 0x05, 0x21, 0x05, 0x21, 0x05, 0x21, 0x05, 0x21, 0x05, 0x21, 0x05, 
  0x21, 0x05, 0x21, 0x05, 0x21, 0x05, 0x21, 0x05, 0x21, 0x05, 0x21, 0x05, 0x21, 0x05, 0x21, 0x05, 
  0x21, 0x05, 0x21, 0x05, 0x21, 0x05, 0x21, 0x05, 0x21, 0x05, 0x21, 0x05, 0x21, 0x05, 0x21, 0x05, 
  0x21, 0x05, 0x21, 0x05, 0x21, 0x05, 0x21, 0x05, 0x21, 0x05, 0x21, 0x05, 0x21, 0x05, 0x21, 0x05, 
  0x21, 0x05, 0x21, 0x05, 0x21, 0x05, 0x21, 0x05, 0x21, 0x05, 0x21, 0x05, 0x21, 0x05, 0x21, 0x05, 
  0x21, 0x05, 0x21, 0x05, 0x21, 0x05, 0x21, 0x05, 0x21, 0x05, 0x21, 0x05, 0x21, 0x05, 0x21, 0x05, 
  0x21, 0x05, 0x21, 0x05, 0x21, 0x05, 0x21, 0x05, 0x21, 0x05, 0x21, 0x05, 0x21, 0x05, 0x21, 0x05, 
  0x21, 0x05, 0x21, 0x05, 0x21, 0x05, 0x21, 0x05, 0x21, 0x05, 0x21, 0x05, 0x21, 0x05, 0x21, 0x05, 
  0x21, 0x05, 0x21, 0x05, 0x21, 0x05, 0x21, 0x05, 0x21, 0x05, 0x21, 0x05, 0x21, 0x05, 0x21, 0x05, 
  0x21, 0x05, 0x21, 0x05, 0x21, 0x05, 0x21, 0x05, 0x21, 0x05, 0x21, 0x05, 0x21, 0x05, 0x21, 0x05, 
  0x21, 0x05, 0x21, 0x05, 0x21, 0x05, 0x21, 0x05, 0x21, 0x05, 0x21, 0x05, 0x21, 0x05, 0x21, 0x05, 
  0x21, 0x05, 0x21, 0x05, 0x21, 0x05, 0x21, 0x05, 0x21, 0x05, 0x21, 0x05, 0x21, 0x05, 0x21, 0x05, 
  0x21, 0x05, 0x21, 0x05, 0x21, 0x05, 0x21, 0x05, 0x21, 0x05, 0x21, 0x05, 0x21, 0x05, 0x21, 0x05, 
  0x21, 0x05, 0x21, 0x05, 0x21, 0x05, 0x21, 0x05, 0x21, 0x05, 0x21, 0x05, 0x21, 0x05, 0x21, 0x05, 
  0x21, 0x05, 0x21, 0x05, 0x21, 0x05, 0x21, 0x05, 0x21, 0x05, 0x21, 0x05, 0x21, 0x05, 0x21, 0x05, 
  0x21, 0x05, 0x21, 0x05, 0x21, 0x05, 0x21, 0x05, 0x21, 0x05, 0x21, 0x05, 0x21, 0x05, 0x21, 0x05, 
  0x21, 0x05, 0x21, 0x05, 0x21, 0x05, 0x21, 0x05, 0x21, 0x05, 0x21, 0x05, 0x21, 0x05, 0x21, 0x05, 
  0x21, 0x05, 0x21, 0x05, 0x21, 0x05, 0x21, 0x05, 0xF6, 0x2F, 0xF6, 0x2F, 0xF6, 0x2F, 0xF6, 0x2F, 
  0xF6, 0x2F, 0xF6, 0x2F, 0xF6, 0x2F, 0xF6, 0x2F, 0xFD, 0x14, 0xFD, 0x14, 0xFD, 0x14, 0xFD, 0x14, 
  0xFD, 0x14, 0xF6, 0x2F, 0xF6, 0x2F, 0xF6, 0x2F, 0xF6, 0x2F, 0xF6, 0x2F, 0x21, 0x05, 0x21, 0x05, 
  0x21, 0x05, 0x21, 0x05, 0x21, 0x05, 0xF6, 0x2F, 0xF6, 0x2F, 0xF6, 0x2F, 0xF6, 0x2F, 0xF6, 0x2F, 
  0xFD, 0x14, 0xFD, 0x14, 0xFD, 0x14, 0xFD, 0x14, 0xFD, 0x14, 0xF6, 0x2F, 0xF6, 0x2F, 0xF6, 0x2F, 
  0xF6, 0x2F, 0xF6, 0x2F, 0xF6, 0x2F, 0xF6, 0x2F, 0xF6, 0x2F, 0x21, 0x05, 0x21, 0x05, 0x21, 0x05, 
  0x21, 0x05, 0x21, 0x05, 0x21, 0x05, 0x21, 0x05, 0x21, 0x05, 0x21, 0x05, 0x21, 0x05, 0x21, 0x05, 
  0x21, 0x05, 0x21, 0x05, 0x21, 0x05, 0x21, 0x05, 0x21, 0x05, 0x21, 0x05, 0x21, 0x05, 0x21, 0x05, 
  0x21, 0x05, 0x21, 0x05, 0x21, 0x05, 0x21, 0x05, 0x21, 0x05, 0x21, 0x05, 0x21, 0x05, 0x21, 0x05, 
  0x21, 0x05, 0x21, 0x05, 0x21, 0x05, 0x21, 0x05, 0x21, 0x05, 0x21, 0x05, 0x21, 0x05, 0x21, 0x05, 
  0x21, 0x05, 0x21, 0x05, 0x21, 0x05, 0x21, 0x05, 0x21, 0x05, 0x21, 0x05, 0x21, 0x05, 0x21, 0x05, 
  0x21, 0x05, 0x21, 0x05, 0x21, 0x05, 0x21, 0x05, 0x21, 0x05, 0x21, 0x05, 0x21, 0x05, 0x21, 0x05, 
  0x21, 0x05, 0x21, 0x05, 0x21, 0x05, 0x21, 0x05, 0x21, 0x05, 0x21, 0x05, 0x21, 0x05, 0x21, 0x05, 
  0x21, 0x05, 0x21, 0x05, 0x21, 0x05, 0x21, 0x05, 0x21, 0x05, 0x21, 0x05, 0x21, 0x05, 0x21, 0x05, 
  0x21, 0x05, 0x21, 0x05, 0x21, 0x05, 0x21, 0x05, 0x21, 0x05, 0x21, 0x05, 0x21, 0x05, 0x21, 0x05, 
  0x21, 0x05, 0x21, 0x05, 0x21, 0x05, 0x21, 0x05, 0x21, 0x05, 0x21, 0x05, 0x21, 0x05, 0x21, 0x05, 
  0x21, 0x05, 0x21, 0x05, 0x21, 0x05, 0x21, 0x05, 0x21, 0x05, 0x21, 0x05, 0x21, 0x05, 0x21, 0x05, 
  0x21, 0x05, 0x21, 0x05, 0x21, 0x05, 0x21, 0x05, 0x21, 0x05, 0x21, 0x05, 0x21, 0x05, 0x21, 0x05, 
  0x21, 0x05, 0x21, 0x05, 0x21, 0x05, 0x21, 0x05, 0x21, 0x05, 0x21, 0x05, 0x21, 0x05, 0x21, 0x05, 
  0x21, 0x05, 0x21, 0x05, 0x21, 0x05, 0x21, 0x05, 0x21, 0x05, 0x21, 0x05, 0x21, 0x05, 0x21, 0x05, 
  0x21, 0x05, 0x21, 0x05, 0x21, 0x05, 0x21, 0x05, 0x21, 0x05, 0x21, 0x05, 0x21, 0x05, 0x21, 0x05, 
  0x21, 0x05, 0x21, 0x05, 0x21, 0x05, 0x21, 0x05, 0x21, 0x05, 0x21, 0x05, 0x21, 0x05, 0x21, 0x05, 
  0x21, 0x05, 0x21, 0x05, 0x21, 0x05, 0x21, 0x05, 0x21, 0x05, 0x21, 0x05, 0x21, 0x05, 0x21, 0x05, 
  0x21, 0x05, 0x21, 0x05, 0x21, 0x05, 0x21, 0x05, 0x21, 0x05, 0x21, 0x05, 0x21, 0x05, 0x21, 0x05, 
  0x21, 0x05, 0x21, 0x05, 0x21, 0x05, 0x21, 0x05, 0x21, 0x05, 0x21, 0x05, 0x21, 0x05, 0x21, 0x05, 
  0x21, 0x05, 0x21, 0x05, 0x21, 0x05, 0x21, 0x05, 0x21, 0x05, 0x21, 0x05, 0x21, 0x05, 0x21, 0x05, 
  0x21, 0x05, 0x21, 0x05, 0x21, 0x05, 0x21, 0x05, 0x21, 0x05, 0x21, 0x05, 0x21, 0x05, 0x21, 0x05, 
  0x21, 0x05, 0x21, 0x05, 0x21, 0x05, 0x21, 0x05, 0x21, 0x05, 0x21, 0x05, 0x21, 0x05, 0x21, 0x05, 
  0x21, 0x05, 0x21, 0x05, 0x21, 0x05, 0x21, 0x05, 0x21, 0x05, 0x21, 0x05, 0x21, 0x05, 0x21, 0x05, 
  0x21, 0x05, 0x21, 0x05, 0x21, 0x05, 0x21, 0x05, 0x21, 0x05, 0x21, 0x05, 0x21, 0x05, 0x21, 0x05, 
  0x21, 0x05, 0x21, 0x05, 0x21, 0x05, 0xF6, 0x2F, 0xF6, 0x2F, 0xF6, 0x2F, 0xF6, 0x2F, 0xF6, 0x2F, 
  0xF6, 0x2F, 0xF6, 0x2F, 0xF6, 0x2F, 0xF6, 0x2F, 0xFD, 0x14, 0xFD, 0x14, 0xFD, 0x14, 0xFD, 0x14, 
  0xFD, 0x14, 0xF6, 0x2F, 0xF6, 0x2F, 0xF6, 0x2F, 0xF6, 0x2F, 0xF6, 0x2F, 0x21, 0x05, 0x21, 0x05, 
  0x21, 0x05, 0x21, 0x05, 0x21, 0x05, 0xF6, 0x2F, 0xF6, 0x2F, 0xF6, 0x2F, 0xF6, 0x2F, 0xF6, 0x2F, 
  0xFD, 0x14, 0xFD, 0x14, 0xFD, 0x14, 0xFD, 0x14, 0xFD, 0x14, 0xF6, 0x2F, 0xF6, 0x2F, 0xF6, 0x2F, 
  0xF6, 0x2F, 0xF6, 0x2F, 0xF6, 0x2F, 0xF6, 0x2F, 0xF6, 0x2F, 0xF6, 0x2F, 0x21, 0x05, 0x21, 0x05, 
  0x21, 0x05, 0x21, 0x05, 0x21, 0x05, 0x21, 0x05, 0x21, 0x05, 0x21, 0x05, 0x21, 0x05, 0x21, 0x05, 
  0x21, 0x05, 0x21, 0x05, 0x21, 0x05, 0x21, 0x05, 0x21, 0x05, 0x21, 0x05, 0x21, 0x05, 0x21, 0x05, 
  0x21, 0x05, 0x21, 0x05, 0x21, 0x05, 0x21, 0x05, 0x21, 0x05, 0x21, 0x05, 0x21, 0x05, 0x21, 0x05, 
  0x21, 0x05, 0x21, 0x05, 0x21, 0x05, 0x21, 0x05, 0x21, 0x05, 0x21, 0x05, 0x21, 0x05, 0x21, 0x05, 
  0x21, 0x05, 0x21, 0x05, 0x21, 0x05, 0x21, 0x05, 0x21, 0x05, 0x21, 0x05, 0x21, 0x05, 0x21, 0x05, 
  0x21, 0x05, 0x21, 0x05, 0x21, 0x05, 0x21, 0x05, 0x21, 0x05, 0x21, 0x05, 0x21, 0x05, 0x21, 0x05, 
  0x21, 0x05, 0x21, 0x05, 0x21, 0x05, 0x21, 0x05, 0x21, 0x05, 0x21, 0x05, 0x21, 0x05, 0x21, 0x05, 
  0x21, 0x05, 0x21, 0x05, 0x21, 0x05, 0x21, 0x05, 0x21, 0x05, 0x21, 0x05, 0x21, 0x05, 0x21, 0x05, 
  0x21, 0x05, 0x21, 0x05, 0x21, 0x05, 0x21, 0x05, 0x21, 0x05, 0x21, 0x05, 0x21, 0x05, 0x21, 0x05, 
  0x21, 0x05, 0x21, 0x05, 0x21, 0x05, 0x21, 0x05, 0x21, 0x05, 0x21, 0x05, 0x21, 0x05, 0x21, 0x05, 
  0x21, 0x05, 0x21, 0x05, 0x21, 0x05, 0x21, 0x05, 0x21, 0x05, 0x21, 0x05, 0x21, 0x05, 0x21, 0x05, 
  0x21, 0x05, 0x21, 0x05, 0x21, 0x05, 0x21, 0x05, 0x21, 0x05, 0x21, 0x05, 0x21, 0x05, 0x21, 0x05, 
  0x21, 0x05, 0x21, 0x05, 0x21, 0x05, 0x21, 0x05, 0x21, 0x05, 0x21, 0x05, 0x21, 0x05, 0x21, 0x05, 
  0x21, 0x05, 0x21, 0x05, 0x21, 0x05, 0x21, 0x05, 0x21, 0x05, 0x21, 0x05, 0x21, 0x05, 0x21, 0x05, 
  0x21, 0x05, 0x21, 0x05, 0x21, 0x05, 0x21, 0x05, 0x21, 0x05, 0x21, 0x05, 0x21, 0x05, 0x21, 0x05, 
  0x21, 0x05, 0x21, 0x05, 0x21, 0x05, 0x21, 0x05, 0x21, 0x05, 0x21, 0x05, 0x21, 0x05, 0x21, 0x05, 
  0x21, 0x05, 0x21, 0x05, 0x21, 0x05, 0x21, 0x05, 0x21, 0x05, 0x21, 0x05, 0x21, 0x05, 0x21, 0x05, 
  0x21, 0x05, 0x21, 0x05, 0x21, 0x05, 0x21, 0x05, 0x21, 0x05, 0x21, 0x05, 0x21, 0x05, 0x21, 0x05, 
  0x21, 0x05, 0x21, 0x05, 0x21, 0x05, 0x21, 0x05, 0x21, 0x05, 0x21, 0x05, 0x21, 0x05, 0x21, 0x05, 
  0x21, 0x05, 0x21, 0x05, 0x21, 0x05, 0x21, 0x05, 0x21, 0x05, 0x21, 0x05, 0x21, 0x05, 0x21, 0x05, 
  0x21, 0x05, 0x21, 0x05, 0x21, 0x05, 0x21, 0x05, 0x21, 0x05, 0x21, 0x05, 0x21, 0x05, 0x21, 0x05, 
  0x21, 0x05, 0x21, 0x05, 0x21, 0x05, 0x21, 0x05, 0x21, 0x05, 0x21, 0x05, 0x21, 0x05, 0x21, 0x05, 
  0x21, 0x05, 0x21, 0x05, 0x21, 0x05, 0x21, 0x05, 0x21, 0x05, 0x21, 0x05, 0x21, 0x05, 0x21, 0x05, 
  0x21, 0x05, 0x21, 0x05, 0x21, 0x05, 0x21, 0x05, 0x21, 0x05, 0x21, 0x05, 0x21, 0x05, 0x21, 0x05, 
  0x21, 0x05, 0x21, 0x05, 0x21, 0x05, 0xF6, 0x2F, 0xF6, 0x2F, 0xF6, 0x2F, 0xF6, 0x2F, 0xF6, 0x2F, 
  0xF6, 0x2F, 0xF6, 0x2F, 0xF6, 0x2F, 0xF6, 0x2F, 0xFD, 0x14, 0xFD, 0x14, 0xFD, 0x14, 0xFD, 0x14, 
  0xFD, 0x14, 0xF6, 0x2F, 0xF6, 0x2F, 0xF6, 0x2F, 0xF6, 0x2F, 0xF6, 0x2F, 0xF6, 0x2F, 0x21, 0x05, 
  0x21, 0x05, 0x21, 0x05, 0xF6, 0x2F, 0xF6, 0x2F, 0xF6, 0x2F, 0xF6, 0x2F, 0xF6, 0x2F, 0xF6, 0x2F, 
  0xFD, 0x14, 0xFD, 0x14, 0xFD, 0x14, 0xFD, 0x14, 0xFD, 0x14, 0xF6, 0x2F, 0xF6, 0x2F, 0xF6, 0x2F, 
  0xF6, 0x2F, 0xF6, 0x2F, 0xF6, 0x2F, 0xF6, 0x2F, 0xF6, 0x2F, 0xF6, 0x2F, 0x21, 0x05, 0x21, 0x05, 
  0x21, 0x05, 0x21, 0x05, 0x21, 0x05, 0x21, 0x05, 0x21, 0x05, 0x21, 0x05, 0x21, 0x05, 0x21, 0x05, 
  0x21, 0x05, 0x21, 0x05, 0x21, 0x05, 0x21, 0x05, 0x21, 0x05, 0x21, 0x05, 0x21, 0x05, 0x21, 0x05, 
  0x21, 0x05, 0x21, 0x05, 0x21, 0x05, 0x21, 0x05, 0x21, 0x05, 0x21, 0x05, 0x21, 0x05, 0x21, 0x05, 
  0x21, 0x05, 0x21, 0x05, 0x21, 0x05, 0x21, 0x05, 0x21, 0x05, 0x21, 0x05, 0x21, 0x05, 0x21, 0x05, 
  0x21, 0x05, 0x21, 0x05, 0x21, 0x05, 0x21, 0x05, 0x21, 0x05, 0x21, 0x05, 0x21, 0x05, 0x21, 0x05, 
  0x21, 0x05, 0x21, 0x05, 0x21, 0x05, 0x21, 0x05, 0x21, 0x05, 0x21, 0x05, 0x21, 0x05, 0x21, 0x05, 
  0x21, 0x05, 0x21, 0x05, 0x21, 0x05, 0x21, 0x05, 0x21, 0x05, 0x21, 0x05, 0x21, 0x05, 0x21, 0x05, 
  0x21, 0x05, 0x21, 0x05, 0x21, 0x05, 0x21, 0x05, 0x21, 0x05, 0x21, 0x05, 0x21, 0x05, 0x21, 0x05, 
  0x21, 0x05, 0x21, 0x05, 0x21, 0x05, 0x21, 0x05, 0x21, 0x05, 0x21, 0x05, 0x21, 0x05, 0x21, 0x05, 
  0x21, 0x05, 0x21, 0x05, 0x21, 0x05, 0x21, 0x05, 0x21, 0x05, 0x21, 0x05, 0x21, 0x05, 0x21, 0x05, 
  0x21, 0x05, 0x21, 0x05, 0x21, 0x05, 0x21, 0x05, 0x21, 0x05, 0x21, 0x05, 0x21, 0x05, 0x21, 0x05, 
  0x21, 0x05, 0x21, 0x05, 0x21, 0x05, 0x21, 0x05, 0x21, 0x05, 0x21, 0x05, 0x21, 0x05, 0x21, 0x05, 
  0x21, 0x05, 0x21, 0x05, 0x21, 0x05, 0x21, 0x05, 0x21, 0x05, 0x21, 0x05, 0x21, 0x05, 0x21, 0x05, 
  0x21, 0x05, 0x21, 0x05, 0x21, 0x05, 0x21, 0x05, 0x21, 0x05, 0x21, 0x05, 0x21, 0x05, 0x21, 0x05, 
  0x21, 0x05, 0x21, 0x05, 0x21, 0x05, 0x21, 0x05, 0x21, 0x05, 0x21, 0x05, 0x21, 0x05, 0x21, 0x05, 
  0x21, 0x05, 0x21, 0x05, 0x21, 0x05, 0x21, 0x05, 0x21, 0x05, 0x21, 0x05, 0x21, 0x05, 0x21, 0x05, 
  0x21, 0x05, 0x21, 0x05, 0x21, 0x05, 0x21, 0x05, 0x21, 0x05, 0x21, 0x05, 0x21, 0x05, 0x21, 0x05, 
  0x21, 0x05, 0x21, 0x05, 0x21, 0x05, 0x21, 0x05, 0x21, 0x05, 0x21, 0x05, 0x21, 0x05, 0x21, 0x05, 
  0x21, 0x05, 0x21, 0x05, 0x21, 0x05, 0x21, 0x05, 0x21, 0x05, 0x21, 0x05, 0x21, 0x05, 0x21, 0x05, 
  0x21, 0x05, 0x21, 0x05, 0x21, 0x05, 0x21, 0x05, 0x21, 0x05, 0x21, 0x05, 0x21, 0x05, 0x21, 0x05, 
  0x21, 0x05, 0x21, 0x05, 0x21, 0x05, 0x21, 0x05, 0x21, 0x05, 0x21, 0x05, 0x21, 0x05, 0x21, 0x05, 
  0x21, 0x05, 0x21, 0x05, 0x21, 0x05, 0x21, 0x05, 0x21, 0x05, 0x21, 0x05, 0x21, 0x05, 0x21, 0x05, 
  0x21, 0x05, 0x21, 0x05, 0x21, 0x05, 0x21, 0x05, 0x21, 0x05, 0x21, 0x05, 0x21, 0x05, 0x21, 0x05, 
  0x21, 0x05, 0x21, 0x05, 0x21, 0x05, 0x21, 0x05, 0x21, 0x05, 0x21, 0x05, 0x21, 0x05, 0x21, 0x05, 
  0x21, 0x05, 0x21, 0x05, 0xF6, 0x2F, 0xF6, 0x2F, 0xF6, 0x2F, 0xF6, 0x2F, 0xF6, 0x2F, 0xF6, 0x2F, 
  0xF6, 0x2F, 0xF6, 0x2F, 0xF6, 0x2F, 0xFD, 0x14, 0xFD, 0x14, 0xFD, 0x14, 0xFD, 0x14, 0xFD, 0x14, 
  0xFD, 0x14, 0xFD, 0x14, 0xF6, 0x2F, 0xF6, 0x2F, 0xF6, 0x2F, 0xF6, 0x2F, 0xF6, 0x2F, 0x21, 0x05, 
  0x21, 0x05, 0x21, 0x05, 0xF6, 0x2F, 0xF6, 0x2F, 0xF6, 0x2F, 0xF6, 0x2F, 0xF6, 0x2F, 0xFD, 0x14, 
  0xFD, 0x14, 0xFD, 0x14, 0xFD, 0x14, 0xFD, 0x14, 0xFD, 0x14, 0xFD, 0x14, 0xF6, 0x2F, 0xF6, 0x2F, 
  0xF6, 0x2F, 0xF6, 0x2F, 0xF6, 0x2F, 0xF6, 0x2F, 0xF6, 0x2F, 0xF6, 0x2F, 0xF6, 0x2F, 0x21, 0x05, 
  0x21, 0x05, 0x21, 0x05, 0x21, 0x05, 0x21, 0x05, 0x21, 0x05, 0x21, 0x05, 0x21, 0x05, 0x21, 0x05, 
  0x21, 0x05, 0x21, 0x05, 0x21, 0x05, 0x21, 0x05, 0x21, 0x05, 0x21, 0x05, 0x21, 0x05, 0x21, 0x05, 
  0x21, 0x05, 0x21, 0x05, 0x21, 0x05, 0x21, 0x05, 0x21, 0x05, 0x21, 0x05, 0x21, 0x05, 0x21, 0x05, 
  0x21, 0x05, 0x21, 0x05, 0x21, 0x05, 0x21, 0x05, 0x21, 0x05, 0x21, 0x05, 0x21, 0x05, 0x21, 0x05, 
  0x21, 0x05, 0x21, 0x05, 0x21, 0x05, 0x21, 0x05, 0x21, 0x05, 0x21, 0x05, 0x21, 0x05, 0x21, 0x05, 
  0x21, 0x05, 0x21, 0x05, 0x21, 0x05, 0x21, 0x05, 0x21, 0x05, 0x21, 0x05, 0x21, 0x05, 0x21, 0x05, 
  0x21, 0x05, 0x21, 0x05, 0x21, 0x05, 0x21, 0x05, 0x21, 0x05, 0x21, 0x05, 0x21, 0x05, 0x21, 0x05, 
  0x21, 0x05, 0x21, 0x05, 0x21, 0x05, 0x21, 0x05, 0x21, 0x05, 0x21, 0x05, 0x21, 0x05, 0x21, 0x05, 
  0x21, 0x05, 0x21, 0x05, 0x21, 0x05, 0x21, 0x05, 0x21, 0x05, 0x21, 0x05, 0x21, 0x05, 0x21, 0x05, 
  0x21, 0x05, 0x21, 0x05, 0x21, 0x05, 0x21, 0x05, 0x21, 0x05, 0x21, 0x05, 0x21, 0x05, 0x21, 0x05, 
  0x21, 0x05, 0x21, 0x05, 0x21, 0x05, 0x21, 0x05, 0x21, 0x05, 0x21, 0x05, 0x21, 0x05, 0x21, 0x05, 
  0x21, 0x05, 0x21, 0x05, 0x21, 0x05, 0x21, 0x05, 0x21, 0x05, 0x21, 0x05, 0x21, 0x05, 0x21, 0x05, 
  0x21, 0x05, 0x21, 0x05, 0x21, 0x05, 0x21, 0x05, 0x21, 0x05, 0x21, 0x05, 0x21, 0x05, 0x21, 0x05, 
  0x21, 0x05, 0x21, 0x05, 0x21, 0x05, 0x21, 0x05, 0x21, 0x05, 0x21, 0x05, 0x21, 0x05, 0x21, 0x05, 
  0x21, 0x05, 0x21, 0x05, 0x21, 0x05, 0x21, 0x05, 0x21, 0x05, 0x21, 0x05, 0x21, 0x05, 0x21, 0x05, 
  0x21, 0x05, 0x21, 0x05, 0x21, 0x05, 0x21, 0x05, 0x21, 0x05, 0x21, 0x05, 0x21, 0x05, 0x21, 0x05, 
  0x21, 0x05, 0x21, 0x05, 0x21, 0x05, 0x21, 0x05, 0x21, 0x05, 0x21, 0x05, 0x21, 0x05, 0x21, 0x05, 
  0x21, 0x05, 0x21, 0x05, 0x21, 0x05, 0x21, 0x05, 0x21, 0x05, 0x21, 0x05, 0x21, 0x05, 0x21, 0x05, 
  0x21, 0x05, 0x21, 0x05, 0x21, 0x05, 0x21, 0x05, 0x21, 0x05, 0x21, 0x05, 0x21, 0x05, 0x21, 0x05, 
  0x21, 0x05, 0x21, 0x05, 0x21, 0x05, 0x21, 0x05, 0x21, 0x05, 0x21, 0x05, 0x21, 0x05, 0x21, 0x05, 
  0x21, 0x05, 0x21, 0x05, 0x21, 0x05, 0x21, 0x05, 0x21, 0x05, 0x21, 0x05, 0x21, 0x05, 0x21, 0x05, 
  0x21, 0x05, 0x21, 0x05, 0x21, 0x05, 0x21, 0x05, 0x21, 0x05, 0x21, 0x05, 0x21, 0x05, 0x21, 0x05, 
  0x21, 0x05, 0x21, 0x05, 0x21, 0x05, 0x21, 0x05, 0x21, 0x05, 0x21, 0x05, 0x21, 0x05, 0x21, 0x05, 
  0x21, 0x05, 0x21, 0x05, 0x21, 0x05, 0x21, 0x05, 0x21, 0x05, 0x21, 0x05, 0x21, 0x05, 0x21, 0x05, 
  0x21, 0x05, 0xF6, 0x2F, 0xF6, 0x2F, 0xF6, 0x2F, 0xF6, 0x2F, 0xF6, 0x2F, 0xF6, 0x2F, 0xF6, 0x2F, 
  0xF6, 0x2F, 0xF6, 0x2F, 0xF6, 0x2F, 0xFD, 0x14, 0xFD, 0x14, 0xFD, 0x14, 0xFD, 0x14, 0xFD, 0x14, 
  0xFD, 0x14, 0xFD, 0x14, 0xF6, 0x2F, 0xF6, 0x2F, 0xF6, 0x2F, 0xF6, 0x2F, 0xF6, 0x2F, 0x21, 0x05, 
  0x21, 0x05, 0x21, 0x05, 0xF6, 0x2F, 0xF6, 0x2F, 0xF6, 0x2F, 0xF6, 0x2F, 0xF6, 0x2F, 0xFD, 0x14, 
  0xFD, 0x14, 0xFD, 0x14, 0xFD, 0x14, 0xFD, 0x14, 0xFD, 0x14, 0xFD, 0x14, 0xF6, 0x2F, 0xF6, 0x2F, 
  0xF6, 0x2F, 0xF6, 0x2F, 0xF6, 0x2F, 0xF6, 0x2F, 0xF6, 0x2F, 0xF6, 0x2F, 0xF6, 0x2F, 0xF6, 0x2F, 
  0x21, 0x05, 0x21, 0x05, 0x21, 0x05, 0x21, 0x05, 0x21, 0x05, 0x21, 0x05, 0x21, 0x05, 0x21, 0x05, 
  0x21, 0x05, 0x21, 0x05, 0x21, 0x05, 0x21, 0x05, 0x21, 0x05, 0x21, 0x05, 0x21, 0x05, 0x21, 0x05, 
  0x21, 0x05, 0x21, 0x05, 0x21, 0x05, 0x21, 0x05, 0x21, 0x05, 0x21, 0x05, 0x21, 0x05, 0x21, 0x05, 
  0x21, 0x05, 0x21, 0x05, 0x21, 0x05, 0x21, 0x05, 0x21, 0x05, 0x21, 0x05, 0x21, 0x05, 0x21, 0x05, 
  0x21, 0x05, 0x21, 0x05, 0x21, 0x05, 0x21, 0x05, 0x21, 0x05, 0x21, 0x05, 0x21, 0x05, 0x21, 0x05, 
  0x21, 0x05, 0x21, 0x05, 0x21, 0x05, 0x21, 0x05, 0x21, 0x05, 0x21, 0x05, 0x21, 0x05, 0x21, 0x05, 
  0x21, 0x05, 0x21, 0x05, 0x21, 0x05, 0x21, 0x05, 0x21, 0x05, 0x21, 0x05, 0x21, 0x05, 0x21, 0x05, 
  0x21, 0x05, 0x21, 0x05, 0x21, 0x05, 0x21, 0x05, 0x21, 0x05, 0x21, 0x05, 0x21, 0x05, 0x21, 0x05, 
  0x21, 0x05, 0x21, 0x05, 0x21, 0x05, 0x21, 0x05, 0x21, 0x05, 0x21, 0x05, 0x21, 0x05, 0x21, 0x05, 
  0x21, 0x05, 0x21, 0x05, 0x21, 0x05, 0x21, 0x05, 0x21, 0x05, 0x21, 0x05, 0x21, 0x05, 0x21, 0x05, 
  0x21, 0x05, 0x21, 0x05, 0x21, 0x05, 0x21, 0x05, 0x21, 0x05, 0x21, 0x05, 0x21, 0x05, 0x21, 0x05, 
  0x21, 0x05, 0x21, 0x05, 0x21, 0x05, 0x21, 0x05, 0x21, 0x05, 0x21, 0x05, 0x21, 0x05, 0x21, 0x05, 
  0x21, 0x05, 0x21, 0x05, 0x21, 0x05, 0x21, 0x05, 0x21, 0x05, 0x21, 0x05, 0x21, 0x05, 0x21, 0x05, 
  0x21, 0x05, 0x21, 0x05, 0x21, 0x05, 0x21, 0x05, 0x21, 0x05, 0x21, 0x05, 0x21, 0x05, 0x21, 0x05, 
  0x21, 0x05, 0x21, 0x05, 0x21, 0x05, 0x21, 0x05, 0x21, 0x05, 0x21, 0x05, 0x21, 0x05, 0x21, 0x05, 
  0x21, 0x05, 0x21, 0x05, 0x21, 0x05, 0x21, 0x05, 0x21, 0x05, 0x21, 0x05, 0x21, 0x05, 0x21, 0x05, 
  0x21, 0x05, 0x21, 0x05, 0x21, 0x05, 0x21, 0x05, 0x21, 0x05, 0x21, 0x05, 0x21, 0x05, 0x21, 0x05, 
  0x21, 0x05, 0x21, 0x05, 0x21, 0x05, 0x21, 0x05, 0x21, 0x05, 0x21, 0x05, 0x21, 0x05, 0x21, 0x05, 
  0x21, 0x05, 0x21, 0x05, 0x21, 0x05, 0x21, 0x05, 0x21, 0x05, 0x21, 0x05, 0x21, 0x05, 0x21, 0x05, 
  0x21, 0x05, 0x21, 0x05, 0x21, 0x05, 0x21, 0x05, 0x21, 0x05, 0x21, 0x05, 0x21, 0x05, 0x21, 0x05, 
  0x21, 0x05, 0x21, 0x05, 0x21, 0x05, 0x21, 0x05, 0x21, 0x05, 0x21, 0x05, 0x21, 0x05, 0x21, 0x05, 
  0x21, 0x05, 0x21, 0x05, 0x21, 0x05, 0x21, 0x05, 0x21, 0x05, 0x21, 0x05, 0x21, 0x05, 0x21, 0x05, 
  0x21, 0x05, 0x21, 0x05, 0x21, 0x05, 0x21, 0x05, 0x21, 0x05, 0x21, 0x05, 0x21, 0x05, 0x21, 0x05, 
  0x21, 0x05, 0x21, 0x05, 0x21, 0x05, 0x21, 0x05, 0x21, 0x05, 0x21, 0x05, 0x21, 0x05, 0x21, 0x05, 
  0x21, 0x05, 0xF6, 0x2F, 0xF6, 0x2F, 0xF6, 0x2F, 0xF6, 0x2F, 0xF6, 0x2F, 0xF6, 0x2F, 0xF6, 0x2F, 
  0xF6, 0x2F, 0xF6, 0x2F, 0xFD, 0x14, 0xFD, 0x14, 0xFD, 0x14, 0xFD, 0x14, 0xFD, 0x14, 0xFD, 0x14, 
  0xFD, 0x14, 0xFD, 0x14, 0xFD, 0x14, 0xF6, 0x2F, 0xF6, 0x2F, 0xF6, 0x2F, 0xF6, 0x2F, 0xF6, 0x2F, 
  0x21, 0x05, 0xF6, 0x2F, 0xF6, 0x2F, 0xF6, 0x2F, 0xF6, 0x2F, 0xF6, 0x2F, 0xFD, 0x14, 0xFD, 0x14, 
  0xFD, 0x14, 0xFD, 0x14, 0xFD, 0x14, 0xFD, 0x14, 0xFD, 0x14, 0xFD, 0x14, 0xFD, 0x14, 0xF6, 0x2F, 
  0xF6, 0x2F, 0xF6, 0x2F, 0xF6, 0x2F, 0xF6, 0x2F, 0xF6, 0x2F, 0xF6, 0x2F, 0xF6, 0x2F, 0xF6, 0x2F, 
  0x21, 0x05, 0x21, 0x05, 0x21, 0x05, 0x21, 0x05, 0x21, 0x05, 0x21, 0x05, 0x21, 0x05, 0x21, 0x05, 
  0x21, 0x05, 0x21, 0x05, 0x21, 0x05, 0x21, 0x05, 0x21, 0x05, 0x21, 0x05, 0x21, 0x05, 0x21, 0x05, 
  0x21, 0x05, 0x21, 0x05, 0x21, 0x05, 0x21, 0x05, 0x21, 0x05, 0x21, 0x05, 0x21, 0x05, 0x21, 0x05, 
  0x21, 0x05, 0x21, 0x05, 0x21, 0x05, 0x21, 0x05, 0x21, 0x05, 0x21, 0x05, 0x21, 0x05, 0x21, 0x05, 
  0x21, 0x05, 0x21, 0x05, 0x21, 0x05, 0x21, 0x05, 0x21, 0x05, 0x21, 0x05, 0x21, 0x05, 0x21, 0x05, 
  0x21, 0x05, 0x21, 0x05, 0x21, 0x05, 0x21, 0x05, 0x21, 0x05, 0x21, 0x05, 0x21, 0x05, 0x21, 0x05, 
  0x21, 0x05, 0x21, 0x05, 0x21, 0x05, 0x21, 0x05, 0x21, 0x05, 0x21, 0x05, 0x21, 0x05, 0x21, 0x05, 
  0x21, 0x05, 0x21, 0x05, 0x21, 0x05, 0x21, 0x05, 0x21, 0x05, 0x21, 0x05, 0x21, 0x05, 0x21, 0x05, 
  0x21, 0x05, 0x21, 0x05, 0x21, 0x05, 0x21, 0x05, 0x21, 0x05, 0x21, 0x05, 0x21, 0x05, 0x21, 0x05, 
  0x21, 0x05, 0x21, 0x05, 0x21, 0x05, 0x21, 0x05, 0x21, 0x05, 0x21, 0x05, 0x21, 0x05, 0x21, 0x05, 
  0x21, 0x05, 0x21, 0x05, 0x21, 0x05, 0x21, 0x05, 0x21, 0x05, 0x21, 0x05, 0x21, 0x05, 0x21, 0x05, 
  0x21, 0x05, 0x21, 0x05, 0x21, 0x05, 0x21, 0x05, 0x21, 0x05, 0x21, 0x05, 0x21, 0x05, 0x21, 0x05, 
  0x21, 0x05, 0x21, 0x05, 0x21, 0x05, 0x21, 0x05, 0x21, 0x05, 0x21, 0x05, 0x21, 0x05, 0x21, 0x05, 
  0x21, 0x05, 0x21, 0x05, 0x21, 0x05, 0x21, 0x05, 0x21, 0x05, 0x21, 0x05, 0x21, 0x05, 0x21, 0x05, 
  0x21, 0x05, 0x21, 0x05, 0x21, 0x05, 0x21, 0x05, 0x21, 0x05, 0x21, 0x05, 0x21, 0x05, 0x21, 0x05, 
  0x21, 0x05, 0x21, 0x05, 0x21, 0x05, 0x21, 0x05, 0x21, 0x05, 0x21, 0x05, 0x21, 0x05, 0x21, 0x05, 
  0x21, 0x05, 0x21, 0x05, 0x21, 0x05, 0x21, 0x05, 0x21, 0x05, 0x21, 0x05, 0x21, 0x05, 0x21, 0x05, 
  0x21, 0x05, 0x21, 0x05, 0x21, 0x05, 0x21, 0x05, 0x21, 0x05, 0x21, 0x05, 0x21, 0x05, 0x21, 0x05, 
  0x21, 0x05, 0x21, 0x05, 0x21, 0x05, 0x21, 0x05, 0x21, 0x05, 0x21, 0x05, 0x21, 0x05, 0x21, 0x05, 
  0x21, 0x05, 0x21, 0x05, 0x21, 0x05, 0x21, 0x05, 0x21, 0x05, 0x21, 0x05, 0x21, 0x05, 0x21, 0x05, 
  0x21, 0x05, 0x21, 0x05, 0x21, 0x05, 0x21, 0x05, 0x21, 0x05, 0x21, 0x05, 0x21, 0x05, 0x21, 0x05, 
  0x21, 0x05, 0x21, 0x05, 0x21, 0x05, 0x21, 0x05, 0x21, 0x05, 0x21, 0x05, 0x21, 0x05, 0x21, 0x05, 
  0x21, 0x05, 0x21, 0x05, 0x21, 0x05, 0x21, 0x05, 0x21, 0x05, 0x21, 0x05, 0x21, 0x05, 0x21, 0x05, 
  0x21, 0x05, 0x21, 0x05, 0x21, 0x05, 0x21, 0x05, 0x21, 0x05, 0x21, 0x05, 0x21, 0x05, 0x21, 0x05, 
  0xF6, 0x2F, 0xF6, 0x2F, 0xF6, 0x2F, 0xF6, 0x2F, 0xF6, 0x2F, 0xF6, 0x2F, 0xF6, 0x2F, 0xF6, 0x2F, 
  0xF6, 0x2F, 0xF6, 0x2F, 0xFD, 0x14, 0xFD, 0x14, 0xFD, 0x14, 0xFD, 0x14, 0xFD, 0x14, 0xFD, 0x14, 
  0xFD, 0x14, 0xFD, 0x14, 0xFD, 0x14, 0xF6, 0x2F, 0xF6, 0x2F, 0xF6, 0x2F, 0xF6, 0x2F, 0xF6, 0x2F, 
  0x21, 0x05, 0xF6, 0x2F, 0xF6, 0x2F, 0xF6, 0x2F, 0xF6, 0x2F, 0xF6, 0x2F, 0xFD, 0x14, 0xFD, 0x14, 
  0xFD, 0x14, 0xFD, 0x14, 0xFD, 0x14, 0xFD, 0x14, 0xFD, 0x14, 0xFD, 0x14, 0xFD, 0x14, 0xF6, 0x2F, 
  0xF6, 0x2F, 0xF6, 0x2F, 0xF6, 0x2F, 0xF6, 0x2F, 0xF6, 0x2F, 0xF6, 0x2F, 0xF6, 0x2F, 0xF6, 0x2F, 
  0xF6, 0x2F, 0x21, 0x05, 0x21, 0x05, 0x21, 0x05, 0x21, 0x05, 0x21, 0x05, 0x21, 0x05, 0x21, 0x05, 
  0x21, 0x05, 0x21, 0x05, 0x21, 0x05, 0x21, 0x05, 0x21, 0x05, 0x21, 0x05, 0x21, 0x05, 0x21, 0x05, 
  0x21, 0x05, 0x21, 0x05, 0x21, 0x05, 0x21, 0x05, 0x21, 0x05, 0x21, 0x05, 0x21, 0x05, 0x21, 0x05, 
  0x21, 0x05, 0x21, 0x05, 0x21, 0x05, 0x21, 0x05, 0x21, 0x05, 0x21, 0x05, 0x21, 0x05, 0x21, 0x05, 
  0x21, 0x05, 0x21, 0x05, 0x21, 0x05, 0x21, 0x05, 0x21, 0x05, 0x21, 0x05, 0x21, 0x05, 0x21, 0x05, 
  0x21, 0x05, 0x21, 0x05, 0x21, 0x05, 0x21, 0x05, 0x21, 0x05, 0x21, 0x05, 0x21, 0x05, 0x21, 0x05, 
  0x21, 0x05, 0x21, 0x05, 0x21, 0x05, 0x21, 0x05, 0x21, 0x05, 0x21, 0x05, 0x21, 0x05, 0x21, 0x05, 
  0x21, 0x05, 0x21, 0x05, 0x21, 0x05, 0x21, 0x05, 0x21, 0x05, 0x21, 0x05, 0x21, 0x05, 0x21, 0x05, 
  0x21, 0x05, 0x21, 0x05, 0x21, 0x05, 0x21, 0x05, 0x21, 0x05, 0x21, 0x05, 0x21, 0x05, 0x21, 0x05, 
  0x21, 0x05, 0x21, 0x05, 0x21, 0x05, 0x21, 0x05, 0x21, 0x05, 0x21, 0x05, 0x21, 0x05, 0x21, 0x05, 
  0x21, 0x05, 0x21, 0x05, 0x21, 0x05, 0x21, 0x05, 0x21, 0x05, 0x21, 0x05, 0x21, 0x05, 0x21, 0x05, 
  0x21, 0x05, 0x21, 0x05, 0x21, 0x05, 0x21, 0x05, 0x21, 0x05, 0x21, 0x05, 0x21, 0x05, 0x21, 0x05, 
  0x21, 0x05, 0x21, 0x05, 0x21, 0x05, 0x21, 0x05, 0x21, 0x05, 0x21, 0x05, 0x21, 0x05, 0x21, 0x05, 
  0x21, 0x05, 0x21, 0x05, 0x21, 0x05, 0x21, 0x05, 0x21, 0x05, 0x21, 0x05, 0x21, 0x05, 0x21, 0x05, 
  0x21, 0x05, 0x21, 0x05, 0x21, 0x05, 0x21, 0x05, 0x21, 0x05, 0x21, 0x05, 0x21, 0x05, 0x21, 0x05, 
  0x21, 0x05, 0x21, 0x05, 0x21, 0x05, 0x21, 0x05, 0x21, 0x05, 0x21, 0x05, 0x21, 0x05, 0x21, 0x05, 
  0x21, 0x05, 0x21, 0x05, 0x21, 0x05, 0x21, 0x05, 0x21, 0x05, 0x21, 0x05, 0x21, 0x05, 0x21, 0x05, 
  0x21, 0x05, 0x21, 0x05, 0x21, 0x05, 0x21, 0x05, 0x21, 0x05, 0x21, 0x05, 0x21, 0x05, 0x21, 0x05, 
  0x21, 0x05, 0x21, 0x05, 0x21, 0x05, 0x21, 0x05, 0x21, 0x05, 0x21, 0x05, 0x21, 0x05, 0x21, 0x05, 
  0x21, 0x05, 0x21, 0x05, 0x21, 0x05, 0x21, 0x05, 0x21, 0x05, 0x21, 0x05, 0x21, 0x05, 0x21, 0x05, 
  0x21, 0x05, 0x21, 0x05, 0x21, 0x05, 0x21, 0x05, 0x21, 0x05, 0x21, 0x05, 0x21, 0x05, 0x21, 0x05, 
  0x21, 0x05, 0x21, 0x05, 0x21, 0x05, 0x21, 0x05, 0x21, 0x05, 0x21, 0x05, 0x21, 0x05, 0x21, 0x05, 
  0x21, 0x05, 0x21, 0x05, 0x21, 0x05, 0x21, 0x05, 0x21, 0x05, 0x21, 0x05, 0x21, 0x05, 0x21, 0x05, 
  0x21, 0x05, 0x21, 0x05, 0x21, 0x05, 0x21, 0x05, 0x21, 0x05, 0x21, 0x05, 0x21, 0x05, 0x21, 0x05, 
  0xF6, 0x2F, 0xF6, 0x2F, 0xF6, 0x2F, 0xF6, 0x2F, 0xF6, 0x2F, 0xF6, 0x2F, 0xF6, 0x2F, 0xF6, 0x2F, 
  0xF6, 0x2F, 0xF6, 0x2F, 0xFD, 0x14, 0xFD, 0x14, 0xFD, 0x14, 0xFD, 0x14, 0xFD, 0x14, 0xFD, 0x14, 
  0xFD, 0x14, 0xFD, 0x14, 0xFD, 0x14, 0xF6, 0x2F, 0xF6, 0x2F, 0xF6, 0x2F, 0xF6, 0x2F, 0xF6, 0x2F, 
  0x21, 0x05, 0xF6, 0x2F, 0xF6, 0x2F, 0xF6, 0x2F, 0xF6, 0x2F, 0xF6, 0x2F, 0xFD, 0x14, 0xFD, 0x14, 
  0xFD, 0x14, 0xFD, 0x14, 0xFD, 0x14, 0xFD, 0x14, 0xFD, 0x14, 0xFD, 0x14, 0xFD, 0x14, 0xF6, 0x2F, 
  0xF6, 0x2F, 0xF6, 0x2F, 0xF6, 0x2F, 0xF6, 0x2F, 0xF6, 0x2F, 0xF6, 0x2F, 0xF6, 0x2F, 0xF6, 0x2F, 
  0xF6, 0x2F, 0x21, 0x05, 0x21, 0x05, 0x21, 0x05, 0x21, 0x05, 0x21, 0x05, 0x21, 0x05, 0x21, 0x05, 
  0x21, 0x05, 0x21, 0x05, 0x21, 0x05, 0x21, 0x05, 0x21, 0x05, 0x21, 0x05, 0x21, 0x05, 0x21, 0x05, 
  0x21, 0x05, 0x21, 0x05, 0x21, 0x05, 0x21, 0x05, 0x21, 0x05, 0x21, 0x05, 0x21, 0x05, 0x21, 0x05, 
  0x21, 0x05, 0x21, 0x05, 0x21, 0x05, 0x21, 0x05, 0x21, 0x05, 0x21, 0x05, 0x21, 0x05, 0x21, 0x05, 
  0x21, 0x05, 0x21, 0x05, 0x21, 0x05, 0x21, 0x05, 0x21, 0x05, 0x21, 0x05, 0x21, 0x05, 0x21, 0x05, 
  0x21, 0x05, 0x21, 0x05, 0x21, 0x05, 0x21, 0x05, 0x21, 0x05, 0x21, 0x05, 0x21, 0x05, 0x21, 0x05, 
  0x21, 0x05, 0x21, 0x05, 0x21, 0x05, 0x21, 0x05, 0x21, 0x05, 0x21, 0x05, 0x21, 0x05, 0x21, 0x05, 
  0x21, 0x05, 0x21, 0x05, 0x21, 0x05, 0x21, 0x05, 0x21, 0x05, 0x21, 0x05, 0x21, 0x05, 0x21, 0x05, 
  0x21, 0x05, 0x21, 0x05, 0x21, 0x05, 0x21, 0x05, 0x21, 0x05, 0x21, 0x05, 0x21, 0x05, 0x21, 0x05, 
  0x21, 0x05, 0x21, 0x05, 0x21, 0x05, 0x21, 0x05, 0x21, 0x05, 0x21, 0x05, 0x21, 0x05, 0x21, 0x05, 
  0x21, 0x05, 0x21, 0x05, 0x21, 0x05, 0x21, 0x05, 0x21, 0x05, 0x21, 0x05, 0x21, 0x05, 0x21, 0x05, 
  0x21, 0x05, 0x21, 0x05, 0x21, 0x05, 0x21, 0x05, 0x21, 0x05, 0x21, 0x05, 0x21, 0x05, 0x21, 0x05, 
  0x21, 0x05, 0x21, 0x05, 0x21, 0x05, 0x21, 0x05, 0x21, 0x05, 0x21, 0x05, 0x21, 0x05, 0x21, 0x05, 
  0x21, 0x05, 0x21, 0x05, 0x21, 0x05, 0x21, 0x05, 0x21, 0x05, 0x21, 0x05, 0x21, 0x05, 0x21, 0x05, 
  0x21, 0x05, 0x21, 0x05, 0x21, 0x05, 0x21, 0x05, 0x21, 0x05, 0x21, 0x05, 0x21, 0x05, 0x21, 0x05, 
  0x21, 0x05, 0x21, 0x05, 0x21, 0x05, 0x21, 0x05, 0x21, 0x05, 0x21, 0x05, 0x21, 0x05, 0x21, 0x05, 
  0x21, 0x05, 0x21, 0x05, 0x21, 0x05, 0x21, 0x05, 0x21, 0x05, 0x21, 0x05, 0x21, 0x05, 0x21, 0x05, 
  0x21, 0x05, 0x21, 0x05, 0x21, 0x05, 0x21, 0x05, 0x21, 0x05, 0x21, 0x05, 0x21, 0x05, 0x21, 0x05, 
  0x21, 0x05, 0x21, 0x05, 0x21, 0x05, 0x21, 0x05, 0x21, 0x05, 0x21, 0x05, 0x21, 0x05, 0x21, 0x05, 
  0x21, 0x05, 0x21, 0x05, 0x21, 0x05, 0x21, 0x05, 0x21, 0x05, 0x21, 0x05, 0x21, 0x05, 0x21, 0x05, 
  0x21, 0x05, 0x21, 0x05, 0x21, 0x05, 0x21, 0x05, 0x21, 0x05, 0x21, 0x05, 0x21, 0x05, 0x21, 0x05, 
  0x21, 0x05, 0x21, 0x05, 0x21, 0x05, 0x21, 0x05, 0x21, 0x05, 0x21, 0x05, 0x21, 0x05, 0x21, 0x05, 
  0x21, 0x05, 0x21, 0x05, 0x21, 0x05, 0x21, 0x05, 0x21, 0x05, 0x21, 0x05, 0x21, 0x05, 0x21, 0x05, 
  0x21, 0x05, 0x21, 0x05, 0x21, 0x05, 0x21, 0x05, 0x21, 0x05, 0x21, 0x05, 0x21, 0x05, 0xF6, 0x2F, 
  0xF6, 0x2F, 0xF6, 0x2F, 0xF6, 0x2F, 0xF6, 0x2F, 0xF6, 0x2F, 0xF6, 0x2F, 0xF6, 0x2F, 0xF6, 0x2F, 
  0xF6, 0x2F, 0xFD, 0x14, 0xFD, 0x14, 0xFD, 0x14, 0xFD, 0x14, 0xFD, 0x14, 0xFD, 0x14, 0xFD, 0x14, 
  0xFD, 0x14, 0xFD, 0x14, 0xFD, 0x14, 0xFD, 0x14, 0xF6, 0x2F, 0xF6, 0x2F, 0xF6, 0x2F, 0xF6, 0x2F, 
  0xF6, 0x2F, 0xF6, 0x2F, 0xF6, 0x2F, 0xF6, 0x2F, 0xF6, 0x2F, 0xFD, 0x14, 0xFD, 0x14, 0xFD, 0x14, 
  0xFD, 0x14, 0xFD, 0x14, 0xFD, 0x14, 0xFD, 0x14, 0xFD, 0x14, 0xFD, 0x14, 0xFD, 0x14, 0xFD, 0x14, 
  0xF6, 0x2F, 0xF6, 0x2F, 0xF6, 0x2F, 0xF6, 0x2F, 0xF6, 0x2F, 0xF6, 0x2F, 0xF6, 0x2F, 0xF6, 0x2F, 
  0xF6, 0x2F, 0xF6, 0x2F, 0x21, 0x05, 0x21, 0x05, 0x21, 0x05, 0x21, 0x05, 0x21, 0x05, 0x21, 0x05, 
  0x21, 0x05, 0x21, 0x05, 0x21, 0x05, 0x21, 0x05, 0x21, 0x05, 0x21, 0x05, 0x21, 0x05, 0x21, 0x05, 
  0x21, 0x05, 0x21, 0x05, 0x21, 0x05, 0x21, 0x05, 0x21, 0x05, 0x21, 0x05, 0x21, 0x05, 0x21, 0x05, 
  0x21, 0x05, 0x21, 0x05, 0x21, 0x05, 0x21, 0x05, 0x21, 0x05, 0x21, 0x05, 0x21, 0x05, 0x21, 0x05, 
  0x21, 0x05, 0x21, 0x05, 0x21, 0x05, 0x21, 0x05, 0x21, 0x05, 0x21, 0x05, 0x21, 0x05, 0x21, 0x05, 
  0x21, 0x05, 0x21, 0x05, 0x21, 0x05, 0x21, 0x05, 0x21, 0x05, 0x21, 0x05, 0x21, 0x05, 0x21, 0x05, 
  0x21, 0x05, 0x21, 0x05, 0x21, 0x05, 0x21, 0x05, 0x21, 0x05, 0x21, 0x05, 0x21, 0x05, 0x21, 0x05, 
  0x21, 0x05, 0x21, 0x05, 0x21, 0x05, 0x21, 0x05, 0x21, 0x05, 0x21, 0x05, 0x21, 0x05, 0x21, 0x05, 
  0x21, 0x05, 0x21, 0x05, 0x21, 0x05, 0x21, 0x05, 0x21, 0x05, 0x21, 0x05, 0x21, 0x05, 0x21, 0x05, 
  0x21, 0x05, 0x21, 0x05, 0x21, 0x05, 0x21, 0x05, 0x21, 0x05, 0x21, 0x05, 0x21, 0x05, 0x21, 0x05, 
  0x21, 0x05, 0x21, 0x05, 0x21, 0x05, 0x21, 0x05, 0x21, 0x05, 0x21, 0x05, 0x21, 0x05, 0x21, 0x05, 
  0x21, 0x05, 0x21, 0x05, 0x21, 0x05, 0x21, 0x05, 0x21, 0x05, 0x21, 0x05, 0x21, 0x05, 0x21, 0x05, 
  0x21, 0x05, 0x21, 0x05, 0x21, 0x05, 0x21, 0x05, 0x21, 0x05, 0x21, 0x05, 0x21, 0x05, 0x21, 0x05, 
  0x21, 0x05, 0x21, 0x05, 0x21, 0x05, 0x21, 0x05, 0x21, 0x05, 0x21, 0x05, 0x21, 0x05, 0x21, 0x05, 
  0x21, 0x05, 0x21, 0x05, 0x21, 0x05, 0x21, 0x05, 0x21, 0x05, 0x21, 0x05, 0x21, 0x05, 0x21, 0x05, 
  0x21, 0x05, 0x21, 0x05, 0x21, 0x05, 0x21, 0x05, 0x21, 0x05, 0x21, 0x05, 0x21, 0x05, 0x21, 0x05, 
  0x21, 0x05, 0x21, 0x05, 0x21, 0x05, 0x21, 0x05, 0x21, 0x05, 0x21, 0x05, 0x21, 0x05, 0x21, 0x05, 
  0x21, 0x05, 0x21, 0x05, 0x21, 0x05, 0x21, 0x05, 0x21, 0x05, 0x21, 0x05, 0x21, 0x05, 0x21, 0x05, 
  0x21, 0x05, 0x21, 0x05, 0x21, 0x05, 0x21, 0x05, 0x21, 0x05, 0x21, 0x05, 0x21, 0x05, 0x21, 0x05, 
  0x21, 0x05, 0x21, 0x05, 0x21, 0x05, 0x21, 0x05, 0x21, 0x05, 0x21, 0x05, 0x21, 0x05, 0x21, 0x05, 
  0x21, 0x05, 0x21, 0x05, 0x21, 0x05, 0x21, 0x05, 0x21, 0x05, 0x21, 0x05, 0x21, 0x05, 0x21, 0x05, 
  0x21, 0x05, 0x21, 0x05, 0x21, 0x05, 0x21, 0x05, 0x21, 0x05, 0x21, 0x05, 0x21, 0x05, 0x21, 0x05, 
  0x21, 0x05, 0x21, 0x05, 0x21, 0x05, 0x21, 0x05, 0x21, 0x05, 0x21, 0x05, 0x21, 0x05, 0x21, 0x05, 
  0x21, 0x05, 0x21, 0x05, 0x21, 0x05, 0x21, 0x05, 0x21, 0x05, 0x21, 0x05, 0x21, 0x05, 0xF6, 0x2F, 
  0xF6, 0x2F, 0xF6, 0x2F, 0xF6, 0x2F, 0xF6, 0x2F, 0xF6, 0x2F, 0xF6, 0x2F, 0xF6, 0x2F, 0xF6, 0x2F, 
  0xF6, 0x2F, 0xFD, 0x14, 0xFD, 0x14, 0xFD, 0x14, 0xFD, 0x14, 0xFD, 0x14, 0xFD, 0x14, 0xFD, 0x14, 
  0xFD, 0x14, 0xFD, 0x14, 0xFD, 0x14, 0xFD, 0x14, 0xF6, 0x2F, 0xF6, 0x2F, 0xF6, 0x2F, 0xF6, 0x2F, 
  0xF6, 0x2F, 0xF6, 0x2F, 0xF6, 0x2F, 0xF6, 0x2F, 0xF6, 0x2F, 0xFD, 0x14, 0xFD, 0x14, 0xFD, 0x14, 
  0xFD, 0x14, 0xFD, 0x14, 0xFD, 0x14, 0xFD, 0x14, 0xFD, 0x14, 0xFD, 0x14, 0xFD, 0x14, 0xFD, 0x14, 
  0xF6, 0x2F, 0xF6, 0x2F, 0xF6, 0x2F, 0xF6, 0x2F, 0xF6, 0x2F, 0xF6, 0x2F, 0xF6, 0x2F, 0xF6, 0x2F, 
  0xF6, 0x2F, 0xF6, 0x2F, 0x21, 0x05, 0x21, 0x05, 0x21, 0x05, 0x21, 0x05, 0x21, 0x05, 0x21, 0x05, 
  0x21, 0x05, 0x21, 0x05, 0x21, 0x05, 0x21, 0x05, 0x21, 0x05, 0x21, 0x05, 0x21, 0x05, 0x21, 0x05, 
  0x21, 0x05, 0x21, 0x05, 0x21, 0x05, 0x21, 0x05, 0x21, 0x05, 0x21, 0x05, 0x21, 0x05, 0x21, 0x05, 
  0x21, 0x05, 0x21, 0x05, 0x21, 0x05, 0x21, 0x05, 0x21, 0x05, 0x21, 0x05, 0x21, 0x05, 0x21, 0x05, 
  0x21, 0x05, 0x21, 0x05, 0x21, 0x05, 0x21, 0x05, 0x21, 0x05, 0x21, 0x05, 0x21, 0x05, 0x21, 0x05, 
  0x21, 0x05, 0x21, 0x05, 0x21, 0x05, 0x21, 0x05, 0x21, 0x05, 0x21, 0x05, 0x21, 0x05, 0x21, 0x05, 
  0x21, 0x05, 0x21, 0x05, 0x21, 0x05, 0x21, 0x05, 0x21, 0x05, 0x21, 0x05, 0x21, 0x05, 0x21, 0x05, 
  0x21, 0x05, 0x21, 0x05, 0x21, 0x05, 0x21, 0x05, 0x21, 0x05, 0x21, 0x05, 0x21, 0x05, 0x21, 0x05, 
  0x21, 0x05, 0x21, 0x05, 0x21, 0x05, 0x21, 0x05, 0x21, 0x05, 0x21, 0x05, 0x21, 0x05, 0x21, 0x05, 
  0x21, 0x05, 0x21, 0x05, 0x21, 0x05, 0x21, 0x05, 0x21, 0x05, 0x21, 0x05, 0x21, 0x05, 0x21, 0x05, 
  0x21, 0x05, 0x21, 0x05, 0x21, 0x05, 0x21, 0x05, 0x21, 0x05, 0x21, 0x05, 0x21, 0x05, 0x21, 0x05, 
  0x21, 0x05, 0x21, 0x05, 0x21, 0x05, 0x21, 0x05, 0x21, 0x05, 0x21, 0x05, 0x21, 0x05, 0x21, 0x05, 
  0x21, 0x05, 0x21, 0x05, 0x21, 0x05, 0x21, 0x05, 0x21, 0x05, 0x21, 0x05, 0x21, 0x05, 0x21, 0x05, 
  0x21, 0x05, 0x21, 0x05, 0x21, 0x05, 0x21, 0x05, 0x21, 0x05, 0x21, 0x05, 0x21, 0x05, 0x21, 0x05, 
  0x21, 0x05, 0x21, 0x05, 0x21, 0x05, 0x21, 0x05, 0x21, 0x05, 0x21, 0x05, 0x21, 0x05, 0x21, 0x05, 
  0x21, 0x05, 0x21, 0x05, 0x21, 0x05, 0x21, 0x05, 0x21, 0x05, 0x21, 0x05, 0x21, 0x05, 0x21, 0x05, 
  0x21, 0x05, 0x21, 0x05, 0x21, 0x05, 0x21, 0x05, 0x21, 0x05, 0x21, 0x05, 0x21, 0x05, 0x21, 0x05, 
  0x21, 0x05, 0x21, 0x05, 0x21, 0x05, 0x21, 0x05, 0x21, 0x05, 0x21, 0x05, 0x21, 0x05, 0x21, 0x05, 
  0x21, 0x05, 0x21, 0x05, 0x21, 0x05, 0x21, 0x05, 0x21, 0x05, 0x21, 0x05, 0x21, 0x05, 0x21, 0x05, 
  0x21, 0x05, 0x21, 0x05, 0x21, 0x05, 0x21, 0x05, 0x21, 0x05, 0x21, 0x05, 0x21, 0x05, 0x21, 0x05, 
  0x21, 0x05, 0x21, 0x05, 0x21, 0x05, 0x21, 0x05, 0x21, 0x05, 0x21, 0x05, 0x21, 0x05, 0x21, 0x05, 
  0x21, 0x05, 0x21, 0x05, 0x21, 0x05, 0x21, 0x05, 0x21, 0x05, 0x21, 0x05, 0x21, 0x05, 0x21, 0x05, 
  0x21, 0x05, 0x21, 0x05, 0x21, 0x05, 0x21, 0x05, 0x21, 0x05, 0x21, 0x05, 0x21, 0x05, 0x21, 0x05, 
  0x21, 0x05, 0x21, 0x05, 0x21, 0x05, 0x21, 0x05, 0x21, 0x05, 0x21, 0x05, 0xF6, 0x2F, 0xF6, 0x2F, 
  0xF6, 0x2F, 0xF6, 0x2F, 0xF6, 0x2F, 0xF6, 0x2F, 0xF6, 0x2F, 0xF6, 0x2F, 0xF6, 0x2F, 0xF6, 0x2F, 
  0xFD, 0x14, 0xFD, 0x14, 0xFD, 0x14, 0xFD, 0x14, 0xFD, 0x14, 0xFD, 0x14, 0xFD, 0x14, 0xFD, 0x14, 
  0xFD, 0x14, 0xFD, 0x14, 0xFD, 0x14, 0xFD, 0x14, 0xFD, 0x14, 0xF6, 0x2F, 0xF6, 0x2F, 0xF6, 0x2F, 
  0xF6, 0x2F, 0xF6, 0x2F, 0xF6, 0x2F, 0xF6, 0x2F, 0xFD, 0x14, 0xFD, 0x14, 0xFD, 0x14, 0xFD, 0x14, 
  0xFD, 0x14, 0xFD, 0x14, 0xFD, 0x14, 0xFD, 0x14, 0xFD, 0x14, 0xFD, 0x14, 0xFD, 0x14, 0xFD, 0x14, 
  0xFD, 0x14, 0xF6, 0x2F, 0xF6, 0x2F, 0xF6, 0x2F, 0xF6, 0x2F, 0xF6, 0x2F, 0xF6, 0x2F, 0xF6, 0x2F, 
  0xF6, 0x2F, 0xF6, 0x2F, 0xF6, 0x2F, 0x21, 0x05, 0x21, 0x05, 0x21, 0x05, 0x21, 0x05, 0x21, 0x05, 
  0x21, 0x05, 0x21, 0x05, 0x21, 0x05, 0x21, 0x05, 0x21, 0x05, 0x21, 0x05, 0x21, 0x05, 0x21, 0x05, 
  0x21, 0x05, 0x21, 0x05, 0x21, 0x05, 0x21, 0x05, 0x21, 0x05, 0x21, 0x05, 0x21, 0x05, 0x21, 0x05, 
  0x21, 0x05, 0x21, 0x05, 0x21, 0x05, 0x21, 0x05, 0x21, 0x05, 0x21, 0x05, 0x21, 0x05, 0x21, 0x05, 
  0x21, 0x05, 0x21, 0x05, 0x21, 0x05, 0x21, 0x05, 0x21, 0x05, 0x21, 0x05, 0x21, 0x05, 0x21, 0x05, 
  0x21, 0x05, 0x21, 0x05, 0x21, 0x05, 0x21, 0x05, 0x21, 0x05, 0x21, 0x05, 0x21, 0x05, 0x21, 0x05, 
  0x21, 0x05, 0x21, 0x05, 0x21, 0x05, 0x21, 0x05, 0x21, 0x05, 0x21, 0x05, 0x21, 0x05, 0x21, 0x05, 
  0x21, 0x05, 0x21, 0x05, 0x21, 0x05, 0x21, 0x05, 0x21, 0x05, 0x21, 0x05, 0x21, 0x05, 0x21, 0x05, 
  0x21, 0x05, 0x21, 0x05, 0x21, 0x05, 0x21, 0x05, 0x21, 0x05, 0x21, 0x05, 0x21, 0x05, 0x21, 0x05, 
  0x21, 0x05, 0x21, 0x05, 0x21, 0x05, 0x21, 0x05, 0x21, 0x05, 0x21, 0x05, 0x21, 0x05, 0x21, 0x05, 
  0x21, 0x05, 0x21, 0x05, 0x21, 0x05, 0x21, 0x05, 0x21, 0x05, 0x21, 0x05, 0x21, 0x05, 0x21, 0x05, 
  0x21, 0x05, 0x21, 0x05, 0x21, 0x05, 0x21, 0x05, 0x21, 0x05, 0x21, 0x05, 0x21, 0x05, 0x21, 0x05, 
  0x21, 0x06, 0x21, 0x06, 0x21, 0x06, 0x21, 0x06, 0x21, 0x06, 0x21, 0x06, 0x21, 0x06, 0x21, 0x06, 
  0x21, 0x06, 0x21, 0x06, 0x21, 0x06, 0x21, 0x06, 0x21, 0x06, 0x21, 0x06, 0x21, 0x06, 0x21, 0x06, 
  0x21, 0x06, 0x21, 0x06, 0x21, 0x06, 0x21, 0x06, 0x21, 0x06, 0x21, 0x06, 0x21, 0x06, 0x21, 0x06, 
  0x21, 0x06, 0x21, 0x06, 0x21, 0x06, 0x21, 0x06, 0x21, 0x06, 0x21, 0x06, 0x21, 0x06, 0x21, 0x06, 
  0x21, 0x06, 0x21, 0x06, 0x21, 0x06, 0x21, 0x06, 0x21, 0x06, 0x21, 0x06, 0x21, 0x06, 0x21, 0x06, 
  0x21, 0x06, 0x21, 0x06, 0x21, 0x06, 0x21, 0x06, 0x21, 0x06, 0x21, 0x06, 0x21, 0x06, 0x21, 0x06, 
  0x21, 0x06, 0x21, 0x06, 0x21, 0x06, 0x21, 0x06, 0x21, 0x06, 0x21, 0x06, 0x21, 0x06, 0x21, 0x06, 
  0x21, 0x06, 0x21, 0x06, 0x21, 0x06, 0x21, 0x06, 0x21, 0x06, 0x21, 0x06, 0x21, 0x06, 0x21, 0x06, 
  0x21, 0x06, 0x21, 0x06, 0x21, 0x06, 0x21, 0x06, 0x21, 0x06, 0x21, 0x06, 0x21, 0x06, 0x21, 0x06, 
  0x21, 0x06, 0x21, 0x06, 0x21, 0x06, 0x21, 0x06, 0x21, 0x06, 0x21, 0x06, 0x21, 0x06, 0x21, 0x06, 
  0x21, 0x06, 0x21, 0x06, 0x21, 0x06, 0x21, 0x06, 0x21, 0x06, 0x21, 0x06, 0x21, 0x06, 0x21, 0x06, 
  0x21, 0x06, 0x21, 0x06, 0x21, 0x06, 0x21, 0x06, 0x21, 0x06, 0x21, 0x06, 0xF6, 0x2F, 0xF6, 0x2F, 
  0xF6, 0x2F, 0xF6, 0x2F, 0xF6, 0x2F, 0xF6, 0x2F, 0xF6, 0x2F, 0xF6, 0x2F, 0xF6, 0x2F, 0xF6, 0x2F, 
  0xFD, 0x14, 0xFD, 0x14, 0xFD, 0x14, 0xFD, 0x14, 0xFD, 0x14, 0xFD, 0x14, 0xFD, 0x14, 0xFD, 0x14, 
  0xFD, 0x14, 0xFD, 0x14, 0xFD, 0x14, 0xFD, 0x14, 0xFD, 0x14, 0xF6, 0x2F, 0xF6, 0x2F, 0xF6, 0x2F, 
  0xF6, 0x2F, 0xF6, 0x2F, 0xF6, 0x2F, 0xF6, 0x2F, 0xFD, 0x14, 0xFD, 0x14, 0xFD, 0x14, 0xFD, 0x14, 
  0xFD, 0x14, 0xFD, 0x14, 0xFD, 0x14, 0xFD, 0x14, 0xFD, 0x14, 0xFD, 0x14, 0xFD, 0x14, 0xFD, 0x14, 
  0xFD, 0x14, 0xF6, 0x2F, 0xF6, 0x2F, 0xF6, 0x2F, 0xF6, 0x2F, 0xF6, 0x2F, 0xF6, 0x2F, 0xF6, 0x2F, 
  0xF6, 0x2F, 0xF6, 0x2F, 0xF6, 0x2F, 0x21, 0x06, 0x21, 0x06, 0x21, 0x06, 0x21, 0x06, 0x21, 0x06, 
  0x21, 0x06, 0x21, 0x06, 0x21, 0x06, 0x21, 0x06, 0x21, 0x06, 0x21, 0x06, 0x21, 0x06, 0x21, 0x06, 
  0x21, 0x06, 0x21, 0x06, 0x21, 0x06, 0x21, 0x06, 0x21, 0x06, 0x21, 0x06, 0x21, 0x06, 0x21, 0x06, 
  0x21, 0x06, 0x21, 0x06, 0x21, 0x06, 0x21, 0x06, 0x21, 0x06, 0x21, 0x06, 0x21, 0x06, 0x21, 0x06, 
  0x21, 0x06, 0x21, 0x06, 0x21, 0x06, 0x21, 0x06, 0x21, 0x06, 0x21, 0x06, 0x21, 0x06, 0x21, 0x06, 
  0x21, 0x06, 0x21, 0x06, 0x21, 0x06, 0x21, 0x06, 0x21, 0x06, 0x21, 0x06, 0x21, 0x06, 0x21, 0x06, 
  0x21, 0x06, 0x21, 0x06, 0x21, 0x06, 0x21, 0x06, 0x21, 0x06, 0x21, 0x06, 0x21, 0x06, 0x21, 0x06, 
  0x21, 0x06, 0x21, 0x06, 0x21, 0x06, 0x21, 0x06, 0x21, 0x06, 0x21, 0x06, 0x21, 0x06, 0x21, 0x06, 
  0x21, 0x06, 0x21, 0x06, 0x21, 0x06, 0x21, 0x06, 0x21, 0x06, 0x21, 0x06, 0x21, 0x06, 0x21, 0x06, 
  0x21, 0x06, 0x21, 0x06, 0x21, 0x06, 0x21, 0x06, 0x21, 0x06, 0x21, 0x06, 0x21, 0x06, 0x21, 0x06, 
  0x21, 0x06, 0x21, 0x06, 0x21, 0x06, 0x21, 0x06, 0x21, 0x06, 0x21, 0x06, 0x21, 0x06, 0x21, 0x06, 
  0x21, 0x06, 0x21, 0x06, 0x21, 0x06, 0x21, 0x06, 0x21, 0x06, 0x21, 0x06, 0x21, 0x06, 0x21, 0x06, 
  0x21, 0x06, 0x21, 0x06, 0x21, 0x06, 0x21, 0x06, 0x21, 0x06, 0x21, 0x06, 0x21, 0x06, 0x21, 0x06, 
  0x21, 0x06, 0x21, 0x06, 0x21, 0x06, 0x21, 0x06, 0x21, 0x06, 0x21, 0x06, 0x21, 0x06, 0x21, 0x06, 
  0x21, 0x06, 0x21, 0x06, 0x21, 0x06, 0x21, 0x06, 0x21, 0x06, 0x21, 0x06, 0x21, 0x06, 0x21, 0x06, 
  0x21, 0x06, 0x21, 0x06, 0x21, 0x06, 0x21, 0x06, 0x21, 0x06, 0x21, 0x06, 0x21, 0x06, 0x21, 0x06, 
  0x21, 0x06, 0x21, 0x06, 0x21, 0x06, 0x21, 0x06, 0x21, 0x06, 0x21, 0x06, 0x21, 0x06, 0x21, 0x06, 
  0x21, 0x06, 0x21, 0x06, 0x21, 0x06, 0x21, 0x06, 0x21, 0x06, 0x21, 0x06, 0x21, 0x06, 0x21, 0x06, 
  0x21, 0x06, 0x21, 0x06, 0x21, 0x06, 0x21, 0x06, 0x21, 0x06, 0x21, 0x06, 0x21, 0x06, 0x21, 0x06, 
  0x21, 0x06, 0x21, 0x06, 0x21, 0x06, 0x21, 0x06, 0x21, 0x06, 0x21, 0x06, 0x21, 0x06, 0x21, 0x06, 
  0x21, 0x06, 0x21, 0x06, 0x21, 0x06, 0x21, 0x06, 0x21, 0x06, 0x21, 0x06, 0x21, 0x06, 0x21, 0x06, 
  0x21, 0x06, 0x21, 0x06, 0x21, 0x06, 0x21, 0x06, 0x21, 0x06, 0x21, 0x06, 0x21, 0x06, 0x21, 0x06, 
  0x21, 0x06, 0x21, 0x06, 0x21, 0x06, 0x21, 0x06, 0x21, 0x06, 0x21, 0x06, 0x21, 0x06, 0x21, 0x06, 
  0x21, 0x06, 0x21, 0x06, 0x21, 0x06, 0x21, 0x06, 0x21, 0x06, 0xF6, 0x2F, 0xF6, 0x2F, 0xF6, 0x2F, 
  0xF6, 0x2F, 0xF6, 0x2F, 0xF6, 0x2F, 0xF6, 0x2F, 0xF6, 0x2F, 0xF6, 0x2F, 0xF6, 0x2F, 0xF6, 0x2F, 
  0xFD, 0x14, 0xFD, 0x14, 0xFD, 0x14, 0xFD, 0x14, 0xFD, 0x14, 0xFD, 0x14, 0xFD, 0x14, 0xFD, 0x14, 
  0xFD, 0x14, 0xFD, 0x14, 0xFD, 0x14, 0xFD, 0x14, 0xFD, 0x14, 0xF6, 0x2F, 0xF6, 0x2F, 0xF6, 0x2F, 
  0xF6, 0x2F, 0xF6, 0x2F, 0xF6, 0x2F, 0xF6, 0x2F, 0xFD, 0x14, 0xFD, 0x14, 0xFD, 0x14, 0xFD, 0x14, 
  0xFD, 0x14, 0xFD, 0x14, 0xFD, 0x14, 0xFD, 0x14, 0xFD, 0x14, 0xFD, 0x14, 0xFD, 0x14, 0xFD, 0x14, 
  0xFD, 0x14, 0xF6, 0x2F, 0xF6, 0x2F, 0xF6, 0x2F, 0xF6, 0x2F, 0xF6, 0x2F, 0xF6, 0x2F, 0xF6, 0x2F, 
  0xF6, 0x2F, 0xF6, 0x2F, 0xF6, 0x2F, 0xF6, 0x2F, 0x21, 0x06, 0x21, 0x06, 0x21, 0x06, 0x21, 0x06, 
  0x21, 0x06, 0x21, 0x06, 0x21, 0x06, 0x21, 0x06, 0x21, 0x06, 0x21, 0x06, 0x21, 0x06, 0x21, 0x06, 
  0x21, 0x06, 0x21, 0x06, 0x21, 0x06, 0x21, 0x06, 0x21, 0x06, 0x21, 0x06, 0x21, 0x06, 0x21, 0x06, 
  0x21, 0x06, 0x21, 0x06, 0x21, 0x06, 0x21, 0x06, 0x21, 0x06, 0x21, 0x06, 0x21, 0x06, 0x21, 0x06, 
  0x21, 0x06, 0x21, 0x06, 0x21, 0x06, 0x21, 0x06, 0x21, 0x06, 0x21, 0x06, 0x21, 0x06, 0x21, 0x06, 
  0x21, 0x06, 0x21, 0x06, 0x21, 0x06, 0x21, 0x06, 0x21, 0x06, 0x21, 0x06, 0x21, 0x06, 0x21, 0x06, 
  0x21, 0x06, 0x21, 0x06, 0x21, 0x06, 0x21, 0x06, 0x21, 0x06, 0x21, 0x06, 0x21, 0x06, 0x21, 0x06, 
  0x21, 0x06, 0x21, 0x06, 0x21, 0x06, 0x21, 0x06, 0x21, 0x06, 0x21, 0x06, 0x21, 0x06, 0x21, 0x06, 
  0x21, 0x06, 0x21, 0x06, 0x21, 0x06, 0x21, 0x06, 0x21, 0x06, 0x21, 0x06, 0x21, 0x06, 0x21, 0x06, 
  0x21, 0x06, 0x21, 0x06, 0x21, 0x06, 0x21, 0x06, 0x21, 0x06, 0x21, 0x06, 0x21, 0x06, 0x21, 0x06, 
  0x21, 0x06, 0x21, 0x06, 0x21, 0x06, 0x21, 0x06, 0x21, 0x06, 0x21, 0x06, 0x21, 0x06, 0x21, 0x06, 
  0x21, 0x06, 0x21, 0x06, 0x21, 0x06, 0x21, 0x06, 0x21, 0x06, 0x21, 0x06, 0x21, 0x06, 0x21, 0x06, 
  0x21, 0x26, 0x21, 0x26, 0x21, 0x26, 0x21, 0x26, 0x21, 0x26, 0x21, 0x26, 0x21, 0x26, 0x21, 0x26, 
  0x21, 0x26, 0x21, 0x26, 0x21, 0x26, 0x21, 0x26, 0x21, 0x26, 0x21, 0x26, 0x21, 0x26, 0x21, 0x26, 
  0x21, 0x26, 0x21, 0x26, 0x21, 0x26, 0x21, 0x26, 0x21, 0x26, 0x21, 0x26, 0x21, 0x26, 0x21, 0x26, 
  0x21, 0x26, 0x21, 0x26, 0x21, 0x26, 0x21, 0x26, 0x21, 0x26, 0x21, 0x26, 0x21, 0x26, 0x21, 0x26, 
  0x21, 0x26, 0x21, 0x26, 0x21, 0x26, 0x21, 0x26, 0x21, 0x26, 0x21, 0x26, 0x21, 0x26, 0x21, 0x26, 
  0x21, 0x26, 0x21, 0x26, 0x21, 0x26, 0x21, 0x26, 0x21, 0x26, 0x21, 0x26, 0x21, 0x26, 0x21, 0x26, 
  0x21, 0x26, 0x21, 0x26, 0x21, 0x26, 0x21, 0x26, 0x21, 0x26, 0x21, 0x26, 0x21, 0x26, 0x21, 0x26, 
  0x21, 0x26, 0x21, 0x26, 0x21, 0x26, 0x21, 0x26, 0x21, 0x26, 0x21, 0x26, 0x21, 0x26, 0x21, 0x26, 
  0x21, 0x26, 0x21, 0x26, 0x21, 0x26, 0x21, 0x26, 0x21, 0x26, 0x21, 0x26, 0x21, 0x26, 0x21, 0x26, 
  0x21, 0x26, 0x21, 0x26, 0x21, 0x26, 0x21, 0x26, 0x21, 0x26, 0x21, 0x26, 0x21, 0x26, 0x21, 0x26, 
  0x21, 0x26, 0x21, 0x26, 0x21, 0x26, 0x21, 0x26, 0x21, 0x26, 0x21, 0x26, 0x21, 0x26, 0x21, 0x26, 
  0x21, 0x26, 0x21, 0x26, 0x21, 0x26, 0x21, 0x26, 0x21, 0x26, 0xF6, 0x2F, 0xF6, 0x2F, 0xF6, 0x2F, 
  0xF6, 0x2F, 0xF6, 0x2F, 0xF6, 0x2F, 0xF6, 0x2F, 0xF6, 0x2F, 0xF6, 0x2F, 0xF6, 0x2F, 0xFD, 0x14, 
  0xFD, 0x14, 0xFD, 0x14, 0xFD, 0x14, 0xFD, 0x14, 0xFD, 0x14, 0xFD, 0x14, 0xFD, 0x14, 0xFD, 0x14, 
  0xFD, 0x14, 0xFD, 0x14, 0xFD, 0x14, 0xFD, 0x14, 0xFD, 0x14, 0xFD, 0x14, 0xF6, 0x2F, 0xF6, 0x2F, 
  0xF6, 0x2F, 0xF6, 0x2F, 0xF6, 0x2F, 0xFD, 0x14, 0xFD, 0x14, 0xFD, 0x14, 0xFD, 0x14, 0xFD, 0x14, 
  0xFD, 0x14, 0xFD, 0x14, 0xFD, 0x14, 0xFD, 0x14, 0xFD, 0x14, 0xFD, 0x14, 0xFD, 0x14, 0xFD, 0x14, 
  0xFD, 0x14, 0xFD, 0x14, 0xF6, 0x2F, 0xF6, 0x2F, 0xF6, 0x2F, 0xF6, 0x2F, 0xF6, 0x2F, 0xF6, 0x2F, 
  0xF6, 0x2F, 0xF6, 0x2F, 0xF6, 0x2F, 0xF6, 0x2F, 0x21, 0x26, 0x21, 0x26, 0x21, 0x26, 0x21, 0x26, 
  0x21, 0x26, 0x21, 0x26, 0x21, 0x26, 0x21, 0x26, 0x21, 0x26, 0x21, 0x26, 0x21, 0x26, 0x21, 0x26, 
  0x21, 0x26, 0x21, 0x26, 0x21, 0x26, 0x21, 0x26, 0x21, 0x26, 0x21, 0x26, 0x21, 0x26, 0x21, 0x26, 
  0x21, 0x26, 0x21, 0x26, 0x21, 0x26, 0x21, 0x26, 0x21, 0x26, 0x21, 0x26, 0x21, 0x26, 0x21, 0x26, 
  0x21, 0x26, 0x21, 0x26, 0x21, 0x26, 0x21, 0x26, 0x21, 0x26, 0x21, 0x26, 0x21, 0x26, 0x21, 0x26, 
  0x21, 0x26, 0x21, 0x26, 0x21, 0x26, 0x21, 0x26, 0x21, 0x26, 0x21, 0x26, 0x21, 0x26, 0x21, 0x26, 
  0x21, 0x26, 0x21, 0x26, 0x21, 0x26, 0x21, 0x26, 0x21, 0x26, 0x21, 0x26, 0x21, 0x26, 0x21, 0x26, 
  0x21, 0x26, 0x21, 0x26, 0x21, 0x26, 0x21, 0x26, 0x21, 0x26, 0x21, 0x26, 0x21, 0x26, 0x21, 0x26, 
  0x21, 0x26, 0x21, 0x26, 0x21, 0x26, 0x21, 0x26, 0x21, 0x26, 0x21, 0x26, 0x21, 0x26, 0x21, 0x26, 
  0x21, 0x26, 0x21, 0x26, 0x21, 0x26, 0x21, 0x26, 0x21, 0x26, 0x21, 0x26, 0x21, 0x26, 0x21, 0x26, 
  0x21, 0x26, 0x21, 0x26, 0x21, 0x26, 0x21, 0x26, 0x21, 0x26, 0x21, 0x26, 0x21, 0x26, 0x21, 0x26, 
  0x21, 0x26, 0x21, 0x26, 0x21, 0x26, 0x21, 0x26, 0x21, 0x26, 0x21, 0x26, 0x21, 0x26, 0x21, 0x26, 
  0x21, 0x26, 0x21, 0x26, 0x21, 0x26, 0x21, 0x26, 0x21, 0x26, 0x21, 0x26, 0x21, 0x26, 0x21, 0x26, 
  0x21, 0x26, 0x21, 0x26, 0x21, 0x26, 0x21, 0x26, 0x21, 0x26, 0x21, 0x26, 0x21, 0x26, 0x21, 0x26, 
  0x21, 0x26, 0x21, 0x26, 0x21, 0x26, 0x21, 0x26, 0x21, 0x26, 0x21, 0x26, 0x21, 0x26, 0x21, 0x26, 
  0x21, 0x26, 0x21, 0x26, 0x21, 0x26, 0x21, 0x26, 0x21, 0x26, 0x21, 0x26, 0x21, 0x26, 0x21, 0x26, 
  0x21, 0x26, 0x21, 0x26, 0x21, 0x26, 0x21, 0x26, 0x21, 0x26, 0x21, 0x26, 0x21, 0x26, 0x21, 0x26, 
  0x21, 0x26, 0x21, 0x26, 0x21, 0x26, 0x21, 0x26, 0x21, 0x26, 0x21, 0x26, 0x21, 0x26, 0x21, 0x26, 
  0x21, 0x26, 0x21, 0x26, 0x21, 0x26, 0x21, 0x26, 0x21, 0x26, 0x21, 0x26, 0x21, 0x26, 0x21, 0x26, 
  0x21, 0x26, 0x21, 0x26, 0x21, 0x26, 0x21, 0x26, 0x21, 0x26, 0x21, 0x26, 0x21, 0x26, 0x21, 0x26, 
  0x21, 0x26, 0x21, 0x26, 0x21, 0x26, 0x21, 0x26, 0x21, 0x26, 0x21, 0x26, 0x21, 0x26, 0x21, 0x26, 
  0x21, 0x26, 0x21, 0x26, 0x21, 0x26, 0x21, 0x26, 0x21, 0x26, 0x21, 0x26, 0x21, 0x26, 0x21, 0x26, 
  0x21, 0x26, 0x21, 0x26, 0x21, 0x26, 0x21, 0x26, 0x21, 0x26, 0x21, 0x26, 0x21, 0x26, 0x21, 0x26, 
  0x21, 0x26, 0x21, 0x26, 0x21, 0x26, 0x21, 0x26, 0xF6, 0x2F, 0xF6, 0x2F, 0xF6, 0x2F, 0xF6, 0x2F, 
  0xF6, 0x2F, 0xF6, 0x2F, 0xF6, 0x2F, 0xF6, 0x2F, 0xF6, 0x2F, 0xF6, 0x2F, 0xF6, 0x2F, 0xFD, 0x14, 
  0xFD, 0x14, 0xFD, 0x14, 0xFD, 0x14, 0xFD, 0x14, 0xFD, 0x14, 0xFD, 0x14, 0xFD, 0x14, 0xFD, 0x14, 
  0xFD, 0x14, 0xFD, 0x14, 0xFD, 0x14, 0xFD, 0x14, 0xFD, 0x14, 0xFD, 0x14, 0xF6, 0x2F, 0xF6, 0x2F, 
  0xF6, 0x2F, 0xF6, 0x2F, 0xF6, 0x2F, 0xFD, 0x14, 0xFD, 0x14, 0xFD, 0x14, 0xFD, 0x14, 0xFD, 0x14, 
  0xFD, 0x14, 0xFD, 0x14, 0xFD, 0x14, 0xFD, 0x14, 0xFD, 0x14, 0xFD, 0x14, 0xFD, 0x14, 0xFD, 0x14, 
  0xFD, 0x14, 0xFD, 0x14, 0xF6, 0x2F, 0xF6, 0x2F, 0xF6, 0x2F, 0xF6, 0x2F, 0xF6, 0x2F, 0xF6, 0x2F, 
  0xF6, 0x2F, 0xF6, 0x2F, 0xF6, 0x2F, 0xF6, 0x2F, 0xF6, 0x2F, 0x21, 0x26, 0x21, 0x26, 0x21, 0x26, 
  0x21, 0x26, 0x21, 0x26, 0x21, 0x26, 0x21, 0x26, 0x21, 0x26, 0x21, 0x26, 0x21, 0x26, 0x21, 0x26, 
  0x21, 0x26, 0x21, 0x26, 0x21, 0x26, 0x21, 0x26, 0x21, 0x26, 0x21, 0x26, 0x21, 0x26, 0x21, 0x26, 
  0x21, 0x26, 0x21, 0x26, 0x21, 0x26, 0x21, 0x26, 0x21, 0x26, 0x21, 0x26, 0x21, 0x26, 0x21, 0x26, 
  0x21, 0x26, 0x21, 0x26, 0x21, 0x26, 0x21, 0x26, 0x21, 0x26, 0x21, 0x26, 0x21, 0x26, 0x21, 0x26, 
  0x21, 0x26, 0x21, 0x26, 0x21, 0x26, 0x21, 0x26, 0x21, 0x26, 0x21, 0x26, 0x21, 0x26, 0x21, 0x26, 
  0x21, 0x26, 0x21, 0x26, 0x21, 0x26, 0x21, 0x26, 0x21, 0x26, 0x21, 0x26, 0x21, 0x26, 0x21, 0x26, 
  0x21, 0x26, 0x21, 0x26, 0x21, 0x26, 0x21, 0x26, 0x21, 0x26, 0x21, 0x26, 0x21, 0x26, 0x21, 0x26, 
  0x21, 0x26, 0x21, 0x26, 0x21, 0x26, 0x21, 0x26, 0x21, 0x26, 0x21, 0x26, 0x21, 0x26, 0x21, 0x26, 
  0x21, 0x26, 0x21, 0x26, 0x21, 0x26, 0x21, 0x26, 0x21, 0x26, 0x21, 0x26, 0x21, 0x26, 0x21, 0x26, 
  0x21, 0x26, 0x21, 0x26, 0x21, 0x26, 0x21, 0x26, 0x21, 0x26, 0x21, 0x26, 0x21, 0x26, 0x21, 0x26, 
  0x21, 0x26, 0x21, 0x26, 0x21, 0x26, 0x21, 0x26, 0x21, 0x26, 0x21, 0x26, 0x21, 0x26, 0x21, 0x26, 
  0x21, 0x26, 0x21, 0x26, 0x21, 0x26, 0x21, 0x26, 0x21, 0x26, 0x21, 0x26, 0x21, 0x26, 0x21, 0x26, 
  0x21, 0x26, 0x21, 0x26, 0x21, 0x26, 0x21, 0x26, 0x21, 0x26, 0x21, 0x26, 0x21, 0x26, 0x21, 0x26, 
  0x21, 0x26, 0x21, 0x26, 0x21, 0x26, 0x21, 0x26, 0x21, 0x26, 0x21, 0x26, 0x21, 0x26, 0x21, 0x26, 
  0x21, 0x26, 0x21, 0x26, 0x21, 0x26, 0x21, 0x26, 0x21, 0x26, 0x21, 0x26, 0x21, 0x26, 0x21, 0x26, 
  0x21, 0x26, 0x21, 0x26, 0x21, 0x26, 0x21, 0x26, 0x21, 0x26, 0x21, 0x26, 0x21, 0x26, 0x21, 0x26, 
  0x21, 0x26, 0x21, 0x26, 0x21, 0x26, 0x21, 0x26, 0x21, 0x26, 0x21, 0x26, 0x21, 0x26, 0x21, 0x26, 
  0x21, 0x26, 0x21, 0x26, 0x21, 0x26, 0x21, 0x26, 0x21, 0x26, 0x21, 0x26, 0x21, 0x26, 0x21, 0x26, 
  0x21, 0x26, 0x21, 0x26, 0x21, 0x26, 0x21, 0x26, 0x21, 0x26, 0x21, 0x26, 0x21, 0x26, 0x21, 0x26, 
  0x21, 0x26, 0x21, 0x26, 0x21, 0x26, 0x21, 0x26, 0x21, 0x26, 0x21, 0x26, 0x21, 0x26, 0x21, 0x26, 
  0x21, 0x26, 0x21, 0x26, 0x21, 0x26, 0x21, 0x26, 0x21, 0x26, 0x21, 0x26, 0x21, 0x26, 0x21, 0x26, 
  0x21, 0x26, 0x21, 0x26, 0x21, 0x26, 0x21, 0x26, 0x21, 0x26, 0x21, 0x26, 0x21, 0x26, 0x21, 0x26, 
  0x21, 0x26, 0x21, 0x26, 0x21, 0x26, 0xF6, 0x2F, 0xF6, 0x2F, 0xF6, 0x2F, 0xF6, 0x2F, 0xF6, 0x2F, 
  0xF6, 0x2F, 0xF6, 0x2F, 0xF6, 0x2F, 0xF6, 0x2F, 0xF6, 0x2F, 0xF6, 0x2F, 0xFD, 0x14, 0xFD, 0x14, 
  0xFD, 0x14, 0xFD, 0x14, 0xFD, 0x14, 0xFD, 0x14, 0xFD, 0x14, 0xFD, 0x14, 0xFD, 0x14, 0xFD, 0x14, 
  0xFD, 0x14, 0xFD, 0x14, 0xFD, 0x14, 0xFD, 0x14, 0xFD, 0x14, 0xFD, 0x14, 0xF6, 0x2F, 0xF6, 0x2F, 
  0xF6, 0x2F, 0xF6, 0x2F, 0xFD, 0x14, 0xFD, 0x14, 0xFD, 0x14, 0xFD, 0x14, 0xFD, 0x14, 0xFD, 0x14, 
  0xFD, 0x14, 0xFD, 0x14, 0xFD, 0x14, 0xFD, 0x14, 0xFD, 0x14, 0xFD, 0x14, 0xFD, 0x14, 0xFD, 0x14, 
  0xFD, 0x14, 0xFD, 0x14, 0xFD, 0x14, 0xF6, 0x2F, 0xF6, 0x2F, 0xF6, 0x2F, 0xF6, 0x2F, 0xF6, 0x2F, 
  0xF6, 0x2F, 0xF6, 0x2F, 0xF6, 0x2F, 0xF6, 0x2F, 0xF6, 0x2F, 0xF6, 0x2F, 0x21, 0x26, 0x21, 0x26, 
  0x21, 0x26, 0x21, 0x26, 0x21, 0x26, 0x21, 0x26, 0x21, 0x26, 0x21, 0x26, 0x21, 0x26, 0x21, 0x26, 
  0x21, 0x26, 0x21, 0x26, 0x21, 0x26, 0x21, 0x26, 0x21, 0x26, 0x21, 0x26, 0x21, 0x26, 0x21, 0x26, 
  0x21, 0x26, 0x21, 0x26, 0x21, 0x26, 0x21, 0x26, 0x21, 0x26, 0x21, 0x26, 0x21, 0x26, 0x21, 0x26, 
  0x21, 0x26, 0x21, 0x26, 0x21, 0x26, 0x21, 0x26, 0x21, 0x26, 0x21, 0x26, 0x21, 0x26, 0x21, 0x26, 
  0x21, 0x26, 0x21, 0x26, 0x21, 0x26, 0x21, 0x26, 0x21, 0x26, 0x21, 0x26, 0x21, 0x26, 0x21, 0x26, 
  0x21, 0x26, 0x21, 0x26, 0x21, 0x26, 0x21, 0x26, 0x21, 0x26, 0x21, 0x26, 0x21, 0x26, 0x21, 0x26, 
  0x21, 0x26, 0x21, 0x26, 0x21, 0x26, 0x21, 0x26, 0x21, 0x26, 0x21, 0x26, 0x21, 0x26, 0x21, 0x26, 
  0x21, 0x26, 0x21, 0x26, 0x21, 0x26, 0x21, 0x26, 0x21, 0x26, 0x21, 0x26, 0x21, 0x26, 0x21, 0x26, 
  0x21, 0x26, 0x21, 0x26, 0x21, 0x26, 0x21, 0x26, 0x21, 0x26, 0x21, 0x26, 0x21, 0x26, 0x21, 0x26, 
  0x21, 0x26, 0x21, 0x26, 0x21, 0x26, 0x21, 0x26, 0x21, 0x26, 0x21, 0x26, 0x21, 0x26, 0x21, 0x26, 
  0x21, 0x26, 0x21, 0x26, 0x21, 0x26, 0x21, 0x26, 0x21, 0x26, 0x21, 0x26, 0x21, 0x26, 0x21, 0x26, 
  0x21, 0x26, 0x21, 0x26, 0x21, 0x26, 0x21, 0x26, 0x21, 0x26, 0x21, 0x26, 0x21, 0x26, 0x21, 0x26, 
  0x21, 0x26, 0x21, 0x26, 0x21, 0x26, 0x21, 0x26, 0x21, 0x26, 0x21, 0x26, 0x21, 0x26, 0x21, 0x26, 
  0x21, 0x26, 0x21, 0x26, 0x21, 0x26, 0x21, 0x26, 0x21, 0x26, 0x21, 0x26, 0x21, 0x26, 0x21, 0x26, 
  0x21, 0x26, 0x21, 0x26, 0x21, 0x26, 0x21, 0x26, 0x21, 0x26, 0x21, 0x26, 0x21, 0x26, 0x21, 0x26, 
  0x21, 0x26, 0x21, 0x26, 0x21, 0x26, 0x21, 0x26, 0x21, 0x26, 0x21, 0x26, 0x21, 0x26, 0x21, 0x26, 
  0x21, 0x26, 0x21, 0x26, 0x21, 0x26, 0x21, 0x26, 0x21, 0x26, 0x21, 0x26, 0x21, 0x26, 0x21, 0x26, 
  0x21, 0x26, 0x21, 0x26, 0x21, 0x26, 0x21, 0x26, 0x21, 0x26, 0x21, 0x26, 0x21, 0x26, 0x21, 0x26, 
  0x21, 0x26, 0x21, 0x26, 0x21, 0x26, 0x21, 0x26, 0x21, 0x26, 0x21, 0x26, 0x21, 0x26, 0x21, 0x26, 
  0x21, 0x26, 0x21, 0x26, 0x21, 0x26, 0x21, 0x26, 0x21, 0x26, 0x21, 0x26, 0x21, 0x26, 0x21, 0x26, 
  0x21, 0x26, 0x21, 0x26, 0x21, 0x26, 0x21, 0x26, 0x21, 0x26, 0x21, 0x26, 0x21, 0x26, 0x21, 0x26, 
  0x21, 0x26, 0x21, 0x26, 0x21, 0x26, 0x21, 0x26, 0x21, 0x26, 0x21, 0x26, 0x21, 0x26, 0x21, 0x26, 
  0x21, 0x26, 0x21, 0x26, 0x21, 0x26, 0xF6, 0x2F, 0xF6, 0x2F, 0xF6, 0x2F, 0xF6, 0x2F, 0xF6, 0x2F, 
  0xF6, 0x2F, 0xF6, 0x2F, 0xF6, 0x2F, 0xF6, 0x2F, 0xF6, 0x2F, 0xF6, 0x2F, 0xFD, 0x14, 0xFD, 0x14, 
  0xFD, 0x14, 0xFD, 0x14, 0xFD, 0x14, 0xFD, 0x14, 0xFD, 0x14, 0xFD, 0x14, 0xFD, 0x14, 0xFD, 0x14, 
  0xFD, 0x14, 0x5A, 0x26, 0x5A, 0x26, 0x5A, 0x26, 0x5A, 0x26, 0x5A, 0x26, 0x5A, 0x26, 0x5A, 0x26, 
  0x5A, 0x26, 0x5A, 0x26, 0x5A, 0x26, 0x5A, 0x26, 0x5A, 0x26, 0x5A, 0x26, 0x5A, 0x26, 0x5A, 0x26, 
  0xFD, 0x14, 0xFD, 0x14, 0xFD, 0x14, 0xFD, 0x14, 0xFD, 0x14, 0xFD, 0x14, 0xFD, 0x14, 0xFD, 0x14, 
  0xFD, 0x14, 0xFD, 0x14, 0xFD, 0x14, 0xF6, 0x2F, 0xF6, 0x2F, 0xF6, 0x2F, 0xF6, 0x2F, 0xF6, 0x2F, 
  0xF6, 0x2F, 0xF6, 0x2F, 0xF6, 0x2F, 0xF6, 0x2F, 0xF6, 0x2F, 0xF6, 0x2F, 0x21, 0x26, 0x21, 0x26, 
  0x21, 0x26, 0x21, 0x26, 0x21, 0x26, 0x21, 0x26, 0x21, 0x26, 0x21, 0x26, 0x21, 0x26, 0x21, 0x26, 
  0x21, 0x26, 0x21, 0x26, 0x21, 0x26, 0x21, 0x26, 0x21, 0x26, 0x21, 0x26, 0x21, 0x26, 0x21, 0x26, 
  0x21, 0x26, 0x21, 0x26, 0x21, 0x26, 0x21, 0x26, 0x21, 0x26, 0x21, 0x26, 0x21, 0x26, 0x21, 0x26, 
  0x21, 0x26, 0x21, 0x26, 0x21, 0x26, 0x21, 0x26, 0x21, 0x26, 0x21, 0x26, 0x21, 0x26, 0x21, 0x26, 
  0x21, 0x26, 0x21, 0x26, 0x21, 0x26, 0x21, 0x26, 0x21, 0x26, 0x21, 0x26, 0x21, 0x26, 0x21, 0x26, 
  0x21, 0x26, 0x21, 0x26, 0x21, 0x26, 0x21, 0x26, 0x21, 0x26, 0x21, 0x26, 0x21, 0x26, 0x21, 0x26, 
  0x21, 0x26, 0x21, 0x26, 0x21, 0x26, 0x21, 0x26, 0x21, 0x26, 0x21, 0x26, 0x21, 0x26, 0x21, 0x26, 
  0x21, 0x26, 0x21, 0x26, 0x21, 0x26, 0x21, 0x26, 0x21, 0x26, 0x21, 0x26, 0x21, 0x26, 0x21, 0x26, 
  0x21, 0x26, 0x21, 0x26, 0x21, 0x26, 0x21, 0x26, 0x21, 0x26, 0x21, 0x26, 0x21, 0x26, 0x21, 0x26, 
  0x21, 0x26, 0x21, 0x26, 0x21, 0x26, 0x21, 0x26, 0x21, 0x26, 0x21, 0x26, 0x21, 0x26, 0x21, 0x26, 
  0x21, 0x26, 0x21, 0x26, 0x21, 0x26, 0x21, 0x26, 0x21, 0x26, 0x21, 0x26, 0x21, 0x26, 0x21, 0x26, 
  0x21, 0x26, 0x21, 0x26, 0x21, 0x26, 0x21, 0x26, 0x21, 0x26, 0x21, 0x26, 0x21, 0x26, 0x21, 0x26, 
  0x21, 0x26, 0x21, 0x26, 0x21, 0x26, 0x21, 0x26, 0x21, 0x26, 0x21, 0x26, 0x21, 0x26, 0x21, 0x26, 
  0x21, 0x26, 0x21, 0x26, 0x21, 0x26, 0x21, 0x26, 0x21, 0x26, 0x21, 0x26, 0x21, 0x26, 0x21, 0x26, 
  0x21, 0x26, 0x21, 0x26, 0x21, 0x26, 0x21, 0x26, 0x21, 0x26, 0x21, 0x26, 0x21, 0x26, 0x21, 0x26, 
  0x21, 0x26, 0x21, 0x26, 0x21, 0x26, 0x21, 0x26, 0x21, 0x26, 0x21, 0x26, 0x21, 0x26, 0x21, 0x26, 
  0x21, 0x26, 0x21, 0x26, 0x21, 0x26, 0x21, 0x26, 0x21, 0x26, 0x21, 0x26, 0x21, 0x26, 0x21, 0x26, 
  0x21, 0x26, 0x21, 0x26, 0x21, 0x26, 0x21, 0x26, 0x21, 0x26, 0x21, 0x26, 0x21, 0x26, 0x21, 0x26, 
  0x21, 0x26, 0x21, 0x26, 0x21, 0x26, 0x21, 0x26, 0x21, 0x26, 0x21, 0x26, 0x21, 0x26, 0x21, 0x26, 
  0x21, 0x26, 0x21, 0x26, 0x21, 0x26, 0x21, 0x26, 0x21, 0x26, 0x21, 0x26, 0x21, 0x26, 0x21, 0x26, 
  0x21, 0x26, 0x21, 0x26, 0x21, 0x26, 0x21, 0x26, 0x21, 0x26, 0x21, 0x26, 0x21, 0x26, 0x21, 0x26, 
  0x21, 0x26, 0x21, 0x26, 0x21, 0x26, 0x21, 0x26, 0x21, 0x26, 0x21, 0x26, 0x21, 0x26, 0x21, 0x26, 
  0x21, 0x26, 0x21, 0x26, 0xF6, 0x2F, 0xF6, 0x2F, 0xF6, 0x2F, 0xF6, 0x2F, 0xF6, 0x2F, 0xF6, 0x2F, 
  0xF6, 0x2F, 0xF6, 0x2F, 0xF6, 0x2F, 0xF6, 0x2F, 0xF6, 0x2F, 0xF6, 0x2F, 0xFD, 0x14, 0xFD, 0x14, 
  0xFD, 0x14, 0xFD, 0x14, 0xFD, 0x14, 0xFD, 0x14, 0x5A, 0x26, 0x5A, 0x26, 0x5A, 0x26, 0x5A, 0x26, 
  0x5A, 0x26, 0x5A, 0x26, 0x5A, 0x26, 0x5A, 0x26, 0x5A, 0x26, 0x5A, 0x26, 0x5A, 0x26, 0x5A, 0x26, 
  0x5A, 0x26, 0x5A, 0x26, 0x5A, 0x26, 0x5A, 0x26, 0x5A, 0x26, 0x5A, 0x26, 0x5A, 0x26, 0x5A, 0x26, 
  0x5A, 0x26, 0x5A, 0x26, 0x5A, 0x26, 0x5A, 0x26, 0x5A, 0x26, 0xFD, 0x14, 0xFD, 0x14, 0xFD, 0x14, 
  0xFD, 0x14, 0xFD, 0x14, 0xFD, 0x14, 0xF6, 0x2F, 0xF6, 0x2F, 0xF6, 0x2F, 0xF6, 0x2F, 0xF6, 0x2F, 
  0xF6, 0x2F, 0xF6, 0x2F, 0xF6, 0x2F, 0xF6, 0x2F, 0xF6, 0x2F, 0xF6, 0x2F, 0xF6, 0x2F, 0x21, 0x26, 
  0x21, 0x26, 0x21, 0x26, 0x21, 0x26, 0x21, 0x26, 0x21, 0x26, 0x21, 0x26, 0x21, 0x26, 0x21, 0x26, 
  0x21, 0x26, 0x21, 0x26, 0x21, 0x26, 0x21, 0x26, 0x21, 0x26, 0x21, 0x26, 0x21, 0x26, 0x21, 0x26, 
  0x21, 0x26, 0x21, 0x26, 0x21, 0x26, 0x21, 0x26, 0x21, 0x26, 0x21, 0x26, 0x21, 0x26, 0x21, 0x26, 
  0x21, 0x26, 0x21, 0x26, 0x21, 0x26, 0x21, 0x26, 0x21, 0x26, 0x21, 0x26, 0x21, 0x26, 0x21, 0x26, 
  0x21, 0x26, 0x21, 0x26, 0x21, 0x26, 0x21, 0x26, 0x21, 0x26, 0x21, 0x26, 0x21, 0x26, 0x21, 0x26, 
  0x21, 0x26, 0x21, 0x26, 0x21, 0x26, 0x21, 0x26, 0x21, 0x26, 0x21, 0x26, 0x21, 0x26, 0x21, 0x26, 
  0x21, 0x26, 0x21, 0x26, 0x21, 0x26, 0x21, 0x26, 0x21, 0x26, 0x21, 0x26, 0x21, 0x26, 0x21, 0x26, 
  0x21, 0x26, 0x21, 0x26, 0x21, 0x26, 0x21, 0x26, 0x21, 0x26, 0x21, 0x26, 0x21, 0x26, 0x21, 0x26, 
  0x21, 0x26, 0x21, 0x26, 0x21, 0x26, 0x21, 0x26, 0x21, 0x26, 0x21, 0x26, 0x21, 0x26, 0x21, 0x26, 
  0x21, 0x26, 0x21, 0x26, 0x21, 0x26, 0x21, 0x26, 0x21, 0x26, 0x21, 0x26, 0x21, 0x26, 0x21, 0x26, 
  0x21, 0x26, 0x21, 0x26, 0x21, 0x26, 0x21, 0x26, 0x21, 0x26, 0x21, 0x26, 0x21, 0x26, 0x21, 0x26, 
  0x21, 0x26, 0x21, 0x26, 0x21, 0x26, 0x21, 0x26, 0x21, 0x26, 0x21, 0x26, 0x21, 0x26, 0x21, 0x26, 
  0x21, 0x26, 0x21, 0x26, 0x21, 0x26, 0x21, 0x26, 0x21, 0x26, 0x21, 0x26, 0x21, 0x26, 0x21, 0x26, 
  0x21, 0x26, 0x21, 0x26, 0x21, 0x26, 0x21, 0x26, 0x21, 0x26, 0x21, 0x26, 0x21, 0x26, 0x21, 0x26, 
  0x21, 0x26, 0x21, 0x26, 0x21, 0x26, 0x21, 0x26, 0x21, 0x26, 0x21, 0x26, 0x21, 0x26, 0x21, 0x26, 
  0x21, 0x26, 0x21, 0x26, 0x21, 0x26, 0x21, 0x26, 0x21, 0x26, 0x21, 0x26, 0x21, 0x26, 0x21, 0x26, 
  0x21, 0x26, 0x21, 0x26, 0x21, 0x26, 0x21, 0x26, 0x21, 0x26, 0x21, 0x26, 0x21, 0x26, 0x21, 0x26, 
  0x21, 0x26, 0x21, 0x26, 0x21, 0x26, 0x21, 0x26, 0x21, 0x26, 0x21, 0x26, 0x21, 0x26, 0x21, 0x26, 
  0x21, 0x26, 0x21, 0x26, 0x21, 0x26, 0x21, 0x26, 0x21, 0x26, 0x21, 0x26, 0x21, 0x26, 0x21, 0x26, 
  0x21, 0x26, 0x21, 0x26, 0x21, 0x26, 0x21, 0x26, 0x21, 0x26, 0x21, 0x26, 0x21, 0x26, 0x21, 0x26, 
  0x21, 0x26, 0x21, 0x26, 0x21, 0x26, 0x21, 0x26, 0x21, 0x26, 0x21, 0x26, 0x21, 0x26, 0x21, 0x26, 
  0x21, 0x26, 0x21, 0x26, 0x21, 0x26, 0x21, 0x26, 0x21, 0x26, 0x21, 0x26, 0x21, 0x26, 0x21, 0x26, 
  0x21, 0x26, 0x21, 0x26, 0xF6, 0x2F, 0xF6, 0x2F, 0xF6, 0x2F, 0xF6, 0x2F, 0xF6, 0x2F, 0xF6, 0x2F, 
  0xF6, 0x2F, 0xF6, 0x2F, 0xF6, 0x2F, 0xF6, 0x2F, 0xF6, 0x2F, 0xFD, 0x14, 0xFD, 0x14, 0xFD, 0x14, 
  0xFD, 0x14, 0x5A, 0x26, 0x5A, 0x26, 0x5A, 0x26, 0x5A, 0x26, 0x5A, 0x26, 0x5A, 0x26, 0x5A, 0x26, 
  0x5A, 0x26, 0x5A, 0x26, 0xF6, 0x92, 0xF6, 0x92, 0xF6, 0x92, 0xF6, 0x92, 0xF6, 0x92, 0xF6, 0x92, 
  0xF6, 0x92, 0xF6, 0x92, 0xF6, 0x92, 0xF6, 0x92, 0xF6, 0x92, 0xF6, 0x92, 0xF6, 0x92, 0x5A, 0x26, 
  0x5A, 0x26, 0x5A, 0x26, 0x5A, 0x26, 0x5A, 0x26, 0x5A, 0x26, 0x5A, 0x26, 0x5A, 0x26, 0x5A, 0x26, 
  0xFD, 0x14, 0xFD, 0x14, 0xFD, 0x14, 0xFD, 0x14, 0xF6, 0x2F, 0xF6, 0x2F, 0xF6, 0x2F, 0xF6, 0x2F, 
  0xF6, 0x2F, 0xF6, 0x2F, 0xF6, 0x2F, 0xF6, 0x2F, 0xF6, 0x2F, 0xF6, 0x2F, 0xF6, 0x2F, 0x21, 0x26, 
  0x21, 0x26, 0x21, 0x26, 0x21, 0x26, 0x21, 0x26, 0x21, 0x26, 0x21, 0x26, 0x21, 0x26, 0x21, 0x26, 
  0x21, 0x26, 0x21, 0x26, 0x21, 0x26, 0x21, 0x26, 0x21, 0x26, 0x21, 0x26, 0x21, 0x26, 0x21, 0x26, 
  0x21, 0x26, 0x21, 0x26, 0x21, 0x26, 0x21, 0x26, 0x21, 0x26, 0x21, 0x26, 0x21, 0x26, 0x21, 0x26, 
  0x21, 0x26, 0x21, 0x26, 0x21, 0x26, 0x21, 0x26, 0x21, 0x26, 0x21, 0x26, 0x21, 0x26, 0x21, 0x26, 
  0x21, 0x26, 0x21, 0x26, 0x21, 0x26, 0x21, 0x26, 0x21, 0x26, 0x21, 0x26, 0x21, 0x26, 0x21, 0x26, 
  0x21, 0x26, 0x21, 0x26, 0x21, 0x26, 0x21, 0x26, 0x21, 0x26, 0x21, 0x26, 0x21, 0x26, 0x21, 0x26, 
  0x21, 0x26, 0x21, 0x26, 0x21, 0x26, 0x21, 0x26, 0x21, 0x26, 0x21, 0x26, 0x21, 0x26, 0x21, 0x26, 
  0x21, 0x26, 0x21, 0x26, 0x21, 0x26, 0x21, 0x26, 0x21, 0x26, 0x21, 0x26, 0x21, 0x26, 0x21, 0x26, 
  0x21, 0x26, 0x21, 0x26, 0x21, 0x26, 0x21, 0x26, 0x21, 0x26, 0x21, 0x26, 0x21, 0x26, 0x21, 0x26, 
  0x21, 0x26, 0x21, 0x26, 0x21, 0x26, 0x21, 0x26, 0x21, 0x26, 0x21, 0x26, 0x21, 0x26, 0x21, 0x26, 
  0x21, 0x26, 0x21, 0x26, 0x21, 0x26, 0x21, 0x26, 0x21, 0x26, 0x21, 0x26, 0x21, 0x26, 0x21, 0x26, 
  0x21, 0x26, 0x21, 0x26, 0x21, 0x26, 0x21, 0x26, 0x21, 0x26, 0x21, 0x26, 0x21, 0x26, 0x21, 0x26, 
  0x21, 0x26, 0x21, 0x26, 0x21, 0x26, 0x21, 0x26, 0x21, 0x26, 0x21, 0x26, 0x21, 0x26, 0x21, 0x26, 
  0x21, 0x26, 0x21, 0x26, 0x21, 0x26, 0x21, 0x26, 0x21, 0x26, 0x21, 0x26, 0x21, 0x26, 0x21, 0x26, 
  0x21, 0x26, 0x21, 0x26, 0x21, 0x26, 0x21, 0x26, 0x21, 0x26, 0x21, 0x26, 0x21, 0x26, 0x21, 0x26, 
  0x21, 0x26, 0x21, 0x26, 0x21, 0x26, 0x21, 0x26, 0x21, 0x26, 0x21, 0x26, 0x21, 0x26, 0x21, 0x26, 
  0x21, 0x26, 0x21, 0x26, 0x21, 0x26, 0x21, 0x26, 0x21, 0x26, 0x21, 0x26, 0x21, 0x26, 0x21, 0x26, 
  0x21, 0x26, 0x21, 0x26, 0x21, 0x26, 0x21, 0x26, 0x21, 0x26, 0x21, 0x26, 0x21, 0x26, 0x21, 0x26, 
  0x21, 0x26, 0x21, 0x26, 0x21, 0x26, 0x21, 0x26, 0x21, 0x26, 0x21, 0x26, 0x21, 0x26, 0x21, 0x26, 
  0x21, 0x26, 0x21, 0x26, 0x21, 0x26, 0x21, 0x26, 0x21, 0x26, 0x21, 0x26, 0x21, 0x26, 0x21, 0x26, 
  0x21, 0x26, 0x21, 0x26, 0x21, 0x26, 0x21, 0x26, 0x21, 0x26, 0x21, 0x26, 0x21, 0x26, 0x21, 0x26, 
  0x21, 0x26, 0x21, 0x26, 0x21, 0x26, 0x21, 0x26, 0x21, 0x26, 0x21, 0x26, 0x21, 0x26, 0x21, 0x26, 
  0x21, 0x26, 0xF6, 0x2F, 0xF6, 0x2F, 0xF6, 0x2F, 0xF6, 0x2F, 0xF6, 0x2F, 0xF6, 0x2F, 0xF6, 0x2F, 
  0xF6, 0x2F, 0xF6, 0x2F, 0xF6, 0x2F, 0xF6, 0x2F, 0xF6, 0x2F, 0xFD, 0x14, 0x5A, 0x26, 0x5A, 0x26, 
  0x5A, 0x26, 0x5A, 0x26, 0x5A, 0x26, 0x5A, 0x26, 0xF6, 0x92, 0xF6, 0x92, 0xF6, 0x92, 0xF6, 0x92, 
  0xF6, 0x92, 0xF6, 0x92, 0xF6, 0x92, 0xF6, 0x92, 0xF6, 0x92, 0xF6, 0x92, 0xF6, 0x92, 0xF6, 0x92, 
  0xF6, 0x92, 0xF6, 0x92, 0xF6, 0x92, 0xF6, 0x92, 0xF6, 0x92, 0xF6, 0x92, 0xF6, 0x92, 0xF6, 0x92, 
  0xF6, 0x92, 0xF6, 0x92, 0xF6, 0x92, 0xF6, 0x92, 0xF6, 0x92, 0x5A, 0x26, 0x5A, 0x26, 0x5A, 0x26, 
  0x5A, 0x26, 0x5A, 0x26, 0x5A, 0x26, 0xFD, 0x14, 0xF6, 0x2F, 0xF6, 0x2F, 0xF6, 0x2F, 0xF6, 0x2F, 
  0xF6, 0x2F, 0xF6, 0x2F, 0xF6, 0x2F, 0xF6, 0x2F, 0xF6, 0x2F, 0xF6, 0x2F, 0xF6, 0x2F, 0xF6, 0x2F, 
  0x21, 0x26, 0x21, 0x26, 0x21, 0x26, 0x21, 0x26, 0x21, 0x26, 0x21, 0x26, 0x21, 0x26, 0x21, 0x26, 
  0x21, 0x26, 0x21, 0x26, 0x21, 0x26, 0x21, 0x26, 0x21, 0x26, 0x21, 0x26, 0x21, 0x26, 0x21, 0x26, 
  0x21, 0x26, 0x21, 0x26, 0x21, 0x26, 0x21, 0x26, 0x21, 0x26, 0x21, 0x26, 0x21, 0x26, 0x21, 0x26, 
  0x21, 0x26, 0x21, 0x26, 0x21, 0x26, 0x21, 0x26, 0x21, 0x26, 0x21, 0x26, 0x21, 0x26, 0x21, 0x26, 
  0x21, 0x26, 0x21, 0x26, 0x21, 0x26, 0x21, 0x26, 0x21, 0x26, 0x21, 0x26, 0x21, 0x26, 0x21, 0x26, 
  0x21, 0x26, 0x21, 0x26, 0x21, 0x26, 0x21, 0x26, 0x21, 0x26, 0x21, 0x26, 0x21, 0x26, 0x21, 0x26, 
  0x21, 0x26, 0x21, 0x26, 0x21, 0x26, 0x21, 0x26, 0x21, 0x26, 0x21, 0x26, 0x21, 0x26, 0x21, 0x26, 
  0x21, 0x26, 0x21, 0x26, 0x21, 0x26, 0x21, 0x26, 0x21, 0x26, 0x21, 0x26, 0x21, 0x26, 0x21, 0x26, 
  0x21, 0x26, 0x21, 0x26, 0x21, 0x26, 0x21, 0x26, 0x21, 0x26, 0x21, 0x26, 0x21, 0x26, 0x21, 0x26, 
  0x21, 0x26, 0x21, 0x26, 0x21, 0x26, 0x21, 0x26, 0x21, 0x26, 0x21, 0x26, 0x21, 0x26, 0x21, 0x26, 
  0x21, 0x26, 0x21, 0x26, 0x21, 0x26, 0x21, 0x26, 0x21, 0x26, 0x21, 0x26, 0x21, 0x26, 0x21, 0x26, 
  0x21, 0x26, 0x21, 0x26, 0x21, 0x26, 0x21, 0x26, 0x21, 0x26, 0x21, 0x26, 0x21, 0x26, 0x21, 0x26, 
  0x21, 0x26, 0x21, 0x26, 0x21, 0x26, 0x21, 0x26, 0x21, 0x26, 0x21, 0x26, 0x21, 0x26, 0x21, 0x26, 
  0x21, 0x26, 0x21, 0x26, 0x21, 0x26, 0x21, 0x26, 0x21, 0x26, 0x21, 0x26, 0x21, 0x26, 0x21, 0x26, 
  0x21, 0x26, 0x21, 0x26, 0x21, 0x26, 0x21, 0x26, 0x21, 0x26, 0x21, 0x26, 0x21, 0x26, 0x21, 0x26, 
  0x21, 0x26, 0x21, 0x26, 0x21, 0x26, 0x21, 0x26, 0x21, 0x26, 0x21, 0x26, 0x21, 0x26, 0x21, 0x26, 
  0x21, 0x26, 0x21, 0x26, 0x21, 0x26, 0x21, 0x26, 0x21, 0x26, 0x21, 0x26, 0x21, 0x26, 0x21, 0x26, 
  0x21, 0x26, 0x21, 0x26, 0x21, 0x26, 0x21, 0x26, 0x21, 0x26, 0x21, 0x26, 0x21, 0x26, 0x21, 0x26, 
  0x21, 0x26, 0x21, 0x26, 0x21, 0x26, 0x21, 0x26, 0x21, 0x26, 0x21, 0x26, 0x21, 0x26, 0x21, 0x26, 
  0x21, 0x26, 0x21, 0x26, 0x21, 0x26, 0x21, 0x26, 0x21, 0x26, 0x21, 0x26, 0x21, 0x26, 0x21, 0x26, 
  0x21, 0x26, 0x21, 0x26, 0x21, 0x26, 0x21, 0x26, 0x21, 0x26, 0x21, 0x26, 0x21, 0x26, 0x21, 0x26, 
  0x21, 0x26, 0x21, 0x26, 0x21, 0x26, 0x21, 0x26, 0x21, 0x26, 0x21, 0x26, 0x21, 0x26, 0x21, 0x26, 
  0x21, 0x26, 0xF6, 0x2F, 0xF6, 0x2F, 0xF6, 0x2F, 0xF6, 0x2F, 0xF6, 0x2F, 0xF6, 0x2F, 0xF6, 0x2F, 
  0xF6, 0x2F, 0xF6, 0x2F, 0xF6, 0x2F, 0xF6, 0x2F, 0x5A, 0x26, 0x5A, 0x26, 0x5A, 0x26, 0x5A, 0x26, 
  0x5A, 0x26, 0xF6, 0x92, 0xF6, 0x92, 0xF6, 0x92, 0xF6, 0x92, 0xF6, 0x92, 0xF6, 0x92, 0xF6, 0x92, 
  0xF6, 0x92, 0xF6, 0x92, 0xF6, 0x92, 0xF6, 0x92, 0xF6, 0x92, 0xF6, 0x92, 0xF6, 0x92, 0xF6, 0x92, 
  0xF6, 0x92, 0xF6, 0x92, 0xF6, 0x92, 0xF6, 0x92, 0xF6, 0x92, 0xF6, 0x92, 0xF6, 0x92, 0xF6, 0x92, 
  0xF6, 0x92, 0xF6, 0x92, 0xF6, 0x92, 0xF6, 0x92, 0xF6, 0x92, 0xF6, 0x92, 0xF6, 0x92, 0xF6, 0x92, 
  0x5A, 0x26, 0x5A, 0x26, 0x5A, 0x26, 0x5A, 0x26, 0x5A, 0x26, 0xF6, 0x2F, 0xF6, 0x2F, 0xF6, 0x2F, 
  0xF6, 0x2F, 0xF6, 0x2F, 0xF6, 0x2F, 0xF6, 0x2F, 0xF6, 0x2F, 0xF6, 0x2F, 0xF6, 0x2F, 0xF6, 0x2F, 
  0x21, 0x26, 0x21, 0x26, 0x21, 0x26, 0x21, 0x26, 0x21, 0x26, 0x21, 0x26, 0x21, 0x26, 0x21, 0x26, 
  0x21, 0x26, 0x21, 0x26, 0x21, 0x26, 0x21, 0x26, 0x21, 0x26, 0x21, 0x26, 0x21, 0x26, 0x21, 0x26, 
  0x21, 0x26, 0x21, 0x26, 0x21, 0x26, 0x21, 0x26, 0x21, 0x26, 0x21, 0x26, 0x21, 0x26, 0x21, 0x26, 
  0x21, 0x26, 0x21, 0x26, 0x21, 0x26, 0x21, 0x26, 0x21, 0x26, 0x21, 0x26, 0x21, 0x26, 0x21, 0x26, 
  0x21, 0x26, 0x21, 0x26, 0x21, 0x26, 0x21, 0x26, 0x21, 0x26, 0x21, 0x26, 0x21, 0x26, 0x21, 0x26, 
  0x21, 0x26, 0x21, 0x26, 0x21, 0x26, 0x21, 0x26, 0x21, 0x26, 0x21, 0x26, 0x21, 0x26, 0x21, 0x26, 
  0x21, 0x26, 0x21, 0x26, 0x21, 0x26, 0x21, 0x26, 0x21, 0x26, 0x21, 0x26, 0x21, 0x26, 0x21, 0x26, 
  0x21, 0x26, 0x21, 0x26, 0x21, 0x26, 0x21, 0x26, 0x21, 0x26, 0x21, 0x26, 0x21, 0x26, 0x21, 0x26, 
  0x21, 0x26, 0x21, 0x26, 0x21, 0x26, 0x21, 0x26, 0x21, 0x26, 0x21, 0x26, 0x21, 0x26, 0x21, 0x26, 
  0x21, 0x26, 0x21, 0x26, 0x21, 0x26, 0x21, 0x26, 0x21, 0x26, 0x21, 0x26, 0x21, 0x26, 0x21, 0x26, 
  0x21, 0x26, 0x21, 0x26, 0x21, 0x26, 0x21, 0x26, 0x21, 0x26, 0x21, 0x26, 0x21, 0x26, 0x21, 0x26, 
  0x21, 0x26, 0x21, 0x26, 0x21, 0x26, 0x21, 0x26, 0x21, 0x26, 0x21, 0x26, 0x21, 0x26, 0x21, 0x26, 
  0x21, 0x26, 0x21, 0x26, 0x21, 0x26, 0x21, 0x26, 0x21, 0x26, 0x21, 0x26, 0x21, 0x26, 0x21, 0x26, 
  0x21, 0x26, 0x21, 0x26, 0x21, 0x26, 0x21, 0x26, 0x21, 0x26, 0x21, 0x26, 0x21, 0x26, 0x21, 0x26, 
  0x21, 0x26, 0x21, 0x26, 0x21, 0x26, 0x21, 0x26, 0x21, 0x26, 0x21, 0x26, 0x21, 0x26, 0x21, 0x26, 
  0x21, 0x26, 0x21, 0x26, 0x21, 0x26, 0x21, 0x26, 0x21, 0x26, 0x21, 0x26, 0x21, 0x26, 0x21, 0x26, 
  0x21, 0x26, 0x21, 0x26, 0x21, 0x26, 0x21, 0x26, 0x21, 0x26, 0x21, 0x26, 0x21, 0x26, 0x21, 0x26, 
  0x21, 0x26, 0x21, 0x26, 0x21, 0x26, 0x21, 0x26, 0x21, 0x26, 0x21, 0x26, 0x21, 0x26, 0x21, 0x26, 
  0x21, 0x26, 0x21, 0x26, 0x21, 0x26, 0x21, 0x26, 0x21, 0x26, 0x21, 0x26, 0x21, 0x26, 0x21, 0x26, 
  0x21, 0x26, 0x21, 0x26, 0x21, 0x26, 0x21, 0x26, 0x21, 0x26, 0x21, 0x26, 0x21, 0x26, 0x21, 0x26, 
  0x21, 0x26, 0x21, 0x26, 0x21, 0x26, 0x21, 0x26, 0x21, 0x26, 0x21, 0x26, 0x21, 0x26, 0x21, 0x26, 
  0x21, 0x26, 0x21, 0x26, 0x21, 0x26, 0x21, 0x26, 0x21, 0x26, 0x21, 0x26, 0x21, 0x26, 0x21, 0x26, 
  0xF6, 0x2F, 0xF6, 0x2F, 0xF6, 0x2F, 0xF6, 0x2F, 0xF6, 0x2F, 0xF6, 0x2F, 0xF6, 0x2F, 0xF6, 0x2F, 
  0xF6, 0x2F, 0xF6, 0x2F, 0x5A, 0x26, 0x5A, 0x26, 0x5A, 0x26, 0x5A, 0x26, 0xF6, 0x92, 0xF6, 0x92, 
  0xF6, 0x92, 0xF6, 0x92, 0xF6, 0x92, 0xF6, 0x92, 0xF6, 0x92, 0xF6, 0x92, 0xF6, 0x92, 0xF6, 0x92, 
  0xF6, 0x92, 0xF6, 0x92, 0xF6, 0x92, 0xF6, 0x92, 0xF6, 0x92, 0xF6, 0x92, 0xF6, 0x92, 0xF6, 0x92, 
  0xF6, 0x92, 0xF6, 0x92, 0xF6, 0x92, 0xF6, 0x92, 0xF6, 0x92, 0xF6, 0x92, 0xF6, 0x92, 0xF6, 0x92, 
  0xF6, 0x92, 0xF6, 0x92, 0xF6, 0x92, 0xF6, 0x92, 0xF6, 0x92, 0xF6, 0x92, 0xF6, 0x92, 0xF6, 0x92, 
  0xF6, 0x92, 0xF6, 0x92, 0xF6, 0x92, 0x5A, 0x26, 0x5A, 0x26, 0x5A, 0x26, 0x5A, 0x26, 0xF6, 0x2F, 
  0xF6, 0x2F, 0xF6, 0x2F, 0xF6, 0x2F, 0xF6, 0x2F, 0xF6, 0x2F, 0xF6, 0x2F, 0xF6, 0x2F, 0xF6, 0x2F, 
  0xF6, 0x2F, 0x21, 0x26, 0x21, 0x26, 0x21, 0x26, 0x21, 0x26, 0x21, 0x26, 0x21, 0x26, 0x21, 0x26, 
  0x21, 0x26, 0x21, 0x26, 0x21, 0x26, 0x21, 0x26, 0x21, 0x26, 0x21, 0x26, 0x21, 0x26, 0x21, 0x26, 
  0x21, 0x26, 0x21, 0x26, 0x21, 0x26, 0x21, 0x26, 0x21, 0x26, 0x21, 0x26, 0x21, 0x26, 0x21, 0x26, 
  0x21, 0x26, 0x21, 0x26, 0x21, 0x26, 0x21, 0x26, 0x21, 0x26, 0x21, 0x26, 0x21, 0x26, 0x21, 0x26, 
  0x21, 0x26, 0x21, 0x26, 0x21, 0x26, 0x21, 0x26, 0x21, 0x26, 0x21, 0x26, 0x21, 0x26, 0x21, 0x26, 
  0x21, 0x26, 0x21, 0x26, 0x21, 0x26, 0x21, 0x26, 0x21, 0x26, 0x21, 0x26, 0x21, 0x26, 0x21, 0x26, 
  0x21, 0x26, 0x21, 0x26, 0x21, 0x26, 0x21, 0x26, 0x21, 0x26, 0x21, 0x26, 0x21, 0x26, 0x21, 0x26, 
  0x21, 0x26, 0x21, 0x26, 0x21, 0x26, 0x21, 0x26, 0x21, 0x26, 0x21, 0x26, 0x21, 0x26, 0x21, 0x26, 
  0x21, 0x26, 0x21, 0x26, 0x21, 0x26, 0x21, 0x26, 0x21, 0x26, 0x21, 0x26, 0x21, 0x26, 0x21, 0x26, 
  0x21, 0x26, 0x21, 0x26, 0x21, 0x26, 0x21, 0x26, 0x21, 0x26, 0x21, 0x26, 0x21, 0x26, 0x21, 0x26, 
  0x21, 0x26, 0x21, 0x26, 0x21, 0x26, 0x21, 0x26, 0x21, 0x26, 0x21, 0x26, 0x21, 0x26, 0x21, 0x26, 
  0x21, 0x26, 0x21, 0x26, 0x21, 0x26, 0x21, 0x26, 0x21, 0x26, 0x21, 0x26, 0x21, 0x26, 0x21, 0x26, 
  0x21, 0x26, 0x21, 0x26, 0x21, 0x26, 0x21, 0x26, 0x21, 0x26, 0x21, 0x26, 0x21, 0x26, 0x21, 0x26, 
  0x21, 0x26, 0x21, 0x26, 0x21, 0x26, 0x21, 0x26, 0x21, 0x26, 0x21, 0x26, 0x21, 0x26, 0x21, 0x26, 
  0x21, 0x26, 0x21, 0x26, 0x21, 0x26, 0x21, 0x26, 0x21, 0x26, 0x21, 0x26, 0x21, 0x26, 0x21, 0x26, 
  0x21, 0x26, 0x21, 0x26, 0x21, 0x26, 0x21, 0x26, 0x21, 0x26, 0x21, 0x26, 0x21, 0x26, 0x21, 0x26, 
  0x21, 0x26, 0x21, 0x26, 0x21, 0x26, 0x21, 0x26, 0x21, 0x26, 0x21, 0x26, 0x21, 0x26, 0x21, 0x26, 
  0x21, 0x26, 0x21, 0x26, 0x21, 0x26, 0x21, 0x26, 0x21, 0x26, 0x21, 0x26, 0x21, 0x26, 0x21, 0x26, 
  0x21, 0x26, 0x21, 0x26, 0x21, 0x26, 0x21, 0x26, 0x21, 0x26, 0x21, 0x26, 0x21, 0x26, 0x21, 0x26, 
  0x21, 0x26, 0x21, 0x26, 0x21, 0x26, 0x21, 0x26, 0x21, 0x26, 0x21, 0x26, 0x21, 0x26, 0x21, 0x26, 
  0x21, 0x26, 0x21, 0x26, 0x21, 0x26, 0x21, 0x26, 0x21, 0x26, 0x21, 0x26, 0x21, 0x26, 0x21, 0x26, 
  0x21, 0x26, 0x21, 0x26, 0x21, 0x26, 0x21, 0x26, 0x21, 0x26, 0x21, 0x26, 0x21, 0x26, 0x21, 0x26, 
  0xF6, 0x2F, 0xF6, 0x2F, 0xF6, 0x2F, 0xF6, 0x2F, 0xF6, 0x2F, 0xF6, 0x2F, 0xF6, 0x2F, 0xF6, 0x2F, 
  0x5A, 0x26, 0x5A, 0x26, 0x5A, 0x26, 0x5A, 0x26, 0xF6, 0x92, 0xF6, 0x92, 0xF6, 0x92, 0xF6, 0x92, 
  0xF6, 0x92, 0xF6, 0x92, 0xF6, 0x92, 0xF6, 0x92, 0xF6, 0x92, 0xF6, 0x92, 0xF6, 0x92, 0xF6, 0x92, 
  0xF6, 0x92, 0xF6, 0x92, 0xF6, 0x92, 0xF6, 0x92, 0xF6, 0x92, 0xF6, 0x92, 0xF6, 0x92, 0xF6, 0x92, 
  0xF6, 0x92, 0xF6, 0x92, 0xF6, 0x92, 0xF6, 0x92, 0xF6, 0x92, 0xF6, 0x92, 0xF6, 0x92, 0xF6, 0x92, 
  0xF6, 0x92, 0xF6, 0x92, 0xF6, 0x92, 0xF6, 0x92, 0xF6, 0x92, 0xF6, 0x92, 0xF6, 0x92, 0xF6, 0x92, 
  0xF6, 0x92, 0xF6, 0x92, 0xF6, 0x92, 0xF6, 0x92, 0xF6, 0x92, 0x5A, 0x26, 0x5A, 0x26, 0x5A, 0x26, 
  0x5A, 0x26, 0xF6, 0x2F, 0xF6, 0x2F, 0xF6, 0x2F, 0xF6, 0x2F, 0xF6, 0x2F, 0xF6, 0x2F, 0xF6, 0x2F, 
  0xF6, 0x2F, 0x21, 0x26, 0x21, 0x26, 0x21, 0x26, 0x21, 0x26, 0x21, 0x26, 0x21, 0x26, 0x21, 0x26, 
  0x21, 0x26, 0x21, 0x26, 0x21, 0x26, 0x21, 0x26, 0x21, 0x26, 0x21, 0x26, 0x21, 0x26, 0x21, 0x26, 
  0x21, 0x26, 0x21, 0x26, 0x21, 0x26, 0x21, 0x26, 0x21, 0x26, 0x21, 0x26, 0x21, 0x26, 0x21, 0x26, 
  0x21, 0x26, 0x21, 0x26, 0x21, 0x26, 0x21, 0x26, 0x21, 0x26, 0x21, 0x26, 0x21, 0x26, 0x21, 0x26, 
  0x21, 0x26, 0x21, 0x26, 0x21, 0x26, 0x21, 0x26, 0x21, 0x26, 0x21, 0x26, 0x21, 0x26, 0x21, 0x26, 
  0x21, 0x26, 0x21, 0x26, 0x21, 0x26, 0x21, 0x26, 0x21, 0x26, 0x21, 0x26, 0x21, 0x26, 0x21, 0x26, 
  0x21, 0x26, 0x21, 0x26, 0x21, 0x26, 0x21, 0x26, 0x21, 0x26, 0x21, 0x26, 0x21, 0x26, 0x21, 0x26, 
  0x21, 0x26, 0x21, 0x26, 0x21, 0x26, 0x21, 0x26, 0x21, 0x26, 0x21, 0x26, 0x21, 0x26, 0x21, 0x26, 
  0x21, 0x26, 0x21, 0x26, 0x21, 0x26, 0x21, 0x26, 0x21, 0x26, 0x21, 0x26, 0x21, 0x26, 0x21, 0x26, 
  0x21, 0x26, 0x21, 0x26, 0x21, 0x26, 0x21, 0x26, 0x21, 0x26, 0x21, 0x26, 0x21, 0x26, 0x21, 0x26, 
  0x21, 0x26, 0x21, 0x26, 0x21, 0x26, 0x21, 0x26, 0x21, 0x26, 0x21, 0x26, 0x21, 0x26, 0x21, 0x26, 
  0x21, 0x26, 0x21, 0x26, 0x21, 0x26, 0x21, 0x26, 0x21, 0x26, 0x21, 0x26, 0x21, 0x26, 0x21, 0x26, 
  0x21, 0x26, 0x21, 0x26, 0x21, 0x26, 0x21, 0x26, 0x21, 0x26, 0x21, 0x26, 0x21, 0x26, 0x21, 0x26, 
  0x21, 0x26, 0x21, 0x26, 0x21, 0x26, 0x21, 0x26, 0x21, 0x26, 0x21, 0x26, 0x21, 0x26, 0x21, 0x26, 
  0x21, 0x26, 0x21, 0x26, 0x21, 0x26, 0x21, 0x26, 0x21, 0x26, 0x21, 0x26, 0x21, 0x26, 0x21, 0x26, 
  0x21, 0x26, 0x21, 0x26, 0x21, 0x26, 0x21, 0x26, 0x21, 0x26, 0x21, 0x26, 0x21, 0x26, 0x21, 0x26, 
  0x21, 0x26, 0x21, 0x26, 0x21, 0x26, 0x21, 0x26, 0x21, 0x26, 0x21, 0x26, 0x21, 0x26, 0x21, 0x26, 
  0x21, 0x26, 0x21, 0x26, 0x21, 0x26, 0x21, 0x26, 0x21, 0x26, 0x21, 0x26, 0x21, 0x26, 0x21, 0x26, 
  0x21, 0x26, 0x21, 0x26, 0x21, 0x26, 0x21, 0x26, 0x21, 0x26, 0x21, 0x26, 0x21, 0x26, 0x21, 0x26, 
  0x21, 0x26, 0x21, 0x26, 0x21, 0x26, 0x21, 0x26, 0x21, 0x26, 0x21, 0x26, 0x21, 0x26, 0x21, 0x26, 
  0x21, 0x26, 0x21, 0x26, 0x21, 0x26, 0x21, 0x26, 0x21, 0x26, 0x21, 0x26, 0x21, 0x26, 0x21, 0x26, 
  0x21, 0x26, 0x21, 0x26, 0x21, 0x26, 0x21, 0x26, 0x21, 0x26, 0x21, 0x26, 0x21, 0x26, 0xF6, 0x2F, 
  0xF6, 0x2F, 0xF6, 0x2F, 0xF6, 0x2F, 0xF6, 0x2F, 0xF6, 0x2F, 0xF6, 0x2F, 0x5A, 0x26, 0x5A, 0x26, 
  0x5A, 0x26, 0x5A, 0x26, 0xF6, 0x92, 0xF6, 0x92, 0xF6, 0x92, 0xF6, 0x92, 0xF6, 0x92, 0xF6, 0x92, 
  0xF6, 0x92, 0xF6, 0x92, 0xF6, 0x92, 0xF6, 0x92, 0xF6, 0x92, 0xF6, 0x92, 0xF6, 0x92, 0xF6, 0x92, 
  0xF6, 0x92, 0xF6, 0x92, 0xF6, 0x92, 0xF6, 0x92, 0xF6, 0x92, 0xF6, 0x92, 0xF6, 0x92, 0xF6, 0x92, 
  0xF6, 0x92, 0xF6, 0x92, 0xF6, 0x92, 0xF6, 0x92, 0xF6, 0x92, 0xF6, 0x92, 0xF6, 0x92, 0xF6, 0x92, 
  0xF6, 0x92, 0xF6, 0x92, 0xF6, 0x92, 0xF6, 0x92, 0xF6, 0x92, 0xF6, 0x92, 0xF6, 0x92, 0xF6, 0x92, 
  0xF6, 0x92, 0xF6, 0x92, 0xF6, 0x92, 0xF6, 0x92, 0xF6, 0x92, 0xF6, 0x92, 0xF6, 0x92, 0x5A, 0x26, 
  0x5A, 0x26, 0x5A, 0x26, 0x5A, 0x26, 0xF6, 0x2F, 0xF6, 0x2F, 0xF6, 0x2F, 0xF6, 0x2F, 0xF6, 0x2F, 
  0xF6, 0x2F, 0xF6, 0x2F, 0x21, 0x26, 0x21, 0x26, 0x21, 0x26, 0x21, 0x26, 0x21, 0x26, 0x21, 0x26, 
  0x21, 0x26, 0x21, 0x26, 0x21, 0x26, 0x21, 0x26, 0x21, 0x26, 0x21, 0x26, 0x21, 0x26, 0x21, 0x26, 
  0x21, 0x26, 0x21, 0x26, 0x21, 0x26, 0x21, 0x26, 0x21, 0x26, 0x21, 0x26, 0x21, 0x26, 0x21, 0x26, 
  0x21, 0x26, 0x21, 0x26, 0x21, 0x26, 0x21, 0x26, 0x21, 0x26, 0x21, 0x26, 0x21, 0x26, 0x21, 0x26, 
  0x21, 0x26, 0x21, 0x26, 0x21, 0x26, 0x21, 0x26, 0x21, 0x26, 0x21, 0x26, 0x21, 0x26, 0x21, 0x26, 
  0x21, 0x26, 0x21, 0x26, 0x21, 0x26, 0x21, 0x26, 0x21, 0x26, 0x21, 0x26, 0x21, 0x26, 0x21, 0x26, 
  0x21, 0x26, 0x21, 0x26, 0x21, 0x26, 0x21, 0x26, 0x21, 0x26, 0x21, 0x26, 0x21, 0x26, 0x21, 0x26, 
  0x21, 0x26, 0x21, 0x26, 0x21, 0x26, 0x21, 0x26, 0x21, 0x26, 0x21, 0x26, 0x21, 0x26, 0x21, 0x26, 
  0x21, 0x26, 0x21, 0x26, 0x21, 0x26, 0x21, 0x26, 0x21, 0x26, 0x21, 0x26, 0x21, 0x26, 0x21, 0x26, 
  0x21, 0x26, 0x21, 0x26, 0x21, 0x26, 0x21, 0x26, 0x21, 0x26, 0x21, 0x26, 0x21, 0x26, 0x21, 0x26, 
  0x21, 0x26, 0x21, 0x26, 0x21, 0x26, 0x21, 0x26, 0x21, 0x26, 0x21, 0x26, 0x21, 0x26, 0x21, 0x26, 
  0x21, 0x26, 0x21, 0x26, 0x21, 0x26, 0x21, 0x26, 0x21, 0x26, 0x21, 0x26, 0x21, 0x26, 0x21, 0x26, 
  0x21, 0x26, 0x21, 0x26, 0x21, 0x26, 0x21, 0x26, 0x21, 0x26, 0x21, 0x26, 0x21, 0x26, 0x21, 0x26, 
  0x21, 0x26, 0x21, 0x26, 0x21, 0x26, 0x21, 0x26, 0x21, 0x26, 0x21, 0x26, 0x21, 0x26, 0x21, 0x26, 
  0x21, 0x26, 0x21, 0x26, 0x21, 0x26, 0x21, 0x26, 0x21, 0x26, 0x21, 0x26, 0x21, 0x26, 0x21, 0x26, 
  0x21, 0x26, 0x21, 0x26, 0x21, 0x26, 0x21, 0x26, 0x21, 0x26, 0x21, 0x26, 0x21, 0x26, 0x21, 0x26, 
  0x21, 0x26, 0x21, 0x26, 0x21, 0x26, 0x21, 0x26, 0x21, 0x26, 0x21, 0x26, 0x21, 0x26, 0x21, 0x26, 
  0x21, 0x26, 0x21, 0x26, 0x21, 0x26, 0x21, 0x26, 0x21, 0x26, 0x21, 0x26, 0x21, 0x26, 0x21, 0x26, 
  0x21, 0x26, 0x21, 0x26, 0x21, 0x26, 0x21, 0x26, 0x21, 0x26, 0x21, 0x26, 0x21, 0x26, 0x21, 0x26, 
  0x21, 0x26, 0x21, 0x26, 0x21, 0x26, 0x21, 0x26, 0x21, 0x26, 0x21, 0x26, 0x21, 0x26, 0x21, 0x26, 
  0x21, 0x26, 0x21, 0x26, 0x21, 0x26, 0x21, 0x26, 0x21, 0x26, 0x21, 0x26, 0x21, 0x26, 0x21, 0x26, 
  0x21, 0x26, 0x21, 0x26, 0x21, 0x26, 0x21, 0x26, 0x21, 0x26, 0x21, 0x26, 0x21, 0x26, 0xF6, 0x2F, 
  0xF6, 0x2F, 0xF6, 0x2F, 0xF6, 0x2F, 0xF6, 0x2F, 0xF6, 0x2F, 0x5A, 0x26, 0x5A, 0x26, 0x5A, 0x26, 
  0xF6, 0x92, 0xF6, 0x92, 0xF6, 0x92, 0xF6, 0x92, 0xF6, 0x92, 0xF6, 0x92, 0xF6, 0x92, 0xF6, 0x92, 
  0xF6, 0x92, 0xF6, 0x92, 0xF6, 0x92, 0xF6, 0x92, 0xF6, 0x92, 0xF6, 0x92, 0xF6, 0x92, 0xF6, 0x92, 
  0xF6, 0x92, 0xF6, 0x92, 0xF6, 0x92, 0xF6, 0x92, 0xF6, 0x92, 0xF6, 0x92, 0xF6, 0x92, 0xF6, 0x92, 
  0xF6, 0x92, 0xF6, 0x92, 0xF6, 0x92, 0xF6, 0x92, 0xF6, 0x92, 0xF6, 0x92, 0xF6, 0x92, 0xF6, 0x92, 
  0xF6, 0x92, 0xF6, 0x92, 0xF6, 0x92, 0xF6, 0x92, 0xF6, 0x92, 0xF6, 0x92, 0xF6, 0x92, 0xF6, 0x92, 
  0xF6, 0x92, 0xF6, 0x92, 0xF6, 0x92, 0xF6, 0x92, 0xF6, 0x92, 0xF6, 0x92, 0xF6, 0x92, 0xF6, 0x92, 
  0xF6, 0x92, 0x5A, 0x26, 0x5A, 0x26, 0x5A, 0x26, 0xF6, 0x2F, 0xF6, 0x2F, 0xF6, 0x2F, 0xF6, 0x2F, 
  0xF6, 0x2F, 0xF6, 0x2F, 0x21, 0x26, 0x21, 0x26, 0x21, 0x26, 0x21, 0x26, 0x21, 0x26, 0x21, 0x26, 
  0x21, 0x26, 0x21, 0x26, 0x21, 0x26, 0x21, 0x26, 0x21, 0x26, 0x21, 0x26, 0x21, 0x26, 0x21, 0x26, 
  0x21, 0x26, 0x21, 0x26, 0x21, 0x26, 0x21, 0x26, 0x21, 0x26, 0x21, 0x26, 0x21, 0x26, 0x21, 0x26, 
  0x21, 0x26, 0x21, 0x26, 0x21, 0x26, 0x21, 0x26, 0x21, 0x26, 0x21, 0x26, 0x21, 0x26, 0x21, 0x26, 
  0x21, 0x26, 0x21, 0x26, 0x21, 0x26, 0x21, 0x26, 0x21, 0x26, 0x21, 0x26, 0x21, 0x26, 0x21, 0x26, 
  0x21, 0x26, 0x21, 0x26, 0x21, 0x26, 0x21, 0x26, 0x21, 0x26, 0x21, 0x26, 0x21, 0x26, 0x21, 0x26, 
  0x21, 0x26, 0x21, 0x26, 0x21, 0x26, 0x21, 0x26, 0x21, 0x26, 0x21, 0x26, 0x21, 0x26, 0x21, 0x26, 
  0x21, 0x26, 0x21, 0x26, 0x21, 0x26, 0x21, 0x26, 0x21, 0x26, 0x21, 0x26, 0x21, 0x26, 0x21, 0x26, 
  0x21, 0x26, 0x21, 0x26, 0x21, 0x26, 0x21, 0x26, 0x21, 0x26, 0x21, 0x26, 0x21, 0x26, 0x21, 0x26, 
  0x21, 0x26, 0x21, 0x26, 0x21, 0x26, 0x21, 0x26, 0x21, 0x26, 0x21, 0x26, 0x21, 0x26, 0x21, 0x26, 
  0x21, 0x26, 0x21, 0x26, 0x21, 0x26, 0x21, 0x26, 0x21, 0x26, 0x21, 0x26, 0x21, 0x26, 0x21, 0x26, 
  0x21, 0x26, 0x21, 0x26, 0x21, 0x26, 0x21, 0x26, 0x21, 0x26, 0x21, 0x26, 0x21, 0x26, 0x21, 0x26, 
  0x21, 0x26, 0x21, 0x26, 0x21, 0x26, 0x21, 0x26, 0x21, 0x26, 0x21, 0x26, 0x21, 0x26, 0x21, 0x26, 
  0x21, 0x26, 0x21, 0x26, 0x21, 0x26, 0x21, 0x26, 0x21, 0x26, 0x21, 0x26, 0x21, 0x26, 0x21, 0x26, 
  0x21, 0x26, 0x21, 0x26, 0x21, 0x26, 0x21, 0x26, 0x21, 0x26, 0x21, 0x26, 0x21, 0x26, 0x21, 0x26, 
  0x21, 0x26, 0x21, 0x26, 0x21, 0x26, 0x21, 0x26, 0x21, 0x26, 0x21, 0x26, 0x21, 0x26, 0x21, 0x26, 
  0x21, 0x26, 0x21, 0x26, 0x21, 0x26, 0x21, 0x26, 0x21, 0x26, 0x21, 0x26, 0x21, 0x26, 0x21, 0x26, 
  0x21, 0x26, 0x21, 0x26, 0x21, 0x26, 0x21, 0x26, 0x21, 0x26, 0x21, 0x26, 0x21, 0x26, 0x21, 0x26, 
  0x21, 0x26, 0x21, 0x26, 0x21, 0x26, 0x21, 0x26, 0x21, 0x26, 0x21, 0x26, 0x21, 0x26, 0x21, 0x26, 
  0x21, 0x26, 0x21, 0x26, 0x21, 0x26, 0x21, 0x26, 0x21, 0x26, 0x21, 0x26, 0x21, 0x26, 0x21, 0x26, 
  0x21, 0x26, 0x21, 0x26, 0x21, 0x26, 0x21, 0x26, 0x21, 0x26, 0x21, 0x26, 0x21, 0x26, 0x21, 0x26, 
  0x21, 0x26, 0x21, 0x26, 0x21, 0x26, 0x21, 0x26, 0x21, 0x26, 0x21, 0x26, 0xF6, 0x2F, 0xF6, 0x2F, 
  0xF6, 0x2F, 0xF6, 0x2F, 0xF6, 0x2F, 0x5A, 0x26, 0x5A, 0x26, 0x5A, 0x26, 0xF6, 0x92, 0xF6, 0x92, 
  0xF6, 0x92, 0xF6, 0x92, 0xF6, 0x92, 0xF6, 0x92, 0xF6, 0x92, 0xF6, 0x92, 0xF6, 0x92, 0xF6, 0x92, 
  0xF6, 0x92, 0xF6, 0x92, 0xF6, 0x92, 0xF6, 0x92, 0xF6, 0x92, 0xF6, 0x92, 0xF6, 0x92, 0xF6, 0x92, 
  0xF6, 0x92, 0xF6, 0x92, 0xF6, 0x92, 0xF6, 0x92, 0xF6, 0x92, 0xF6, 0x92, 0xF6, 0x92, 0xF6, 0x92, 
  0xF6, 0x92, 0xF6, 0x92, 0xF6, 0x92, 0xF6, 0x92, 0xF6, 0x92, 0xF6, 0x92, 0xF6, 0x92, 0xF6, 0x92, 
  0xF6, 0x92, 0xF6, 0x92, 0xF6, 0x92, 0xF6, 0x92, 0xF6, 0x92, 0xF6, 0x92, 0xF6, 0x92, 0xF6, 0x92, 
  0xF6, 0x92, 0xF6, 0x92, 0xF6, 0x92, 0xF6, 0x92, 0xF6, 0x92, 0xF6, 0x92, 0xF6, 0x92, 0xF6, 0x92, 
  0xF6, 0x92, 0xF6, 0x92, 0xF6, 0x92, 0x5A, 0x26, 0x5A, 0x26, 0x5A, 0x26, 0xF6, 0x2F, 0xF6, 0x2F, 
  0xF6, 0x2F, 0xF6, 0x2F, 0xF6, 0x2F, 0x21, 0x26, 0x21, 0x26, 0x21, 0x26, 0x21, 0x26, 0x21, 0x26, 
  0x21, 0x26, 0x21, 0x26, 0x21, 0x26, 0x21, 0x26, 0x21, 0x26, 0x21, 0x26, 0x21, 0x26, 0x21, 0x26, 
  0x21, 0x26, 0x21, 0x26, 0x21, 0x26, 0x21, 0x26, 0x21, 0x26, 0x21, 0x26, 0x21, 0x26, 0x21, 0x26, 
  0x21, 0x26, 0x21, 0x26, 0x21, 0x26, 0x21, 0x26, 0x21, 0x26, 0x21, 0x26, 0x21, 0x26, 0x21, 0x26, 
  0x21, 0x26, 0x21, 0x26, 0x21, 0x26, 0x21, 0x26, 0x21, 0x26, 0x21, 0x26, 0x21, 0x26, 0x21, 0x26, 
  0x21, 0x26, 0x21, 0x26, 0x21, 0x26, 0x21, 0x26, 0x21, 0x26, 0x21, 0x26, 0x21, 0x26, 0x21, 0x26, 
  0x21, 0x26, 0x21, 0x26, 0x21, 0x26, 0x21, 0x26, 0x21, 0x26, 0x21, 0x26, 0x21, 0x26, 0x21, 0x26, 
  0x21, 0x26, 0x21, 0x26, 0x21, 0x26, 0x21, 0x26, 0x21, 0x26, 0x21, 0x26, 0x21, 0x26, 0x21, 0x26, 
  0x21, 0x26, 0x21, 0x26, 0x21, 0x26, 0x21, 0x26, 0x21, 0x26, 0x21, 0x26, 0x21, 0x26, 0x21, 0x26, 
  0x21, 0x26, 0x21, 0x26, 0x21, 0x26, 0x21, 0x26, 0x21, 0x26, 0x21, 0x26, 0x21, 0x26, 0x21, 0x26, 
  0x21, 0x26, 0x21, 0x26, 0x21, 0x26, 0x21, 0x26, 0x21, 0x26, 0x21, 0x26, 0x21, 0x26, 0x21, 0x26, 
  0x21, 0x26, 0x21, 0x26, 0x21, 0x26, 0x21, 0x26, 0x21, 0x26, 0x21, 0x26, 0x21, 0x26, 0x21, 0x26, 
  0x21, 0x26, 0x21, 0x26, 0x21, 0x26, 0x21, 0x26, 0x21, 0x26, 0x21, 0x26, 0x21, 0x26, 0x21, 0x26, 
  0x21, 0x26, 0x21, 0x26, 0x21, 0x26, 0x21, 0x26, 0x21, 0x26, 0x21, 0x26, 0x21, 0x26, 0x21, 0x26, 
  0x21, 0x26, 0x21, 0x26, 0x21, 0x26, 0x21, 0x26, 0x21, 0x26, 0x21, 0x26, 0x21, 0x26, 0x21, 0x26, 
  0x21, 0x26, 0x21, 0x26, 0x21, 0x26, 0x21, 0x26, 0x21, 0x26, 0x21, 0x26, 0x21, 0x26, 0x21, 0x26, 
  0x21, 0x26, 0x21, 0x26, 0x21, 0x26, 0x21, 0x26, 0x21, 0x26, 0x21, 0x26, 0x21, 0x26, 0x21, 0x26, 
  0x21, 0x26, 0x21, 0x26, 0x21, 0x26, 0x21, 0x26, 0x21, 0x26, 0x21, 0x26, 0x21, 0x26, 0x21, 0x26, 
  0x21, 0x26, 0x21, 0x26, 0x21, 0x26, 0x21, 0x26, 0x21, 0x26, 0x21, 0x26, 0x21, 0x26, 0x21, 0x26, 
  0x21, 0x26, 0x21, 0x26, 0x21, 0x26, 0x21, 0x26, 0x21, 0x26, 0x21, 0x26, 0x21, 0x26, 0x21, 0x26, 
  0x21, 0x26, 0x21, 0x26, 0x21, 0x26, 0x21, 0x26, 0x21, 0x26, 0x21, 0x26, 0x21, 0x26, 0x21, 0x26, 
  0x21, 0x26, 0x21, 0x26, 0x21, 0x26, 0x21, 0x26, 0x21, 0x26, 0xF6, 0x2F, 0xF6, 0x2F, 0xF6, 0x2F, 
  0xF6, 0x2F, 0xF6, 0x2F, 0x5A, 0x26, 0x5A, 0x26, 0x5A, 0x26, 0xF6, 0x92, 0xF6, 0x92, 0xF6, 0x92, 
  0xF6, 0x92, 0xF6, 0x92, 0xF6, 0x92, 0xF6, 0x92, 0xF6, 0x92, 0xF6, 0x92, 0xF6, 0x92, 0xF6, 0x92, 
  0xF6, 0x92, 0xF6, 0x92, 0xF6, 0x92, 0xF6, 0x92, 0xF6, 0x92, 0xF6, 0x92, 0xF6, 0x92, 0xF6, 0x92, 
  0xF6, 0x92, 0xF6, 0x92, 0xF6, 0x92, 0xF6, 0x92, 0xF6, 0x92, 0xF6, 0x92, 0xF6, 0x92, 0xF6, 0x92, 
  0xF6, 0x92, 0xF6, 0x92, 0xF6, 0x92, 0xF6, 0x92, 0xF6, 0x92, 0xF6, 0x92, 0xF6, 0x92, 0xF6, 0x92, 
  0xF6, 0x92, 0xF6, 0x92, 0xF6, 0x92, 0xF6, 0x92, 0xF6, 0x92, 0xF6, 0x92, 0xF6, 0x92, 0xF6, 0x92, 
  0xF6, 0x92, 0xF6, 0x92, 0xF6, 0x92, 0xF6, 0x92, 0xF6, 0x92, 0xF6, 0x92, 0xF6, 0x92, 0xF6, 0x92, 
  0xF6, 0x92, 0xF6, 0x92, 0xF6, 0x92, 0xF6, 0x92, 0x5A, 0x26, 0x5A, 0x26, 0x5A, 0x26, 0xF6, 0x2F, 
  0xF6, 0x2F, 0xF6, 0x2F, 0xF6, 0x2F, 0xF6, 0x2F, 0x21, 0x26, 0x21, 0x26, 0x21, 0x26, 0x21, 0x26, 
  0x21, 0x26, 0x21, 0x26, 0x21, 0x26, 0x21, 0x26, 0x21, 0x26, 0x21, 0x26, 0x21, 0x26, 0x21, 0x26, 
  0x21, 0x26, 0x21, 0x26, 0x21, 0x26, 0x21, 0x26, 0x21, 0x26, 0x21, 0x26, 0x21, 0x26, 0x21, 0x26, 
  0x21, 0x26, 0x21, 0x26, 0x21, 0x26, 0x21, 0x26, 0x21, 0x26, 0x21, 0x26, 0x21, 0x26, 0x21, 0x26, 
  0x21, 0x26, 0x21, 0x26, 0x21, 0x26, 0x21, 0x26, 0x21, 0x26, 0x21, 0x26, 0x21, 0x26, 0x21, 0x26, 
  0x21, 0x26, 0x21, 0x26, 0x21, 0x26, 0x21, 0x26, 0x21, 0x26, 0x21, 0x26, 0x21, 0x26, 0x21, 0x26, 
  0x21, 0x26, 0x21, 0x26, 0x21, 0x26, 0x21, 0x26, 0x21, 0x26, 0x21, 0x26, 0x21, 0x26, 0x21, 0x26, 
  0x21, 0x26, 0x21, 0x26, 0x21, 0x26, 0x21, 0x26, 0x21, 0x26, 0x21, 0x26, 0x21, 0x26, 0x21, 0x26, 
  0x21, 0x26, 0x21, 0x26, 0x21, 0x26, 0x21, 0x26, 0x21, 0x26, 0x21, 0x26, 0x21, 0x26, 0x21, 0x26, 
  0x21, 0x26, 0x21, 0x26, 0x21, 0x26, 0x21, 0x26, 0x21, 0x26, 0x21, 0x26, 0x21, 0x26, 0x21, 0x26, 
  0x21, 0x26, 0x21, 0x26, 0x21, 0x26, 0x21, 0x26, 0x21, 0x26, 0x21, 0x26, 0x21, 0x26, 0x21, 0x26, 
  0x21, 0x26, 0x21, 0x26, 0x21, 0x26, 0x21, 0x26, 0x21, 0x26, 0x21, 0x26, 0x21, 0x26, 0x21, 0x26, 
  0x21, 0x26, 0x21, 0x26, 0x21, 0x26, 0x21, 0x26, 0x21, 0x26, 0x21, 0x26, 0x21, 0x26, 0x21, 0x26, 
  0x21, 0x26, 0x21, 0x26, 0x21, 0x26, 0x21, 0x26, 0x21, 0x26, 0x21, 0x26, 0x21, 0x26, 0x21, 0x26, 
  0x21, 0x26, 0x21, 0x26, 0x21, 0x26, 0x21, 0x26, 0x21, 0x26, 0x21, 0x26, 0x21, 0x26, 0x21, 0x26, 
  0x21, 0x26, 0x21, 0x26, 0x21, 0x26, 0x21, 0x26, 0x21, 0x26, 0x21, 0x26, 0x21, 0x26, 0x21, 0x26, 
  0x21, 0x26, 0x21, 0x26, 0x21, 0x26, 0x21, 0x26, 0x21, 0x26, 0x21, 0x26, 0x21, 0x26, 0x21, 0x26, 
  0x21, 0x26, 0x21, 0x26, 0x21, 0x26, 0x21, 0x26, 0x21, 0x26, 0x21, 0x26, 0x21, 0x26, 0x21, 0x26, 
  0x21, 0x26, 0x21, 0x26, 0x21, 0x26, 0x21, 0x26, 0x21, 0x26, 0x21, 0x26, 0x21, 0x26, 0x21, 0x26, 
  0x21, 0x26, 0x21, 0x26, 0x21, 0x26, 0x21, 0x26, 0x21, 0x26, 0x21, 0x26, 0x21, 0x26, 0x21, 0x26, 
  0x21, 0x26, 0x21, 0x26, 0x21, 0x26, 0x21, 0x26, 0x21, 0x26, 0x21, 0x26, 0x21, 0x26, 0x21, 0x26, 
  0x21, 0x26, 0x21, 0x26, 0x21, 0x26, 0x21, 0x26, 0x21, 0x26, 0xF6, 0x2F, 0xF6, 0x2F, 0xF6, 0x2F, 
  0xF6, 0x2F, 0x5A, 0x26, 0x5A, 0x26, 0x5A, 0x26, 0xF6, 0x92, 0xF6, 0x92, 0xF6, 0x92, 0xF6, 0x92, 
  0xF6, 0x92, 0xF6, 0x92, 0xF6, 0x92, 0xF6, 0x92, 0xF6, 0x92, 0xF6, 0x92, 0xF6, 0x92, 0xF6, 0x92, 
  0xF6, 0x92, 0xF6, 0x92, 0xF6, 0x92, 0xF6, 0x92, 0xF6, 0x92, 0xF6, 0x92, 0xF6, 0x92, 0xF6, 0x92, 
  0xF6, 0x92, 0xF6, 0x92, 0xF6, 0x92, 0xF6, 0x92, 0xF6, 0x92, 0xF6, 0x92, 0xF6, 0x92, 0xF6, 0x92, 
  0xF6, 0x92, 0xF6, 0x92, 0xF6, 0x92, 0xF6, 0x92, 0xF6, 0x92, 0xF6, 0x92, 0xF6, 0x92, 0xF6, 0x92, 
  0xF6, 0x92, 0xF6, 0x92, 0xF6, 0x92, 0xF6, 0x92, 0xF6, 0x92, 0xF6, 0x92, 0xF6, 0x92, 0xF6, 0x92, 
  0xF6, 0x92, 0xF6, 0x92, 0xF6, 0x92, 0xF6, 0x92, 0xF6, 0x92, 0xF6, 0x92, 0xF6, 0x92, 0xF6, 0x92, 
  0xF6, 0x92, 0xF6, 0x92, 0xF6, 0x92, 0xF6, 0x92, 0xF6, 0x92, 0x5A, 0x26, 0x5A, 0x26, 0x5A, 0x26, 
  0xF6, 0x2F, 0xF6, 0x2F, 0xF6, 0x2F, 0xF6, 0x2F, 0x21, 0x26, 0x21, 0x26, 0x21, 0x26, 0x21, 0x26, 
  0x21, 0x26, 0x21, 0x26, 0x21, 0x26, 0x21, 0x26, 0x21, 0x26, 0x21, 0x26, 0x21, 0x26, 0x21, 0x26, 
  0x21, 0x26, 0x21, 0x26, 0x21, 0x26, 0x21, 0x26, 0x21, 0x26, 0x21, 0x26, 0x21, 0x26, 0x21, 0x26, 
  0x21, 0x26, 0x21, 0x26, 0x21, 0x26, 0x21, 0x26, 0x21, 0x26, 0x21, 0x26, 0x21, 0x26, 0x21, 0x26, 
  0x21, 0x26, 0x21, 0x26, 0x21, 0x26, 0x21, 0x26, 0x21, 0x26, 0x21, 0x26, 0x21, 0x26, 0x21, 0x26, 
  0x21, 0x26, 0x21, 0x26, 0x21, 0x26, 0x21, 0x26, 0x21, 0x26, 0x21, 0x26, 0x21, 0x26, 0x21, 0x26, 
  0x21, 0x26, 0x21, 0x26, 0x21, 0x26, 0x21, 0x26, 0x21, 0x26, 0x21, 0x26, 0x21, 0x26, 0x21, 0x26, 
  0x21, 0x26, 0x21, 0x26, 0x21, 0x26, 0x21, 0x26, 0x21, 0x26, 0x21, 0x26, 0x21, 0x26, 0x21, 0x26, 
  0x21, 0x26, 0x21, 0x26, 0x21, 0x26, 0x21, 0x26, 0x21, 0x26, 0x21, 0x26, 0x21, 0x26, 0x21, 0x26, 
  0x21, 0x26, 0x21, 0x26, 0x21, 0x26, 0x21, 0x26, 0x21, 0x26, 0x21, 0x26, 0x21, 0x26, 0x21, 0x26, 
  0x21, 0x26, 0x21, 0x26, 0x21, 0x26, 0x21, 0x26, 0x21, 0x26, 0x21, 0x26, 0x21, 0x26, 0x21, 0x26, 
  0x21, 0x26, 0x21, 0x26, 0x21, 0x26, 0x21, 0x26, 0x21, 0x26, 0x21, 0x26, 0x21, 0x26, 0x21, 0x26, 
  0x21, 0x26, 0x21, 0x26, 0x21, 0x26, 0x21, 0x26, 0x21, 0x26, 0x21, 0x26, 0x21, 0x26, 0x21, 0x26, 
  0x21, 0x26, 0x21, 0x26, 0x21, 0x26, 0x21, 0x26, 0x21, 0x26, 0x21, 0x26, 0x21, 0x26, 0x21, 0x26, 
  0x21, 0x26, 0x21, 0x26, 0x21, 0x26, 0x21, 0x26, 0x21, 0x26, 0x21, 0x26, 0x21, 0x26, 0x21, 0x26, 
  0x21, 0x26, 0x21, 0x26, 0x21, 0x26, 0x21, 0x26, 0x21, 0x26, 0x21, 0x26, 0x21, 0x26, 0x21, 0x26, 
  0x21, 0x26, 0x21, 0x26, 0x21, 0x26, 0x21, 0x26, 0x21, 0x26, 0x21, 0x26, 0x21, 0x26, 0x21, 0x26, 
  0x21, 0x26, 0x21, 0x26, 0x21, 0x26, 0x21, 0x26, 0x21, 0x26, 0x21, 0x26, 0x21, 0x26, 0x21, 0x26, 
  0x21, 0x26, 0x21, 0x26, 0x21, 0x26, 0x21, 0x26, 0x21, 0x26, 0x21, 0x26, 0x21, 0x26, 0x21, 0x26, 
  0x21, 0x26, 0x21, 0x26, 0x21, 0x26, 0x21, 0x26, 0x21, 0x26, 0x21, 0x26, 0x21, 0x26, 0x21, 0x26, 
  0x21, 0x26, 0x21, 0x26, 0x21, 0x26, 0x21, 0x26, 0x21, 0x26, 0x21, 0x26, 0x21, 0x26, 0x21, 0x26, 
  0x21, 0x26, 0x21, 0x26, 0x21, 0x26, 0x21, 0x26, 0xF6, 0x2F, 0xF6, 0x2F, 0xF6, 0x2F, 0x5A, 0x26, 
  0x5A, 0x26, 0x5A, 0x26, 0xF6, 0x92, 0xF6, 0x92, 0xF6, 0x92, 0xF6, 0x92, 0xF6, 0x92, 0xF6, 0x92, 
  0xF6, 0x92, 0xF6, 0x92, 0xF6, 0x92, 0xF6, 0x92, 0xF6, 0x92, 0xF6, 0x92, 0xF6, 0x92, 0xF6, 0x92, 
  0xF6, 0x92, 0xF6, 0x92, 0xF6, 0x92, 0xF6, 0x92, 0xF6, 0x92, 0xF6, 0x92, 0xF6, 0x92, 0xF6, 0x92, 
  0xF6, 0x92, 0xF6, 0x92, 0xF6, 0x92, 0xF6, 0x92, 0xF6, 0x92, 0xF6, 0x92, 0xF6, 0x92, 0xF6, 0x92, 
  0xF6, 0x92, 0xF6, 0x92, 0xF6, 0x92, 0xF6, 0x92, 0xF6, 0x92, 0xF6, 0x92, 0xF6, 0x92, 0xF6, 0x92, 
  0xF6, 0x92, 0xF6, 0x92, 0xF6, 0x92, 0xF6, 0x92, 0xF6, 0x92, 0xF6, 0x92, 0xF6, 0x92, 0xF6, 0x92, 
  0xF6, 0x92, 0xF6, 0x92, 0xF6, 0x92, 0xF6, 0x92, 0xF6, 0x92, 0xF6, 0x92, 0xF6, 0x92, 0xF6, 0x92, 
  0xF6, 0x92, 0xF6, 0x92, 0xF6, 0x92, 0xF6, 0x92, 0xF6, 0x92, 0xF6, 0x92, 0xF6, 0x92, 0x5A, 0x26, 
  0x5A, 0x26, 0x5A, 0x26, 0xF6, 0x2F, 0xF6, 0x2F, 0xF6, 0x2F, 0x21, 0x26, 0x21, 0x26, 0x21, 0x26, 
  0x21, 0x26, 0x21, 0x26, 0x21, 0x26, 0x21, 0x26, 0x21, 0x26, 0x21, 0x26, 0x21, 0x26, 0x21, 0x26, 
  0x21, 0x26, 0x21, 0x26, 0x21, 0x26, 0x21, 0x26, 0x21, 0x26, 0x21, 0x26, 0x21, 0x26, 0x21, 0x26, 
  0x21, 0x26, 0x21, 0x26, 0x21, 0x26, 0x21, 0x26, 0x21, 0x26, 0x21, 0x26, 0x21, 0x26, 0x21, 0x26, 
  0x21, 0x26, 0x21, 0x26, 0x21, 0x26, 0x21, 0x26, 0x21, 0x26, 0x21, 0x26, 0x21, 0x26, 0x21, 0x26, 
  0x21, 0x26, 0x21, 0x26, 0x21, 0x26, 0x21, 0x26, 0x21, 0x26, 0x21, 0x26, 0x21, 0x26, 0x21, 0x26, 
  0x21, 0x26, 0x21, 0x26, 0x21, 0x26, 0x21, 0x26, 0x21, 0x26, 0x21, 0x26, 0x21, 0x26, 0x21, 0x26, 
  0x21, 0x26, 0x21, 0x26, 0x21, 0x26, 0x21, 0x26, 0x21, 0x26, 0x21, 0x26, 0x21, 0x26, 0x21, 0x26, 
  0x21, 0x26, 0x21, 0x26, 0x21, 0x26, 0x21, 0x26, 0x21, 0x26, 0x21, 0x26, 0x21, 0x26, 0x21, 0x26, 
  0x21, 0x26, 0x21, 0x26, 0x21, 0x26, 0x21, 0x26, 0x21, 0x26, 0x21, 0x26, 0x21, 0x26, 0x21, 0x26, 
  0x21, 0x26, 0x21, 0x26, 0x21, 0x26, 0x21, 0x26, 0x21, 0x26, 0x21, 0x26, 0x21, 0x26, 0x21, 0x26, 
  0x21, 0x26, 0x21, 0x26, 0x21, 0x26, 0x21, 0x26, 0x21, 0x26, 0x21, 0x26, 0x21, 0x26, 0x21, 0x26, 
  0x21, 0x26, 0x21, 0x26, 0x21, 0x26, 0x21, 0x26, 0x21, 0x26, 0x21, 0x26, 0x21, 0x26, 0x21, 0x26, 
  0x21, 0x26, 0x21, 0x26, 0x21, 0x26, 0x21, 0x26, 0x21, 0x26, 0x21, 0x26, 0x21, 0x26, 0x21, 0x26, 
  0x21, 0x26, 0x21, 0x26, 0x21, 0x26, 0x21, 0x26, 0x21, 0x26, 0x21, 0x26, 0x21, 0x26, 0x21, 0x26, 
  0x21, 0x26, 0x21, 0x26, 0x21, 0x26, 0x21, 0x26, 0x21, 0x26, 0x21, 0x26, 0x21, 0x26, 0x21, 0x26, 
  0x21, 0x26, 0x21, 0x26, 0x21, 0x26, 0x21, 0x26, 0x21, 0x26, 0x21, 0x26, 0x21, 0x26, 0x21, 0x26, 
  0x21, 0x26, 0x21, 0x26, 0x21, 0x26, 0x21, 0x26, 0x21, 0x26, 0x21, 0x26, 0x21, 0x26, 0x21, 0x26, 
  0x21, 0x26, 0x21, 0x26, 0x21, 0x26, 0x21, 0x26, 0x21, 0x26, 0x21, 0x26, 0x21, 0x26, 0x21, 0x26, 
  0x21, 0x26, 0x21, 0x26, 0x21, 0x26, 0x21, 0x26, 0x21, 0x26, 0x21, 0x26, 0x21, 0x26, 0x21, 0x26, 
  0x21, 0x26, 0x21, 0x26, 0x21, 0x26, 0x21, 0x26, 0x21, 0x26, 0x21, 0x26, 0x21, 0x26, 0x21, 0x26, 
  0x21, 0x26, 0x21, 0x26, 0x21, 0x26, 0x21, 0x26, 0xF6, 0x2F, 0xF6, 0x2F, 0x5A, 0x26, 0x5A, 0x26, 
  0x5A, 0x26, 0xF6, 0x92, 0xF6, 0x92, 0xF6, 0x92, 0xF6, 0x92, 0xF6, 0x92, 0xF6, 0x92, 0xF6, 0x92, 
  0xF6, 0x92, 0xF6, 0x92, 0xF6, 0x92, 0xF6, 0x92, 0xF6, 0x92, 0xF6, 0x92, 0xF6, 0x92, 0xF6, 0x92, 
  0xF6, 0x92, 0xF6, 0x92, 0xF6, 0x92, 0xF6, 0x92, 0xF6, 0x92, 0xF6, 0x92, 0xF6, 0x92, 0xF6, 0x92, 
  0xF6, 0x92, 0xF6, 0x92, 0xF6, 0x92, 0xF6, 0x92, 0xF6, 0x92, 0xF6, 0x92, 0xF6, 0x92, 0xF6, 0x92, 
  0xF6, 0x92, 0xF6, 0x92, 0xF6, 0x92, 0xF6, 0x92, 0xF6, 0x92, 0xF6, 0x92, 0xF6, 0x92, 0xF6, 0x92, 
  0xF6, 0x92, 0xF6, 0x92, 0xF6, 0x92, 0xF6, 0x92, 0xF6, 0x92, 0xF6, 0x92, 0xF6, 0x92, 0xF6, 0x92, 
  0xF6, 0x92, 0xF6, 0x92, 0xF6, 0x92, 0xF6, 0x92, 0xF6, 0x92, 0xF6, 0x92, 0xF6, 0x92, 0xF6, 0x92, 
  0xF6, 0x92, 0xF6, 0x92, 0xF6, 0x92, 0xF6, 0x92, 0xF6, 0x92, 0xF6, 0x92, 0xF6, 0x92, 0xF6, 0x92, 
  0x5A, 0x26, 0x5A, 0x26, 0x5A, 0x26, 0xF6, 0x2F, 0xF6, 0x2F, 0x21, 0x26, 0x21, 0x26, 0x21, 0x26, 
  0x21, 0x26, 0x21, 0x26, 0x21, 0x26, 0x21, 0x26, 0x21, 0x26, 0x21, 0x26, 0x21, 0x26, 0x21, 0x26, 
  0x21, 0x26, 0x21, 0x26, 0x21, 0x26, 0x21, 0x26, 0x21, 0x26, 0x21, 0x26, 0x21, 0x26, 0x21, 0x26, 
  0x21, 0x26, 0x21, 0x26, 0x21, 0x26, 0x21, 0x26, 0x21, 0x26, 0x21, 0x26, 0x21, 0x26, 0x21, 0x26, 
  0x21, 0x26, 0x21, 0x26, 0x21, 0x26, 0x21, 0x26, 0x21, 0x26, 0x21, 0x26, 0x21, 0x26, 0x21, 0x26, 
  0x21, 0x26, 0x21, 0x26, 0x21, 0x26, 0x21, 0x26, 0x21, 0x26, 0x21, 0x26, 0x21, 0x26, 0x21, 0x26, 
  0x21, 0x26, 0x21, 0x26, 0x21, 0x26, 0x21, 0x26, 0x21, 0x26, 0x21, 0x26, 0x21, 0x26, 0x21, 0x26, 
  0x21, 0x26, 0x21, 0x26, 0x21, 0x26, 0x21, 0x26, 0x21, 0x26, 0x21, 0x26, 0x21, 0x26, 0x21, 0x26, 
  0x21, 0x26, 0x21, 0x26, 0x21, 0x26, 0x21, 0x26, 0x21, 0x26, 0x21, 0x26, 0x21, 0x26, 0x21, 0x26, 
  0x21, 0x26, 0x21, 0x26, 0x21, 0x26, 0x21, 0x26, 0x21, 0x26, 0x21, 0x26, 0x21, 0x26, 0x21, 0x26, 
  0x21, 0x26, 0x21, 0x26, 0x21, 0x26, 0x21, 0x26, 0x21, 0x26, 0x21, 0x26, 0x21, 0x26, 0x21, 0x26, 
  0x21, 0x26, 0x21, 0x26, 0x21, 0x26, 0x21, 0x26, 0x21, 0x26, 0x21, 0x26, 0x21, 0x26, 0x21, 0x26, 
  0x21, 0x26, 0x21, 0x26, 0x21, 0x26, 0x21, 0x26, 0x21, 0x26, 0x21, 0x26, 0x21, 0x26, 0x21, 0x26, 
  0x21, 0x26, 0x21, 0x26, 0x21, 0x26, 0x21, 0x26, 0x21, 0x26, 0x21, 0x26, 0x21, 0x26, 0x21, 0x26, 
  0x21, 0x26, 0x21, 0x26, 0x21, 0x26, 0x21, 0x26, 0x21, 0x26, 0x21, 0x26, 0x21, 0x26, 0x21, 0x26, 
  0x21, 0x26, 0x21, 0x26, 0x21, 0x26, 0x21, 0x26, 0x21, 0x26, 0x21, 0x26, 0x21, 0x26, 0x21, 0x26, 
  0x21, 0x26, 0x21, 0x26, 0x21, 0x26, 0x21, 0x26, 0x21, 0x26, 0x21, 0x26, 0x21, 0x26, 0x21, 0x26, 
  0x21, 0x26, 0x21, 0x26, 0x21, 0x26, 0x21, 0x26, 0x21, 0x26, 0x21, 0x26, 0x21, 0x26, 0x21, 0x26, 
  0x21, 0x26, 0x21, 0x26, 0x21, 0x26, 0x21, 0x26, 0x21, 0x26, 0x21, 0x26, 0x21, 0x26, 0x21, 0x26, 
  0x21, 0x26, 0x21, 0x26, 0x21, 0x26, 0x21, 0x26, 0x21, 0x26, 0x21, 0x26, 0x21, 0x26, 0x21, 0x26, 
  0x21, 0x26, 0x21, 0x26, 0x21, 0x26, 0x21, 0x26, 0x21, 0x26, 0x21, 0x26, 0x21, 0x26, 0x21, 0x26, 
  0x21, 0x26, 0x21, 0x26, 0x21, 0x26, 0xF6, 0x2F, 0xF6, 0x2F, 0x5A, 0x26, 0x5A, 0x26, 0x5A, 0x26, 
  0xF6, 0x92, 0xF6, 0x92, 0xF6, 0x92, 0xF6, 0x92, 0xF6, 0x92, 0xF6, 0x92, 0xF6, 0x92, 0xF6, 0x92, 
  0xF6, 0x92, 0xF6, 0x92, 0xF6, 0x92, 0xF6, 0x92, 0xF6, 0x92, 0xF6, 0x92, 0xF6, 0x92, 0xF6, 0x92, 
  0xF6, 0x92, 0xF6, 0x92, 0xF6, 0x92, 0xF6, 0x92, 0xF6, 0x92, 0xF6, 0x92, 0xF6, 0x92, 0xF6, 0x92, 
  0xF6, 0x92, 0xF6, 0x92, 0xF6, 0x92, 0xF6, 0x92, 0xF6, 0x92, 0xF6, 0x92, 0xF6, 0x92, 0xF6, 0x92, 
  0xF6, 0x92, 0xF6, 0x92, 0xF6, 0x92, 0xF6, 0x92, 0xF6, 0x92, 0xF6, 0x92, 0xF6, 0x92, 0xF6, 0x92, 
  0xF6, 0x92, 0xF6, 0x92, 0xF6, 0x92, 0xF6, 0x92, 0xF6, 0x92, 0xF6, 0x92, 0xF6, 0x92, 0xF6, 0x92, 
  0xF6, 0x92, 0xF6, 0x92, 0xF6, 0x92, 0xF6, 0x92, 0xF6, 0x92, 0xF6, 0x92, 0xF6, 0x92, 0xF6, 0x92, 
  0xF6, 0x92, 0xF6, 0x92, 0xF6, 0x92, 0xF6, 0x92, 0xF6, 0x92, 0xF6, 0x92, 0xF6, 0x92, 0xF6, 0x92, 
  0xF6, 0x92, 0x5A, 0x26, 0x5A, 0x26, 0x5A, 0x26, 0xF6, 0x2F, 0xF6, 0x2F, 0x21, 0x26, 0x21, 0x26, 
  0x21, 0x26, 0x21, 0x26, 0x21, 0x26, 0x21, 0x26, 0x21, 0x26, 0x21, 0x26, 0x21, 0x26, 0x21, 0x26, 
  0x21, 0x26, 0x21, 0x26, 0x21, 0x26, 0x21, 0x26, 0x21, 0x26, 0x21, 0x26, 0x21, 0x26, 0x21, 0x26, 
  0x21, 0x26, 0x21, 0x26, 0x21, 0x26, 0x21, 0x26, 0x21, 0x26, 0x21, 0x26, 0x21, 0x26, 0x21, 0x26, 
  0x21, 0x26, 0x21, 0x26, 0x21, 0x26, 0x21, 0x26, 0x21, 0x26, 0x21, 0x26, 0x21, 0x26, 0x21, 0x26, 
  0x21, 0x26, 0x21, 0x26, 0x21, 0x26, 0x21, 0x26, 0x21, 0x26, 0x21, 0x26, 0x21, 0x26, 0x21, 0x26, 
  0x21, 0x26, 0x21, 0x26, 0x21, 0x26, 0x21, 0x26, 0x21, 0x26, 0x21, 0x26, 0x21, 0x26, 0x21, 0x26, 
  0x21, 0x26, 0x21, 0x26, 0x21, 0x26, 0x21, 0x26, 0x21, 0x26, 0x21, 0x26, 0x21, 0x26, 0x21, 0x26, 
  0x21, 0x26, 0x21, 0x26, 0x21, 0x26, 0x21, 0x26, 0x21, 0x26, 0x21, 0x26, 0x21, 0x26, 0x21, 0x26, 
  0x21, 0x26, 0x21, 0x26, 0x21, 0x26, 0x21, 0x26, 0x21, 0x26, 0x21, 0x26, 0x21, 0x26, 0x21, 0x26, 
  0x21, 0x26, 0x21, 0x26, 0x21, 0x26, 0x21, 0x26, 0x21, 0x26, 0x21, 0x26, 0x21, 0x26, 0x21, 0x26, 
  0x21, 0x26, 0x21, 0x26, 0x21, 0x26, 0x21, 0x26, 0x21, 0x26, 0x21, 0x26, 0x21, 0x26, 0x21, 0x26, 
  0x21, 0x26, 0x21, 0x26, 0x21, 0x26, 0x21, 0x26, 0x21, 0x26, 0x21, 0x26, 0x21, 0x26, 0x21, 0x26, 
  0x21, 0x26, 0x21, 0x26, 0x21, 0x26, 0x21, 0x26, 0x21, 0x26, 0x21, 0x26, 0x21, 0x26, 0x21, 0x26, 
  0x21, 0x26, 0x21, 0x26, 0x21, 0x26, 0x21, 0x26, 0x21, 0x26, 0x21, 0x26, 0x21, 0x26, 0x21, 0x26, 
  0x21, 0x26, 0x21, 0x26, 0x21, 0x26, 0x21, 0x26, 0x21, 0x26, 0x21, 0x26, 0x21, 0x26, 0x21, 0x26, 
  0x21, 0x26, 0x21, 0x26, 0x21, 0x26, 0x21, 0x26, 0x21, 0x26, 0x21, 0x26, 0x21, 0x26, 0x21, 0x26, 
  0x21, 0x26, 0x21, 0x26, 0x21, 0x26, 0x21, 0x26, 0x21, 0x26, 0x21, 0x26, 0x21, 0x26, 0x21, 0x26, 
  0x21, 0x26, 0x21, 0x26, 0x21, 0x26, 0x21, 0x26, 0x21, 0x26, 0x21, 0x26, 0x21, 0x26, 0x21, 0x26, 
  0x21, 0x26, 0x21, 0x26, 0x21, 0x26, 0x21, 0x26, 0x21, 0x26, 0x21, 0x26, 0x21, 0x26, 0x21, 0x26, 
  0x21, 0x26, 0x21, 0x26, 0x21, 0x26, 0x21, 0x26, 0x21, 0x26, 0x21, 0x26, 0x21, 0x26, 0x21, 0x26, 
  0x21, 0x26, 0x21, 0x26, 0x21, 0x26, 0xF6, 0x2F, 0x5A, 0x26, 0x5A, 0x26, 0x5A, 0x26, 0xF6, 0x92, 
  0xF6, 0x92, 0xF6, 0x92, 0xF6, 0x92, 0xF6, 0x92, 0xF6, 0x92, 0xF6, 0x92, 0xF6, 0x92, 0xF6, 0x92, 
  0xF6, 0x92, 0xF6, 0x92, 0xF6, 0x92, 0xF6, 0x92, 0xF6, 0x92, 0xF6, 0x92, 0xF6, 0x92, 0xF6, 0x92, 
  0xF6, 0x92, 0xF6, 0x92, 0xF6, 0x92, 0xF6, 0x92, 0xF6, 0x92, 0xF6, 0x92, 0xF6, 0x92, 0xF6, 0x92, 
  0xF6, 0x92, 0xF6, 0x92, 0xF6, 0x92, 0xF6, 0x92, 0xF6, 0x92, 0xF6, 0x92, 0xF6, 0x92, 0xF6, 0x92, 
  0xF6, 0x92, 0xF6, 0x92, 0xF6, 0x92, 0xF6, 0x92, 0xF6, 0x92, 0xF6, 0x92, 0xF6, 0x92, 0xF6, 0x92, 
  0xF6, 0x92, 0xF6, 0x92, 0xF6, 0x92, 0xF6, 0x92, 0xF6, 0x92, 0xF6, 0x92, 0xF6, 0x92, 0xF6, 0x92, 
  0xF6, 0x92, 0xF6, 0x92, 0xF6, 0x92, 0xF6, 0x92, 0xF6, 0x92, 0xF6, 0x92, 0xF6, 0x92, 0xF6, 0x92, 
  0xF6, 0x92, 0xF6, 0x92, 0xF6, 0x92, 0xF6, 0x92, 0xF6, 0x92, 0xF6, 0x92, 0xF6, 0x92, 0xF6, 0x92, 
  0xF6, 0x92, 0xF6, 0x92, 0x5A, 0x26, 0x5A, 0x26, 0x5A, 0x26, 0xF6, 0x2F, 0x21, 0x26, 0x21, 0x26, 
  0x21, 0x26, 0x21, 0x26, 0x21, 0x26, 0x21, 0x26, 0x21, 0x26, 0x21, 0x26, 0x21, 0x26, 0x21, 0x26, 
  0x21, 0x26, 0x21, 0x26, 0x21, 0x26, 0x21, 0x26, 0x21, 0x26, 0x21, 0x26, 0x21, 0x26, 0x21, 0x26, 
  0x21, 0x26, 0x21, 0x26, 0x21, 0x26, 0x21, 0x26, 0x21, 0x26, 0x21, 0x26, 0x21, 0x26, 0x21, 0x26, 
  0x21, 0x26, 0x21, 0x26, 0x21, 0x26, 0x21, 0x26, 0x21, 0x26, 0x21, 0x26, 0x21, 0x26, 0x21, 0x26, 
  0x21, 0x26, 0x21, 0x26, 0x21, 0x26, 0x21, 0x26, 0x21, 0x26, 0x21, 0x26, 0x21, 0x26, 0x21, 0x26, 
  0x21, 0x26, 0x21, 0x26, 0x21, 0x26, 0x21, 0x26, 0x21, 0x26, 0x21, 0x26, 0x21, 0x26, 0x21, 0x26, 
  0x21, 0x26, 0x21, 0x26, 0x21, 0x26, 0x21, 0x26, 0x21, 0x26, 0x21, 0x26, 0x21, 0x26, 0x21, 0x26, 
  0x21, 0x26, 0x21, 0x26, 0x21, 0x26, 0x21, 0x26, 0x21, 0x26, 0x21, 0x26, 0x21, 0x26, 0x21, 0x26, 
  0x21, 0x26, 0x21, 0x26, 0x21, 0x26, 0x21, 0x26, 0x21, 0x26, 0x21, 0x26, 0x21, 0x26, 0x21, 0x26, 
  0x21, 0x26, 0x21, 0x26, 0x21, 0x26, 0x21, 0x26, 0x21, 0x26, 0x21, 0x26, 0x21, 0x26, 0x21, 0x26, 
  0x21, 0x26, 0x21, 0x26, 0x21, 0x26, 0x21, 0x26, 0x21, 0x26, 0x21, 0x26, 0x21, 0x26, 0x21, 0x26, 
  0x21, 0x26, 0x21, 0x26, 0x21, 0x26, 0x21, 0x26, 0x21, 0x26, 0x21, 0x26, 0x21, 0x26, 0x21, 0x26, 
  0x21, 0x26, 0x21, 0x26, 0x21, 0x26, 0x21, 0x26, 0x21, 0x26, 0x21, 0x26, 0x21, 0x26, 0x21, 0x26, 
  0x21, 0x26, 0x21, 0x26, 0x21, 0x26, 0x21, 0x26, 0x21, 0x26, 0x21, 0x26, 0x21, 0x26, 0x21, 0x26, 
  0x21, 0x26, 0x21, 0x26, 0x21, 0x26, 0x21, 0x26, 0x21, 0x26, 0x21, 0x26, 0x21, 0x26, 0x21, 0x26, 
  0x21, 0x26, 0x21, 0x26, 0x21, 0x26, 0x21, 0x26, 0x21, 0x26, 0x21, 0x26, 0x21, 0x26, 0x21, 0x26, 
  0x21, 0x26, 0x21, 0x26, 0x21, 0x26, 0x21, 0x26, 0x21, 0x26, 0x21, 0x26, 0x21, 0x26, 0x21, 0x26, 
  0x21, 0x26, 0x21, 0x26, 0x21, 0x26, 0x21, 0x26, 0x21, 0x26, 0x21, 0x26, 0x21, 0x26, 0x21, 0x26, 
  0x21, 0x26, 0x21, 0x26, 0x21, 0x26, 0x21, 0x26, 0x21, 0x26, 0x21, 0x26, 0x21, 0x26, 0x21, 0x26, 
  0x21, 0x26, 0x21, 0x26, 0x21, 0x26, 0x21, 0x26, 0x21, 0x26, 0x21, 0x26, 0x21, 0x26, 0x21, 0x26, 
  0x21, 0x26, 0x21, 0x26, 0xF6, 0x2F, 0x5A, 0x26, 0x5A, 0x26, 0x5A, 0x26, 0xF6, 0x92, 0xF6, 0x92, 
  0xF6, 0x92, 0xF6, 0x92, 0xF6, 0x92, 0xF6, 0x92, 0xF6, 0x92, 0xF6, 0x92, 0xF6, 0x92, 0xF6, 0x92, 
  0xF6, 0x92, 0xF6, 0x92, 0xF6, 0x92, 0xF6, 0x92, 0xF6, 0x92, 0xF6, 0x92, 0xF6, 0x92, 0xF6, 0x92, 
  0xF6, 0x92, 0xF6, 0x92, 0xF6, 0x92, 0xF6, 0x92, 0xF6, 0x92, 0xF6, 0x92, 0xF6, 0x92, 0xF6, 0x92, 
  0xF6, 0x92, 0xF6, 0x92, 0xF6, 0x92, 0xF6, 0x92, 0xF6, 0x92, 0xF6, 0x92, 0xF6, 0x92, 0xF6, 0x92, 
  0xF6, 0x92, 0xF6, 0x92, 0xF6, 0x92, 0xF6, 0x92, 0xF6, 0x92, 0xF6, 0x92, 0xF6, 0x92, 0xF6, 0x92, 
  0xF6, 0x92, 0xF6, 0x92, 0xF6, 0x92, 0xF6, 0x92, 0xF6, 0x92, 0xF6, 0x92, 0xF6, 0x92, 0xF6, 0x92, 
  0xF6, 0x92, 0xF6, 0x92, 0xF6, 0x92, 0xF6, 0x92, 0xF6, 0x92, 0xF6, 0x92, 0xF6, 0x92, 0xF6, 0x92, 
  0xF6, 0x92, 0xF6, 0x92, 0xF6, 0x92, 0xF6, 0x92, 0xF6, 0x92, 0xF6, 0x92, 0xF6, 0x92, 0xF6, 0x92, 
  0xF6, 0x92, 0xF6, 0x92, 0xF6, 0x92, 0x5A, 0x26, 0x5A, 0x26, 0x5A, 0x26, 0xF6, 0x2F, 0x21, 0x26, 
  0x21, 0x26, 0x21, 0x26, 0x21, 0x26, 0x21, 0x26, 0x21, 0x26, 0x21, 0x26, 0x21, 0x26, 0x21, 0x26, 
  0x21, 0x26, 0x21, 0x26, 0x21, 0x26, 0x21, 0x26, 0x21, 0x26, 0x21, 0x26, 0x21, 0x26, 0x21, 0x26, 
  0x21, 0x26, 0x21, 0x26, 0x21, 0x26, 0x21, 0x26, 0x21, 0x26, 0x21, 0x26, 0x21, 0x26, 0x21, 0x26, 
  0x21, 0x26, 0x21, 0x26, 0x21, 0x26, 0x21, 0x26, 0x21, 0x26, 0x21, 0x26, 0x21, 0x26, 0x21, 0x26, 
  0x21, 0x26, 0x21, 0x26, 0x21, 0x26, 0x21, 0x26, 0x21, 0x26, 0x21, 0x26, 0x21, 0x26, 0x21, 0x26, 
  0x21, 0x26, 0x21, 0x26, 0x21, 0x26, 0x21, 0x26, 0x21, 0x26, 0x21, 0x26, 0x21, 0x26, 0x21, 0x26, 
  0x21, 0x26, 0x21, 0x26, 0x21, 0x26, 0x21, 0x26, 0x21, 0x26, 0x21, 0x26, 0x21, 0x26, 0x21, 0x26, 
  0x21, 0x26, 0x21, 0x26, 0x21, 0x26, 0x21, 0x26, 0x21, 0x26, 0x21, 0x26, 0x21, 0x26, 0x21, 0x26, 
  0x21, 0x26, 0x21, 0x26, 0x21, 0x26, 0x21, 0x26, 0x21, 0x26, 0x21, 0x26, 0x21, 0x26, 0x21, 0x26, 
  0x21, 0x26, 0x21, 0x26, 0x21, 0x26, 0x21, 0x26, 0x21, 0x26, 0x21, 0x26, 0x21, 0x26, 0x21, 0x26, 
  0x21, 0x26, 0x21, 0x26, 0x21, 0x26, 0x21, 0x26, 0x21, 0x26, 0x21, 0x26, 0x21, 0x26, 0x21, 0x26, 
  0x21, 0x26, 0x21, 0x26, 0x21, 0x26, 0x21, 0x26, 0x21, 0x26, 0x21, 0x26, 0x21, 0x26, 0x21, 0x26, 
  0x21, 0x26, 0x21, 0x26, 0x21, 0x26, 0x21, 0x26, 0x21, 0x26, 0x21, 0x26, 0x21, 0x26, 0x21, 0x26, 
  0x21, 0x26, 0x21, 0x26, 0x21, 0x26, 0x21, 0x26, 0x21, 0x26, 0x21, 0x26, 0x21, 0x26, 0x21, 0x26, 
  0x21, 0x26, 0x21, 0x26, 0x21, 0x26, 0x21, 0x26, 0x21, 0x26, 0x21, 0x26, 0x21, 0x26, 0x21, 0x26, 
  0x21, 0x26, 0x21, 0x26, 0x21, 0x26, 0x21, 0x26, 0x21, 0x26, 0x21, 0x26, 0x21, 0x26, 0x21, 0x26, 
  0x21, 0x26, 0x21, 0x26, 0x21, 0x26, 0x21, 0x26, 0x21, 0x26, 0x21, 0x26, 0x21, 0x26, 0x21, 0x26, 
  0x21, 0x26, 0x21, 0x26, 0x21, 0x26, 0x21, 0x26, 0x21, 0x26, 0x21, 0x26, 0x21, 0x26, 0x21, 0x26, 
  0x21, 0x26, 0x21, 0x26, 0x21, 0x26, 0x21, 0x26, 0x21, 0x26, 0x21, 0x26, 0x21, 0x26, 0x21, 0x26, 
  0x21, 0x26, 0x21, 0x26, 0x21, 0x26, 0x21, 0x26, 0x21, 0x26, 0x21, 0x26, 0x21, 0x26, 0x21, 0x26, 
  0x21, 0x26, 0x21, 0x26, 0x5A, 0x26, 0x5A, 0x26, 0x5A, 0x26, 0xF6, 0x92, 0xF6, 0x92, 0xF6, 0x92, 
  0xF6, 0x92, 0xF6, 0x92, 0xF6, 0x92, 0xF6, 0x92, 0xF6, 0x92, 0xF6, 0x92, 0xF6, 0x92, 0xF6, 0x92, 
  0xF6, 0x92, 0xF6, 0x92, 0xF6, 0x92, 0xF6, 0x92, 0xF6, 0x92, 0xF6, 0x92, 0xF6, 0x92, 0xF6, 0x92, 
  0xF6, 0x92, 0xF6, 0x92, 0xF6, 0x92, 0xF6, 0x92, 0xF6, 0x92, 0xF6, 0x92, 0xF6, 0x92, 0xF6, 0x92, 
  0xF6, 0x92, 0xF6, 0x92, 0xF6, 0x92, 0xF6, 0x92, 0xF6, 0x92, 0xF6, 0x92, 0xF6, 0x92, 0xF6, 0x92, 
  0xF6, 0x92, 0xF6, 0x92, 0xF6, 0x92, 0xF6, 0x92, 0xF6, 0x92, 0xF6, 0x92, 0xF6, 0x92, 0xF6, 0x92, 
  0xF6, 0x92, 0xF6, 0x92, 0xF6, 0x92, 0xF6, 0x92, 0xF6, 0x92, 0xF6, 0x92, 0xF6, 0x92, 0xF6, 0x92, 
  0xF6, 0x92, 0xF6, 0x92, 0xF6, 0x92, 0xF6, 0x92, 0xF6, 0x92, 0xF6, 0x92, 0xF6, 0x92, 0xF6, 0x92, 
  0xF6, 0x92, 0xF6, 0x92, 0xF6, 0x92, 0xF6, 0x92, 0xF6, 0x92, 0xF6, 0x92, 0xF6, 0x92, 0xF6, 0x92, 
  0xF6, 0x92, 0xF6, 0x92, 0xF6, 0x92, 0xF6, 0x92, 0x5A, 0x26, 0x5A, 0x26, 0x5A, 0x26, 0x21, 0x26, 
  0x21, 0x26, 0x21, 0x26, 0x21, 0x26, 0x21, 0x26, 0x21, 0x26, 0x21, 0x26, 0x21, 0x26, 0x21, 0x26, 
  0x21, 0x26, 0x21, 0x26, 0x21, 0x26, 0x21, 0x26, 0x21, 0x26, 0x21, 0x26, 0x21, 0x26, 0x21, 0x26, 
  0x21, 0x26, 0x21, 0x26, 0x21, 0x26, 0x21, 0x26, 0x21, 0x26, 0x21, 0x26, 0x21, 0x26, 0x21, 0x26, 
  0x21, 0x26, 0x21, 0x26, 0x21, 0x26, 0x21, 0x26, 0x21, 0x26, 0x21, 0x26, 0x21, 0x26, 0x21, 0x26, 
  0x21, 0x26, 0x21, 0x26, 0x21, 0x26, 0x21, 0x26, 0x21, 0x26, 0x21, 0x26, 0x21, 0x26, 0x21, 0x26, 
  0x21, 0x26, 0x21, 0x26, 0x21, 0x26, 0x21, 0x26, 0x21, 0x26, 0x21, 0x26, 0x21, 0x26, 0x21, 0x26, 
  0x21, 0x26, 0x21, 0x26, 0x21, 0x26, 0x21, 0x26, 0x21, 0x26, 0x21, 0x26, 0x21, 0x26, 0x21, 0x26, 
  0x21, 0x26, 0x21, 0x26, 0x21, 0x26, 0x21, 0x26, 0x21, 0x26, 0x21, 0x26, 0x21, 0x26, 0x21, 0x26, 
  0x21, 0x26, 0x21, 0x26, 0x21, 0x26, 0x21, 0x26, 0x21, 0x26, 0x21, 0x26, 0x21, 0x26, 0x21, 0x26, 
  0x21, 0x26, 0x21, 0x26, 0x21, 0x26, 0x21, 0x26, 0x21, 0x26, 0x21, 0x26, 0x21, 0x26, 0x21, 0x26, 
  0x21, 0x26, 0x21, 0x26, 0x21, 0x26, 0x21, 0x26, 0x21, 0x26, 0x21, 0x26, 0x21, 0x26, 0x21, 0x26, 
  0x21, 0x26, 0x21, 0x26, 0x21, 0x26, 0x21, 0x26, 0x21, 0x26, 0x21, 0x26, 0x21, 0x26, 0x21, 0x26, 
  0x21, 0x26, 0x21, 0x26, 0x21, 0x26, 0x21, 0x26, 0x21, 0x26, 0x21, 0x26, 0x21, 0x26, 0x21, 0x26, 
  0x21, 0x26, 0x21, 0x26, 0x21, 0x26, 0x21, 0x26, 0x21, 0x26, 0x21, 0x26, 0x21, 0x26, 0x21, 0x26, 
  0x21, 0x26, 0x21, 0x26, 0x21, 0x26, 0x21, 0x26, 0x21, 0x26, 0x21, 0x26, 0x21, 0x26, 0x21, 0x26, 
  0x21, 0x26, 0x21, 0x26, 0x21, 0x26, 0x21, 0x26, 0x21, 0x26, 0x21, 0x26, 0x21, 0x26, 0x21, 0x26, 
  0x21, 0x26, 0x21, 0x26, 0x21, 0x26, 0x21, 0x26, 0x21, 0x26, 0x21, 0x26, 0x21, 0x26, 0x21, 0x26, 
  0x21, 0x26, 0x21, 0x26, 0x21, 0x26, 0x21, 0x26, 0x21, 0x26, 0x21, 0x26, 0x21, 0x26, 0x21, 0x26, 
  0x21, 0x26, 0x21, 0x26, 0x21, 0x26, 0x21, 0x26, 0x21, 0x26, 0x21, 0x26, 0x21, 0x26, 0x21, 0x26, 
  0x21, 0x26, 0x21, 0x26, 0x21, 0x26, 0x21, 0x26, 0x21, 0x26, 0x21, 0x26, 0x21, 0x26, 0x21, 0x26, 
  0x21, 0x26, 0xF6, 0x2F, 0x5A, 0x26, 0x5A, 0x26, 0xF6, 0x92, 0xF6, 0x92, 0xF6, 0x92, 0xF6, 0x92, 
  0xF6, 0x92, 0xF6, 0x92, 0xF6, 0x92, 0xF6, 0x92, 0xF6, 0x92, 0xF6, 0x92, 0xF6, 0x92, 0xF6, 0x92, 
  0xF6, 0x92, 0xF6, 0x92, 0xF6, 0x92, 0xF6, 0x92, 0xF6, 0x92, 0xF6, 0x92, 0xF6, 0x92, 0xF6, 0x92, 
  0xF6, 0x92, 0xF6, 0x92, 0xF6, 0x92, 0xF6, 0x92, 0xF6, 0x92, 0xF6, 0x92, 0xF6, 0x92, 0xF6, 0x92, 
  0xF6, 0x92, 0xF6, 0x92, 0xF6, 0x92, 0xF6, 0x92, 0xF6, 0x92, 0xF6, 0x92, 0xF6, 0x92, 0xF6, 0x92, 
  0xF6, 0x92, 0xF6, 0x92, 0xF6, 0x92, 0xF6, 0x92, 0xF6, 0x92, 0xF6, 0x92, 0xF6, 0x92, 0xF6, 0x92, 
  0xF6, 0x92, 0xF6, 0x92, 0xF6, 0x92, 0xF6, 0x92, 0xF6, 0x92, 0xF6, 0x92, 0xF6, 0x92, 0xF6, 0x92, 
  0xF6, 0x92, 0xF6, 0x92, 0xF6, 0x92, 0xF6, 0x92, 0xF6, 0x92, 0xF6, 0x92, 0xF6, 0x92, 0xF6, 0x92, 
  0xF6, 0x92, 0xF6, 0x92, 0xF6, 0x92, 0xF6, 0x92, 0xF6, 0x92, 0xF6, 0x92, 0xF6, 0x92, 0xF6, 0x92, 
  0xF6, 0x92, 0xF6, 0x92, 0xF6, 0x92, 0xF6, 0x92, 0xF6, 0x92, 0x5A, 0x26, 0x5A, 0x26, 0xF6, 0x2F, 
  0x21, 0x26, 0x21, 0x26, 0x21, 0x26, 0x21, 0x26, 0x21, 0x26, 0x21, 0x26, 0x21, 0x26, 0x21, 0x26, 
  0x21, 0x26, 0x21, 0x26, 0x21, 0x26, 0x21, 0x26, 0x21, 0x26, 0x21, 0x26, 0x21, 0x26, 0x21, 0x26, 
  0x21, 0x26, 0x21, 0x26, 0x21, 0x26, 0x21, 0x26, 0x21, 0x26, 0x21, 0x26, 0x21, 0x26, 0x21, 0x26, 
  0x21, 0x26, 0x21, 0x26, 0x21, 0x26, 0x21, 0x26, 0x21, 0x26, 0x21, 0x26, 0x21, 0x26, 0x21, 0x26, 
  0x21, 0x26, 0x21, 0x26, 0x21, 0x26, 0x21, 0x26, 0x21, 0x26, 0x21, 0x26, 0x21, 0x26, 0x21, 0x26, 
  0x21, 0x26, 0x21, 0x26, 0x21, 0x26, 0x21, 0x26, 0x21, 0x26, 0x21, 0x26, 0x21, 0x26, 0x21, 0x26, 
  0x21, 0x26, 0x21, 0x26, 0x21, 0x26, 0x21, 0x26, 0x21, 0x26, 0x21, 0x26, 0x21, 0x26, 0x21, 0x26, 
  0x21, 0x26, 0x21, 0x26, 0x21, 0x26, 0x21, 0x26, 0x21, 0x26, 0x21, 0x26, 0x21, 0x26, 0x21, 0x26, 
  0x21, 0x26, 0x21, 0x26, 0x21, 0x26, 0x21, 0x26, 0x21, 0x26, 0x21, 0x26, 0x21, 0x26, 0x21, 0x26, 
  0x21, 0x26, 0x21, 0x26, 0x21, 0x26, 0x21, 0x26, 0x21, 0x26, 0x21, 0x26, 0x21, 0x26, 0x21, 0x26, 
  0x21, 0x26, 0x21, 0x26, 0x21, 0x26, 0x21, 0x26, 0x21, 0x26, 0x21, 0x26, 0x21, 0x26, 0x21, 0x26, 
  0x21, 0x26, 0x21, 0x26, 0x21, 0x26, 0x21, 0x26, 0x21, 0x26, 0x21, 0x26, 0x21, 0x26, 0x21, 0x26, 
  0x21, 0x26, 0x21, 0x26, 0x21, 0x26, 0x21, 0x26, 0x21, 0x26, 0x21, 0x26, 0x21, 0x26, 0x21, 0x26, 
  0x21, 0x26, 0x21, 0x26, 0x21, 0x26, 0x21, 0x26, 0x21, 0x26, 0x21, 0x26, 0x21, 0x26, 0x21, 0x26, 
  0x21, 0x26, 0x21, 0x26, 0x21, 0x26, 0x21, 0x26, 0x21, 0x26, 0x21, 0x26, 0x21, 0x26, 0x21, 0x26, 
  0x21, 0x26, 0x21, 0x26, 0x21, 0x26, 0x21, 0x26, 0x21, 0x26, 0x21, 0x26, 0x21, 0x26, 0x21, 0x26, 
  0x21, 0x26, 0x21, 0x26, 0x21, 0x26, 0x21, 0x26, 0x21, 0x26, 0x21, 0x26, 0x21, 0x26, 0x21, 0x26, 
  0x21, 0x26, 0x21, 0x26, 0x21, 0x26, 0x21, 0x26, 0x21, 0x26, 0x21, 0x26, 0x21, 0x26, 0x21, 0x26, 
  0x21, 0x26, 0x21, 0x26, 0x21, 0x26, 0x21, 0x26, 0x21, 0x26, 0x21, 0x26, 0x21, 0x26, 0x21, 0x26, 
  0x21, 0x26, 0x21, 0x26, 0x21, 0x26, 0x21, 0x26, 0x21, 0x26, 0x21, 0x26, 0x21, 0x26, 0x21, 0x26, 
  0x21, 0x26, 0x5A, 0x26, 0x5A, 0x26, 0xF6, 0x92, 0xF6, 0x92, 0xF6, 0x92, 0xF6, 0x92, 0xF6, 0x92, 
  0xF6, 0x92, 0xF6, 0x92, 0xF6, 0x92, 0xF6, 0x92, 0xF6, 0x92, 0xF6, 0x92, 0xF6, 0x92, 0xF6, 0x92, 
  0xF6, 0x92, 0xF6, 0x92, 0xF6, 0x92, 0xF6, 0x92, 0xF6, 0x92, 0xF6, 0x92, 0xF6, 0x92, 0xF6, 0x92, 
  0xF6, 0x92, 0xF6, 0x92, 0xF6, 0x92, 0xF6, 0x92, 0xF6, 0x92, 0xF6, 0x92, 0xF6, 0x92, 0xF6, 0x92, 
  0xF6, 0x92, 0xF6, 0x92, 0xF6, 0x92, 0xF6, 0x92, 0xF6, 0x92, 0xF6, 0x92, 0xF6, 0x92, 0xF6, 0x92, 
  0xF6, 0x92, 0xF6, 0x92, 0xF6, 0x92, 0xF6, 0x92, 0xF6, 0x92, 0xF6, 0x92, 0xF6, 0x92, 0xF6, 0x92, 
  0xF6, 0x92, 0xF6, 0x92, 0xF6, 0x92, 0xF6, 0x92, 0xF6, 0x92, 0xF6, 0x92, 0xF6, 0x92, 0xF6, 0x92, 
  0xF6, 0x92, 0xF6, 0x92, 0xF6, 0x92, 0xF6, 0x92, 0xF6, 0x92, 0xF6, 0x92, 0xF6, 0x92, 0xF6, 0x92, 
  0xF6, 0x92, 0xF6, 0x92, 0xF6, 0x92, 0xF6, 0x92, 0xF6, 0x92, 0xF6, 0x92, 0xF6, 0x92, 0xF6, 0x92, 
  0xF6, 0x92, 0xF6, 0x92, 0xF6, 0x92, 0xF6, 0x92, 0xF6, 0x92, 0xF6, 0x92, 0x5A, 0x26, 0x5A, 0x26, 
  0x21, 0x26, 0x21, 0x26, 0x21, 0x26, 0x21, 0x26, 0x21, 0x26, 0x21, 0x26, 0x21, 0x26, 0x21, 0x26, 
  0x21, 0x26, 0x21, 0x26, 0x21, 0x26, 0x21, 0x26, 0x21, 0x26, 0x21, 0x26, 0x21, 0x26, 0x21, 0x26, 
  0x21, 0x26, 0x21, 0x26, 0x21, 0x26, 0x21, 0x26, 0x21, 0x26, 0x21, 0x26, 0x21, 0x26, 0x21, 0x26, 
  0x21, 0x26, 0x21, 0x26, 0x21, 0x26, 0x21, 0x26, 0x21, 0x26, 0x21, 0x26, 0x21, 0x26, 0x21, 0x26, 
  0x21, 0x26, 0x21, 0x26, 0x21, 0x26, 0x21, 0x26, 0x21, 0x26, 0x21, 0x26, 0x21, 0x26, 0x21, 0x26, 
  0x21, 0x26, 0x21, 0x26, 0x21, 0x26, 0x21, 0x26, 0x21, 0x26, 0x21, 0x26, 0x21, 0x26, 0x21, 0x26, 
  0x21, 0x26, 0x21, 0x26, 0x21, 0x26, 0x21, 0x26, 0x21, 0x26, 0x21, 0x26, 0x21, 0x26, 0x21, 0x26, 
  0x21, 0x26, 0x21, 0x26, 0x21, 0x26, 0x21, 0x26, 0x21, 0x26, 0x21, 0x26, 0x21, 0x26, 0x21, 0x26, 
  0x21, 0x26, 0x21, 0x26, 0x21, 0x26, 0x21, 0x26, 0x21, 0x26, 0x21, 0x26, 0x21, 0x26, 0x21, 0x26, 
  0x21, 0x26, 0x21, 0x26, 0x21, 0x26, 0x21, 0x26, 0x21, 0x26, 0x21, 0x26, 0x21, 0x26, 0x21, 0x26, 
  0x21, 0x26, 0x21, 0x26, 0x21, 0x26, 0x21, 0x26, 0x21, 0x26, 0x21, 0x26, 0x21, 0x26, 0x21, 0x26, 
  0x21, 0x26, 0x21, 0x26, 0x21, 0x26, 0x21, 0x26, 0x21, 0x26, 0x21, 0x26, 0x21, 0x26, 0x21, 0x26, 
  0x21, 0x26, 0x21, 0x26, 0x21, 0x26, 0x21, 0x26, 0x21, 0x26, 0x21, 0x26, 0x21, 0x26, 0x21, 0x26, 
  0x21, 0x26, 0x21, 0x26, 0x21, 0x26, 0x21, 0x26, 0x21, 0x26, 0x21, 0x26, 0x21, 0x26, 0x21, 0x26, 
  0x21, 0x26, 0x21, 0x26, 0x21, 0x26, 0x21, 0x26, 0x21, 0x26, 0x21, 0x26, 0x21, 0x26, 0x21, 0x26, 
  0x21, 0x26, 0x21, 0x26, 0x21, 0x26, 0x21, 0x26, 0x21, 0x26, 0x21, 0x26, 0x21, 0x26, 0x21, 0x26, 
  0x21, 0x26, 0x21, 0x26, 0x21, 0x26, 0x21, 0x26, 0x21, 0x26, 0x21, 0x26, 0x21, 0x26, 0x21, 0x26, 
  0x21, 0x26, 0x21, 0x26, 0x21, 0x26, 0x21, 0x26, 0x21, 0x26, 0x21, 0x26, 0x21, 0x26, 0x21, 0x26, 
  0x21, 0x26, 0x21, 0x26, 0x21, 0x26, 0x21, 0x26, 0x21, 0x26, 0x21, 0x26, 0x21, 0x26, 0x21, 0x26, 
  0x21, 0x26, 0x21, 0x26, 0x21, 0x26, 0x21, 0x26, 0x21, 0x26, 0x21, 0x26, 0x21, 0x26, 0x21, 0x26, 
  0x5A, 0x26, 0x5A, 0x26, 0xF6, 0x92, 0xF6, 0x92, 0xF6, 0x92, 0xF6, 0x92, 0xF6, 0x92, 0xF6, 0x92, 
  0xF6, 0x92, 0xF6, 0x92, 0xF6, 0x92, 0xF6, 0x92, 0xF6, 0x92, 0xF6, 0x92, 0xF6, 0x92, 0xF6, 0x92, 
  0xF6, 0x92, 0xF6, 0x92, 0xF6, 0x92, 0xF6, 0x92, 0xF6, 0x92, 0xF6, 0x92, 0xF6, 0x92, 0xF6, 0x92, 
  0xF6, 0x92, 0xF6, 0x92, 0xF6, 0x92, 0xF6, 0x92, 0xF6, 0x92, 0xF6, 0x92, 0xF6, 0x92, 0xF6, 0x92, 
  0xF6, 0x92, 0xF6, 0x92, 0xF6, 0x92, 0xF6, 0x92, 0xF6, 0x92, 0xF6, 0x92, 0xF6, 0x92, 0xF6, 0x92, 
  0xF6, 0x92, 0xF6, 0x92, 0xF6, 0x92, 0xF6, 0x92, 0xF6, 0x92, 0xF6, 0x92, 0xF6, 0x92, 0xF6, 0x92, 
  0xF6, 0x92, 0xF6, 0x92, 0xF6, 0x92, 0xF6, 0x92, 0xF6, 0x92, 0xF6, 0x92, 0xF6, 0x92, 0xF6, 0x92, 
  0xF6, 0x92, 0xF6, 0x92, 0xF6, 0x92, 0xF6, 0x92, 0xF6, 0x92, 0xF6, 0x92, 0xF6, 0x92, 0xF6, 0x92, 
  0xF6, 0x92, 0xF6, 0x92, 0xF6, 0x92, 0xF6, 0x92, 0xF6, 0x92, 0xF6, 0x92, 0xF6, 0x92, 0xF6, 0x92, 
  0xF6, 0x92, 0xF6, 0x92, 0xF6, 0x92, 0xF6, 0x92, 0xF6, 0x92, 0xF6, 0x92, 0xF6, 0x92, 0x5A, 0x26, 
  0x5A, 0x26, 0x21, 0x26, 0x21, 0x26, 0x21, 0x26, 0x21, 0x26, 0x21, 0x26, 0x21, 0x26, 0x21, 0x26, 
  0x21, 0x26, 0x21, 0x26, 0x21, 0x26, 0x21, 0x26, 0x21, 0x26, 0x21, 0x26, 0x21, 0x26, 0x21, 0x26, 
  0x21, 0x26, 0x21, 0x26, 0x21, 0x26, 0x21, 0x26, 0x21, 0x26, 0x21, 0x26, 0x21, 0x26, 0x21, 0x26, 
  0x21, 0x26, 0x21, 0x26, 0x21, 0x26, 0x21, 0x26, 0x21, 0x26, 0x21, 0x26, 0x21, 0x26, 0x21, 0x26, 
  0x21, 0x26, 0x21, 0x26, 0x21, 0x26, 0x21, 0x26, 0x21, 0x26, 0x21, 0x26, 0x21, 0x26, 0x21, 0x26, 
  0x21, 0x26, 0x21, 0x26, 0x21, 0x26, 0x21, 0x26, 0x21, 0x26, 0x21, 0x26, 0x21, 0x26, 0x21, 0x26, 
  0x21, 0x26, 0x21, 0x26, 0x21, 0x26, 0x21, 0x26, 0x21, 0x26, 0x21, 0x26, 0x21, 0x26, 0x21, 0x26, 
  0x21, 0x26, 0x21, 0x26, 0x21, 0x26, 0x21, 0x26, 0x21, 0x26, 0x21, 0x26, 0x21, 0x26, 0x21, 0x26, 
  0x21, 0x26, 0x21, 0x26, 0x21, 0x26, 0x21, 0x26, 0x21, 0x26, 0x21, 0x26, 0x21, 0x26, 0x21, 0x26, 
  0x21, 0x26, 0x21, 0x26, 0x21, 0x26, 0x21, 0x26, 0x21, 0x26, 0x21, 0x26, 0x21, 0x26, 0x21, 0x26, 
  0x21, 0x26, 0x21, 0x26, 0x21, 0x26, 0x21, 0x26, 0x21, 0x26, 0x21, 0x26, 0x21, 0x26, 0x21, 0x26, 
  0x21, 0x26, 0x21, 0x26, 0x21, 0x26, 0x21, 0x26, 0x21, 0x26, 0x21, 0x26, 0x21, 0x26, 0x21, 0x26, 
  0x21, 0x26, 0x21, 0x26, 0x21, 0x26, 0x21, 0x26, 0x21, 0x26, 0x21, 0x26, 0x21, 0x26, 0x21, 0x26, 
  0x21, 0x26, 0x21, 0x26, 0x21, 0x26, 0x21, 0x26, 0x21, 0x26, 0x21, 0x26, 0x21, 0x26, 0x21, 0x26, 
  0x21, 0x26, 0x21, 0x26, 0x21, 0x26, 0x21, 0x26, 0x21, 0x26, 0x21, 0x26, 0x21, 0x26, 0x21, 0x26, 
  0x21, 0x26, 0x21, 0x26, 0x21, 0x26, 0x21, 0x26, 0x21, 0x26, 0x21, 0x26, 0x21, 0x26, 0x21, 0x26, 
  0x21, 0x26, 0x21, 0x26, 0x21, 0x26, 0x21, 0x26, 0x21, 0x26, 0x21, 0x26, 0x21, 0x26, 0x21, 0x26, 
  0x21, 0x26, 0x21, 0x26, 0x21, 0x26, 0x21, 0x26, 0x21, 0x26, 0x21, 0x26, 0x21, 0x26, 0x21, 0x26, 
  0x21, 0x26, 0x21, 0x26, 0x21, 0x26, 0x21, 0x26, 0x21, 0x26, 0x21, 0x26, 0x21, 0x26, 0x21, 0x26, 
  0x21, 0x26, 0x21, 0x26, 0x21, 0x26, 0x21, 0x26, 0x21, 0x26, 0x21, 0x26, 0x21, 0x26, 0x5A, 0x26, 
  0x5A, 0x26, 0x5A, 0x26, 0xF6, 0x92, 0xF6, 0x92, 0xF6, 0x92, 0xF6, 0x92, 0xF6, 0x92, 0xF6, 0x92, 
  0xF6, 0x92, 0xF6, 0x92, 0xF6, 0x92, 0xF6, 0x92, 0xF6, 0x92, 0xF6, 0x92, 0xF6, 0x92, 0xF6, 0x92, 
  0xF6, 0x92, 0xF6, 0x92, 0xF6, 0x92, 0xF6, 0x92, 0xF6, 0x92, 0xF6, 0x92, 0xF6, 0x92, 0xF6, 0x92, 
  0xF6, 0x92, 0xF6, 0x92, 0xF6, 0x92, 0xF6, 0x92, 0xF6, 0x92, 0xF6, 0x92, 0xF6, 0x92, 0xF6, 0x92, 
  0xF6, 0x92, 0xF6, 0x92, 0xF6, 0x92, 0xF6, 0x92, 0xF6, 0x92, 0xF6, 0x92, 0xF6, 0x92, 0xF6, 0x92, 
  0xF6, 0x92, 0xF6, 0x92, 0xF6, 0x92, 0xF6, 0x92, 0xF6, 0x92, 0xF6, 0x92, 0xF6, 0x92, 0xF6, 0x92, 
  0xF6, 0x92, 0xF6, 0x92, 0xF6, 0x92, 0xF6, 0x92, 0xF6, 0x92, 0xF6, 0x92, 0xF6, 0x92, 0xF6, 0x92, 
  0xF6, 0x92, 0xF6, 0x92, 0xF6, 0x92, 0xF6, 0x92, 0xF6, 0x92, 0xF6, 0x92, 0xF6, 0x92, 0xF6, 0x92, 
  0xF6, 0x92, 0xF6, 0x92, 0xF6, 0x92, 0xF6, 0x92, 0xF6, 0x92, 0xF6, 0x92, 0xF6, 0x92, 0xF6, 0x92, 
  0xF6, 0x92, 0xF6, 0x92, 0xF6, 0x92, 0xF6, 0x92, 0xF6, 0x92, 0xF6, 0x92, 0xF6, 0x92, 0x5A, 0x26, 
  0x5A, 0x26, 0x5A, 0x26, 0x21, 0x26, 0x21, 0x26, 0x21, 0x26, 0x21, 0x26, 0x21, 0x26, 0x21, 0x26, 
  0x21, 0x26, 0x21, 0x26, 0x21, 0x26, 0x21, 0x26, 0x21, 0x26, 0x21, 0x26, 0x21, 0x26, 0x21, 0x26, 
  0x21, 0x26, 0x21, 0x26, 0x21, 0x26, 0x21, 0x26, 0x21, 0x26, 0x21, 0x26, 0x21, 0x26, 0x21, 0x26, 
  0x21, 0x26, 0x21, 0x26, 0x21, 0x26, 0x21, 0x26, 0x21, 0x26, 0x21, 0x26, 0x21, 0x26, 0x21, 0x26, 
  0x21, 0x26, 0x21, 0x26, 0x21, 0x26, 0x21, 0x26, 0x21, 0x26, 0x21, 0x26, 0x21, 0x26, 0x21, 0x26, 
  0x21, 0x26, 0x21, 0x26, 0x21, 0x26, 0x21, 0x26, 0x21, 0x26, 0x21, 0x26, 0x21, 0x26, 0x21, 0x26, 
  0x21, 0x26, 0x21, 0x26, 0x21, 0x26, 0x21, 0x26, 0x21, 0x26, 0x21, 0x26, 0x21, 0x26, 0x21, 0x26, 
  0x21, 0x26, 0x21, 0x26, 0x21, 0x26, 0x21, 0x26, 0x21, 0x26, 0x21, 0x26, 0x21, 0x26, 0x21, 0x26, 
  0x21, 0x26, 0x21, 0x26, 0x21, 0x26, 0x21, 0x26, 0x21, 0x26, 0x21, 0x26, 0x21, 0x26, 0x21, 0x26, 
  0x21, 0x26, 0x21, 0x26, 0x21, 0x26, 0x21, 0x26, 0x21, 0x26, 0x21, 0x26, 0x21, 0x26, 0x21, 0x26, 
  0x21, 0x26, 0x21, 0x26, 0x21, 0x26, 0x21, 0x26, 0x21, 0x26, 0x21, 0x26, 0x21, 0x26, 0x21, 0x26, 
  0x21, 0x26, 0x21, 0x26, 0x21, 0x26, 0x21, 0x26, 0x21, 0x26, 0x21, 0x26, 0x21, 0x26, 0x21, 0x26, 
  0x21, 0x26, 0x21, 0x26, 0x21, 0x26, 0x21, 0x26, 0x21, 0x26, 0x21, 0x26, 0x21, 0x26, 0x21, 0x26, 
  0x21, 0x26, 0x21, 0x26, 0x21, 0x26, 0x21, 0x26, 0x21, 0x26, 0x21, 0x26, 0x21, 0x26, 0x21, 0x26, 
  0x21, 0x26, 0x21, 0x26, 0x21, 0x26, 0x21, 0x26, 0x21, 0x26, 0x21, 0x26, 0x21, 0x26, 0x21, 0x26, 
  0x21, 0x26, 0x21, 0x26, 0x21, 0x26, 0x21, 0x26, 0x21, 0x26, 0x21, 0x26, 0x21, 0x26, 0x21, 0x26, 
  0x21, 0x26, 0x21, 0x26, 0x21, 0x26, 0x21, 0x26, 0x21, 0x26, 0x21, 0x26, 0x21, 0x26, 0x21, 0x26, 
  0x21, 0x26, 0x21, 0x26, 0x21, 0x26, 0x21, 0x26, 0x21, 0x26, 0x21, 0x26, 0x21, 0x26, 0x21, 0x26, 
  0x21, 0x26, 0x21, 0x26, 0x21, 0x26, 0x21, 0x26, 0x21, 0x26, 0x21, 0x26, 0x21, 0x26, 0x21, 0x26, 
  0x21, 0x26, 0x21, 0x26, 0x21, 0x26, 0x21, 0x26, 0x21, 0x26, 0x21, 0x26, 0x21, 0x26, 0x5A, 0x26, 
  0x5A, 0x26, 0xF6, 0x92, 0xF6, 0x92, 0xF6, 0x92, 0xF6, 0x92, 0xF6, 0x92, 0xF6, 0x92, 0xF6, 0x92, 
  0xF6, 0x92, 0xF6, 0x92, 0xF6, 0x92, 0xF6, 0x92, 0xF6, 0x92, 0xF6, 0x92, 0xF6, 0x92, 0xF6, 0x92, 
  0xF6, 0x92, 0xF6, 0x92, 0xF6, 0x92, 0xF6, 0x92, 0xF6, 0x92, 0xF6, 0x92, 0xF6, 0x92, 0xF6, 0x92, 
  0xF6, 0x92, 0xF6, 0x92, 0xF6, 0x92, 0xF6, 0x92, 0xF6, 0x92, 0xF6, 0x92, 0xF6, 0x92, 0xF6, 0x92, 
  0xF6, 0x92, 0xF6, 0x92, 0xF6, 0x92, 0xF6, 0x92, 0xF6, 0x92, 0xF6, 0x92, 0xF6, 0x92, 0xF6, 0x92, 
  0xF6, 0x92, 0xF6, 0x92, 0xF6, 0x92, 0xF6, 0x92, 0xF6, 0x92, 0xF6, 0x92, 0xF6, 0x92, 0xF6, 0x92, 
  0xF6, 0x92, 0xF6, 0x92, 0xF6, 0x92, 0xF6, 0x92, 0xF6, 0x92, 0xF6, 0x92, 0xF6, 0x92, 0xF6, 0x92, 
  0xF6, 0x92, 0xF6, 0x92, 0xF6, 0x92, 0xF6, 0x92, 0xF6, 0x92, 0xF6, 0x92, 0xF6, 0x92, 0xF6, 0x92, 
  0xF6, 0x92, 0xF6, 0x92, 0xF6, 0x92, 0xF6, 0x92, 0xF6, 0x92, 0xF6, 0x92, 0xF6, 0x92, 0xF6, 0x92, 
  0xF6, 0x92, 0xF6, 0x92, 0xF6, 0x92, 0xF6, 0x92, 0xF6, 0x92, 0xF6, 0x92, 0xF6, 0x92, 0xF6, 0x92, 
  0x5A, 0x26, 0x5A, 0x26, 0x21, 0x26, 0x21, 0x26, 0x21, 0x26, 0x21, 0x26, 0x21, 0x26, 0x21, 0x26, 
  0x21, 0x26, 0x21, 0x26, 0x21, 0x26, 0x21, 0x26, 0x21, 0x26, 0x21, 0x26, 0x21, 0x26, 0x21, 0x26, 
  0x21, 0x26, 0x21, 0x26, 0x21, 0x26, 0x21, 0x26, 0x21, 0x26, 0x21, 0x26, 0x21, 0x26, 0x21, 0x26, 
  0x21, 0x26, 0x21, 0x26, 0x21, 0x26, 0x21, 0x26, 0x21, 0x26, 0x21, 0x26, 0x21, 0x26, 0x21, 0x26, 
  0x21, 0x26, 0x21, 0x26, 0x21, 0x26, 0x21, 0x26, 0x21, 0x26, 0x21, 0x26, 0x21, 0x26, 0x21, 0x26, 
  0x21, 0x26, 0x21, 0x26, 0x21, 0x26, 0x21, 0x26, 0x21, 0x26, 0x21, 0x26, 0x21, 0x26, 0x21, 0x26, 
  0x21, 0x26, 0x21, 0x26, 0x21, 0x26, 0x21, 0x26, 0x21, 0x26, 0x21, 0x26, 0x21, 0x26, 0x21, 0x26, 
  0x21, 0x26, 0x21, 0x26, 0x21, 0x26, 0x21, 0x26, 0x21, 0x26, 0x21, 0x26, 0x21, 0x26, 0x21, 0x26, 
  0x21, 0x26, 0x21, 0x26, 0x21, 0x26, 0x21, 0x26, 0x21, 0x26, 0x21, 0x26, 0x21, 0x26, 0x21, 0x26, 
  0x21, 0x26, 0x21, 0x26, 0x21, 0x26, 0x21, 0x26, 0x21, 0x26, 0x21, 0x26, 0x21, 0x26, 0x21, 0x26, 
  0x21, 0x26, 0x21, 0x26, 0x21, 0x26, 0x21, 0x26, 0x21, 0x26, 0x21, 0x26, 0x21, 0x26, 0x21, 0x26, 
  0x21, 0x26, 0x21, 0x26, 0x21, 0x26, 0x21, 0x26, 0x21, 0x26, 0x21, 0x26, 0x21, 0x26, 0x21, 0x26, 
  0x21, 0x26, 0x21, 0x26, 0x21, 0x26, 0x21, 0x26, 0x21, 0x26, 0x21, 0x26, 0x21, 0x26, 0x21, 0x26, 
  0x21, 0x26, 0x21, 0x26, 0x21, 0x26, 0x21, 0x26, 0x21, 0x26, 0x21, 0x26, 0x21, 0x26, 0x21, 0x26, 
  0x21, 0x26, 0x21, 0x26, 0x21, 0x26, 0x21, 0x26, 0x21, 0x26, 0x21, 0x26, 0x21, 0x26, 0x21, 0x26, 
  0x21, 0x26, 0x21, 0x26, 0x21, 0x26, 0x21, 0x26, 0x21, 0x26, 0x21, 0x26, 0x21, 0x26, 0x21, 0x26, 
  0x21, 0x26, 0x21, 0x26, 0x21, 0x26, 0x21, 0x26, 0x21, 0x26, 0x21, 0x26, 0x21, 0x26, 0x21, 0x26, 
  0x21, 0x26, 0x21, 0x26, 0x21, 0x26, 0x21, 0x26, 0x21, 0x26, 0x21, 0x26, 0x21, 0x26, 0x21, 0x26, 
  0x21, 0x26, 0x21, 0x26, 0x21, 0x26, 0x21, 0x26, 0x21, 0x26, 0x21, 0x26, 0x21, 0x26, 0x21, 0x26, 
  0x21, 0x26, 0x21, 0x26, 0x21, 0x26, 0x21, 0x26, 0x21, 0x26, 0x21, 0x26, 0x5A, 0x26, 0x5A, 0x26, 
  0xF6, 0x92, 0xF6, 0x92, 0xF6, 0x92, 0xF6, 0x92, 0xF6, 0x92, 0xF6, 0x92, 0xF6, 0x92, 0xF6, 0x92, 
  0xF6, 0x92, 0xF6, 0x92, 0xF6, 0x92, 0xF6, 0x92, 0xF6, 0x92, 0xF6, 0x92, 0xF6, 0x92, 0xF6, 0x92, 
  0xF6, 0x92, 0xF6, 0x92, 0xF6, 0x92, 0xF6, 0x92, 0xF6, 0x92, 0xF6, 0x92, 0xF6, 0x92, 0xF6, 0x92, 
  0xF6, 0x92, 0xF6, 0x92, 0xF6, 0x92, 0xF6, 0x92, 0xF6, 0x92, 0xF6, 0x92, 0xF6, 0x92, 0xF6, 0x92, 
  0xF6, 0x92, 0xF6, 0x92, 0xF6, 0x92, 0xF6, 0x92, 0xF6, 0x92, 0xF6, 0x92, 0xF6, 0x92, 0xF6, 0x92, 
  0xF6, 0x92, 0xF6, 0x92, 0xF6, 0x92, 0xF6, 0x92, 0xF6, 0x92, 0xF6, 0x92, 0xF6, 0x92, 0xF6, 0x92, 
  0xF6, 0x92, 0xF6, 0x92, 0xF6, 0x92, 0xF6, 0x92, 0xF6, 0x92, 0xF6, 0x92, 0xF6, 0x92, 0xF6, 0x92, 
  0xF6, 0x92, 0xF6, 0x92, 0xF6, 0x92, 0xF6, 0x92, 0xF6, 0x92, 0xF6, 0x92, 0xF6, 0x92, 0xF6, 0x92, 
  0xF6, 0x92, 0xF6, 0x92, 0xF6, 0x92, 0xF6, 0x92, 0xF6, 0x92, 0xF6, 0x92, 0xF6, 0x92, 0xF6, 0x92, 
  0xF6, 0x92, 0xF6, 0x92, 0xF6, 0x92, 0xF6, 0x92, 0xF6, 0x92, 0xF6, 0x92, 0xF6, 0x92, 0xF6, 0x92, 
  0xF6, 0x92, 0x5A, 0x26, 0x5A, 0x26, 0x21, 0x26, 0x21, 0x26, 0x21, 0x26, 0x21, 0x26, 0x21, 0x26, 
  0x21, 0x26, 0x21, 0x26, 0x21, 0x26, 0x21, 0x26, 0x21, 0x26, 0x21, 0x26, 0x21, 0x26, 0x21, 0x26, 
  0x21, 0x26, 0x21, 0x26, 0x21, 0x26, 0x21, 0x26, 0x21, 0x26, 0x21, 0x26, 0x21, 0x26, 0x21, 0x26, 
  0x21, 0x26, 0x21, 0x26, 0x21, 0x26, 0x21, 0x26, 0x21, 0x26, 0x21, 0x26, 0x21, 0x26, 0x21, 0x26, 
  0x21, 0x26, 0x21, 0x26, 0x21, 0x26, 0x21, 0x26, 0x21, 0x26, 0x21, 0x26, 0x21, 0x26, 0x21, 0x26, 
  0x21, 0x26, 0x21, 0x26, 0x21, 0x26, 0x21, 0x26, 0x21, 0x26, 0x21, 0x26, 0x21, 0x26, 0x21, 0x26, 
  0x21, 0x26, 0x21, 0x26, 0x21, 0x26, 0x21, 0x26, 0x21, 0x26, 0x21, 0x26, 0x21, 0x26, 0x21, 0x26, 
  0x21, 0x26, 0x21, 0x26, 0x21, 0x26, 0x21, 0x26, 0x21, 0x26, 0x21, 0x26, 0x21, 0x26, 0x21, 0x26, 
  0x21, 0x26, 0x21, 0x26, 0x21, 0x26, 0x21, 0x26, 0x21, 0x26, 0x21, 0x26, 0x21, 0x26, 0x21, 0x26, 
  0x21, 0x26, 0x21, 0x26, 0x21, 0x26, 0x21, 0x26, 0x21, 0x26, 0x21, 0x26, 0x21, 0x26, 0x21, 0x26, 
  0x21, 0x26, 0x21, 0x26, 0x21, 0x26, 0x21, 0x26, 0x21, 0x26, 0x21, 0x26, 0x21, 0x26, 0x21, 0x26, 
  0x21, 0x26, 0x21, 0x26, 0x21, 0x26, 0x21, 0x26, 0x21, 0x26, 0x21, 0x26, 0x21, 0x26, 0x21, 0x26, 
  0x21, 0x26, 0x21, 0x26, 0x21, 0x26, 0x21, 0x26, 0x21, 0x26, 0x21, 0x26, 0x21, 0x26, 0x21, 0x26, 
  0x21, 0x26, 0x21, 0x26, 0x21, 0x26, 0x21, 0x26, 0x21, 0x26, 0x21, 0x26, 0x21, 0x26, 0x21, 0x26, 
  0x21, 0x26, 0x21, 0x26, 0x21, 0x26, 0x21, 0x26, 0x21, 0x26, 0x21, 0x26, 0x21, 0x26, 0x21, 0x26, 
  0x21, 0x26, 0x21, 0x26, 0x21, 0x26, 0x21, 0x26, 0x21, 0x26, 0x21, 0x26, 0x21, 0x26, 0x21, 0x26, 
  0x21, 0x26, 0x21, 0x26, 0x21, 0x26, 0x21, 0x26, 0x21, 0x26, 0x21, 0x26, 0x21, 0x26, 0x21, 0x26, 
  0x21, 0x26, 0x21, 0x26, 0x21, 0x26, 0x21, 0x26, 0x21, 0x26, 0x21, 0x26, 0x21, 0x26, 0x21, 0x26, 
  0x21, 0x26, 0x21, 0x26, 0x21, 0x26, 0x21, 0x26, 0x21, 0x26, 0x21, 0x26, 0x21, 0x26, 0x21, 0x26, 
  0x21, 0x26, 0x21, 0x26, 0x21, 0x26, 0x21, 0x26, 0x21, 0x26, 0x5A, 0x26, 0x5A, 0x26, 0xF6, 0x92, 
  0xF6, 0x92, 0xF6, 0x92, 0xF6, 0x92, 0xF6, 0x92, 0xF6, 0x92, 0xF6, 0x92, 0xF6, 0x92, 0xF6, 0x92, 
  0xF6, 0x92, 0xF6, 0x92, 0xF6, 0x92, 0xF6, 0x92, 0xF6, 0x92, 0xF6, 0x92, 0xF6, 0x92, 0xF6, 0x92, 
  0xF6, 0x92, 0xF6, 0x92, 0xF6, 0x92, 0xF6, 0x92, 0xF6, 0x92, 0xF6, 0x92, 0xF6, 0x92, 0xF6, 0x92, 
  0xF6, 0x92, 0xF6, 0x92, 0xF6, 0x92, 0xF6, 0x92, 0xF6, 0x92, 0xF6, 0x92, 0xF6, 0x92, 0xF6, 0x92, 
  0xF6, 0x92, 0xF6, 0x92, 0xF6, 0x92, 0xF6, 0x92, 0xF6, 0x92, 0xF6, 0x92, 0xF6, 0x92, 0xF6, 0x92, 
  0xF6, 0x92, 0xF6, 0x92, 0xF6, 0x92, 0xF6, 0x92, 0xF6, 0x92, 0xF6, 0x92, 0xF6, 0x92, 0xF6, 0x92, 
  0xF6, 0x92, 0xF6, 0x92, 0xF6, 0x92, 0xF6, 0x92, 0xF6, 0x92, 0xF6, 0x92, 0xF6, 0x92, 0xF6, 0x92, 
  0xF6, 0x92, 0xF6, 0x92, 0xF6, 0x92, 0xF6, 0x92, 0xF6, 0x92, 0xF6, 0x92, 0xF6, 0x92, 0xF6, 0x92, 
  0xF6, 0x92, 0xF6, 0x92, 0xF6, 0x92, 0xF6, 0x92, 0xF6, 0x92, 0xF6, 0x92, 0xF6, 0x92, 0xF6, 0x92, 
  0xF6, 0x92, 0xF6, 0x92, 0xF6, 0x92, 0xF6, 0x92, 0xF6, 0x92, 0xF6, 0x92, 0xF6, 0x92, 0xF6, 0x92, 
  0xF6, 0x92, 0xF6, 0x92, 0x5A, 0x26, 0x5A, 0x26, 0x21, 0x26, 0x21, 0x26, 0x21, 0x26, 0x21, 0x26, 
  0x21, 0x26, 0x21, 0x26, 0x21, 0x26, 0x21, 0x26, 0x21, 0x26, 0x21, 0x26, 0x21, 0x26, 0x21, 0x26, 
  0x21, 0x26, 0x21, 0x26, 0x21, 0x26, 0x21, 0x26, 0x21, 0x26, 0x21, 0x26, 0x21, 0x26, 0x21, 0x26, 
  0x21, 0x26, 0x21, 0x26, 0x21, 0x26, 0x21, 0x26, 0x21, 0x26, 0x21, 0x26, 0x21, 0x26, 0x21, 0x26, 
  0x21, 0x26, 0x21, 0x26, 0x21, 0x26, 0x21, 0x26, 0x21, 0x26, 0x21, 0x26, 0x21, 0x26, 0x21, 0x26, 
  0x21, 0x26, 0x21, 0x26, 0x21, 0x26, 0x21, 0x26, 0x21, 0x26, 0x21, 0x26, 0x21, 0x26, 0x21, 0x26, 
  0x21, 0x26, 0x21, 0x26, 0x21, 0x26, 0x21, 0x26, 0x21, 0x26, 0x21, 0x26, 0x21, 0x26, 0x21, 0x26, 
  0x21, 0x26, 0x21, 0x26, 0x21, 0x26, 0x21, 0x26, 0x21, 0x26, 0x21, 0x26, 0x21, 0x26, 0x21, 0x26, 
  0x21, 0x26, 0x21, 0x26, 0x21, 0x26, 0x21, 0x26, 0x21, 0x26, 0x21, 0x26, 0x21, 0x26, 0x21, 0x26, 
  0x21, 0x26, 0x21, 0x26, 0x21, 0x26, 0x21, 0x26, 0x21, 0x26, 0x21, 0x26, 0x21, 0x26, 0x21, 0x26, 
  0x21, 0x26, 0x21, 0x26, 0x21, 0x26, 0x21, 0x26, 0x21, 0x26, 0x21, 0x26, 0x21, 0x26, 0x21, 0x26, 
  0x21, 0x26, 0x21, 0x26, 0x21, 0x26, 0x21, 0x26, 0x21, 0x26, 0x21, 0x26, 0x21, 0x26, 0x21, 0x26, 
  0x21, 0x26, 0x21, 0x26, 0x21, 0x26, 0x21, 0x26, 0x21, 0x26, 0x21, 0x26, 0x21, 0x26, 0x21, 0x26, 
  0x21, 0x26, 0x21, 0x26, 0x21, 0x26, 0x21, 0x26, 0x21, 0x26, 0x21, 0x26, 0x21, 0x26, 0x21, 0x26, 
  0x21, 0x26, 0x21, 0x26, 0x21, 0x26, 0x21, 0x26, 0x21, 0x26, 0x21, 0x26, 0x21, 0x26, 0x21, 0x26, 
  0x21, 0x26, 0x21, 0x26, 0x21, 0x26, 0x21, 0x26, 0x21, 0x26, 0x21, 0x26, 0x21, 0x26, 0x21, 0x26, 
  0x21, 0x26, 0x21, 0x26, 0x21, 0x26, 0x21, 0x26, 0x21, 0x26, 0x21, 0x26, 0x21, 0x26, 0x21, 0x26, 
  0x21, 0x26, 0x21, 0x26, 0x21, 0x26, 0x21, 0x26, 0x21, 0x26, 0x21, 0x26, 0x21, 0x26, 0x21, 0x26, 
  0x21, 0x26, 0x21, 0x26, 0x21, 0x26, 0x21, 0x26, 0x21, 0x26, 0x21, 0x26, 0x21, 0x26, 0x21, 0x26, 
  0x21, 0x26, 0x21, 0x26, 0x21, 0x26, 0x21, 0x26, 0x21, 0x26, 0x5A, 0x26, 0x5A, 0x26, 0xF6, 0x92, 
  0xF6, 0x92, 0xF6, 0x92, 0xF6, 0x92, 0xF6, 0x92, 0xF6, 0x92, 0xF6, 0x92, 0xF6, 0x92, 0xF6, 0x92, 
  0xF6, 0x92, 0xF6, 0x92, 0xF6, 0x92, 0xF6, 0x92, 0xF6, 0x92, 0xF6, 0x92, 0xF6, 0x92, 0xF6, 0x92, 
  0xF6, 0x92, 0xF6, 0x92, 0xF6, 0x92, 0xF6, 0x92, 0xF6, 0x92, 0xF6, 0x92, 0xF6, 0x92, 0xF6, 0x92, 
  0xF6, 0x92, 0xF6, 0x92, 0xF6, 0x92, 0xF6, 0x92, 0xF6, 0x92, 0xF6, 0x92, 0xF6, 0x92, 0xF6, 0x92, 
  0xF6, 0x92, 0xF6, 0x92, 0xF6, 0x92, 0xF6, 0x92, 0xF6, 0x92, 0xF6, 0x92, 0xF6, 0x92, 0xF6, 0x92, 
  0xF6, 0x92, 0xF6, 0x92, 0xF6, 0x92, 0xF6, 0x92, 0xF6, 0x92, 0xF6, 0x92, 0xF6, 0x92, 0xF6, 0x92, 
  0xF6, 0x92, 0xF6, 0x92, 0xF6, 0x92, 0xF6, 0x92, 0xF6, 0x92, 0xF6, 0x92, 0xF6, 0x92, 0xF6, 0x92, 
  0xF6, 0x92, 0xF6, 0x92, 0xF6, 0x92, 0xF6, 0x92, 0xF6, 0x92, 0xF6, 0x92, 0xF6, 0x92, 0xF6, 0x92, 
  0xF6, 0x92, 0xF6, 0x92, 0xF6, 0x92, 0xF6, 0x92, 0xF6, 0x92, 0xF6, 0x92, 0xF6, 0x92, 0xF6, 0x92, 
  0xF6, 0x92, 0xF6, 0x92, 0xF6, 0x92, 0xF6, 0x92, 0xF6, 0x92, 0xF6, 0x92, 0xF6, 0x92, 0xF6, 0x92, 
  0xF6, 0x92, 0xF6, 0x92, 0x5A, 0x26, 0x5A, 0x26, 0x21, 0x26, 0x21, 0x26, 0x21, 0x26, 0x21, 0x26, 
  0x21, 0x26, 0x21, 0x26, 0x21, 0x26, 0x21, 0x26, 0x21, 0x26, 0x21, 0x26, 0x21, 0x26, 0x21, 0x26, 
  0x21, 0x26, 0x21, 0x26, 0x21, 0x26, 0x21, 0x26, 0x21, 0x26, 0x21, 0x26, 0x21, 0x26, 0x21, 0x26, 
  0x21, 0x26, 0x21, 0x26, 0x21, 0x26, 0x21, 0x26, 0x21, 0x26, 0x21, 0x26, 0x21, 0x26, 0x21, 0x26, 
  0x21, 0x26, 0x21, 0x26, 0x21, 0x26, 0x21, 0x26, 0x21, 0x26, 0x21, 0x26, 0x21, 0x26, 0x21, 0x26, 
  0x21, 0x26, 0x21, 0x26, 0x21, 0x26, 0x21, 0x26, 0x21, 0x26, 0x21, 0x26, 0x21, 0x26, 0x21, 0x26, 
  0x21, 0x26, 0x21, 0x26, 0x21, 0x26, 0x21, 0x26, 0x21, 0x26, 0x21, 0x26, 0x21, 0x26, 0x21, 0x26, 
  0x21, 0x26, 0x21, 0x26, 0x21, 0x26, 0x21, 0x26, 0x21, 0x26, 0x21, 0x26, 0x21, 0x26, 0x21, 0x26, 
  0x21, 0x26, 0x21, 0x26, 0x21, 0x26, 0x21, 0x26, 0x21, 0x26, 0x21, 0x26, 0x21, 0x26, 0x21, 0x26, 
  0x21, 0x26, 0x21, 0x26, 0x21, 0x26, 0x21, 0x26, 0x21, 0x26, 0x21, 0x26, 0x21, 0x26, 0x21, 0x26, 
  0x21, 0x26, 0x21, 0x26, 0x21, 0x26, 0x21, 0x26, 0x21, 0x26, 0x21, 0x26, 0x21, 0x26, 0x21, 0x26, 
  0x21, 0x26, 0x21, 0x26, 0x21, 0x26, 0x21, 0x26, 0x21, 0x26, 0x21, 0x26, 0x21, 0x26, 0x21, 0x26, 
  0x21, 0x26, 0x21, 0x26, 0x21, 0x26, 0x21, 0x26, 0x21, 0x26, 0x21, 0x26, 0x21, 0x26, 0x21, 0x26, 
  0x21, 0x26, 0x21, 0x26, 0x21, 0x26, 0x21, 0x26, 0x21, 0x26, 0x21, 0x26, 0x21, 0x26, 0x21, 0x26, 
  0x21, 0x26, 0x21, 0x26, 0x21, 0x26, 0x21, 0x26, 0x21, 0x26, 0x21, 0x26, 0x21, 0x26, 0x21, 0x26, 
  0x21, 0x26, 0x21, 0x26, 0x21, 0x26, 0x21, 0x26, 0x21, 0x26, 0x21, 0x26, 0x21, 0x26, 0x21, 0x26, 
  0x21, 0x26, 0x21, 0x26, 0x21, 0x26, 0x21, 0x26, 0x21, 0x26, 0x21, 0x26, 0x21, 0x26, 0x21, 0x26, 
  0x21, 0x26, 0x21, 0x26, 0x21, 0x26, 0x21, 0x26, 0x21, 0x26, 0x21, 0x26, 0x21, 0x26, 0x21, 0x26, 
  0x21, 0x26, 0x21, 0x26, 0x21, 0x26, 0x21, 0x26, 0x21, 0x26, 0x21, 0x26, 0x21, 0x26, 0x21, 0x26, 
  0x21, 0x26, 0x21, 0x26, 0x21, 0x26, 0x21, 0x26, 0x5A, 0x26, 0x5A, 0x26, 0xF6, 0x92, 0xF6, 0x92, 
  0xF6, 0x92, 0xF6, 0x92, 0xF6, 0x92, 0xF6, 0x92, 0xF6, 0x92, 0xF6, 0x92, 0xF6, 0x92, 0xF6, 0x92, 
  0xF6, 0x92, 0xF6, 0x92, 0xF6, 0x92, 0xF6, 0x92, 0xF6, 0x92, 0xF6, 0x92, 0xF6, 0x92, 0xF6, 0x92, 
  0xF6, 0x92, 0xF6, 0x92, 0xF6, 0x92, 0xF6, 0x92, 0xF6, 0x92, 0xF6, 0x92, 0xF6, 0x92, 0xF6, 0x92, 
  0xF6, 0x92, 0xF6, 0x92, 0xF6, 0x92, 0xF6, 0x92, 0xF6, 0x92, 0xF6, 0x92, 0xF6, 0x92, 0xF6, 0x92, 
  0xF6, 0x92, 0xF6, 0x92, 0xF6, 0x92, 0xF6, 0x92, 0xF6, 0x92, 0xF6, 0x92, 0xF6, 0x92, 0xF6, 0x92, 
  0xF6, 0x92, 0xF6, 0x92, 0xF6, 0x92, 0xF6, 0x92, 0xF6, 0x92, 0xF6, 0x92, 0xF6, 0x92, 0xF6, 0x92, 
  0xF6, 0x92, 0xF6, 0x92, 0xF6, 0x92, 0xF6, 0x92, 0xF6, 0x92, 0xF6, 0x92, 0xF6, 0x92, 0xF6, 0x92, 
  0xF6, 0x92, 0xF6, 0x92, 0xF6, 0x92, 0xF6, 0x92, 0xF6, 0x92, 0xF6, 0x92, 0xF6, 0x92, 0xF6, 0x92, 
  0xF6, 0x92, 0xF6, 0x92, 0xF6, 0x92, 0xF6, 0x92, 0xF6, 0x92, 0xF6, 0x92, 0xF6, 0x92, 0xF6, 0x92, 
  0xF6, 0x92, 0xF6, 0x92, 0xF6, 0x92, 0xF6, 0x92, 0xF6, 0x92, 0xF6, 0x92, 0xF6, 0x92, 0xF6, 0x92, 
  0xF6, 0x92, 0xF6, 0x92, 0xF6, 0x92, 0x5A, 0x26, 0x5A, 0x26, 0x21, 0x26, 0x21, 0x26, 0x21, 0x26, 
  0x21, 0x26, 0x21, 0x26, 0x21, 0x26, 0x21, 0x26, 0x21, 0x26, 0x21, 0x26, 0x21, 0x26, 0x21, 0x26, 
  0x21, 0x26, 0x21, 0x26, 0x21, 0x26, 0x21, 0x26, 0x21, 0x26, 0x21, 0x26, 0x21, 0x26, 0x21, 0x26, 
  0x21, 0x26, 0x21, 0x26, 0x21, 0x26, 0x21, 0x26, 0x21, 0x26, 0x21, 0x26, 0x21, 0x26, 0x21, 0x26, 
  0x21, 0x26, 0x21, 0x26, 0x21, 0x26, 0x21, 0x26, 0x21, 0x26, 0x21, 0x26, 0x21, 0x26, 0x21, 0x26, 
  0x21, 0x26, 0x21, 0x26, 0x21, 0x26, 0x21, 0x26, 0x21, 0x26, 0x21, 0x26, 0x21, 0x26, 0x21, 0x26, 
  0x21, 0x26, 0x21, 0x26, 0x21, 0x26, 0x21, 0x26, 0x21, 0x26, 0x21, 0x26, 0x21, 0x26, 0x21, 0x26, 
  0x21, 0x26, 0x21, 0x26, 0x21, 0x26, 0x21, 0x26, 0x21, 0x26, 0x21, 0x26, 0x21, 0x26, 0x21, 0x26, 
  0x21, 0x26, 0x21, 0x26, 0x21, 0x26, 0x21, 0x26, 0x21, 0x26, 0x21, 0x26, 0x21, 0x26, 0x21, 0x26, 
  0x21, 0x26, 0x21, 0x26, 0x21, 0x26, 0x21, 0x26, 0x21, 0x26, 0x21, 0x26, 0x21, 0x26, 0x21, 0x26, 
  0x21, 0x26, 0x21, 0x26, 0x21, 0x26, 0x21, 0x26, 0x21, 0x26, 0x21, 0x26, 0x21, 0x26, 0x21, 0x26, 
  0x21, 0x26, 0x21, 0x26, 0x21, 0x26, 0x21, 0x26, 0x21, 0x26, 0x21, 0x26, 0x21, 0x26, 0x21, 0x26, 
  0x21, 0x26, 0x21, 0x26, 0x21, 0x26, 0x21, 0x26, 0x21, 0x26, 0x21, 0x26, 0x21, 0x26, 0x21, 0x26, 
  0x21, 0x26, 0x21, 0x26, 0x21, 0x26, 0x21, 0x26, 0x21, 0x26, 0x21, 0x26, 0x21, 0x26, 0x21, 0x26, 
  0x21, 0x26, 0x21, 0x26, 0x21, 0x26, 0x21, 0x26, 0x21, 0x26, 0x21, 0x26, 0x21, 0x26, 0x21, 0x26, 
  0x21, 0x26, 0x21, 0x26, 0x21, 0x26, 0x21, 0x26, 0x21, 0x26, 0x21, 0x26, 0x21, 0x26, 0x21, 0x26, 
  0x21, 0x26, 0x21, 0x26, 0x21, 0x26, 0x21, 0x26, 0x21, 0x26, 0x21, 0x26, 0x21, 0x26, 0x21, 0x26, 
  0x21, 0x26, 0x21, 0x26, 0x21, 0x26, 0x21, 0x26, 0x21, 0x26, 0x21, 0x26, 0x21, 0x26, 0x21, 0x26, 
  0x21, 0x26, 0x21, 0x26, 0x21, 0x26, 0x21, 0x26, 0x21, 0x26, 0x21, 0x26, 0x21, 0x26, 0x21, 0x26, 
  0x21, 0x26, 0x21, 0x26, 0x21, 0x26, 0x21, 0x26, 0x5A, 0x26, 0x5A, 0x26, 0xF6, 0x92, 0xF6, 0x92, 
  0xF6, 0x92, 0xF6, 0x92, 0xF6, 0x92, 0xF6, 0x92, 0xF6, 0x92, 0xF6, 0x92, 0xF6, 0x92, 0xF6, 0x92, 
  0xF6, 0x92, 0xF6, 0x92, 0xF6, 0x92, 0xF6, 0x92, 0xF6, 0x92, 0xF6, 0x92, 0xF6, 0x92, 0xF6, 0x92, 
  0xF6, 0x92, 0xF6, 0x92, 0xF6, 0x92, 0xF6, 0x92, 0xF6, 0x92, 0xF6, 0x92, 0xF6, 0x92, 0xF6, 0x92, 
  0xF6, 0x92, 0xF6, 0x92, 0xF6, 0x92, 0xF6, 0x92, 0xF6, 0x92, 0xF6, 0x92, 0xF6, 0x92, 0xF6, 0x92, 
  0xF6, 0x92, 0xF6, 0x92, 0xF6, 0x92, 0xF6, 0x92, 0xF6, 0x92, 0xF6, 0x92, 0xF6, 0x92, 0xF6, 0x92, 
  0xF6, 0x92, 0xF6, 0x92, 0xF6, 0x92, 0xF6, 0x92, 0xF6, 0x92, 0xF6, 0x92, 0xF6, 0x92, 0xF6, 0x92, 
  0xF6, 0x92, 0xF6, 0x92, 0xF6, 0x92, 0xF6, 0x92, 0xF6, 0x92, 0xF6, 0x92, 0xF6, 0x92, 0xF6, 0x92, 
  0xF6, 0x92, 0xF6, 0x92, 0xF6, 0x92, 0xF6, 0x92, 0xF6, 0x92, 0xF6, 0x92, 0xF6, 0x92, 0xF6, 0x92, 
  0xF6, 0x92, 0xF6, 0x92, 0xF6, 0x92, 0xF6, 0x92, 0xF6, 0x92, 0xF6, 0x92, 0xF6, 0x92, 0xF6, 0x92, 
  0xF6, 0x92, 0xF6, 0x92, 0xF6, 0x92, 0xF6, 0x92, 0xF6, 0x92, 0xF6, 0x92, 0xF6, 0x92, 0xF6, 0x92, 
  0xF6, 0x92, 0xF6, 0x92, 0xF6, 0x92, 0x5A, 0x26, 0x5A, 0x26, 0x21, 0x26, 0x21, 0x26, 0x21, 0x26, 
  0x21, 0x26, 0x21, 0x26, 0x21, 0x26, 0x21, 0x26, 0x21, 0x26, 0x21, 0x26, 0x21, 0x26, 0x21, 0x26, 
  0x21, 0x26, 0x21, 0x26, 0x21, 0x26, 0x21, 0x26, 0x21, 0x26, 0x21, 0x26, 0x21, 0x26, 0x21, 0x26, 
  0x21, 0x26, 0x21, 0x26, 0x21, 0x26, 0x21, 0x26, 0x21, 0x26, 0x21, 0x26, 0x21, 0x26, 0x21, 0x26, 
  0x21, 0x26, 0x21, 0x26, 0x21, 0x26, 0x21, 0x26, 0x21, 0x26, 0x21, 0x26, 0x21, 0x26, 0x21, 0x26, 
  0x21, 0x26, 0x21, 0x26, 0x21, 0x26, 0x21, 0x26, 0x21, 0x26, 0x21, 0x26, 0x21, 0x26, 0x21, 0x26, 
  0x21, 0x26, 0x21, 0x26, 0x21, 0x26, 0x21, 0x26, 0x21, 0x26, 0x21, 0x26, 0x21, 0x26, 0x21, 0x26, 
  0x21, 0x26, 0x21, 0x26, 0x21, 0x26, 0x21, 0x26, 0x21, 0x26, 0x21, 0x26, 0x21, 0x26, 0x21, 0x26, 
  0x21, 0x26, 0x21, 0x26, 0x21, 0x26, 0x21, 0x26, 0x21, 0x26, 0x21, 0x26, 0x21, 0x26, 0x21, 0x26, 
  0x21, 0x26, 0x21, 0x26, 0x21, 0x26, 0x21, 0x26, 0x21, 0x26, 0x21, 0x26, 0x21, 0x26, 0x21, 0x26, 
  0x21, 0x26, 0x21, 0x26, 0x21, 0x26, 0x21, 0x26, 0x21, 0x26, 0x21, 0x26, 0x21, 0x26, 0x21, 0x26, 
  0x21, 0x26, 0x21, 0x26, 0x21, 0x26, 0x21, 0x26, 0x21, 0x26, 0x21, 0x26, 0x21, 0x26, 0x21, 0x26, 
  0x21, 0x26, 0x21, 0x26, 0x21, 0x26, 0x21, 0x26, 0x21, 0x26, 0x21, 0x26, 0x21, 0x26, 0x21, 0x26, 
  0x21, 0x26, 0x21, 0x26, 0x21, 0x26, 0x21, 0x26, 0x21, 0x26, 0x21, 0x26, 0x21, 0x26, 0x21, 0x26, 
  0x21, 0x26, 0x21, 0x26, 0x21, 0x26, 0x21, 0x26, 0x21, 0x26, 0x21, 0x26, 0x21, 0x26, 0x21, 0x26, 
  0x21, 0x26, 0x21, 0x26, 0x21, 0x26, 0x21, 0x26, 0x21, 0x26, 0x21, 0x26, 0x21, 0x26, 0x21, 0x26, 
  0x21, 0x26, 0x21, 0x26, 0x21, 0x26, 0x21, 0x26, 0x21, 0x26, 0x21, 0x26, 0x21, 0x26, 0x21, 0x26, 
  0x21, 0x26, 0x21, 0x26, 0x21, 0x26, 0x21, 0x26, 0x21, 0x26, 0x21, 0x26, 0x21, 0x26, 0x21, 0x26, 
  0x21, 0x26, 0x21, 0x26, 0x21, 0x26, 0x21, 0x26, 0x21, 0x26, 0x21, 0x26, 0x21, 0x26, 0x21, 0x26, 
  0x21, 0x26, 0x21, 0x26, 0x21, 0x26, 0x5A, 0x26, 0x5A, 0x26, 0xF6, 0x92, 0xF6, 0x92, 0xF6, 0x92, 
  0xF6, 0x92, 0xF6, 0x92, 0xF6, 0x92, 0xF6, 0x92, 0xF6, 0x92, 0xF6, 0x92, 0xF6, 0x92, 0xF6, 0x92, 
  0xF6, 0x92, 0xF6, 0x92, 0xF6, 0x92, 0xF6, 0x92, 0xF6, 0x92, 0xF6, 0x92, 0xF6, 0x92, 0xF6, 0x92, 
  0xF6, 0x92, 0xF6, 0x92, 0xF6, 0x92, 0xF6, 0x92, 0xF6, 0x92, 0xF6, 0x92, 0xF6, 0x92, 0xF6, 0x92, 
  0xF6, 0x92, 0xF6, 0x92, 0xF6, 0x92, 0xF6, 0x92, 0xF6, 0x92, 0xF6, 0x92, 0xF6, 0x92, 0xF6, 0x92, 
  0xF6, 0x92, 0xF6, 0x92, 0xF6, 0x92, 0xF6, 0x92, 0xF6, 0x92, 0xF6, 0x92, 0xF6, 0x92, 0xF6, 0x92, 
  0xF6, 0x92, 0xF6, 0x92, 0xF6, 0x92, 0xF6, 0x92, 0xF6, 0x92, 0xF6, 0x92, 0xF6, 0x92, 0xF6, 0x92, 
  0xF6, 0x92, 0xF6, 0x92, 0xF6, 0x92, 0xF6, 0x92, 0xF6, 0x92, 0xF6, 0x92, 0xF6, 0x92, 0xF6, 0x92, 
  0xF6, 0x92, 0xF6, 0x92, 0xF6, 0x92, 0xF6, 0x92, 0xF6, 0x92, 0xF6, 0x92, 0xF6, 0x92, 0xF6, 0x92, 
  0xF6, 0x92, 0xF6, 0x92, 0xF6, 0x92, 0xF6, 0x92, 0xF6, 0x92, 0xF6, 0x92, 0xF6, 0x92, 0xF6, 0x92, 
  0xF6, 0x92, 0xF6, 0x92, 0xF6, 0x92, 0xF6, 0x92, 0xF6, 0x92, 0xF6, 0x92, 0xF6, 0x92, 0xF6, 0x92, 
  0xF6, 0x92, 0xF6, 0x92, 0xF6, 0x92, 0xF6, 0x92, 0x5A, 0x26, 0x5A, 0x26, 0x21, 0x26, 0x21, 0x26, 
  0x21, 0x26, 0x21, 0x26, 0x21, 0x26, 0x21, 0x26, 0x21, 0x26, 0x21, 0x26, 0x21, 0x26, 0x21, 0x26, 
  0x21, 0x26, 0x21, 0x26, 0x21, 0x26, 0x21, 0x26, 0x21, 0x26, 0x21, 0x26, 0x21, 0x26, 0x21, 0x26, 
  0x21, 0x26, 0x21, 0x26, 0x21, 0x26, 0x21, 0x26, 0x21, 0x26, 0x21, 0x26, 0x21, 0x26, 0x21, 0x26, 
  0x21, 0x26, 0x21, 0x26, 0x21, 0x26, 0x21, 0x26, 0x21, 0x26, 0x21, 0x26, 0x21, 0x26, 0x21, 0x26, 
  0x21, 0x26, 0x21, 0x26, 0x21, 0x26, 0x21, 0x26, 0x21, 0x26, 0x21, 0x26, 0x21, 0x26, 0x21, 0x26, 
  0x21, 0x26, 0x21, 0x26, 0x21, 0x26, 0x21, 0x26, 0x21, 0x26, 0x21, 0x26, 0x21, 0x26, 0x21, 0x26, 
  0x21, 0x26, 0x21, 0x26, 0x21, 0x26, 0x21, 0x26, 0x21, 0x26, 0x21, 0x26, 0x21, 0x26, 0x21, 0x26, 
  0x21, 0x26, 0x21, 0x26, 0x21, 0x26, 0x21, 0x26, 0x21, 0x26, 0x21, 0x26, 0x21, 0x26, 0x21, 0x26, 
  0x21, 0x26, 0x21, 0x26, 0x21, 0x26, 0x21, 0x26, 0x21, 0x26, 0x21, 0x26, 0x21, 0x26, 0x21, 0x26, 
  0x21, 0x26, 0x21, 0x26, 0x21, 0x26, 0x21, 0x26, 0x21, 0x26, 0x21, 0x26, 0x21, 0x26, 0x21, 0x26, 
  0x21, 0x26, 0x21, 0x26, 0x21, 0x26, 0x21, 0x26, 0x21, 0x26, 0x21, 0x26, 0x21, 0x26, 0x21, 0x26, 
  0x21, 0x26, 0x21, 0x26, 0x21, 0x26, 0x21, 0x26, 0x21, 0x26, 0x21, 0x26, 0x21, 0x26, 0x21, 0x26, 
  0x21, 0x26, 0x21, 0x26, 0x21, 0x26, 0x21, 0x26, 0x21, 0x26, 0x21, 0x26, 0x21, 0x26, 0x21, 0x26, 
  0x21, 0x26, 0x21, 0x26, 0x21, 0x26, 0x21, 0x26, 0x21, 0x26, 0x21, 0x26, 0x21, 0x26, 0x21, 0x26, 
  0x21, 0x26, 0x21, 0x26, 0x21, 0x26, 0x21, 0x26, 0x21, 0x26, 0x21, 0x26, 0x21, 0x26, 0x21, 0x26, 
  0x21, 0x26, 0x21, 0x26, 0x21, 0x26, 0x21, 0x26, 0x21, 0x26, 0x21, 0x26, 0x21, 0x26, 0x21, 0x26, 
  0x21, 0x26, 0x21, 0x26, 0x21, 0x26, 0x21, 0x26, 0x21, 0x26, 0x21, 0x26, 0x21, 0x26, 0x21, 0x26, 
  0x21, 0x26, 0x21, 0x26, 0x21, 0x26, 0x21, 0x26, 0x21, 0x26, 0x21, 0x26, 0x21, 0x26, 0x21, 0x26, 
  0x21, 0x26, 0x21, 0x26, 0x21, 0x26, 0x5A, 0x26, 0x5A, 0x26, 0xF6, 0x92, 0xF6, 0x92, 0xF6, 0x92, 
  0xF6, 0x92, 0xF6, 0x92, 0xF6, 0x92, 0xF6, 0x92, 0xF6, 0x92, 0xF6, 0x92, 0xF6, 0x92, 0xF6, 0x92, 
  0xF6, 0x92, 0xF6, 0x92, 0xF6, 0x92, 0xF6, 0x92, 0xF6, 0x92, 0xF6, 0x92, 0xF6, 0x92, 0xF6, 0x92, 
  0xF6, 0x92, 0xF6, 0x92, 0xF6, 0x92, 0xF6, 0x92, 0xF6, 0x92, 0xF6, 0x92, 0xF6, 0x92, 0xF6, 0x92, 
  0xF6, 0x92, 0xF6, 0x92, 0xF6, 0x92, 0xF6, 0x92, 0xF6, 0x92, 0xF6, 0x92, 0xF6, 0x92, 0xF6, 0x92, 
  0xF6, 0x92, 0xF6, 0x92, 0xF6, 0x92, 0xF6, 0x92, 0xF6, 0x92, 0xF6, 0x92, 0xF6, 0x92, 0xF6, 0x92, 
  0xF6, 0x92, 0xF6, 0x92, 0xF6, 0x92, 0xF6, 0x92, 0xF6, 0x92, 0xF6, 0x92, 0xF6, 0x92, 0xF6, 0x92, 
  0xF6, 0x92, 0xF6, 0x92, 0xF6, 0x92, 0xF6, 0x92, 0xF6, 0x92, 0xF6, 0x92, 0xF6, 0x92, 0xF6, 0x92, 
  0xF6, 0x92, 0xF6, 0x92, 0xF6, 0x92, 0xF6, 0x92, 0xF6, 0x92, 0xF6, 0x92, 0xF6, 0x92, 0xF6, 0x92, 
  0xF6, 0x92, 0xF6, 0x92, 0xF6, 0x92, 0xF6, 0x92, 0xF6, 0x92, 0xF6, 0x92, 0xF6, 0x92, 0xF6, 0x92, 
  0xF6, 0x92, 0xF6, 0x92, 0xF6, 0x92, 0xF6, 0x92, 0xF6, 0x92, 0xF6, 0x92, 0xF6, 0x92, 0xF6, 0x92, 
  0xF6, 0x92, 0xF6, 0x92, 0xF6, 0x92, 0xF6, 0x92, 0x5A, 0x26, 0x5A, 0x26, 0x21, 0x26, 0x21, 0x26, 
  0x21, 0x26, 0x21, 0x26, 0x21, 0x26, 0x21, 0x26, 0x21, 0x26, 0x21, 0x26, 0x21, 0x26, 0x21, 0x26, 
  0x21, 0x26, 0x21, 0x26, 0x21, 0x26, 0x21, 0x26, 0x21, 0x26, 0x21, 0x26, 0x21, 0x26, 0x21, 0x26, 
  0x21, 0x26, 0x21, 0x26, 0x21, 0x26, 0x21, 0x26, 0x21, 0x26, 0x21, 0x26, 0x21, 0x26, 0x21, 0x26, 
  0x21, 0x26, 0x21, 0x26, 0x21, 0x26, 0x21, 0x26, 0x21, 0x26, 0x21, 0x26, 0x21, 0x26, 0x21, 0x26, 
  0x21, 0x26, 0x21, 0x26, 0x21, 0x26, 0x21, 0x26, 0x21, 0x26, 0x21, 0x26, 0x21, 0x26, 0x21, 0x26, 
  0x21, 0x26, 0x21, 0x26, 0x21, 0x26, 0x21, 0x26, 0x21, 0x26, 0x21, 0x26, 0x21, 0x26, 0x21, 0x26, 
  0x21, 0x26, 0x21, 0x26, 0x21, 0x26, 0x21, 0x26, 0x21, 0x26, 0x21, 0x26, 0x21, 0x26, 0x21, 0x26, 
  0x21, 0x26, 0x21, 0x26, 0x21, 0x26, 0x21, 0x26, 0x21, 0x26, 0x21, 0x26, 0x21, 0x26, 0x21, 0x26, 
  0x21, 0x26, 0x21, 0x26, 0x21, 0x26, 0x21, 0x26, 0x21, 0x26, 0x21, 0x26, 0x21, 0x26, 0x21, 0x26, 
  0x21, 0x26, 0x21, 0x26, 0x21, 0x26, 0x21, 0x26, 0x21, 0x26, 0x21, 0x26, 0x21, 0x26, 0x21, 0x26, 
  0x21, 0x26, 0x21, 0x26, 0x21, 0x26, 0x21, 0x26, 0x21, 0x26, 0x21, 0x26, 0x21, 0x26, 0x21, 0x26, 
  0x21, 0x26, 0x21, 0x26, 0x21, 0x26, 0x21, 0x26, 0x21, 0x26, 0x21, 0x26, 0x21, 0x26, 0x21, 0x26, 
  0x21, 0x26, 0x21, 0x26, 0x21, 0x26, 0x21, 0x26, 0x21, 0x26, 0x21, 0x26, 0x21, 0x26, 0x21, 0x26, 
  0x21, 0x26, 0x21, 0x26, 0x21, 0x26, 0x21, 0x26, 0x21, 0x26, 0x21, 0x26, 0x21, 0x26, 0x21, 0x26, 
  0x21, 0x26, 0x21, 0x26, 0x21, 0x26, 0x21, 0x26, 0x21, 0x26, 0x21, 0x26, 0x21, 0x26, 0x21, 0x26, 
  0x21, 0x26, 0x21, 0x26, 0x21, 0x26, 0x21, 0x26, 0x21, 0x26, 0x21, 0x26, 0x21, 0x26, 0x21, 0x26, 
  0x21, 0x26, 0x21, 0x26, 0x21, 0x26, 0x21, 0x26, 0x21, 0x26, 0x21, 0x26, 0x21, 0x26, 0x21, 0x26, 
  0x21, 0x26, 0x21, 0x26, 0x21, 0x26, 0x21, 0x26, 0x21, 0x26, 0x21, 0x26, 0x21, 0x26, 0x21, 0x26, 
  0x21, 0x26, 0x21, 0x26, 0x5A, 0x26, 0x5A, 0x26, 0xF6, 0x92, 0xF6, 0x92, 0xF6, 0x92, 0xF6, 0x92, 
  0xF6, 0x92, 0xF6, 0x92, 0xF6, 0x92, 0xF6, 0x92, 0xF6, 0x92, 0xF6, 0x92, 0xF6, 0x92, 0xF6, 0x92, 
  0xF6, 0x92, 0xF6, 0x92, 0xF6, 0x92, 0xF6, 0x92, 0xF6, 0x92, 0xF6, 0x92, 0xF6, 0x92, 0xF6, 0x92, 
  0xF6, 0x92, 0xF6, 0x92, 0xF6, 0x92, 0xF6, 0x92, 0xF6, 0x92, 0xF6, 0x92, 0xF6, 0x92, 0xF6, 0x92, 
  0xF6, 0x92, 0xF6, 0x92, 0xF6, 0x92, 0xF6, 0x92, 0xF6, 0x92, 0xF6, 0x92, 0xF6, 0x92, 0xF6, 0x92, 
  0xF6, 0x92, 0xF6, 0x92, 0xF6, 0x92, 0xF6, 0x92, 0xF6, 0x92, 0xF6, 0x92, 0xF6, 0x92, 0xF6, 0x92, 
  0xF6, 0x92, 0xF6, 0x92, 0xF6, 0x92, 0xF6, 0x92, 0xF6, 0x92, 0xF6, 0x92, 0xF6, 0x92, 0xF6, 0x92, 
  0xF6, 0x92, 0xF6, 0x92, 0xF6, 0x92, 0xF6, 0x92, 0xF6, 0x92, 0xF6, 0x92, 0xF6, 0x92, 0xF6, 0x92, 
  0xF6, 0x92, 0xF6, 0x92, 0xF6, 0x92, 0xF6, 0x92, 0xF6, 0x92, 0xF6, 0x92, 0xF6, 0x92, 0xF6, 0x92, 
  0xF6, 0x92, 0xF6, 0x92, 0xF6, 0x92, 0xF6, 0x92, 0xF6, 0x92, 0xF6, 0x92, 0xF6, 0x92, 0xF6, 0x92, 
  0xF6, 0x92, 0xF6, 0x92, 0xF6, 0x92, 0xF6, 0x92, 0xF6, 0x92, 0xF6, 0x92, 0xF6, 0x92, 0xF6, 0x92, 
  0xF6, 0x92, 0xF6, 0x92, 0xF6, 0x92, 0xF6, 0x92, 0xF6, 0x92, 0x5A, 0x26, 0x5A, 0x26, 0x21, 0x26, 
  0x21, 0x26, 0x21, 0x26, 0x21, 0x26, 0x21, 0x26, 0x21, 0x26, 0x21, 0x26, 0x21, 0x26, 0x21, 0x26, 
  0x21, 0x26, 0x21, 0x26, 0x21, 0x26, 0x21, 0x26, 0x21, 0x26, 0x21, 0x26, 0x21, 0x26, 0x21, 0x26, 
  0x21, 0x26, 0x21, 0x26, 0x21, 0x26, 0x21, 0x26, 0x21, 0x26, 0x21, 0x26, 0x21, 0x26, 0x21, 0x26, 
  0x21, 0x26, 0x21, 0x26, 0x21, 0x26, 0x21, 0x26, 0x21, 0x26, 0x21, 0x26, 0x21, 0x26, 0x21, 0x26, 
  0x21, 0x26, 0x21, 0x26, 0x21, 0x26, 0x21, 0x26, 0x21, 0x26, 0x21, 0x26, 0x21, 0x26, 0x21, 0x26, 
  0x21, 0x26, 0x21, 0x26, 0x21, 0x26, 0x21, 0x26, 0x21, 0x26, 0x21, 0x26, 0x21, 0x26, 0x21, 0x26, 
  0x21, 0x26, 0x21, 0x26, 0x21, 0x26, 0x21, 0x26, 0x21, 0x26, 0x21, 0x26, 0x21, 0x26, 0x21, 0x26, 
  0x21, 0x26, 0x21, 0x26, 0x21, 0x26, 0x21, 0x26, 0x21, 0x26, 0x21, 0x26, 0x21, 0x26, 0x21, 0x26, 
  0x21, 0x26, 0x21, 0x26, 0x21, 0x26, 0x21, 0x26, 0x21, 0x26, 0x21, 0x26, 0x21, 0x26, 0x21, 0x26, 
  0x21, 0x26, 0x21, 0x26, 0x21, 0x26, 0x21, 0x26, 0x21, 0x26, 0x21, 0x26, 0x21, 0x26, 0x21, 0x26, 
  0x21, 0x26, 0x21, 0x26, 0x21, 0x26, 0x21, 0x26, 0x21, 0x26, 0x21, 0x26, 0x21, 0x26, 0x21, 0x26, 
  0x21, 0x26, 0x21, 0x26, 0x21, 0x26, 0x21, 0x26, 0x21, 0x26, 0x21, 0x26, 0x21, 0x26, 0x21, 0x26, 
  0x21, 0x26, 0x21, 0x26, 0x21, 0x26, 0x21, 0x26, 0x21, 0x26, 0x21, 0x26, 0x21, 0x26, 0x21, 0x26, 
  0x21, 0x26, 0x21, 0x26, 0x21, 0x26, 0x21, 0x26, 0x21, 0x26, 0x21, 0x26, 0x21, 0x26, 0x21, 0x26, 
  0x21, 0x26, 0x21, 0x26, 0x21, 0x26, 0x21, 0x26, 0x21, 0x26, 0x21, 0x26, 0x21, 0x26, 0x21, 0x26, 
  0x21, 0x26, 0x21, 0x26, 0x21, 0x26, 0x21, 0x26, 0x21, 0x26, 0x21, 0x26, 0x21, 0x26, 0x21, 0x26, 
  0x21, 0x26, 0x21, 0x26, 0x21, 0x26, 0x21, 0x26, 0x21, 0x26, 0x21, 0x26, 0x21, 0x26, 0x21, 0x26, 
  0x21, 0x26, 0x21, 0x26, 0x21, 0x26, 0x21, 0x26, 0x21, 0x26, 0x21, 0x26, 0x21, 0x26, 0x21, 0x26, 
  0x21, 0x26, 0x21, 0x26, 0x5A, 0x26, 0x5A, 0x26, 0xF6, 0x92, 0xF6, 0x92, 0xF6, 0x92, 0xF6, 0x92, 
  0xF6, 0x92, 0xF6, 0x92, 0xF6, 0x92, 0xF6, 0x92, 0xF6, 0x92, 0xF6, 0x92, 0xF6, 0x92, 0xF6, 0x92, 
  0xF6, 0x92, 0xF6, 0x92, 0xF6, 0x92, 0xF6, 0x92, 0xF6, 0x92, 0xF6, 0x92, 0xF6, 0x92, 0xF6, 0x92, 
  0xF6, 0x92, 0xF6, 0x92, 0xF6, 0x92, 0xF6, 0x92, 0xF6, 0x92, 0xF6, 0x92, 0xF6, 0x92, 0xF6, 0x92, 
  0xF6, 0x92, 0xF6, 0x92, 0xF6, 0x92, 0xF6, 0x92, 0xF6, 0x92, 0xF6, 0x92, 0xF6, 0x92, 0xF6, 0x92, 
  0xF6, 0x92, 0xF6, 0x92, 0xF6, 0x92, 0xF6, 0x92, 0xF6, 0x92, 0xF6, 0x92, 0xF6, 0x92, 0xF6, 0x92, 
  0xF6, 0x92, 0xF6, 0x92, 0xF6, 0x92, 0xF6, 0x92, 0xF6, 0x92, 0xF6, 0x92, 0xF6, 0x92, 0xF6, 0x92, 
  0xF6, 0x92, 0xF6, 0x92, 0xF6, 0x92, 0xF6, 0x92, 0xF6, 0x92, 0xF6, 0x92, 0xF6, 0x92, 0xF6, 0x92, 
  0xF6, 0x92, 0xF6, 0x92, 0xF6, 0x92, 0xF6, 0x92, 0xF6, 0x92, 0xF6, 0x92, 0xF6, 0x92, 0xF6, 0x92, 
  0xF6, 0x92, 0xF6, 0x92, 0xF6, 0x92, 0xF6, 0x92, 0xF6, 0x92, 0xF6, 0x92, 0xF6, 0x92, 0xF6, 0x92, 
  0xF6, 0x92, 0xF6, 0x92, 0xF6, 0x92, 0xF6, 0x92, 0xF6, 0x92, 0xF6, 0x92, 0xF6, 0x92, 0xF6, 0x92, 
  0xF6, 0x92, 0xF6, 0x92, 0xF6, 0x92, 0xF6, 0x92, 0xF6, 0x92, 0x5A, 0x26, 0x5A, 0x26, 0x21, 0x26, 
  0x21, 0x26, 0x21, 0x26, 0x21, 0x26, 0x21, 0x26, 0x21, 0x26, 0x21, 0x26, 0x21, 0x26, 0x21, 0x26, 
  0x21, 0x26, 0x21, 0x26, 0x21, 0x26, 0x21, 0x26, 0x21, 0x26, 0x21, 0x26, 0x21, 0x26, 0x21, 0x26, 
  0x21, 0x26, 0x21, 0x26, 0x21, 0x26, 0x21, 0x26, 0x21, 0x26, 0x21, 0x26, 0x21, 0x26, 0x21, 0x26, 
  0x21, 0x26, 0x21, 0x26, 0x21, 0x26, 0x21, 0x26, 0x21, 0x26, 0x21, 0x26, 0x21, 0x26, 0x21, 0x26, 
  0x21, 0x26, 0x21, 0x26, 0x21, 0x26, 0x21, 0x26, 0x21, 0x26, 0x21, 0x26, 0x21, 0x26, 0x21, 0x26, 
  0x21, 0x26, 0x21, 0x26, 0x21, 0x26, 0x21, 0x26, 0x21, 0x26, 0x21, 0x26, 0x21, 0x26, 0x21, 0x26, 
  0x21, 0x26, 0x21, 0x26, 0x21, 0x26, 0x21, 0x26, 0x21, 0x26, 0x21, 0x26, 0x21, 0x26, 0x21, 0x26, 
  0x21, 0x26, 0x21, 0x26, 0x21, 0x26, 0x21, 0x26, 0x21, 0x26, 0x21, 0x26, 0x21, 0x26, 0x21, 0x26, 
  0x21, 0x26, 0x21, 0x26, 0x21, 0x26, 0x21, 0x26, 0x21, 0x26, 0x21, 0x26, 0x21, 0x26, 0x21, 0x26, 
  0x21, 0x26, 0x21, 0x26, 0x21, 0x26, 0x21, 0x26, 0x21, 0x26, 0x21, 0x26, 0x21, 0x26, 0x21, 0x26, 
  0x21, 0x26, 0x21, 0x26, 0x21, 0x26, 0x21, 0x26, 0x21, 0x26, 0x21, 0x26, 0x21, 0x26, 0x21, 0x26, 
  0x21, 0x26, 0x21, 0x26, 0x21, 0x26, 0x21, 0x26, 0x21, 0x26, 0x21, 0x26, 0x21, 0x26, 0x21, 0x26, 
  0x21, 0x26, 0x21, 0x26, 0x21, 0x26, 0x21, 0x26, 0x21, 0x26, 0x21, 0x26, 0x21, 0x26, 0x21, 0x26, 
  0x21, 0x26, 0x21, 0x26, 0x21, 0x26, 0x21, 0x26, 0x21, 0x26, 0x21, 0x26, 0x21, 0x26, 0x21, 0x26, 
  0x21, 0x26, 0x21, 0x26, 0x21, 0x26, 0x21, 0x26, 0x21, 0x26, 0x21, 0x26, 0x21, 0x26, 0x21, 0x26, 
  0x21, 0x26, 0x21, 0x26, 0x21, 0x26, 0x21, 0x26, 0x21, 0x26, 0x21, 0x26, 0x21, 0x26, 0x21, 0x26, 
  0x21, 0x26, 0x21, 0x26, 0x21, 0x26, 0x21, 0x26, 0x21, 0x26, 0x21, 0x26, 0x21, 0x26, 0x21, 0x26, 
  0x21, 0x26, 0x21, 0x26, 0x21, 0x26, 0x21, 0x26, 0x21, 0x26, 0x21, 0x26, 0x21, 0x26, 0x21, 0x26, 
  0x21, 0x26, 0x5A, 0x26, 0x5A, 0x26, 0xF6, 0x92, 0xF6, 0x92, 0xF6, 0x92, 0xF6, 0x92, 0xF6, 0x92, 
  0xF6, 0x92, 0xF6, 0x92, 0xF6, 0x92, 0xF6, 0x92, 0xF6, 0x92, 0xF6, 0x92, 0xF6, 0x92, 0xF6, 0x92, 
  0xF6, 0x92, 0xF6, 0x92, 0xF6, 0x92, 0xF6, 0x92, 0xF6, 0x92, 0xF6, 0x92, 0xF6, 0x92, 0xF6, 0x92, 
  0xF6, 0x92, 0xF6, 0x92, 0xF6, 0x92, 0xF6, 0x92, 0xF6, 0x92, 0xF6, 0x92, 0xF6, 0x92, 0xF6, 0x92, 
  0xF6, 0x92, 0xF6, 0x92, 0xF6, 0x92, 0xF6, 0x92, 0xF6, 0x92, 0xF6, 0x92, 0xF6, 0x92, 0xF6, 0x92, 
  0xF6, 0x92, 0xF6, 0x92, 0xF6, 0x92, 0xF6, 0x92, 0xF6, 0x92, 0xF6, 0x92, 0xF6, 0x92, 0xF6, 0x92, 
  0xF6, 0x92, 0xF6, 0x92, 0xF6, 0x92, 0xF6, 0x92, 0xF6, 0x92, 0xF6, 0x92, 0xF6, 0x92, 0xF6, 0x92, 
  0xF6, 0x92, 0xF6, 0x92, 0xF6, 0x92, 0xF6, 0x92, 0xF6, 0x92, 0xF6, 0x92, 0xF6, 0x92, 0xF6, 0x92, 
  0xF6, 0x92, 0xF6, 0x92, 0xF6, 0x92, 0xF6, 0x92, 0xF6, 0x92, 0xF6, 0x92, 0xF6, 0x92, 0xF6, 0x92, 
  0xF6, 0x92, 0xF6, 0x92, 0xF6, 0x92, 0xF6, 0x92, 0xF6, 0x92, 0xF6, 0x92, 0xF6, 0x92, 0xF6, 0x92, 
  0xF6, 0x92, 0xF6, 0x92, 0xF6, 0x92, 0xF6, 0x92, 0xF6, 0x92, 0xF6, 0x92, 0xF6, 0x92, 0xF6, 0x92, 
  0xF6, 0x92, 0xF6, 0x92, 0xF6, 0x92, 0xF6, 0x92, 0xF6, 0x92, 0xF6, 0x92, 0x5A, 0x26, 0x5A, 0x26, 
  0x21, 0x26, 0x21, 0x26, 0x21, 0x26, 0x21, 0x26, 0x21, 0x26, 0x21, 0x26, 0x21, 0x26, 0x21, 0x26, 
  0x21, 0x26, 0x21, 0x26, 0x21, 0x26, 0x21, 0x26, 0x21, 0x26, 0x21, 0x26, 0x21, 0x26, 0x21, 0x26, 
  0x21, 0x26, 0x21, 0x26, 0x21, 0x26, 0x21, 0x26, 0x21, 0x26, 0x21, 0x26, 0x21, 0x26, 0x21, 0x26, 
  0x21, 0x26, 0x21, 0x26, 0x21, 0x26, 0x21, 0x26, 0x21, 0x26, 0x21, 0x26, 0x21, 0x26, 0x21, 0x26, 
  0x21, 0x26, 0x21, 0x26, 0x21, 0x26, 0x21, 0x26, 0x21, 0x26, 0x21, 0x26, 0x21, 0x26, 0x21, 0x26, 
  0x21, 0x26, 0x21, 0x26, 0x21, 0x26, 0x21, 0x26, 0x21, 0x26, 0x21, 0x26, 0x21, 0x26, 0x21, 0x26, 
  0x21, 0x26, 0x21, 0x26, 0x21, 0x26, 0x21, 0x26, 0x21, 0x26, 0x21, 0x26, 0x21, 0x26, 0x21, 0x26, 
  0x21, 0x26, 0x21, 0x26, 0x21, 0x26, 0x21, 0x26, 0x21, 0x26, 0x21, 0x26, 0x21, 0x26, 0x21, 0x26, 
  0x21, 0x26, 0x21, 0x26, 0x21, 0x26, 0x21, 0x26, 0x21, 0x26, 0x21, 0x26, 0x21, 0x26, 0x21, 0x26, 
  0x21, 0x26, 0x21, 0x26, 0x21, 0x26, 0x21, 0x26, 0x21, 0x26, 0x21, 0x26, 0x21, 0x26, 0x21, 0x26, 
  0x21, 0x26, 0x21, 0x26, 0x21, 0x26, 0x21, 0x26, 0x21, 0x26, 0x21, 0x26, 0x21, 0x26, 0x21, 0x26, 
  0x21, 0x26, 0x21, 0x26, 0x21, 0x26, 0x21, 0x26, 0x21, 0x26, 0x21, 0x26, 0x21, 0x26, 0x21, 0x26, 
  0x21, 0x26, 0x21, 0x26, 0x21, 0x26, 0x21, 0x26, 0x21, 0x26, 0x21, 0x26, 0x21, 0x26, 0x21, 0x26, 
  0x21, 0x26, 0x21, 0x26, 0x21, 0x26, 0x21, 0x26, 0x21, 0x26, 0x21, 0x26, 0x21, 0x26, 0x21, 0x26, 
  0x21, 0x26, 0x21, 0x26, 0x21, 0x26, 0x21, 0x26, 0x21, 0x26, 0x21, 0x26, 0x21, 0x26, 0x21, 0x26, 
  0x21, 0x26, 0x21, 0x26, 0x21, 0x26, 0x21, 0x26, 0x21, 0x26, 0x21, 0x26, 0x21, 0x26, 0x21, 0x26, 
  0x21, 0x26, 0x21, 0x26, 0x21, 0x26, 0x21, 0x26, 0x21, 0x26, 0x21, 0x26, 0x21, 0x26, 0x21, 0x26, 
  0x21, 0x26, 0x21, 0x26, 0x21, 0x26, 0x21, 0x26, 0x21, 0x26, 0x21, 0x26, 0x21, 0x26, 0x21, 0x26, 
  0x21, 0x26, 0x5A, 0x26, 0x5A, 0x26, 0xF6, 0x92, 0xF6, 0x92, 0xF6, 0x92, 0xF6, 0x92, 0xF6, 0x92, 
  0xF6, 0x92, 0xF6, 0x92, 0xF6, 0x92, 0xF6, 0x92, 0xF6, 0x92, 0xF6, 0x92, 0xF6, 0x92, 0xF6, 0x92, 
  0xF6, 0x92, 0xF6, 0x92, 0xF6, 0x92, 0xF6, 0x92, 0xF6, 0x92, 0xF6, 0x92, 0xF6, 0x92, 0xF6, 0x92, 
  0xF6, 0x92, 0xF6, 0x92, 0xF6, 0x92, 0xF6, 0x92, 0xF6, 0x92, 0xF6, 0x92, 0xF6, 0x92, 0xF6, 0x92, 
  0xF6, 0x92, 0xF6, 0x92, 0xF6, 0x92, 0xF6, 0x92, 0xF6, 0x92, 0xF6, 0x92, 0xF6, 0x92, 0xF6, 0x92, 
  0xF6, 0x92, 0xF6, 0x92, 0xF6, 0x92, 0xF6, 0x92, 0xF6, 0x92, 0xF6, 0x92, 0xF6, 0x92, 0xF6, 0x92, 
  0xF6, 0x92, 0xF6, 0x92, 0xF6, 0x92, 0xF6, 0x92, 0xF6, 0x92, 0xF6, 0x92, 0xF6, 0x92, 0xF6, 0x92, 
  0xF6, 0x92, 0xF6, 0x92, 0xF6, 0x92, 0xF6, 0x92, 0xF6, 0x92, 0xF6, 0x92, 0xF6, 0x92, 0xF6, 0x92, 
  0xF6, 0x92, 0xF6, 0x92, 0xF6, 0x92, 0xF6, 0x92, 0xF6, 0x92, 0xF6, 0x92, 0xF6, 0x92, 0xF6, 0x92, 
  0xF6, 0x92, 0xF6, 0x92, 0xF6, 0x92, 0xF6, 0x92, 0xF6, 0x92, 0xF6, 0x92, 0xF6, 0x92, 0xF6, 0x92, 
  0xF6, 0x92, 0xF6, 0x92, 0xF6, 0x92, 0xF6, 0x92, 0xF6, 0x92, 0xF6, 0x92, 0xF6, 0x92, 0xF6, 0x92, 
  0xF6, 0x92, 0xF6, 0x92, 0xF6, 0x92, 0xF6, 0x92, 0xF6, 0x92, 0xF6, 0x92, 0x5A, 0x26, 0x5A, 0x26, 
  0x21, 0x26, 0x21, 0x26, 0x21, 0x26, 0x21, 0x26, 0x21, 0x26, 0x21, 0x26, 0x21, 0x26, 0x21, 0x26, 
  0x21, 0x26, 0x21, 0x26, 0x21, 0x26, 0x21, 0x26, 0x21, 0x26, 0x21, 0x26, 0x21, 0x26, 0x21, 0x26, 
  0x21, 0x26, 0x21, 0x26, 0x21, 0x26, 0x21, 0x26, 0x21, 0x26, 0x21, 0x26, 0x21, 0x26, 0x21, 0x26, 
  0x21, 0x26, 0x21, 0x26, 0x21, 0x26, 0x21, 0x26, 0x21, 0x26, 0x21, 0x26, 0x21, 0x26, 0x21, 0x26, 
  0x21, 0x26, 0x21, 0x26, 0x21, 0x26, 0x21, 0x26, 0x21, 0x26, 0x21, 0x26, 0x21, 0x26, 0x21, 0x26, 
  0x21, 0x26, 0x21, 0x26, 0x21, 0x26, 0x21, 0x26, 0x21, 0x26, 0x21, 0x26, 0x21, 0x26, 0x21, 0x26, 
  0x21, 0x26, 0x21, 0x26, 0x21, 0x26, 0x21, 0x26, 0x21, 0x26, 0x21, 0x26, 0x21, 0x26, 0x21, 0x26, 
  0x21, 0x26, 0x21, 0x26, 0x21, 0x26, 0x21, 0x26, 0x21, 0x26, 0x21, 0x26, 0x21, 0x26, 0x21, 0x26, 
  0x21, 0x26, 0x21, 0x26, 0x21, 0x26, 0x21, 0x26, 0x21, 0x26, 0x21, 0x26, 0x21, 0x26, 0x21, 0x26, 
  0x21, 0x26, 0x21, 0x26, 0x21, 0x26, 0x21, 0x26, 0x21, 0x26, 0x21, 0x26, 0x21, 0x26, 0x21, 0x26, 
  0x21, 0x26, 0x21, 0x26, 0x21, 0x26, 0x21, 0x26, 0x21, 0x26, 0x21, 0x26, 0x21, 0x26, 0x21, 0x26, 
  0x21, 0x26, 0x21, 0x26, 0x21, 0x26, 0x21, 0x26, 0x21, 0x26, 0x21, 0x26, 0x21, 0x26, 0x21, 0x26, 
  0x21, 0x26, 0x21, 0x26, 0x21, 0x26, 0x21, 0x26, 0x21, 0x26, 0x21, 0x26, 0x21, 0x26, 0x21, 0x26, 
  0x21, 0x26, 0x21, 0x26, 0x21, 0x26, 0x21, 0x26, 0x21, 0x26, 0x21, 0x26, 0x21, 0x26, 0x21, 0x26, 
  0x21, 0x26, 0x21, 0x26, 0x21, 0x26, 0x21, 0x26, 0x21, 0x26, 0x21, 0x26, 0x21, 0x26, 0x21, 0x26, 
  0x21, 0x26, 0x21, 0x26, 0x21, 0x26, 0x21, 0x26, 0x21, 0x26, 0x21, 0x26, 0x21, 0x26, 0x21, 0x26, 
  0x21, 0x26, 0x21, 0x26, 0x21, 0x26, 0x21, 0x26, 0x21, 0x26, 0x21, 0x26, 0x21, 0x26, 0x21, 0x26, 
  0x21, 0x26, 0x21, 0x26, 0x21, 0x26, 0x21, 0x26, 0x21, 0x26, 0x21, 0x26, 0x21, 0x26, 0x21, 0x26, 
  0x21, 0x26, 0x5A, 0x26, 0x5A, 0x26, 0xF6, 0x92, 0xF6, 0x92, 0xF6, 0x92, 0xF6, 0x92, 0xF6, 0x92, 
  0xF6, 0x92, 0xF6, 0x92, 0xF6, 0x92, 0xF6, 0x92, 0xF6, 0x92, 0xF6, 0x92, 0xF6, 0x92, 0xF6, 0x92, 
  0xF6, 0x92, 0xF6, 0x92, 0xF6, 0x92, 0xF6, 0x92, 0xF6, 0x92, 0xF6, 0x92, 0xF6, 0x92, 0xF6, 0x92, 
  0xF6, 0x92, 0xF6, 0x92, 0xF6, 0x92, 0xF6, 0x92, 0xF6, 0x92, 0xF6, 0x92, 0xF6, 0x92, 0xF6, 0x92, 
  0xF6, 0x92, 0xF6, 0x92, 0xF6, 0x92, 0xF6, 0x92, 0xF6, 0x92, 0xF6, 0x92, 0xF6, 0x92, 0xF6, 0x92, 
  0xF6, 0x92, 0xF6, 0x92, 0xF6, 0x92, 0xF6, 0x92, 0xF6, 0x92, 0xF6, 0x92, 0xF6, 0x92, 0xF6, 0x92, 
  0xF6, 0x92, 0xF6, 0x92, 0xF6, 0x92, 0xF6, 0x92, 0xF6, 0x92, 0xF6, 0x92, 0xF6, 0x92, 0xF6, 0x92, 
  0xF6, 0x92, 0xF6, 0x92, 0xF6, 0x92, 0xF6, 0x92, 0xF6, 0x92, 0xF6, 0x92, 0xF6, 0x92, 0xF6, 0x92, 
  0xF6, 0x92, 0xF6, 0x92, 0xF6, 0x92, 0xF6, 0x92, 0xF6, 0x92, 0xF6, 0x92, 0xF6, 0x92, 0xF6, 0x92, 
  0xF6, 0x92, 0xF6, 0x92, 0xF6, 0x92, 0xF6, 0x92, 0xF6, 0x92, 0xF6, 0x92, 0xF6, 0x92, 0xF6, 0x92, 
  0xF6, 0x92, 0xF6, 0x92, 0xF6, 0x92, 0xF6, 0x92, 0xF6, 0x92, 0xF6, 0x92, 0xF6, 0x92, 0xF6, 0x92, 
  0xF6, 0x92, 0xF6, 0x92, 0xF6, 0x92, 0xF6, 0x92, 0xF6, 0x92, 0xF6, 0x92, 0x5A, 0x26, 0x5A, 0x26, 
  0x21, 0x26, 0x21, 0x26, 0x21, 0x26, 0x21, 0x26, 0x21, 0x26, 0x21, 0x26, 0x21, 0x26, 0x21, 0x26, 
  0x21, 0x26, 0x21, 0x26, 0x21, 0x26, 0x21, 0x26, 0x21, 0x26, 0x21, 0x26, 0x21, 0x26, 0x21, 0x26, 
  0x21, 0x26, 0x21, 0x26, 0x21, 0x26, 0x21, 0x26, 0x21, 0x26, 0x21, 0x26, 0x21, 0x26, 0x21, 0x26, 
  0x21, 0x26, 0x21, 0x26, 0x21, 0x26, 0x21, 0x26, 0x21, 0x26, 0x21, 0x26, 0x21, 0x26, 0x21, 0x26, 
  0x21, 0x26, 0x21, 0x26, 0x21, 0x26, 0x21, 0x26, 0x21, 0x26, 0x21, 0x26, 0x21, 0x26, 0x21, 0x26, 
  0x21, 0x26, 0x21, 0x26, 0x21, 0x26, 0x21, 0x26, 0x21, 0x26, 0x21, 0x26, 0x21, 0x26, 0x21, 0x26, 
  0x21, 0x26, 0x21, 0x26, 0x21, 0x26, 0x21, 0x26, 0x21, 0x26, 0x21, 0x26, 0x21, 0x26, 0x21, 0x26, 
  0x21, 0x26, 0x21, 0x26, 0x21, 0x26, 0x21, 0x26, 0x21, 0x26, 0x21, 0x26, 0x21, 0x26, 0x21, 0x26, 
  0x21, 0x26, 0x21, 0x26, 0x21, 0x26, 0x21, 0x26, 0x21, 0x26, 0x21, 0x26, 0x21, 0x26, 0x21, 0x26, 
  0x21, 0x26, 0x21, 0x26, 0x21, 0x26, 0x21, 0x26, 0x21, 0x26, 0x21, 0x26, 0x21, 0x26, 0x21, 0x26, 
  0x21, 0x26, 0x21, 0x26, 0x21, 0x26, 0x21, 0x26, 0x21, 0x26, 0x21, 0x26, 0x21, 0x26, 0x21, 0x26, 
  0x21, 0x26, 0x21, 0x26, 0x21, 0x26, 0x21, 0x26, 0x21, 0x26, 0x21, 0x26, 0x21, 0x26, 0x21, 0x26, 
  0x21, 0x26, 0x21, 0x26, 0x21, 0x26, 0x21, 0x26, 0x21, 0x26, 0x21, 0x26, 0x21, 0x26, 0x21, 0x26, 
  0x21, 0x26, 0x21, 0x26, 0x21, 0x26, 0x21, 0x26, 0x21, 0x26, 0x21, 0x26, 0x21, 0x26, 0x21, 0x26, 
  0x21, 0x26, 0x21, 0x26, 0x21, 0x26, 0x21, 0x26, 0x21, 0x26, 0x21, 0x26, 0x21, 0x26, 0x21, 0x26, 
  0x21, 0x26, 0x21, 0x26, 0x21, 0x26, 0x21, 0x26, 0x21, 0x26, 0x21, 0x26, 0x21, 0x26, 0x21, 0x26, 
  0x21, 0x26, 0x21, 0x26, 0x21, 0x26, 0x21, 0x26, 0x21, 0x26, 0x21, 0x26, 0x21, 0x26, 0x21, 0x26, 
  0x21, 0x26, 0x21, 0x26, 0x21, 0x26, 0x21, 0x26, 0x21, 0x26, 0x21, 0x26, 0x21, 0x26, 0x21, 0x26, 
  0x5A, 0x26, 0x5A, 0x26, 0xF6, 0x92, 0xF6, 0x92, 0xF6, 0x92, 0xF6, 0x92, 0xF6, 0x92, 0xF6, 0x92, 
  0xF6, 0x92, 0xF6, 0x92, 0xF6, 0x92, 0xF6, 0x92, 0xF6, 0x92, 0xF6, 0x92, 0xF6, 0x92, 0xF6, 0x92, 
  0xF6, 0x92, 0xF6, 0x92, 0xF6, 0x92, 0xF6, 0x92, 0xF6, 0x92, 0xF6, 0x92, 0xF6, 0x92, 0xF6, 0x92, 
  0xF6, 0x92, 0xF6, 0x92, 0xF6, 0x92, 0xF6, 0x92, 0xF6, 0x92, 0xF6, 0x92, 0xF6, 0x92, 0xF6, 0x92, 
  0xF6, 0x92, 0xF6, 0x92, 0xF6, 0x92, 0xF6, 0x92, 0xF6, 0x92, 0xF6, 0x92, 0xF6, 0x92, 0xF6, 0x92, 
  0xF6, 0x92, 0xF6, 0x92, 0xF6, 0x92, 0xF6, 0x92, 0xF6, 0x92, 0xF6, 0x92, 0xF6, 0x92, 0xF6, 0x92, 
  0xF6, 0x92, 0xF6, 0x92, 0xF6, 0x92, 0xF6, 0x92, 0xF6, 0x92, 0xF6, 0x92, 0xF6, 0x92, 0xF6, 0x92, 
  0xF6, 0x92, 0xF6, 0x92, 0xF6, 0x92, 0xF6, 0x92, 0xF6, 0x92, 0xF6, 0x92, 0xF6, 0x92, 0xF6, 0x92, 
  0xF6, 0x92, 0xF6, 0x92, 0xF6, 0x92, 0xF6, 0x92, 0xF6, 0x92, 0xF6, 0x92, 0xF6, 0x92, 0xF6, 0x92, 
  0xF6, 0x92, 0xF6, 0x92, 0xF6, 0x92, 0xF6, 0x92, 0xF6, 0x92, 0xF6, 0x92, 0xF6, 0x92, 0xF6, 0x92, 
  0xF6, 0x92, 0xF6, 0x92, 0xF6, 0x92, 0xF6, 0x92, 0xF6, 0x92, 0xF6, 0x92, 0xF6, 0x92, 0xF6, 0x92, 
  0xF6, 0x92, 0xF6, 0x92, 0xF6, 0x92, 0xF6, 0x92, 0xF6, 0x92, 0xF6, 0x92, 0xF6, 0x92, 0x5A, 0x26, 
  0x5A, 0x26, 0x21, 0x26, 0x21, 0x26, 0x21, 0x26, 0x21, 0x26, 0x21, 0x26, 0x21, 0x26, 0x21, 0x26, 
  0x21, 0x26, 0x21, 0x26, 0x21, 0x26, 0x21, 0x26, 0x21, 0x26, 0x21, 0x26, 0x21, 0x26, 0x21, 0x26, 
  0x21, 0x26, 0x21, 0x26, 0x21, 0x26, 0x21, 0x26, 0x21, 0x26, 0x21, 0x26, 0x21, 0x26, 0x21, 0x26, 
  0x21, 0x26, 0x21, 0x26, 0x21, 0x26, 0x21, 0x26, 0x21, 0x26, 0x21, 0x26, 0x21, 0x26, 0x21, 0x26, 
  0x21, 0x26, 0x21, 0x26, 0x21, 0x26, 0x21, 0x26, 0x21, 0x26, 0x21, 0x26, 0x21, 0x26, 0x21, 0x26, 
  0x21, 0x26, 0x21, 0x26, 0x21, 0x26, 0x21, 0x26, 0x21, 0x26, 0x21, 0x26, 0x21, 0x26, 0x21, 0x26, 
  0x21, 0x26, 0x21, 0x26, 0x21, 0x26, 0x21, 0x26, 0x21, 0x26, 0x21, 0x26, 0x21, 0x26, 0x21, 0x26, 
  0x21, 0x26, 0x21, 0x26, 0x21, 0x26, 0x21, 0x26, 0x21, 0x26, 0x21, 0x26, 0x21, 0x26, 0x21, 0x26, 
  0x21, 0x26, 0x21, 0x26, 0x21, 0x26, 0x21, 0x26, 0x21, 0x26, 0x21, 0x26, 0x21, 0x26, 0x21, 0x26, 
  0x21, 0x26, 0x21, 0x26, 0x21, 0x26, 0x21, 0x26, 0x21, 0x26, 0x21, 0x26, 0x21, 0x26, 0x21, 0x26, 
  0x21, 0x26, 0x21, 0x26, 0x21, 0x26, 0x21, 0x26, 0x21, 0x26, 0x21, 0x26, 0x21, 0x26, 0x21, 0x26, 
  0x21, 0x26, 0x21, 0x26, 0x21, 0x26, 0x21, 0x26, 0x21, 0x26, 0x21, 0x26, 0x21, 0x26, 0x21, 0x26, 
  0x21, 0x26, 0x21, 0x26, 0x21, 0x26, 0x21, 0x26, 0x21, 0x26, 0x21, 0x26, 0x21, 0x26, 0x21, 0x26, 
  0x21, 0x26, 0x21, 0x26, 0x21, 0x26, 0x21, 0x26, 0x21, 0x26, 0x21, 0x26, 0x21, 0x26, 0x21, 0x26, 
  0x21, 0x26, 0x21, 0x26, 0x21, 0x26, 0x21, 0x26, 0x21, 0x26, 0x21, 0x26, 0x21, 0x26, 0x21, 0x26, 
  0x21, 0x26, 0x21, 0x26, 0x21, 0x26, 0x21, 0x26, 0x21, 0x26, 0x21, 0x26, 0x21, 0x26, 0x21, 0x26, 
  0x21, 0x26, 0x21, 0x26, 0x21, 0x26, 0x21, 0x26, 0x21, 0x26, 0x21, 0x26, 0x21, 0x26, 0x21, 0x26, 
  0x21, 0x26, 0x21, 0x26, 0x21, 0x26, 0x21, 0x26, 0x21, 0x26, 0x21, 0x26, 0x21, 0x26, 0x21, 0x26, 
  0x5A, 0x26, 0x5A, 0x26, 0xF6, 0x92, 0xF6, 0x92, 0xF6, 0x92, 0xF6, 0x92, 0xF6, 0x92, 0xF6, 0x92, 
  0xF6, 0x92, 0xF6, 0x92, 0xF6, 0x92, 0xF6, 0x92, 0xF6, 0x92, 0xF6, 0x92, 0xF6, 0x92, 0xF6, 0x92, 
  0xF6, 0x92, 0xF6, 0x92, 0xF6, 0x92, 0xF6, 0x92, 0xF6, 0x92, 0xF6, 0x92, 0xF6, 0x92, 0xF6, 0x92, 
  0xF6, 0x92, 0xF6, 0x92, 0xF6, 0x92, 0xF6, 0x92, 0xF6, 0x92, 0xF6, 0x92, 0xF6, 0x92, 0xF6, 0x92, 
  0xF6, 0x92, 0xF6, 0x92, 0xF6, 0x92, 0xF6, 0x92, 0xF6, 0x92, 0xF6, 0x92, 0xF6, 0x92, 0xF6, 0x92, 
  0xF6, 0x92, 0xF6, 0x92, 0xF6, 0x92, 0xF6, 0x92, 0xF6, 0x92, 0xF6, 0x92, 0xF6, 0x92, 0xF6, 0x92, 
  0xF6, 0x92, 0xF6, 0x92, 0xF6, 0x92, 0xF6, 0x92, 0xF6, 0x92, 0xF6, 0x92, 0xF6, 0x92, 0xF6, 0x92, 
  0xF6, 0x92, 0xF6, 0x92, 0xF6, 0x92, 0xF6, 0x92, 0xF6, 0x92, 0xF6, 0x92, 0xF6, 0x92, 0xF6, 0x92, 
  0xF6, 0x92, 0xF6, 0x92, 0xF6, 0x92, 0xF6, 0x92, 0xF6, 0x92, 0xF6, 0x92, 0xF6, 0x92, 0xF6, 0x92, 
  0xF6, 0x92, 0xF6, 0x92, 0xF6, 0x92, 0xF6, 0x92, 0xF6, 0x92, 0xF6, 0x92, 0xF6, 0x92, 0xF6, 0x92, 
  0xF6, 0x92, 0xF6, 0x92, 0xF6, 0x92, 0xF6, 0x92, 0xF6, 0x92, 0xF6, 0x92, 0xF6, 0x92, 0xF6, 0x92, 
  0xF6, 0x92, 0xF6, 0x92, 0xF6, 0x92, 0xF6, 0x92, 0xF6, 0x92, 0xF6, 0x92, 0xF6, 0x92, 0x5A, 0x26, 
  0x5A, 0x26, 0x21, 0x26, 0x21, 0x26, 0x21, 0x26, 0x21, 0x26, 0x21, 0x26, 0x21, 0x26, 0x21, 0x26, 
  0x21, 0x26, 0x21, 0x26, 0x21, 0x26, 0x21, 0x26, 0x21, 0x26, 0x21, 0x26, 0x21, 0x26, 0x21, 0x26, 
  0x21, 0x26, 0x21, 0x26, 0x21, 0x26, 0x21, 0x26, 0x21, 0x26, 0x21, 0x26, 0x21, 0x26, 0x21, 0x26, 
  0x21, 0x26, 0x21, 0x26, 0x21, 0x26, 0x21, 0x26, 0x21, 0x26, 0x21, 0x26, 0x21, 0x26, 0x21, 0x26, 
  0x21, 0x26, 0x21, 0x26, 0x21, 0x26, 0x21, 0x26, 0x21, 0x26, 0x21, 0x26, 0x21, 0x26, 0x21, 0x26, 
  0x21, 0x26, 0x21, 0x26, 0x21, 0x26, 0x21, 0x26, 0x21, 0x26, 0x21, 0x26, 0x21, 0x26, 0x21, 0x26, 
  0x21, 0x26, 0x21, 0x26, 0x21, 0x26, 0x21, 0x26, 0x21, 0x26, 0x21, 0x26, 0x21, 0x26, 0x21, 0x26, 
  0x21, 0x26, 0x21, 0x26, 0x21, 0x26, 0x21, 0x26, 0x21, 0x26, 0x21, 0x26, 0x21, 0x26, 0x21, 0x26, 
  0x21, 0x26, 0x21, 0x26, 0x21, 0x26, 0x21, 0x26, 0x21, 0x26, 0x21, 0x26, 0x21, 0x26, 0x21, 0x26, 
  0x21, 0x26, 0x21, 0x26, 0x21, 0x26, 0x21, 0x26, 0x21, 0x26, 0x21, 0x26, 0x21, 0x26, 0x21, 0x26, 
  0x21, 0x26, 0x21, 0x26, 0x21, 0x26, 0x21, 0x26, 0x21, 0x26, 0x21, 0x26, 0x21, 0x26, 0x21, 0x26, 
  0x21, 0x26, 0x21, 0x26, 0x21, 0x26, 0x21, 0x26, 0x21, 0x26, 0x21, 0x26, 0x21, 0x26, 0x21, 0x26, 
  0x21, 0x26, 0x21, 0x26, 0x21, 0x26, 0x21, 0x26, 0x21, 0x26, 0x21, 0x26, 0x21, 0x26, 0x21, 0x26, 
  0x21, 0x26, 0x21, 0x26, 0x21, 0x26, 0x21, 0x26, 0x21, 0x26, 0x21, 0x26, 0x21, 0x26, 0x21, 0x26, 
  0x21, 0x26, 0x21, 0x26, 0x21, 0x26, 0x21, 0x26, 0x21, 0x26, 0x21, 0x26, 0x21, 0x26, 0x21, 0x26, 
  0x21, 0x26, 0x21, 0x26, 0x21, 0x26, 0x21, 0x26, 0x21, 0x26, 0x21, 0x26, 0x21, 0x26, 0x21, 0x26, 
  0x21, 0x26, 0x21, 0x26, 0x21, 0x26, 0x21, 0x26, 0x21, 0x26, 0x21, 0x26, 0x21, 0x26, 0x21, 0x26, 
  0x21, 0x26, 0x21, 0x26, 0x21, 0x26, 0x21, 0x26, 0x21, 0x26, 0x21, 0x26, 0x21, 0x26, 0x21, 0x26, 
  0x5A, 0x26, 0x5A, 0x26, 0xF6, 0x92, 0xF6, 0x92, 0xF6, 0x92, 0xF6, 0x92, 0xF6, 0x92, 0xF6, 0x92, 
  0xF6, 0x92, 0xF6, 0x92, 0xF6, 0x92, 0xF6, 0x92, 0xF6, 0x92, 0xF6, 0x92, 0xF6, 0x92, 0xF6, 0x92, 
  0xF6, 0x92, 0xF6, 0x92, 0xF6, 0x92, 0xF6, 0x92, 0xF6, 0x92, 0xF6, 0x92, 0xF6, 0x92, 0xF6, 0x92, 
  0xF6, 0x92, 0xF6, 0x92, 0xF6, 0x92, 0xF6, 0x92, 0xF6, 0x92, 0xF6, 0x92, 0xF6, 0x92, 0xF6, 0x92, 
  0xF6, 0x92, 0xF6, 0x92, 0xF6, 0x92, 0xF6, 0x92, 0xF6, 0x92, 0xF6, 0x92, 0xF6, 0x92, 0xF6, 0x92, 
  0xF6, 0x92, 0xF6, 0x92, 0xF6, 0x92, 0xF6, 0x92, 0xF6, 0x92, 0xF6, 0x92, 0xF6, 0x92, 0xF6, 0x92, 
  0xF6, 0x92, 0xF6, 0x92, 0xF6, 0x92, 0xF6, 0x92, 0xF6, 0x92, 0xF6, 0x92, 0xF6, 0x92, 0xF6, 0x92, 
  0xF6, 0x92, 0xF6, 0x92, 0xF6, 0x92, 0xF6, 0x92, 0xF6, 0x92, 0xF6, 0x92, 0xF6, 0x92, 0xF6, 0x92, 
  0xF6, 0x92, 0xF6, 0x92, 0xF6, 0x92, 0xF6, 0x92, 0xF6, 0x92, 0xF6, 0x92, 0xF6, 0x92, 0xF6, 0x92, 
  0xF6, 0x92, 0xF6, 0x92, 0xF6, 0x92, 0xF6, 0x92, 0xF6, 0x92, 0xF6, 0x92, 0xF6, 0x92, 0xF6, 0x92, 
  0xF6, 0x92, 0xF6, 0x92, 0xF6, 0x92, 0xF6, 0x92, 0xF6, 0x92, 0xF6, 0x92, 0xF6, 0x92, 0xF6, 0x92, 
  0xF6, 0x92, 0xF6, 0x92, 0xF6, 0x92, 0xF6, 0x92, 0xF6, 0x92, 0xF6, 0x92, 0xF6, 0x92, 0x5A, 0x26, 
  0x5A, 0x26, 0x21, 0x26, 0x21, 0x26, 0x21, 0x26, 0x21, 0x26, 0x21, 0x26, 0x21, 0x26, 0x21, 0x26, 
  0x21, 0x26, 0x21, 0x26, 0x21, 0x26, 0x21, 0x26, 0x21, 0x26, 0x21, 0x26, 0x21, 0x26, 0x21, 0x26, 
  0x21, 0x26, 0x21, 0x26, 0x21, 0x26, 0x21, 0x26, 0x21, 0x26, 0x21, 0x26, 0x21, 0x26, 0x21, 0x26, 
  0x21, 0x26, 0x21, 0x26, 0x21, 0x26, 0x21, 0x26, 0x21, 0x26, 0x21, 0x26, 0x21, 0x26, 0x21, 0x26, 
  0x21, 0x26, 0x21, 0x26, 0x21, 0x26, 0x21, 0x26, 0x21, 0x26, 0x21, 0x26, 0x21, 0x26, 0x21, 0x26, 
  0x21, 0x26, 0x21, 0x26, 0x21, 0x26, 0x21, 0x26, 0x21, 0x26, 0x21, 0x26, 0x21, 0x26, 0x21, 0x26, 
  0x21, 0x26, 0x21, 0x26, 0x21, 0x26, 0x21, 0x26, 0x21, 0x26, 0x21, 0x26, 0x21, 0x26, 0x21, 0x26, 
  0x21, 0x26, 0x21, 0x26, 0x21, 0x26, 0x21, 0x26, 0x21, 0x26, 0x21, 0x26, 0x21, 0x26, 0x21, 0x26, 
  0x21, 0x26, 0x21, 0x26, 0x21, 0x26, 0x21, 0x26, 0x21, 0x26, 0x21, 0x26, 0x21, 0x26, 0x21, 0x26, 
  0x21, 0x26, 0x21, 0x26, 0x21, 0x26, 0x21, 0x26, 0x21, 0x26, 0x21, 0x26, 0x21, 0x26, 0x21, 0x26, 
  0x21, 0x26, 0x21, 0x26, 0x21, 0x26, 0x21, 0x26, 0x21, 0x26, 0x21, 0x26, 0x21, 0x26, 0x21, 0x26, 
  0x21, 0x26, 0x21, 0x26, 0x21, 0x26, 0x21, 0x26, 0x21, 0x26, 0x21, 0x26, 0x21, 0x26, 0x21, 0x26, 
  0x21, 0x26, 0x21, 0x26, 0x21, 0x26, 0x21, 0x26, 0x21, 0x26, 0x21, 0x26, 0x21, 0x26, 0x21, 0x26, 
  0x21, 0x26, 0x21, 0x26, 0x21, 0x26, 0x21, 0x26, 0x21, 0x26, 0x21, 0x26, 0x21, 0x26, 0x21, 0x26, 
  0x21, 0x26, 0x21, 0x26, 0x21, 0x26, 0x21, 0x26, 0x21, 0x26, 0x21, 0x26, 0x21, 0x26, 0x21, 0x26, 
  0x21, 0x26, 0x21, 0x26, 0x21, 0x26, 0x21, 0x26, 0x21, 0x26, 0x21, 0x26, 0x21, 0x26, 0x21, 0x26, 
  0x21, 0x26, 0x21, 0x26, 0x21, 0x26, 0x21, 0x26, 0x21, 0x26, 0x21, 0x26, 0x21, 0x26, 0x21, 0x26, 
  0x21, 0x26, 0x21, 0x26, 0x21, 0x26, 0x21, 0x26, 0x21, 0x26, 0x21, 0x26, 0x21, 0x26, 0x5A, 0x26, 
  0x5A, 0x26, 0xF6, 0x92, 0xF6, 0x92, 0xF6, 0x92, 0xF6, 0x92, 0xF6, 0x92, 0xF6, 0x92, 0xF6, 0x92, 
  0xF6, 0x92, 0xF6, 0x92, 0xF6, 0x92, 0xF6, 0x92, 0xF6, 0x92, 0xF6, 0x92, 0xF6, 0x92, 0xF6, 0x92, 
  0xF6, 0x92, 0xF6, 0x92, 0xF6, 0x92, 0xF6, 0x92, 0xF6, 0x92, 0xF6, 0x92, 0xF6, 0x92, 0xF6, 0x92, 
  0xF6, 0x92, 0xF6, 0x92, 0xF6, 0x92, 0xF6, 0x92, 0xF6, 0x92, 0xF6, 0x92, 0xF6, 0x92, 0xF6, 0x92, 
  0xF6, 0x92, 0xF6, 0x92, 0xF6, 0x92, 0xF6, 0x92, 0xF6, 0x92, 0xF6, 0x92, 0xF6, 0x92, 0xF6, 0x92, 
  0xF6, 0x92, 0xF6, 0x92, 0xF6, 0x92, 0xF6, 0x92, 0xF6, 0x92, 0xF6, 0x92, 0xF6, 0x92, 0xF6, 0x92, 
  0xF6, 0x92, 0xF6, 0x92, 0xF6, 0x92, 0xF6, 0x92, 0xF6, 0x92, 0xF6, 0x92, 0xF6, 0x92, 0xF6, 0x92, 
  0xF6, 0x92, 0xF6, 0x92, 0xF6, 0x92, 0xF6, 0x92, 0xF6, 0x92, 0xF6, 0x92, 0xF6, 0x92, 0xF6, 0x92, 
  0xF6, 0x92, 0xF6, 0x92, 0xF6, 0x92, 0xF6, 0x92, 0xF6, 0x92, 0xF6, 0x92, 0xF6, 0x92, 0xF6, 0x92, 
  0xF6, 0x92, 0xF6, 0x92, 0xF6, 0x92, 0xF6, 0x92, 0xF6, 0x92, 0xF6, 0x92, 0xF6, 0x92, 0xF6, 0x92, 
  0xF6, 0x92, 0xF6, 0x92, 0xF6, 0x92, 0xF6, 0x92, 0xF6, 0x92, 0xF6, 0x92, 0xF6, 0x92, 0xF6, 0x92, 
  0xF6, 0x92, 0xF6, 0x92, 0xF6, 0x92, 0xF6, 0x92, 0xF6, 0x92, 0xF6, 0x92, 0xF6, 0x92, 0xF6, 0x92, 
  0x5A, 0x26, 0x5A, 0x26, 0x21, 0x26, 0x21, 0x26, 0x21, 0x26, 0x21, 0x26, 0x21, 0x26, 0x21, 0x26, 
  0x21, 0x26, 0x21, 0x26, 0x21, 0x26, 0x21, 0x26, 0x21, 0x26, 0x21, 0x26, 0x21, 0x26, 0x21, 0x26, 
  0x21, 0x26, 0x21, 0x26, 0x21, 0x26, 0x21, 0x26, 0x21, 0x26, 0x21, 0x26, 0x21, 0x26, 0x21, 0x26, 
  0x21, 0x26, 0x21, 0x26, 0x21, 0x26, 0x21, 0x26, 0x21, 0x26, 0x21, 0x26, 0x21, 0x26, 0x21, 0x26, 
  0x21, 0x26, 0x21, 0x26, 0x21, 0x26, 0x21, 0x26, 0x21, 0x26, 0x21, 0x26, 0x21, 0x26, 0x21, 0x26, 
  0x21, 0x26, 0x21, 0x26, 0x21, 0x26, 0x21, 0x26, 0x21, 0x26, 0x21, 0x26, 0x21, 0x26, 0x21, 0x26, 
  0x21, 0x26, 0x21, 0x26, 0x21, 0x26, 0x21, 0x26, 0x21, 0x26, 0x21, 0x26, 0x21, 0x26, 0x21, 0x26, 
  0x21, 0x26, 0x21, 0x26, 0x21, 0x26, 0x21, 0x26, 0x21, 0x26, 0x21, 0x26, 0x21, 0x26, 0x21, 0x26, 
  0x21, 0x26, 0x21, 0x26, 0x21, 0x26, 0x21, 0x26, 0x21, 0x26, 0x21, 0x26, 0x21, 0x26, 0x21, 0x26, 
  0x21, 0x26, 0x21, 0x26, 0x21, 0x26, 0x21, 0x26, 0x21, 0x26, 0x21, 0x26, 0x21, 0x26, 0x21, 0x26, 
  0x21, 0x26, 0x21, 0x26, 0x21, 0x26, 0x21, 0x26, 0x21, 0x26, 0x21, 0x26, 0x21, 0x26, 0x21, 0x26, 
  0x21, 0x26, 0x21, 0x26, 0x21, 0x26, 0x21, 0x26, 0x21, 0x26, 0x21, 0x26, 0x21, 0x26, 0x21, 0x26, 
  0x21, 0x26, 0x21, 0x26, 0x21, 0x26, 0x21, 0x26, 0x21, 0x26, 0x21, 0x26, 0x21, 0x26, 0x21, 0x26, 
  0x21, 0x26, 0x21, 0x26, 0x21, 0x26, 0x21, 0x26, 0x21, 0x26, 0x21, 0x26, 0x21, 0x26, 0x21, 0x26, 
  0x21, 0x26, 0x21, 0x26, 0x21, 0x26, 0x21, 0x26, 0x21, 0x26, 0x21, 0x26, 0x21, 0x26, 0x21, 0x26, 
  0x21, 0x26, 0x21, 0x26, 0x21, 0x26, 0x21, 0x26, 0x21, 0x26, 0x21, 0x26, 0x21, 0x26, 0x21, 0x26, 
  0x21, 0x26, 0x21, 0x26, 0x21, 0x26, 0x21, 0x26, 0x21, 0x26, 0x21, 0x26, 0x21, 0x26, 0x21, 0x26, 
  0x21, 0x26, 0x21, 0x26, 0x21, 0x26, 0x21, 0x26, 0x21, 0x26, 0x21, 0x26, 0x21, 0x26, 0x5A, 0x26, 
  0x5A, 0x26, 0xF6, 0x92, 0xF6, 0x92, 0xF6, 0x92, 0xF6, 0x92, 0xF6, 0x92, 0xF6, 0x92, 0xF6, 0x92, 
  0xF6, 0x92, 0xF6, 0x92, 0xF6, 0x92, 0xF6, 0x92, 0xF6, 0x92, 0xF6, 0x92, 0xF6, 0x92, 0xF6, 0x92, 
  0xF6, 0x92, 0xF6, 0x92, 0xF6, 0x92, 0xF6, 0x92, 0xF6, 0x92, 0xF6, 0x92, 0xF6, 0x92, 0xF6, 0x92, 
  0xF6, 0x92, 0xF6, 0x92, 0xF6, 0x92, 0xF6, 0x92, 0xF6, 0x92, 0xF6, 0x92, 0xF6, 0x92, 0xF6, 0x92, 
  0xF6, 0x92, 0xF6, 0x92, 0xF6, 0x92, 0xF6, 0x92, 0xF6, 0x92, 0xF6, 0x92, 0xF6, 0x92, 0xF6, 0x92, 
  0xF6, 0x92, 0xF6, 0x92, 0xF6, 0x92, 0xF6, 0x92, 0xF6, 0x92, 0xF6, 0x92, 0xF6, 0x92, 0xF6, 0x92, 
  0xF6, 0x92, 0xF6, 0x92, 0xF6, 0x92, 0xF6, 0x92, 0xF6, 0x92, 0xF6, 0x92, 0xF6, 0x92, 0xF6, 0x92, 
  0xF6, 0x92, 0xF6, 0x92, 0xF6, 0x92, 0xF6, 0x92, 0xF6, 0x92, 0xF6, 0x92, 0xF6, 0x92, 0xF6, 0x92, 
  0xF6, 0x92, 0xF6, 0x92, 0xF6, 0x92, 0xF6, 0x92, 0xF6, 0x92, 0xF6, 0x92, 0xF6, 0x92, 0xF6, 0x92, 
  0xF6, 0x92, 0xF6, 0x92, 0xF6, 0x92, 0xF6, 0x92, 0xF6, 0x92, 0xF6, 0x92, 0xF6, 0x92, 0xF6, 0x92, 
  0xF6, 0x92, 0xF6, 0x92, 0xF6, 0x92, 0xF6, 0x92, 0xF6, 0x92, 0xF6, 0x92, 0xF6, 0x92, 0xF6, 0x92, 
  0xF6, 0x92, 0xF6, 0x92, 0xF6, 0x92, 0xF6, 0x92, 0xF6, 0x92, 0xF6, 0x92, 0xF6, 0x92, 0xF6, 0x92, 
  0x5A, 0x26, 0x5A, 0x26, 0x21, 0x26, 0x21, 0x26, 0x21, 0x26, 0x21, 0x26, 0x21, 0x26, 0x21, 0x26, 
  0x21, 0x26, 0x21, 0x26, 0x21, 0x26, 0x21, 0x26, 0x21, 0x26, 0x21, 0x26, 0x21, 0x26, 0x21, 0x26, 
  0x21, 0x26, 0x21, 0x26, 0x21, 0x26, 0x21, 0x26, 0x21, 0x26, 0x21, 0x26, 0x21, 0x26, 0x21, 0x26, 
  0x21, 0x26, 0x21, 0x26, 0x21, 0x26, 0x21, 0x26, 0x21, 0x26, 0x21, 0x26, 0x21, 0x26, 0x21, 0x26, 
  0x21, 0x26, 0x21, 0x26, 0x21, 0x26, 0x21, 0x26, 0x21, 0x26, 0x21, 0x26, 0x21, 0x26, 0x21, 0x26, 
  0x21, 0x26, 0x21, 0x26, 0x21, 0x26, 0x21, 0x26, 0x21, 0x26, 0x21, 0x26, 0x21, 0x26, 0x21, 0x26, 
  0x21, 0x26, 0x21, 0x26, 0x21, 0x26, 0x21, 0x26, 0x21, 0x26, 0x21, 0x26, 0x21, 0x26, 0x21, 0x26, 
  0x21, 0x26, 0x21, 0x26, 0x21, 0x26, 0x21, 0x26, 0x21, 0x26, 0x21, 0x26, 0x21, 0x26, 0x21, 0x26, 
  0x21, 0x26, 0x21, 0x26, 0x21, 0x26, 0x21, 0x26, 0x21, 0x26, 0x21, 0x26, 0x21, 0x26, 0x21, 0x26, 
  0x21, 0x26, 0x21, 0x26, 0x21, 0x26, 0x21, 0x26, 0x21, 0x26, 0x21, 0x26, 0x21, 0x26, 0x21, 0x26, 
  0x21, 0x26, 0x21, 0x26, 0x21, 0x26, 0x21, 0x26, 0x21, 0x26, 0x21, 0x26, 0x21, 0x26, 0x21, 0x26, 
  0x21, 0x26, 0x21, 0x26, 0x21, 0x26, 0x21, 0x26, 0x21, 0x26, 0x21, 0x26, 0x21, 0x26, 0x21, 0x26, 
  0x21, 0x26, 0x21, 0x26, 0x21, 0x26, 0x21, 0x26, 0x21, 0x26, 0x21, 0x26, 0x21, 0x26, 0x21, 0x26, 
  0x21, 0x26, 0x21, 0x26, 0x21, 0x26, 0x21, 0x26, 0x21, 0x26, 0x21, 0x26, 0x21, 0x26, 0x21, 0x26, 
  0x21, 0x26, 0x21, 0x26, 0x21, 0x26, 0x21, 0x26, 0x21, 0x26, 0x21, 0x26, 0x21, 0x26, 0x21, 0x26, 
  0x21, 0x26, 0x21, 0x26, 0x21, 0x26, 0x21, 0x26, 0x21, 0x26, 0x21, 0x26, 0x21, 0x26, 0x21, 0x26, 
  0x21, 0x26, 0x21, 0x26, 0x21, 0x26, 0x21, 0x26, 0x21, 0x26, 0x21, 0x26, 0x21, 0x26, 0x21, 0x26, 
  0x21, 0x26, 0x21, 0x26, 0x21, 0x26, 0x21, 0x26, 0x21, 0x26, 0x21, 0x26, 0x21, 0x26, 0x5A, 0x26, 
  0x5A, 0x26, 0xF6, 0x92, 0xF6, 0x92, 0xF6, 0x92, 0xF6, 0x92, 0xF6, 0x92, 0xF6, 0x92, 0xF6, 0x92, 
  0xF6, 0x92, 0xF6, 0x92, 0xF6, 0x92, 0xF6, 0x92, 0xF6, 0x92, 0xF6, 0x92, 0xF6, 0x92, 0xF6, 0x92, 
  0xF6, 0x92, 0xF6, 0x92, 0xF6, 0x92, 0xF6, 0x92, 0xF6, 0x92, 0xF6, 0x92, 0xF6, 0x92, 0xF6, 0x92, 
  0xF6, 0x92, 0xF6, 0x92, 0xF6, 0x92, 0xF6, 0x92, 0x00, 0x00, 0x00, 0x00, 0x00, 0x00, 0x00, 0x00, 
  0x00, 0x00, 0x00, 0x00, 0xF6, 0x92, 0xF6, 0x92, 0xF6, 0x92, 0xF6, 0x92, 0xF6, 0x92, 0xF6, 0x92, 
  0xF6, 0x92, 0xF6, 0x92, 0xF6, 0x92, 0xF6, 0x92, 0xF6, 0x92, 0xF6, 0x92, 0xF6, 0x92, 0xF6, 0x92, 
  0xF6, 0x92, 0xF6, 0x92, 0xF6, 0x92, 0xF6, 0x92, 0xF6, 0x92, 0xF6, 0x92, 0xF6, 0x92, 0xF6, 0x92, 
  0xF6, 0x92, 0xF6, 0x92, 0xF6, 0x92, 0xF6, 0x92, 0xF6, 0x92, 0xF6, 0x92, 0xF6, 0x92, 0x00, 0x00, 
  0x00, 0x00, 0x00, 0x00, 0x00, 0x00, 0x00, 0x00, 0x00, 0x00, 0xF6, 0x92, 0xF6, 0x92, 0xF6, 0x92, 
  0xF6, 0x92, 0xF6, 0x92, 0xF6, 0x92, 0xF6, 0x92, 0xF6, 0x92, 0xF6, 0x92, 0xF6, 0x92, 0xF6, 0x92, 
  0xF6, 0x92, 0xF6, 0x92, 0xF6, 0x92, 0xF6, 0x92, 0xF6, 0x92, 0xF6, 0x92, 0xF6, 0x92, 0xF6, 0x92, 
  0xF6, 0x92, 0xF6, 0x92, 0xF6, 0x92, 0xF6, 0x92, 0xF6, 0x92, 0xF6, 0x92, 0xF6, 0x92, 0xF6, 0x92, 
  0x5A, 0x26, 0x5A, 0x26, 0x21, 0x26, 0x21, 0x26, 0x21, 0x26, 0x21, 0x26, 0x21, 0x26, 0x21, 0x26, 
  0x21, 0x26, 0x21, 0x26, 0x21, 0x26, 0x21, 0x26, 0x21, 0x26, 0x21, 0x26, 0x21, 0x26, 0x21, 0x26, 
  0x21, 0x26, 0x21, 0x26, 0x21, 0x26, 0x21, 0x26, 0x21, 0x26, 0x21, 0x26, 0x21, 0x26, 0x21, 0x26, 
  0x21, 0x26, 0x21, 0x26, 0x21, 0x26, 0x21, 0x26, 0x21, 0x26, 0x21, 0x26, 0x21, 0x26, 0x21, 0x26, 
  0x21, 0x26, 0x21, 0x26, 0x21, 0x26, 0x21, 0x26, 0x21, 0x26, 0x21, 0x26, 0x21, 0x26, 0x21, 0x26, 
  0x21, 0x26, 0x21, 0x26, 0x21, 0x26, 0x21, 0x26, 0x21, 0x26, 0x21, 0x26, 0x21, 0x26, 0x21, 0x26, 
  0x21, 0x26, 0x21, 0x26, 0x21, 0x26, 0x21, 0x26, 0x21, 0x26, 0x21, 0x26, 0x21, 0x26, 0x21, 0x26, 
  0x21, 0x26, 0x21, 0x26, 0x21, 0x26, 0x21, 0x26, 0x21, 0x26, 0x21, 0x26, 0x21, 0x26, 0x21, 0x26, 
  0x21, 0x26, 0x21, 0x26, 0x21, 0x26, 0x21, 0x26, 0x21, 0x26, 0x21, 0x26, 0x21, 0x26, 0x21, 0x26, 
  0x29, 0x46, 0x29, 0x46, 0x29, 0x46, 0x29, 0x46, 0x29, 0x46, 0x29, 0x46, 0x29, 0x46, 0x29, 0x46, 
  0x29, 0x46, 0x29, 0x46, 0x29, 0x46, 0x29, 0x46, 0x29, 0x46, 0x29, 0x46, 0x29, 0x46, 0x29, 0x46, 
  0x29, 0x46, 0x29, 0x46, 0x29, 0x46, 0x29, 0x46, 0x29, 0x46, 0x29, 0x46, 0x29, 0x46, 0x29, 0x46, 
  0x29, 0x46, 0x29, 0x46, 0x29, 0x46, 0x29, 0x46, 0x29, 0x46, 0x29, 0x46, 0x29, 0x46, 0x29, 0x46, 
  0x29, 0x46, 0x29, 0x46, 0x29, 0x46, 0x29, 0x46, 0x29, 0x46, 0x29, 0x46, 0x29, 0x46, 0x29, 0x46, 
  0x29, 0x46, 0x29, 0x46, 0x29, 0x46, 0x29, 0x46, 0x29, 0x46, 0x29, 0x46, 0x29, 0x46, 0x29, 0x46, 
  0x29, 0x46, 0x29, 0x46, 0x29, 0x46, 0x29, 0x46, 0x29, 0x46, 0x29, 0x46, 0x29, 0x46, 0x29, 0x46, 
  0x29, 0x46, 0x29, 0x46, 0x29, 0x46, 0x29, 0x46, 0x29, 0x46, 0x29, 0x46, 0x29, 0x46, 0x29, 0x46, 
  0x29, 0x46, 0x29, 0x46, 0x29, 0x46, 0x29, 0x46, 0x29, 0x46, 0x29, 0x46, 0x29, 0x46, 0x5A, 0x26, 
  0x5A, 0x26, 0xF6, 0x92, 0xF6, 0x92, 0xF6, 0x92, 0xF6, 0x92, 0xF6, 0x92, 0xF6, 0x92, 0xF6, 0x92, 
  0xF6, 0x92, 0xF6, 0x92, 0xF6, 0x92, 0xF6, 0x92, 0xF6, 0x92, 0xF6, 0x92, 0xF6, 0x92, 0xF6, 0x92, 
  0xF6, 0x92, 0xF6, 0x92, 0xF6, 0x92, 0xF6, 0x92, 0xF6, 0x92, 0xF6, 0x92, 0xF6, 0x92, 0xF6, 0x92, 
  0xF6, 0x92, 0xF6, 0x92, 0xF6, 0x92, 0x00, 0x00, 0x00, 0x00, 0x00, 0x00, 0x00, 0x00, 0x00, 0x00, 
  0x00, 0x00, 0x00, 0x00, 0x00, 0x00, 0xF6, 0x92, 0xF6, 0x92, 0xF6, 0x92, 0xF6, 0x92, 0xF6, 0x92, 
  0xF6, 0x92, 0xF6, 0x92, 0xF6, 0x92, 0xF6, 0x92, 0xF6, 0x92, 0xF6, 0x92, 0xF6, 0x92, 0xF6, 0x92, 
  0xF6, 0x92, 0xF6, 0x92, 0xF6, 0x92, 0xF6, 0x92, 0xF6, 0x92, 0xF6, 0x92, 0xF6, 0x92, 0xF6, 0x92, 
  0xF6, 0x92, 0xF6, 0x92, 0xF6, 0x92, 0xF6, 0x92, 0xF6, 0x92, 0xF6, 0x92, 0x00, 0x00, 0x00, 0x00, 
  0x00, 0x00, 0x00, 0x00, 0x00, 0x00, 0x00, 0x00, 0x00, 0x00, 0x00, 0x00, 0xF6, 0x92, 0xF6, 0x92, 
  0xF6, 0x92, 0xF6, 0x92, 0xF6, 0x92, 0xF6, 0x92, 0xF6, 0x92, 0xF6, 0x92, 0xF6, 0x92, 0xF6, 0x92, 
  0xF6, 0x92, 0xF6, 0x92, 0xF6, 0x92, 0xF6, 0x92, 0xF6, 0x92, 0xF6, 0x92, 0xF6, 0x92, 0xF6, 0x92, 
  0xF6, 0x92, 0xF6, 0x92, 0xF6, 0x92, 0xF6, 0x92, 0xF6, 0x92, 0xF6, 0x92, 0xF6, 0x92, 0xF6, 0x92, 
  0x5A, 0x26, 0x5A, 0x26, 0x29, 0x46, 0x29, 0x46, 0x29, 0x46, 0x29, 0x46, 0x29, 0x46, 0x29, 0x46, 
  0x29, 0x46, 0x29, 0x46, 0x29, 0x46, 0x29, 0x46, 0x29, 0x46, 0x29, 0x46, 0x29, 0x46, 0x29, 0x46, 
  0x29, 0x46, 0x29, 0x46, 0x29, 0x46, 0x29, 0x46, 0x29, 0x46, 0x29, 0x46, 0x29, 0x46, 0x29, 0x46, 
  0x29, 0x46, 0x29, 0x46, 0x29, 0x46, 0x29, 0x46, 0x29, 0x46, 0x29, 0x46, 0x29, 0x46, 0x29, 0x46, 
  0x29, 0x46, 0x29, 0x46, 0x29, 0x46, 0x29, 0x46, 0x29, 0x46, 0x29, 0x46, 0x29, 0x46, 0x29, 0x46, 
  0x29, 0x46, 0x29, 0x46, 0x29, 0x46, 0x29, 0x46, 0x29, 0x46, 0x29, 0x46, 0x29, 0x46, 0x29, 0x46, 
  0x29, 0x46, 0x29, 0x46, 0x29, 0x46, 0x29, 0x46, 0x29, 0x46, 0x29, 0x46, 0x29, 0x46, 0x29, 0x46, 
  0x29, 0x46, 0x29, 0x46, 0x29, 0x46, 0x29, 0x46, 0x29, 0x46, 0x29, 0x46, 0x29, 0x46, 0x29, 0x46, 
  0x29, 0x46, 0x29, 0x46, 0x29, 0x46, 0x29, 0x46, 0x29, 0x46, 0x29, 0x46, 0x29, 0x46, 0x29, 0x46, 
  0x29, 0x46, 0x29, 0x46, 0x29, 0x46, 0x29, 0x46, 0x29, 0x46, 0x29, 0x46, 0x29, 0x46, 0x29, 0x46, 
  0x29, 0x46, 0x29, 0x46, 0x29, 0x46, 0x29, 0x46, 0x29, 0x46, 0x29, 0x46, 0x29, 0x46, 0x29, 0x46, 
  0x29, 0x46, 0x29, 0x46, 0x29, 0x46, 0x29, 0x46, 0x29, 0x46, 0x29, 0x46, 0x29, 0x46, 0x29, 0x46, 
  0x29, 0x46, 0x29, 0x46, 0x29, 0x46, 0x29, 0x46, 0x29, 0x46, 0x29, 0x46, 0x29, 0x46, 0x29, 0x46, 
  0x29, 0x46, 0x29, 0x46, 0x29, 0x46, 0x29, 0x46, 0x29, 0x46, 0x29, 0x46, 0x29, 0x46, 0x29, 0x46, 
  0x29, 0x46, 0x29, 0x46, 0x29, 0x46, 0x29, 0x46, 0x29, 0x46, 0x29, 0x46, 0x29, 0x46, 0x29, 0x46, 
  0x29, 0x46, 0x29, 0x46, 0x29, 0x46, 0x29, 0x46, 0x29, 0x46, 0x29, 0x46, 0x29, 0x46, 0x29, 0x46, 
  0x29, 0x46, 0x29, 0x46, 0x29, 0x46, 0x29, 0x46, 0x29, 0x46, 0x29, 0x46, 0x29, 0x46, 0x29, 0x46, 
  0x29, 0x46, 0x29, 0x46, 0x29, 0x46, 0x29, 0x46, 0x29, 0x46, 0x29, 0x46, 0x29, 0x46, 0x5A, 0x26, 
  0x5A, 0x26, 0xF6, 0x92, 0xF6, 0x92, 0xF6, 0x92, 0xF6, 0x92, 0xF6, 0x92, 0xF6, 0x92, 0xF6, 0x92, 
  0xF6, 0x92, 0xF6, 0x92, 0xF6, 0x92, 0xF6, 0x92, 0xF6, 0x92, 0xF6, 0x92, 0xF6, 0x92, 0xF6, 0x92, 
  0xF6, 0x92, 0xF6, 0x92, 0xF6, 0x92, 0xF6, 0x92, 0xF6, 0x92, 0xF6, 0x92, 0xF6, 0x92, 0xF6, 0x92, 
  0xF6, 0x92, 0x00, 0x00, 0x00, 0x00, 0x00, 0x00, 0x00, 0x00, 0x00, 0x00, 0x00, 0x00, 0x00, 0x00, 
  0x00, 0x00, 0x00, 0x00, 0x00, 0x00, 0x00, 0x00, 0x00, 0x00, 0xF6, 0x92, 0xF6, 0x92, 0xF6, 0x92, 
  0xF6, 0x92, 0xF6, 0x92, 0xF6, 0x92, 0xF6, 0x92, 0xF6, 0x92, 0xF6, 0x92, 0xF6, 0x92, 0xF6, 0x92, 
  0xF6, 0x92, 0xF6, 0x92, 0xF6, 0x92, 0xF6, 0x92, 0xF6, 0x92, 0xF6, 0x92, 0xF6, 0x92, 0xF6, 0x92, 
  0xF6, 0x92, 0xF6, 0x92, 0xF6, 0x92, 0xF6, 0x92, 0x00, 0x00, 0x00, 0x00, 0x00, 0x00, 0x00, 0x00, 
  0x00, 0x00, 0x00, 0x00, 0x00, 0x00, 0x00, 0x00, 0x00, 0x00, 0x00, 0x00, 0x00, 0x00, 0x00, 0x00, 
  0xF6, 0x92, 0xF6, 0x92, 0xF6, 0x92, 0xF6, 0x92, 0xF6, 0x92, 0xF6, 0x92, 0xF6, 0x92, 0xF6, 0x92, 
  0xF6, 0x92, 0xF6, 0x92, 0xF6, 0x92, 0xF6, 0x92, 0xF6, 0x92, 0xF6, 0x92, 0xF6, 0x92, 0xF6, 0x92, 
  0xF6, 0x92, 0xF6, 0x92, 0xF6, 0x92, 0xF6, 0x92, 0xF6, 0x92, 0xF6, 0x92, 0xF6, 0x92, 0xF6, 0x92, 
  0x5A, 0x26, 0x5A, 0x26, 0x29, 0x46, 0x29, 0x46, 0x29, 0x46, 0x29, 0x46, 0x29, 0x46, 0x29, 0x46, 
  0x29, 0x46, 0x29, 0x46, 0x29, 0x46, 0x29, 0x46, 0x29, 0x46, 0x29, 0x46, 0x29, 0x46, 0x29, 0x46, 
  0x29, 0x46, 0x29, 0x46, 0x29, 0x46, 0x29, 0x46, 0x29, 0x46, 0x29, 0x46, 0x29, 0x46, 0x29, 0x46, 
  0x29, 0x46, 0x29, 0x46, 0x29, 0x46, 0x29, 0x46, 0x29, 0x46, 0x29, 0x46, 0x29, 0x46, 0x29, 0x46, 
  0x29, 0x46, 0x29, 0x46, 0x29, 0x46, 0x29, 0x46, 0x29, 0x46, 0x29, 0x46, 0x29, 0x46, 0x29, 0x46, 
  0x29, 0x46, 0x29, 0x46, 0x29, 0x46, 0x29, 0x46, 0x29, 0x46, 0x29, 0x46, 0x29, 0x46, 0x29, 0x46, 
  0x29, 0x46, 0x29, 0x46, 0x29, 0x46, 0x29, 0x46, 0x29, 0x46, 0x29, 0x46, 0x29, 0x46, 0x29, 0x46, 
  0x29, 0x46, 0x29, 0x46, 0x29, 0x46, 0x29, 0x46, 0x29, 0x46, 0x29, 0x46, 0x29, 0x46, 0x29, 0x46, 
  0x29, 0x46, 0x29, 0x46, 0x29, 0x46, 0x29, 0x46, 0x29, 0x46, 0x29, 0x46, 0x29, 0x46, 0x29, 0x46, 
  0x29, 0x46, 0x29, 0x46, 0x29, 0x46, 0x29, 0x46, 0x29, 0x46, 0x29, 0x46, 0x29, 0x46, 0x29, 0x46, 
  0x29, 0x46, 0x29, 0x46, 0x29, 0x46, 0x29, 0x46, 0x29, 0x46, 0x29, 0x46, 0x29, 0x46, 0x29, 0x46, 
  0x29, 0x46, 0x29, 0x46, 0x29, 0x46, 0x29, 0x46, 0x29, 0x46, 0x29, 0x46, 0x29, 0x46, 0x29, 0x46, 
  0x29, 0x46, 0x29, 0x46, 0x29, 0x46, 0x29, 0x46, 0x29, 0x46, 0x29, 0x46, 0x29, 0x46, 0x29, 0x46, 
  0x29, 0x46, 0x29, 0x46, 0x29, 0x46, 0x29, 0x46, 0x29, 0x46, 0x29, 0x46, 0x29, 0x46, 0x29, 0x46, 
  0x29, 0x46, 0x29, 0x46, 0x29, 0x46, 0x29, 0x46, 0x29, 0x46, 0x29, 0x46, 0x29, 0x46, 0x29, 0x46, 
  0x29, 0x46, 0x29, 0x46, 0x29, 0x46, 0x29, 0x46, 0x29, 0x46, 0x29, 0x46, 0x29, 0x46, 0x29, 0x46, 
  0x29, 0x46, 0x29, 0x46, 0x29, 0x46, 0x29, 0x46, 0x29, 0x46, 0x29, 0x46, 0x29, 0x46, 0x29, 0x46, 
  0x29, 0x46, 0x29, 0x46, 0x29, 0x46, 0x29, 0x46, 0x29, 0x46, 0x29, 0x46, 0x5A, 0x26, 0x5A, 0x26, 
  0x5A, 0x26, 0xF6, 0x92, 0xF6, 0x92, 0xF6, 0x92, 0xF6, 0x92, 0xF6, 0x92, 0xF6, 0x92, 0xF6, 0x92, 
  0xF6, 0x92, 0xF6, 0x92, 0xF6, 0x92, 0xF6, 0x92, 0xF6, 0x92, 0xF6, 0x92, 0xF6, 0x92, 0xF6, 0x92, 
  0xF6, 0x92, 0xF6, 0x92, 0xF6, 0x92, 0xF6, 0x92, 0xF6, 0x92, 0xF6, 0x92, 0xF6, 0x92, 0xF6, 0x92, 
  0xF6, 0x92, 0x00, 0x00, 0x00, 0x00, 0x00, 0x00, 0x00, 0x00, 0x00, 0x00, 0x00, 0x00, 0x00, 0x00, 
  0x00, 0x00, 0x00, 0x00, 0x00, 0x00, 0x00, 0x00, 0x00, 0x00, 0xF6, 0x92, 0xF6, 0x92, 0xF6, 0x92, 
  0xF6, 0x92, 0xF6, 0x92, 0xF6, 0x92, 0xF6, 0x92, 0xF6, 0x92, 0xF6, 0x92, 0xF6, 0x92, 0xF6, 0x92, 
  0xF6, 0x92, 0xF6, 0x92, 0xF6, 0x92, 0xF6, 0x92, 0xF6, 0x92, 0xF6, 0x92, 0xF6, 0x92, 0xF6, 0x92, 
  0xF6, 0x92, 0xF6, 0x92, 0xF6, 0x92, 0xF6, 0x92, 0x00, 0x00, 0x00, 0x00, 0x00, 0x00, 0x00, 0x00, 
  0x00, 0x00, 0x00, 0x00, 0x00, 0x00, 0x00, 0x00, 0x00, 0x00, 0x00, 0x00, 0x00, 0x00, 0x00, 0x00, 
  0xF6, 0x92, 0xF6, 0x92, 0xF6, 0x92, 0xF6, 0x92, 0xF6, 0x92, 0xF6, 0x92, 0xF6, 0x92, 0xF6, 0x92, 
  0xF6, 0x92, 0xF6, 0x92, 0xF6, 0x92, 0xF6, 0x92, 0xF6, 0x92, 0xF6, 0x92, 0xF6, 0x92, 0xF6, 0x92, 
  0xF6, 0x92, 0xF6, 0x92, 0xF6, 0x92, 0xF6, 0x92, 0xF6, 0x92, 0xF6, 0x92, 0xF6, 0x92, 0xF6, 0x92, 
  0x5A, 0x26, 0x5A, 0x26, 0x5A, 0x26, 0x29, 0x46, 0x29, 0x46, 0x29, 0x46, 0x29, 0x46, 0x29, 0x46, 
  0x29, 0x46, 0x29, 0x46, 0x29, 0x46, 0x29, 0x46, 0x29, 0x46, 0x29, 0x46, 0x29, 0x46, 0x29, 0x46, 
  0x29, 0x46, 0x29, 0x46, 0x29, 0x46, 0x29, 0x46, 0x29, 0x46, 0x29, 0x46, 0x29, 0x46, 0x29, 0x46, 
  0x29, 0x46, 0x29, 0x46, 0x29, 0x46, 0x29, 0x46, 0x29, 0x46, 0x29, 0x46, 0x29, 0x46, 0x29, 0x46, 
  0x29, 0x46, 0x29, 0x46, 0x29, 0x46, 0x29, 0x46, 0x29, 0x46, 0x29, 0x46, 0x29, 0x46, 0x29, 0x46, 
  0x29, 0x46, 0x29, 0x46, 0x29, 0x46, 0x29, 0x46, 0x29, 0x46, 0x29, 0x46, 0x29, 0x46, 0x29, 0x46, 
  0x29, 0x46, 0x29, 0x46, 0x29, 0x46, 0x29, 0x46, 0x29, 0x46, 0x29, 0x46, 0x29, 0x46, 0x29, 0x46, 
  0x29, 0x46, 0x29, 0x46, 0x29, 0x46, 0x29, 0x46, 0x29, 0x46, 0x29, 0x46, 0x29, 0x46, 0x29, 0x46, 
  0x29, 0x46, 0x29, 0x46, 0x29, 0x46, 0x29, 0x46, 0x29, 0x46, 0x29, 0x46, 0x29, 0x46, 0x29, 0x46, 
  0x29, 0x46, 0x29, 0x46, 0x29, 0x46, 0x29, 0x46, 0x29, 0x46, 0x29, 0x46, 0x29, 0x46, 0x29, 0x46, 
  0x29, 0x46, 0x29, 0x46, 0x29, 0x46, 0x29, 0x46, 0x29, 0x46, 0x29, 0x46, 0x29, 0x46, 0x29, 0x46, 
  0x29, 0x46, 0x29, 0x46, 0x29, 0x46, 0x29, 0x46, 0x29, 0x46, 0x29, 0x46, 0x29, 0x46, 0x29, 0x46, 
  0x29, 0x46, 0x29, 0x46, 0x29, 0x46, 0x29, 0x46, 0x29, 0x46, 0x29, 0x46, 0x29, 0x46, 0x29, 0x46, 
  0x29, 0x46, 0x29, 0x46, 0x29, 0x46, 0x29, 0x46, 0x29, 0x46, 0x29, 0x46, 0x29, 0x46, 0x29, 0x46, 
  0x29, 0x46, 0x29, 0x46, 0x29, 0x46, 0x29, 0x46, 0x29, 0x46, 0x29, 0x46, 0x29, 0x46, 0x29, 0x46, 
  0x29, 0x46, 0x29, 0x46, 0x29, 0x46, 0x29, 0x46, 0x29, 0x46, 0x29, 0x46, 0x29, 0x46, 0x29, 0x46, 
  0x29, 0x46, 0x29, 0x46, 0x29, 0x46, 0x29, 0x46, 0x29, 0x46, 0x29, 0x46, 0x29, 0x46, 0x29, 0x46, 
  0x29, 0x46, 0x29, 0x46, 0x29, 0x46, 0x29, 0x46, 0x29, 0x46, 0x29, 0x46, 0x5A, 0x26, 0x5A, 0x26, 
  0xF6, 0x92, 0xF6, 0x92, 0xF6, 0x92, 0xF6, 0x92, 0xF6, 0x92, 0xF6, 0x92, 0xF6, 0x92, 0xF6, 0x92, 
  0xF6, 0x92, 0xF6, 0x92, 0xF6, 0x92, 0xF6, 0x92, 0xF6, 0x92, 0xF6, 0x92, 0xF6, 0x92, 0xF6, 0x92, 
  0xF6, 0x92, 0xF6, 0x92, 0xF6, 0x92, 0xF6, 0x92, 0xF6, 0x92, 0xF6, 0x92, 0xF6, 0x92, 0xF6, 0x92, 
  0x00, 0x00, 0x00, 0x00, 0x00, 0x00, 0x00, 0x00, 0x00, 0x00, 0x00, 0x00, 0x00, 0x00, 0x00, 0x00, 
  0x00, 0x00, 0x00, 0x00, 0x00, 0x00, 0x00, 0x00, 0x00, 0x00, 0x00, 0x00, 0xF6, 0x92, 0xF6, 0x92, 
  0xF6, 0x92, 0xF6, 0x92, 0xF6, 0x92, 0xF6, 0x92, 0xF6, 0x92, 0xF6, 0x92, 0xF6, 0x92, 0xF6, 0x92, 
  0xF6, 0x92, 0xF6, 0x92, 0xF6, 0x92, 0xF6, 0x92, 0xF6, 0x92, 0xF6, 0x92, 0xF6, 0x92, 0xF6, 0x92, 
  0xF6, 0x92, 0xF6, 0x92, 0xF6, 0x92, 0x00, 0x00, 0x00, 0x00, 0x00, 0x00, 0x00, 0x00, 0x00, 0x00, 
  0x00, 0x00, 0x00, 0x00, 0x00, 0x00, 0x00, 0x00, 0x00, 0x00, 0x00, 0x00, 0x00, 0x00, 0x00, 0x00, 
  0x00, 0x00, 0xF6, 0x92, 0xF6, 0x92, 0xF6, 0x92, 0xF6, 0x92, 0xF6, 0x92, 0xF6, 0x92, 0xF6, 0x92, 
  0xF6, 0x92, 0xF6, 0x92, 0xF6, 0x92, 0xF6, 0x92, 0xF6, 0x92, 0xF6, 0x92, 0xF6, 0x92, 0xF6, 0x92, 
  0xF6, 0x92, 0xF6, 0x92, 0xF6, 0x92, 0xF6, 0x92, 0xF6, 0x92, 0xF6, 0x92, 0xF6, 0x92, 0xF6, 0x92, 
  0xF6, 0x92, 0x5A, 0x26, 0x5A, 0x26, 0x29, 0x46, 0x29, 0x46, 0x29, 0x46, 0x29, 0x46, 0x29, 0x46, 
  0x29, 0x46, 0x29, 0x46, 0x29, 0x46, 0x29, 0x46, 0x29, 0x46, 0x29, 0x46, 0x29, 0x46, 0x29, 0x46, 
  0x29, 0x46, 0x29, 0x46, 0x29, 0x46, 0x29, 0x46, 0x29, 0x46, 0x29, 0x46, 0x29, 0x46, 0x29, 0x46, 
  0x29, 0x46, 0x29, 0x46, 0x29, 0x46, 0x29, 0x46, 0x29, 0x46, 0x29, 0x46, 0x29, 0x46, 0x29, 0x46, 
  0x29, 0x46, 0x29, 0x46, 0x29, 0x46, 0x29, 0x46, 0x29, 0x46, 0x29, 0x46, 0x29, 0x46, 0x29, 0x46, 
  0x29, 0x46, 0x29, 0x46, 0x29, 0x46, 0x29, 0x46, 0x29, 0x46, 0x29, 0x46, 0x29, 0x46, 0x29, 0x46, 
  0x29, 0x46, 0x29, 0x46, 0x29, 0x46, 0x29, 0x46, 0x29, 0x46, 0x29, 0x46, 0x29, 0x46, 0x29, 0x46, 
  0x29, 0x46, 0x29, 0x46, 0x29, 0x46, 0x29, 0x46, 0x29, 0x46, 0x29, 0x46, 0x29, 0x46, 0x29, 0x46, 
  0x29, 0x46, 0x29, 0x46, 0x29, 0x46, 0x29, 0x46, 0x29, 0x46, 0x29, 0x46, 0x29, 0x46, 0x29, 0x46, 
  0x29, 0x46, 0x29, 0x46, 0x29, 0x46, 0x29, 0x46, 0x29, 0x46, 0x29, 0x46, 0x29, 0x46, 0x29, 0x46, 
  0x29, 0x46, 0x29, 0x46, 0x29, 0x46, 0x29, 0x46, 0x29, 0x46, 0x29, 0x46, 0x29, 0x46, 0x29, 0x46, 
  0x29, 0x46, 0x29, 0x46, 0x29, 0x46, 0x29, 0x46, 0x29, 0x46, 0x29, 0x46, 0x29, 0x46, 0x29, 0x46, 
  0x29, 0x46, 0x29, 0x46, 0x29, 0x46, 0x29, 0x46, 0x29, 0x46, 0x29, 0x46, 0x29, 0x46, 0x29, 0x46, 
  0x29, 0x46, 0x29, 0x46, 0x29, 0x46, 0x29, 0x46, 0x29, 0x46, 0x29, 0x46, 0x29, 0x46, 0x29, 0x46, 
  0x29, 0x46, 0x29, 0x46, 0x29, 0x46, 0x29, 0x46, 0x29, 0x46, 0x29, 0x46, 0x29, 0x46, 0x29, 0x46, 
  0x29, 0x46, 0x29, 0x46, 0x29, 0x46, 0x29, 0x46, 0x29, 0x46, 0x29, 0x46, 0x29, 0x46, 0x29, 0x46, 
  0x29, 0x46, 0x29, 0x46, 0x29, 0x46, 0x29, 0x46, 0x29, 0x46, 0x29, 0x46, 0x29, 0x46, 0x29, 0x46, 
  0x29, 0x46, 0x29, 0x46, 0x29, 0x46, 0x29, 0x46, 0x29, 0x46, 0x29, 0x46, 0x5A, 0x26, 0x5A, 0x26, 
  0xF6, 0x92, 0xF6, 0x92, 0xF6, 0x92, 0xF6, 0x92, 0xF6, 0x92, 0xF6, 0x92, 0xF6, 0x92, 0xF6, 0x92, 
  0xF6, 0x92, 0xF6, 0x92, 0xF6, 0x92, 0xF6, 0x92, 0xF6, 0x92, 0xF6, 0x92, 0xF6, 0x92, 0xF6, 0x92, 
  0xF6, 0x92, 0xF6, 0x92, 0xF6, 0x92, 0xF6, 0x92, 0xF6, 0x92, 0xF6, 0x92, 0xF6, 0x92, 0x00, 0x00, 
  0x00, 0x00, 0x00, 0x00, 0x00, 0x00, 0x00, 0x00, 0x00, 0x00, 0x00, 0x00, 0xFF, 0xFF, 0xFF, 0xFF, 
  0x00, 0x00, 0x00, 0x00, 0x00, 0x00, 0x00, 0x00, 0x00, 0x00, 0x00, 0x00, 0x00, 0x00, 0xF6, 0x92, 
  0xF6, 0x92, 0xF6, 0x92, 0xF6, 0x92, 0xF6, 0x92, 0xF6, 0x92, 0xF6, 0x92, 0xF6, 0x92, 0xF6, 0x92, 
  0xF6, 0x92, 0xF6, 0x92, 0xF6, 0x92, 0xF6, 0x92, 0xF6, 0x92, 0xF6, 0x92, 0xF6, 0x92, 0xF6, 0x92, 
  0xF6, 0x92, 0xF6, 0x92, 0x00, 0x00, 0x00, 0x00, 0x00, 0x00, 0x00, 0x00, 0x00, 0x00, 0x00, 0x00, 
  0x00, 0x00, 0xFF, 0xFF, 0xFF, 0xFF, 0x00, 0x00, 0x00, 0x00, 0x00, 0x00, 0x00, 0x00, 0x00, 0x00, 
  0x00, 0x00, 0x00, 0x00, 0xF6, 0x92, 0xF6, 0x92, 0xF6, 0x92, 0xF6, 0x92, 0xF6, 0x92, 0xF6, 0x92, 
  0xF6, 0x92, 0xF6, 0x92, 0xF6, 0x92, 0xF6, 0x92, 0xF6, 0x92, 0xF6, 0x92, 0xF6, 0x92, 0xF6, 0x92, 
  0xF6, 0x92, 0xF6, 0x92, 0xF6, 0x92, 0xF6, 0x92, 0xF6, 0x92, 0xF6, 0x92, 0xF6, 0x92, 0xF6, 0x92, 
  0xF6, 0x92, 0x5A, 0x26, 0x5A, 0x26, 0x29, 0x46, 0x29, 0x46, 0x29, 0x46, 0x29, 0x46, 0x29, 0x46, 
  0x29, 0x46, 0x29, 0x46, 0x29, 0x46, 0x29, 0x46, 0x29, 0x46, 0x29, 0x46, 0x29, 0x46, 0x29, 0x46, 
  0x29, 0x46, 0x29, 0x46, 0x29, 0x46, 0x29, 0x46, 0x29, 0x46, 0x29, 0x46, 0x29, 0x46, 0x29, 0x46, 
  0x29, 0x46, 0x29, 0x46, 0x29, 0x46, 0x29, 0x46, 0x29, 0x46, 0x29, 0x46, 0x29, 0x46, 0x29, 0x46, 
  0x29, 0x46, 0x29, 0x46, 0x29, 0x46, 0x29, 0x46, 0x29, 0x46, 0x29, 0x46, 0x29, 0x46, 0x29, 0x46, 
  0x29, 0x46, 0x29, 0x46, 0x29, 0x46, 0x29, 0x46, 0x29, 0x46, 0x29, 0x46, 0x29, 0x46, 0x29, 0x46, 
  0x29, 0x46, 0x29, 0x46, 0x29, 0x46, 0x29, 0x46, 0x29, 0x46, 0x29, 0x46, 0x29, 0x46, 0x29, 0x46, 
  0x29, 0x46, 0x29, 0x46, 0x29, 0x46, 0x29, 0x46, 0x29, 0x46, 0x29, 0x46, 0x29, 0x46, 0x29, 0x46, 
  0x29, 0x46, 0x29, 0x46, 0x29, 0x46, 0x29, 0x46, 0x29, 0x46, 0x29, 0x46, 0x29, 0x46, 0x29, 0x46, 
  0x29, 0x46, 0x29, 0x46, 0x29, 0x46, 0x29, 0x46, 0x29, 0x46, 0x29, 0x46, 0x29, 0x46, 0x29, 0x46, 
  0x29, 0x46, 0x29, 0x46, 0x29, 0x46, 0x29, 0x46, 0x29, 0x46, 0x29, 0x46, 0x29, 0x46, 0x29, 0x46, 
  0x29, 0x46, 0x29, 0x46, 0x29, 0x46, 0x29, 0x46, 0x29, 0x46, 0x29, 0x46, 0x29, 0x46, 0x29, 0x46, 
  0x29, 0x46, 0x29, 0x46, 0x29, 0x46, 0x29, 0x46, 0x29, 0x46, 0x29, 0x46, 0x29, 0x46, 0x29, 0x46, 
  0x29, 0x46, 0x29, 0x46, 0x29, 0x46, 0x29, 0x46, 0x29, 0x46, 0x29, 0x46, 0x29, 0x46, 0x29, 0x46, 
  0x29, 0x46, 0x29, 0x46, 0x29, 0x46, 0x29, 0x46, 0x29, 0x46, 0x29, 0x46, 0x29, 0x46, 0x29, 0x46, 
  0x29, 0x46, 0x29, 0x46, 0x29, 0x46, 0x29, 0x46, 0x29, 0x46, 0x29, 0x46, 0x29, 0x46, 0x29, 0x46, 
  0x29, 0x46, 0x29, 0x46, 0x29, 0x46, 0x29, 0x46, 0x29, 0x46, 0x29, 0x46, 0x29, 0x46, 0x29, 0x46, 
  0x29, 0x46, 0x29, 0x46, 0x29, 0x46, 0x29, 0x46, 0x29, 0x46, 0x29, 0x46, 0x5A, 0x26, 0x5A, 0x26, 
  0xF6, 0x92, 0xF6, 0x92, 0xF6, 0x92, 0xF6, 0x92, 0xF6, 0x92, 0xF6, 0x92, 0xF6, 0x92, 0xF6, 0x92, 
  0xF6, 0x92, 0xF6, 0x92, 0xF6, 0x92, 0xF6, 0x92, 0xF6, 0x92, 0xF6, 0x92, 0xF6, 0x92, 0xF6, 0x92, 
  0xF6, 0x92, 0xF6, 0x92, 0xF6, 0x92, 0xF6, 0x92, 0xF6, 0x92, 0xF6, 0x92, 0xF6, 0x92, 0x00, 0x00, 
  0x00, 0x00, 0x00, 0x00, 0x00, 0x00, 0x00, 0x00, 0x00, 0x00, 0xFF, 0xFF, 0xFF, 0xFF, 0xFF, 0xFF, 
  0xFF, 0xFF, 0x00, 0x00, 0x00, 0x00, 0x00, 0x00, 0x00, 0x00, 0x00, 0x00, 0x00, 0x00, 0xF6, 0x92, 
  0xF6, 0x92, 0xF6, 0x92, 0xF6, 0x92, 0xF6, 0x92, 0xF6, 0x92, 0xF6, 0x92, 0xF6, 0x92, 0xF6, 0x92, 
  0xF6, 0x92, 0xF6, 0x92, 0xF6, 0x92, 0xF6, 0x92, 0xF6, 0x92, 0xF6, 0x92, 0xF6, 0x92, 0xF6, 0x92, 
  0xF6, 0x92, 0xF6, 0x92, 0x00, 0x00, 0x00, 0x00, 0x00, 0x00, 0x00, 0x00, 0x00, 0x00, 0x00, 0x00, 
  0xFF, 0xFF, 0xFF, 0xFF, 0xFF, 0xFF, 0xFF, 0xFF, 0x00, 0x00, 0x00, 0x00, 0x00, 0x00, 0x00, 0x00, 
  0x00, 0x00, 0x00, 0x00, 0xF6, 0x92, 0xF6, 0x92, 0xF6, 0x92, 0xF6, 0x92, 0xF6, 0x92, 0xF6, 0x92, 
  0xF6, 0x92, 0xF6, 0x92, 0xF6, 0x92, 0xF6, 0x92, 0xF6, 0x92, 0xF6, 0x92, 0xF6, 0x92, 0xF6, 0x92, 
  0xF6, 0x92, 0xF6, 0x92, 0xF6, 0x92, 0xF6, 0x92, 0xF6, 0x92, 0xF6, 0x92, 0xF6, 0x92, 0xF6, 0x92, 
  0xF6, 0x92, 0x5A, 0x26, 0x5A, 0x26, 0x29, 0x46, 0x29, 0x46, 0x29, 0x46, 0x29, 0x46, 0x29, 0x46, 
  0x29, 0x46, 0x29, 0x46, 0x29, 0x46, 0x29, 0x46, 0x29, 0x46, 0x29, 0x46, 0x29, 0x46, 0x29, 0x46, 
  0x29, 0x46, 0x29, 0x46, 0x29, 0x46, 0x29, 0x46, 0x29, 0x46, 0x29, 0x46, 0x29, 0x46, 0x29, 0x46, 
  0x29, 0x46, 0x29, 0x46, 0x29, 0x46, 0x29, 0x46, 0x29, 0x46, 0x29, 0x46, 0x29, 0x46, 0x29, 0x46, 
  0x29, 0x46, 0x29, 0x46, 0x29, 0x46, 0x29, 0x46, 0x29, 0x46, 0x29, 0x46, 0x29, 0x46, 0x29, 0x46, 
  0x29, 0x46, 0x29, 0x46, 0x29, 0x46, 0x29, 0x46, 0x29, 0x46, 0x29, 0x46, 0x29, 0x46, 0x29, 0x46, 
  0x29, 0x46, 0x29, 0x46, 0x29, 0x46, 0x29, 0x46, 0x29, 0x46, 0x29, 0x46, 0x29, 0x46, 0x29, 0x46, 
  0x29, 0x46, 0x29, 0x46, 0x29, 0x46, 0x29, 0x46, 0x29, 0x46, 0x29, 0x46, 0x29, 0x46, 0x29, 0x46, 
  0x29, 0x46, 0x29, 0x46, 0x29, 0x46, 0x29, 0x46, 0x29, 0x46, 0x29, 0x46, 0x29, 0x46, 0x29, 0x46, 
  0x29, 0x46, 0x29, 0x46, 0x29, 0x46, 0x29, 0x46, 0x29, 0x46, 0x29, 0x46, 0x29, 0x46, 0x29, 0x46, 
  0x29, 0x46, 0x29, 0x46, 0x29, 0x46, 0x29, 0x46, 0x29, 0x46, 0x29, 0x46, 0x29, 0x46, 0x29, 0x46, 
  0x29, 0x46, 0x29, 0x46, 0x29, 0x46, 0x29, 0x46, 0x29, 0x46, 0x29, 0x46, 0x29, 0x46, 0x29, 0x46, 
  0x29, 0x46, 0x29, 0x46, 0x29, 0x46, 0x29, 0x46, 0x29, 0x46, 0x29, 0x46, 0x29, 0x46, 0x29, 0x46, 
  0x29, 0x46, 0x29, 0x46, 0x29, 0x46, 0x29, 0x46, 0x29, 0x46, 0x29, 0x46, 0x29, 0x46, 0x29, 0x46, 
  0x29, 0x46, 0x29, 0x46, 0x29, 0x46, 0x29, 0x46, 0x29, 0x46, 0x29, 0x46, 0x29, 0x46, 0x29, 0x46, 
  0x29, 0x46, 0x29, 0x46, 0x29, 0x46, 0x29, 0x46, 0x29, 0x46, 0x29, 0x46, 0x29, 0x46, 0x29, 0x46, 
  0x29, 0x46, 0x29, 0x46, 0x29, 0x46, 0x29, 0x46, 0x29, 0x46, 0x29, 0x46, 0x29, 0x46, 0x29, 0x46, 
  0x29, 0x46, 0x29, 0x46, 0x29, 0x46, 0x29, 0x46, 0x29, 0x46, 0x29, 0x46, 0x5A, 0x26, 0x5A, 0x26, 
  0xF6, 0x92, 0xF6, 0x92, 0xF6, 0x92, 0xF6, 0x92, 0xF6, 0x92, 0xF6, 0x92, 0xF6, 0x92, 0xF6, 0x92, 
  0xF6, 0x92, 0xF6, 0x92, 0xF6, 0x92, 0xF6, 0x92, 0xF6, 0x92, 0xF6, 0x92, 0xF6, 0x92, 0xF6, 0x92, 
  0xF6, 0x92, 0xF6, 0x92, 0xF6, 0x92, 0xF6, 0x92, 0xF6, 0x92, 0xF6, 0x92, 0xF6, 0x92, 0x00, 0x00, 
  0x00, 0x00, 0x00, 0x00, 0x00, 0x00, 0x00, 0x00, 0xFF, 0xFF, 0xFF, 0xFF, 0xFF, 0xFF, 0xFF, 0xFF, 
  0xFF, 0xFF, 0xFF, 0xFF, 0x00, 0x00, 0x00, 0x00, 0x00, 0x00, 0x00, 0x00, 0x00, 0x00, 0xF6, 0x92, 
  0xF6, 0x92, 0xF6, 0x92, 0xF6, 0x92, 0xF6, 0x92, 0xF6, 0x92, 0xF6, 0x92, 0xF6, 0x92, 0xF6, 0x92, 
  0xF6, 0x92, 0xF6, 0x92, 0xF6, 0x92, 0xF6, 0x92, 0xF6, 0x92, 0xF6, 0x92, 0xF6, 0x92, 0xF6, 0x92, 
  0xF6, 0x92, 0xF6, 0x92, 0x00, 0x00, 0x00, 0x00, 0x00, 0x00, 0x00, 0x00, 0x00, 0x00, 0xFF, 0xFF, 
  0xFF, 0xFF, 0xFF, 0xFF, 0xFF, 0xFF, 0xFF, 0xFF, 0xFF, 0xFF, 0x00, 0x00, 0x00, 0x00, 0x00, 0x00, 
  0x00, 0x00, 0x00, 0x00, 0xF6, 0x92, 0xF6, 0x92, 0xF6, 0x92, 0xF6, 0x92, 0xF6, 0x92, 0xF6, 0x92, 
  0xF6, 0x92, 0xF6, 0x92, 0xF6, 0x92, 0xF6, 0x92, 0xF6, 0x92, 0xF6, 0x92, 0xF6, 0x92, 0xF6, 0x92, 
  0xF6, 0x92, 0xF6, 0x92, 0xF6, 0x92, 0xF6, 0x92, 0xF6, 0x92, 0xF6, 0x92, 0xF6, 0x92, 0xF6, 0x92, 
  0xF6, 0x92, 0x5A, 0x26, 0x5A, 0x26, 0x29, 0x46, 0x29, 0x46, 0x29, 0x46, 0x29, 0x46, 0x29, 0x46, 
  0x29, 0x46, 0x29, 0x46, 0x29, 0x46, 0x29, 0x46, 0x29, 0x46, 0x29, 0x46, 0x29, 0x46, 0x29, 0x46, 
  0x29, 0x46, 0x29, 0x46, 0x29, 0x46, 0x29, 0x46, 0x29, 0x46, 0x29, 0x46, 0x29, 0x46, 0x29, 0x46, 
  0x29, 0x46, 0x29, 0x46, 0x29, 0x46, 0x29, 0x46, 0x29, 0x46, 0x29, 0x46, 0x29, 0x46, 0x29, 0x46, 
  0x29, 0x46, 0x29, 0x46, 0x29, 0x46, 0x29, 0x46, 0x29, 0x46, 0x29, 0x46, 0x29, 0x46, 0x29, 0x46, 
  0x29, 0x46, 0x29, 0x46, 0x29, 0x46, 0x29, 0x46, 0x29, 0x46, 0x29, 0x46, 0x29, 0x46, 0x29, 0x46, 
  0x29, 0x46, 0x29, 0x46, 0x29, 0x46, 0x29, 0x46, 0x29, 0x46, 0x29, 0x46, 0x29, 0x46, 0x29, 0x46, 
  0x29, 0x46, 0x29, 0x46, 0x29, 0x46, 0x29, 0x46, 0x29, 0x46, 0x29, 0x46, 0x29, 0x46, 0x29, 0x46, 
  0x29, 0x46, 0x29, 0x46, 0x29, 0x46, 0x29, 0x46, 0x29, 0x46, 0x29, 0x46, 0x29, 0x46, 0x29, 0x46, 
  0x29, 0x46, 0x29, 0x46, 0x29, 0x46, 0x29, 0x46, 0x29, 0x46, 0x29, 0x46, 0x29, 0x46, 0x29, 0x46, 
  0x29, 0x46, 0x29, 0x46, 0x29, 0x46, 0x29, 0x46, 0x29, 0x46, 0x29, 0x46, 0x29, 0x46, 0x29, 0x46, 
  0x29, 0x46, 0x29, 0x46, 0x29, 0x46, 0x29, 0x46, 0x29, 0x46, 0x29, 0x46, 0x29, 0x46, 0x29, 0x46, 
  0x29, 0x46, 0x29, 0x46, 0x29, 0x46, 0x29, 0x46, 0x29, 0x46, 0x29, 0x46, 0x29, 0x46, 0x29, 0x46, 
  0x29, 0x46, 0x29, 0x46, 0x29, 0x46, 0x29, 0x46, 0x29, 0x46, 0x29, 0x46, 0x29, 0x46, 0x29, 0x46, 
  0x29, 0x46, 0x29, 0x46, 0x29, 0x46, 0x29, 0x46, 0x29, 0x46, 0x29, 0x46, 0x29, 0x46, 0x29, 0x46, 
  0x29, 0x46, 0x29, 0x46, 0x29, 0x46, 0x29, 0x46, 0x29, 0x46, 0x29, 0x46, 0x29, 0x46, 0x29, 0x46, 
  0x29, 0x46, 0x29, 0x46, 0x29, 0x46, 0x29, 0x46, 0x29, 0x46, 0x29, 0x46, 0x29, 0x46, 0x29, 0x46, 
  0x29, 0x46, 0x29, 0x46, 0x29, 0x46, 0x29, 0x46, 0x29, 0x46, 0x29, 0x46, 0x5A, 0x26, 0x5A, 0x26, 
  0xF6, 0x92, 0xF6, 0x92, 0xF6, 0x92, 0xF6, 0x92, 0xF6, 0x92, 0xF6, 0x92, 0xF6, 0x92, 0xF6, 0x92, 
  0xF6, 0x92, 0xF6, 0x92, 0xF6, 0x92, 0xF6, 0x92, 0xF6, 0x92, 0xF6, 0x92, 0xF6, 0x92, 0xF6, 0x92, 
  0xF6, 0x92, 0xF6, 0x92, 0xF6, 0x92, 0xF6, 0x92, 0xF6, 0x92, 0xF6, 0x92, 0xF6, 0x92, 0x00, 0x00, 
  0x00, 0x00, 0x00, 0x00, 0x00, 0x00, 0x00, 0x00, 0xFF, 0xFF, 0xFF, 0xFF, 0xFF, 0xFF, 0xFF, 0xFF, 
  0xFF, 0xFF, 0xFF, 0xFF, 0x00, 0x00, 0x00, 0x00, 0x00, 0x00, 0x00, 0x00, 0x00, 0x00, 0xF6, 0x92, 
  0xF6, 0x92, 0xF6, 0x92, 0xF6, 0x92, 0xF6, 0x92, 0xF6, 0x92, 0xF6, 0x92, 0xF6, 0x92, 0xF6, 0x92, 
  0xF6, 0x92, 0xF6, 0x92, 0xF6, 0x92, 0xF6, 0x92, 0xF6, 0x92, 0xF6, 0x92, 0xF6, 0x92, 0xF6, 0x92, 
  0xF6, 0x92, 0xF6, 0x92, 0x00, 0x00, 0x00, 0x00, 0x00, 0x00, 0x00, 0x00, 0x00, 0x00, 0xFF, 0xFF, 
  0xFF, 0xFF, 0xFF, 0xFF, 0xFF, 0xFF, 0xFF, 0xFF, 0xFF, 0xFF, 0x00, 0x00, 0x00, 0x00, 0x00, 0x00, 
  0x00, 0x00, 0x00, 0x00, 0xF6, 0x92, 0xF6, 0x92, 0xF6, 0x92, 0xF6, 0x92, 0xF6, 0x92, 0xF6, 0x92, 
  0xF6, 0x92, 0xF6, 0x92, 0xF6, 0x92, 0xF6, 0x92, 0xF6, 0x92, 0xF6, 0x92, 0xF6, 0x92, 0xF6, 0x92, 
  0xF6, 0x92, 0xF6, 0x92, 0xF6, 0x92, 0xF6, 0x92, 0xF6, 0x92, 0xF6, 0x92, 0xF6, 0x92, 0xF6, 0x92, 
  0xF6, 0x92, 0x5A, 0x26, 0x5A, 0x26, 0x29, 0x46, 0x29, 0x46, 0x29, 0x46, 0x29, 0x46, 0x29, 0x46, 
  0x29, 0x46, 0x29, 0x46, 0x29, 0x46, 0x29, 0x46, 0x29, 0x46, 0x29, 0x46, 0x29, 0x46, 0x29, 0x46, 
  0x29, 0x46, 0x29, 0x46, 0x29, 0x46, 0x29, 0x46, 0x29, 0x46, 0x29, 0x46, 0x29, 0x46, 0x29, 0x46, 
  0x29, 0x46, 0x29, 0x46, 0x29, 0x46, 0x29, 0x46, 0x29, 0x46, 0x29, 0x46, 0x29, 0x46, 0x29, 0x46, 
  0x29, 0x46, 0x29, 0x46, 0x29, 0x46, 0x29, 0x46, 0x29, 0x46, 0x29, 0x46, 0x29, 0x46, 0x29, 0x46, 
  0x29, 0x46, 0x29, 0x46, 0x29, 0x46, 0x29, 0x46, 0x29, 0x46, 0x29, 0x46, 0x29, 0x46, 0x29, 0x46, 
  0x29, 0x46, 0x29, 0x46, 0x29, 0x46, 0x29, 0x46, 0x29, 0x46, 0x29, 0x46, 0x29, 0x46, 0x29, 0x46, 
  0x29, 0x46, 0x29, 0x46, 0x29, 0x46, 0x29, 0x46, 0x29, 0x46, 0x29, 0x46, 0x29, 0x46, 0x29, 0x46, 
  0x29, 0x46, 0x29, 0x46, 0x29, 0x46, 0x29, 0x46, 0x29, 0x46, 0x29, 0x46, 0x29, 0x46, 0x29, 0x46, 
  0x29, 0x46, 0x29, 0x46, 0x29, 0x46, 0x29, 0x46, 0x29, 0x46, 0x29, 0x46, 0x29, 0x46, 0x29, 0x46, 
  0x29, 0x46, 0x29, 0x46, 0x29, 0x46, 0x29, 0x46, 0x29, 0x46, 0x29, 0x46, 0x29, 0x46, 0x29, 0x46, 
  0x29, 0x46, 0x29, 0x46, 0x29, 0x46, 0x29, 0x46, 0x29, 0x46, 0x29, 0x46, 0x29, 0x46, 0x29, 0x46, 
  0x29, 0x46, 0x29, 0x46, 0x29, 0x46, 0x29, 0x46, 0x29, 0x46, 0x29, 0x46, 0x29, 0x46, 0x29, 0x46, 
  0x29, 0x46, 0x29, 0x46, 0x29, 0x46, 0x29, 0x46, 0x29, 0x46, 0x29, 0x46, 0x29, 0x46, 0x29, 0x46, 
  0x29, 0x46, 0x29, 0x46, 0x29, 0x46, 0x29, 0x46, 0x29, 0x46, 0x29, 0x46, 0x29, 0x46, 0x29, 0x46, 
  0x29, 0x46, 0x29, 0x46, 0x29, 0x46, 0x29, 0x46, 0x29, 0x46, 0x29, 0x46, 0x29, 0x46, 0x29, 0x46, 
  0x29, 0x46, 0x29, 0x46, 0x29, 0x46, 0x29, 0x46, 0x29, 0x46, 0x29, 0x46, 0x29, 0x46, 0x29, 0x46, 
  0x29, 0x46, 0x29, 0x46, 0x29, 0x46, 0x29, 0x46, 0x29, 0x46, 0x29, 0x46, 0x5A, 0x26, 0x5A, 0x26, 
  0xF6, 0x92, 0xF6, 0x92, 0xF6, 0x92, 0xF6, 0x92, 0xF6, 0x92, 0xF6, 0x92, 0xF6, 0x92, 0xF6, 0x92, 
  0xF6, 0x92, 0xF6, 0x92, 0xF6, 0x92, 0xF6, 0x92, 0xF6, 0x92, 0xF6, 0x92, 0xF6, 0x92, 0xF6, 0x92, 
  0xF6, 0x92, 0xF6, 0x92, 0xF6, 0x92, 0xF6, 0x92, 0xF6, 0x92, 0xF6, 0x92, 0xF6, 0x92, 0x00, 0x00, 
  0x00, 0x00, 0x00, 0x00, 0x00, 0x00, 0x00, 0x00, 0x00, 0x00, 0xFF, 0xFF, 0xFF, 0xFF, 0xFF, 0xFF, 
  0xFF, 0xFF, 0x00, 0x00, 0x00, 0x00, 0x00, 0x00, 0x00, 0x00, 0x00, 0x00, 0x00, 0x00, 0xF6, 0x92, 
  0xF6, 0x92, 0xF6, 0x92, 0xF6, 0x92, 0xF6, 0x92, 0xF6, 0x92, 0xF6, 0x92, 0xF6, 0x92, 0xF6, 0x92, 
  0xF6, 0x92, 0xF6, 0x92, 0xF6, 0x92, 0xF6, 0x92, 0xF6, 0x92, 0xF6, 0x92, 0xF6, 0x92, 0xF6, 0x92, 
  0xF6, 0x92, 0xF6, 0x92, 0x00, 0x00, 0x00, 0x00, 0x00, 0x00, 0x00, 0x00, 0x00, 0x00, 0x00, 0x00, 
  0xFF, 0xFF, 0xFF, 0xFF, 0xFF, 0xFF, 0xFF, 0xFF, 0x00, 0x00, 0x00, 0x00, 0x00, 0x00, 0x00, 0x00, 
  0x00, 0x00, 0x00, 0x00, 0xF6, 0x92, 0xF6, 0x92, 0xF6, 0x92, 0xF6, 0x92, 0xF6, 0x92, 0xF6, 0x92, 
  0xF6, 0x92, 0xF6, 0x92, 0xF6, 0x92, 0xF6, 0x92, 0xF6, 0x92, 0xF6, 0x92, 0xF6, 0x92, 0xF6, 0x92, 
  0xF6, 0x92, 0xF6, 0x92, 0xF6, 0x92, 0xF6, 0x92, 0xF6, 0x92, 0xF6, 0x92, 0xF6, 0x92, 0xF6, 0x92, 
  0xF6, 0x92, 0x5A, 0x26, 0x5A, 0x26, 0x29, 0x46, 0x29, 0x46, 0x29, 0x46, 0x29, 0x46, 0x29, 0x46, 
  0x29, 0x46, 0x29, 0x46, 0x29, 0x46, 0x29, 0x46, 0x29, 0x46, 0x29, 0x46, 0x29, 0x46, 0x29, 0x46, 
  0x29, 0x46, 0x29, 0x46, 0x29, 0x46, 0x29, 0x46, 0x29, 0x46, 0x29, 0x46, 0x29, 0x46, 0x29, 0x46, 
  0x29, 0x46, 0x29, 0x46, 0x29, 0x46, 0x29, 0x46, 0x29, 0x46, 0x29, 0x46, 0x29, 0x46, 0x29, 0x46, 
  0x29, 0x46, 0x29, 0x46, 0x29, 0x46, 0x29, 0x46, 0x29, 0x46, 0x29, 0x46, 0x29, 0x46, 0x29, 0x46, 
  0x29, 0x46, 0x29, 0x46, 0x29, 0x46, 0x29, 0x46, 0x29, 0x46, 0x29, 0x46, 0x29, 0x46, 0x29, 0x46, 
  0x29, 0x46, 0x29, 0x46, 0x29, 0x46, 0x29, 0x46, 0x29, 0x46, 0x29, 0x46, 0x29, 0x46, 0x29, 0x46, 
  0x29, 0x46, 0x29, 0x46, 0x29, 0x46, 0x29, 0x46, 0x29, 0x46, 0x29, 0x46, 0x29, 0x46, 0x29, 0x46, 
  0x29, 0x46, 0x29, 0x46, 0x29, 0x46, 0x29, 0x46, 0x29, 0x46, 0x29, 0x46, 0x29, 0x46, 0x29, 0x46, 
  0x29, 0x46, 0x29, 0x46, 0x29, 0x46, 0x29, 0x46, 0x29, 0x46, 0x29, 0x46, 0x29, 0x46, 0x29, 0x46, 
  0x29, 0x46, 0x29, 0x46, 0x29, 0x46, 0x29, 0x46, 0x29, 0x46, 0x29, 0x46, 0x29, 0x46, 0x29, 0x46, 
  0x29, 0x46, 0x29, 0x46, 0x29, 0x46, 0x29, 0x46, 0x29, 0x46, 0x29, 0x46, 0x29, 0x46, 0x29, 0x46, 
  0x29, 0x46, 0x29, 0x46, 0x29, 0x46, 0x29, 0x46, 0x29, 0x46, 0x29, 0x46, 0x29, 0x46, 0x29, 0x46, 
  0x29, 0x46, 0x29, 0x46, 0x29, 0x46, 0x29, 0x46, 0x29, 0x46, 0x29, 0x46, 0x29, 0x46, 0x29, 0x46, 
  0x29, 0x46, 0x29, 0x46, 0x29, 0x46, 0x29, 0x46, 0x29, 0x46, 0x29, 0x46, 0x29, 0x46, 0x29, 0x46, 
  0x29, 0x46, 0x29, 0x46, 0x29, 0x46, 0x29, 0x46, 0x29, 0x46, 0x29, 0x46, 0x29, 0x46, 0x29, 0x46, 
  0x29, 0x46, 0x29, 0x46, 0x29, 0x46, 0x29, 0x46, 0x29, 0x46, 0x29, 0x46, 0x29, 0x46, 0x29, 0x46, 
  0x29, 0x46, 0x29, 0x46, 0x29, 0x46, 0x29, 0x46, 0x29, 0x46, 0x29, 0x46, 0x5A, 0x26, 0x5A, 0x26, 
  0xF6, 0x92, 0xF6, 0x92, 0xF6, 0x92, 0xF6, 0x92, 0xF6, 0x92, 0xF6, 0x92, 0xF6, 0x92, 0xF6, 0x92, 
  0xF6, 0x92, 0xF6, 0x92, 0xF6, 0x92, 0xF6, 0x92, 0xF6, 0x92, 0xF6, 0x92, 0xF6, 0x92, 0xF6, 0x92, 
  0xF6, 0x92, 0xF6, 0x92, 0xF6, 0x92, 0xF6, 0x92, 0xF6, 0x92, 0xF6, 0x92, 0xF6, 0x92, 0x00, 0x00, 
  0x00, 0x00, 0x00, 0x00, 0x00, 0x00, 0x00, 0x00, 0x00, 0x00, 0x00, 0x00, 0xFF, 0xFF, 0xFF, 0xFF, 
  0x00, 0x00, 0x00, 0x00, 0x00, 0x00, 0x00, 0x00, 0x00, 0x00, 0x00, 0x00, 0x00, 0x00, 0xF6, 0x92, 
  0xF6, 0x92, 0xF6, 0x92, 0xF6, 0x92, 0xF6, 0x92, 0xF6, 0x92, 0xF6, 0x92, 0xF6, 0x92, 0xF6, 0x92, 
  0xF6, 0x92, 0xF6, 0x92, 0xF6, 0x92, 0xF6, 0x92, 0xF6, 0x92, 0xF6, 0x92, 0xF6, 0x92, 0xF6, 0x92, 
  0xF6, 0x92, 0xF6, 0x92, 0x00, 0x00, 0x00, 0x00, 0x00, 0x00, 0x00, 0x00, 0x00, 0x00, 0x00, 0x00, 
  0x00, 0x00, 0xFF, 0xFF, 0xFF, 0xFF, 0x00, 0x00, 0x00, 0x00, 0x00, 0x00, 0x00, 0x00, 0x00, 0x00, 
  0x00, 0x00, 0x00, 0x00, 0xF6, 0x92, 0xF6, 0x92, 0xF6, 0x92, 0xF6, 0x92, 0xF6, 0x92, 0xF6, 0x92, 
  0xF6, 0x92, 0xF6, 0x92, 0xF6, 0x92, 0xF6, 0x92, 0xF6, 0x92, 0xF6, 0x92, 0xF6, 0x92, 0xF6, 0x92, 
  0xF6, 0x92, 0xF6, 0x92, 0xF6, 0x92, 0xF6, 0x92, 0xF6, 0x92, 0xF6, 0x92, 0xF6, 0x92, 0xF6, 0x92, 
  0xF6, 0x92, 0x5A, 0x26, 0x5A, 0x26, 0x29, 0x46, 0x29, 0x46, 0x29, 0x46, 0x29, 0x46, 0x29, 0x46, 
  0x29, 0x46, 0x29, 0x46, 0x29, 0x46, 0x29, 0x46, 0x29, 0x46, 0x29, 0x46, 0x29, 0x46, 0x29, 0x46, 
  0x29, 0x46, 0x29, 0x46, 0x29, 0x46, 0x29, 0x46, 0x29, 0x46, 0x29, 0x46, 0x29, 0x46, 0x29, 0x46, 
  0x29, 0x46, 0x29, 0x46, 0x29, 0x46, 0x29, 0x46, 0x29, 0x46, 0x29, 0x46, 0x29, 0x46, 0x29, 0x46, 
  0x29, 0x46, 0x29, 0x46, 0x29, 0x46, 0x29, 0x46, 0x29, 0x46, 0x29, 0x46, 0x29, 0x46, 0x29, 0x46, 
  0x29, 0x46, 0x29, 0x46, 0x29, 0x46, 0x29, 0x46, 0x29, 0x46, 0x29, 0x46, 0x29, 0x46, 0x29, 0x46, 
  0x29, 0x46, 0x29, 0x46, 0x29, 0x46, 0x29, 0x46, 0x29, 0x46, 0x29, 0x46, 0x29, 0x46, 0x29, 0x46, 
  0x29, 0x46, 0x29, 0x46, 0x29, 0x46, 0x29, 0x46, 0x29, 0x46, 0x29, 0x46, 0x29, 0x46, 0x29, 0x46, 
  0x29, 0x46, 0x29, 0x46, 0x29, 0x46, 0x29, 0x46, 0x29, 0x46, 0x29, 0x46, 0x29, 0x46, 0x29, 0x46, 
  0x29, 0x47, 0x29, 0x47, 0x29, 0x47, 0x29, 0x47, 0x29, 0x47, 0x29, 0x47, 0x29, 0x47, 0x29, 0x47, 
  0x29, 0x47, 0x29, 0x47, 0x29, 0x47, 0x29, 0x47, 0x29, 0x47, 0x29, 0x47, 0x29, 0x47, 0x29, 0x47, 
  0x29, 0x47, 0x29, 0x47, 0x29, 0x47, 0x29, 0x47, 0x29, 0x47, 0x29, 0x47, 0x29, 0x47, 0x29, 0x47, 
  0x29, 0x47, 0x29, 0x47, 0x29, 0x47, 0x29, 0x47, 0x29, 0x47, 0x29, 0x47, 0x29, 0x47, 0x29, 0x47, 
  0x29, 0x47, 0x29, 0x47, 0x29, 0x47, 0x29, 0x47, 0x29, 0x47, 0x29, 0x47, 0x29, 0x47, 0x29, 0x47, 
  0x29, 0x47, 0x29, 0x47, 0x29, 0x47, 0x29, 0x47, 0x29, 0x47, 0x29, 0x47, 0x29, 0x47, 0x29, 0x47, 
  0x29, 0x47, 0x29, 0x47, 0x29, 0x47, 0x29, 0x47, 0x29, 0x47, 0x29, 0x47, 0x29, 0x47, 0x29, 0x47, 
  0x29, 0x47, 0x29, 0x47, 0x29, 0x47, 0x29, 0x47, 0x29, 0x47, 0x29, 0x47, 0x29, 0x47, 0x29, 0x47, 
  0x29, 0x47, 0x29, 0x47, 0x29, 0x47, 0x29, 0x47, 0x29, 0x47, 0x29, 0x47, 0x5A, 0x26, 0x5A, 0x26, 
  0xF6, 0x92, 0xF6, 0x92, 0xF6, 0x92, 0xF6, 0x92, 0xF6, 0x92, 0xF6, 0x92, 0xF6, 0x92, 0xF6, 0x92, 
  0xF6, 0x92, 0xF6, 0x92, 0xF6, 0x92, 0xF6, 0x92, 0xF6, 0x92, 0xF6, 0x92, 0xF6, 0x92, 0xF6, 0x92, 
  0xF6, 0x92, 0xF6, 0x92, 0xF6, 0x92, 0xF6, 0x92, 0xF6, 0x92, 0xF6, 0x92, 0xF6, 0x92, 0xF6, 0x92, 
  0x00, 0x00, 0x00, 0x00, 0x00, 0x00, 0x00, 0x00, 0x00, 0x00, 0x00, 0x00, 0x00, 0x00, 0x00, 0x00, 
  0x00, 0x00, 0x00, 0x00, 0x00, 0x00, 0x00, 0x00, 0x00, 0x00, 0x00, 0x00, 0xF6, 0x92, 0xF6, 0x92, 
  0xF6, 0x92, 0xF6, 0x92, 0xF6, 0x92, 0xF6, 0x92, 0xF6, 0x92, 0xF6, 0x92, 0xF6, 0x92, 0xF6, 0x92, 
  0xF6, 0x92, 0xF6, 0x92, 0xF6, 0x92, 0xF6, 0x92, 0xF6, 0x92, 0xF6, 0x92, 0xF6, 0x92, 0xF6, 0x92, 
  0xF6, 0x92, 0xF6, 0x92, 0xF6, 0x92, 0x00, 0x00, 0x00, 0x00, 0x00, 0x00, 0x00, 0x00, 0x00, 0x00, 
  0x00, 0x00, 0x00, 0x00, 0x00, 0x00, 0x00, 0x00, 0x00, 0x00, 0x00, 0x00, 0x00, 0x00, 0x00, 0x00, 
  0x00, 0x00, 0xF6, 0x92, 0xF6, 0x92, 0xF6, 0x92, 0xF6, 0x92, 0xF6, 0x92, 0xF6, 0x92, 0xF6, 0x92, 
  0xF6, 0x92, 0xF6, 0x92, 0xF6, 0x92, 0xF6, 0x92, 0xF6, 0x92, 0xF6, 0x92, 0xF6, 0x92, 0xF6, 0x92, 
  0xF6, 0x92, 0xF6, 0x92, 0xF6, 0x92, 0xF6, 0x92, 0xF6, 0x92, 0xF6, 0x92, 0xF6, 0x92, 0xF6, 0x92, 
  0xF6, 0x92, 0x5A, 0x26, 0x5A, 0x26, 0x29, 0x47, 0x29, 0x47, 0x29, 0x47, 0x29, 0x47, 0x29, 0x47, 
  0x29, 0x47, 0x29, 0x47, 0x29, 0x47, 0x29, 0x47, 0x29, 0x47, 0x29, 0x47, 0x29, 0x47, 0x29, 0x47, 
  0x29, 0x47, 0x29, 0x47, 0x29, 0x47, 0x29, 0x47, 0x29, 0x47, 0x29, 0x47, 0x29, 0x47, 0x29, 0x47, 
  0x29, 0x47, 0x29, 0x47, 0x29, 0x47, 0x29, 0x47, 0x29, 0x47, 0x29, 0x47, 0x29, 0x47, 0x29, 0x47, 
  0x29, 0x47, 0x29, 0x47, 0x29, 0x47, 0x29, 0x47, 0x29, 0x47, 0x29, 0x47, 0x29, 0x47, 0x29, 0x47, 
  0x29, 0x47, 0x29, 0x47, 0x29, 0x47, 0x29, 0x47, 0x29, 0x47, 0x29, 0x47, 0x29, 0x47, 0x29, 0x47, 
  0x29, 0x47, 0x29, 0x47, 0x29, 0x47, 0x29, 0x47, 0x29, 0x47, 0x29, 0x47, 0x29, 0x47, 0x29, 0x47, 
  0x29, 0x47, 0x29, 0x47, 0x29, 0x47, 0x29, 0x47, 0x29, 0x47, 0x29, 0x47, 0x29, 0x47, 0x29, 0x47, 
  0x29, 0x47, 0x29, 0x47, 0x29, 0x47, 0x29, 0x47, 0x29, 0x47, 0x29, 0x47, 0x29, 0x47, 0x29, 0x47, 
  0x29, 0x47, 0x29, 0x47, 0x29, 0x47, 0x29, 0x47, 0x29, 0x47, 0x29, 0x47, 0x29, 0x47, 0x29, 0x47, 
  0x29, 0x47, 0x29, 0x47, 0x29, 0x47, 0x29, 0x47, 0x29, 0x47, 0x29, 0x47, 0x29, 0x47, 0x29, 0x47, 
  0x29, 0x47, 0x29, 0x47, 0x29, 0x47, 0x29, 0x47, 0x29, 0x47, 0x29, 0x47, 0x29, 0x47, 0x29, 0x47, 
  0x29, 0x47, 0x29, 0x47, 0x29, 0x47, 0x29, 0x47, 0x29, 0x47, 0x29, 0x47, 0x29, 0x47, 0x29, 0x47, 
  0x29, 0x47, 0x29, 0x47, 0x29, 0x47, 0x29, 0x47, 0x29, 0x47, 0x29, 0x47, 0x29, 0x47, 0x29, 0x47, 
  0x29, 0x47, 0x29, 0x47, 0x29, 0x47, 0x29, 0x47, 0x29, 0x47, 0x29, 0x47, 0x29, 0x47, 0x29, 0x47, 
  0x29, 0x47, 0x29, 0x47, 0x29, 0x47, 0x29, 0x47, 0x29, 0x47, 0x29, 0x47, 0x29, 0x47, 0x29, 0x47, 
  0x29, 0x47, 0x29, 0x47, 0x29, 0x47, 0x29, 0x47, 0x29, 0x47, 0x29, 0x47, 0x29, 0x47, 0x29, 0x47, 
  0x29, 0x47, 0x29, 0x47, 0x29, 0x47, 0x29, 0x47, 0x29, 0x47, 0x29, 0x47, 0x5A, 0x26, 0x5A, 0x26, 
  0xF6, 0x92, 0xF6, 0x92, 0xF6, 0x92, 0xF6, 0x92, 0xF6, 0x92, 0xF6, 0x92, 0xF6, 0x92, 0xF6, 0x92, 
  0xF6, 0x92, 0xF6, 0x92, 0xF6, 0x92, 0xF6, 0x92, 0xF6, 0x92, 0xF6, 0x92, 0xF6, 0x92, 0xF6, 0x92, 
  0xF6, 0x92, 0xF6, 0x92, 0xF6, 0x92, 0xF6, 0x92, 0xF6, 0x92, 0xF6, 0x92, 0xF6, 0x92, 0xF6, 0x92, 
  0xF6, 0x92, 0x00, 0x00, 0x00, 0x00, 0x00, 0x00, 0x00, 0x00, 0x00, 0x00, 0x00, 0x00, 0x00, 0x00, 
  0x00, 0x00, 0x00, 0x00, 0x00, 0x00, 0x00, 0x00, 0x00, 0x00, 0xF6, 0x92, 0xF6, 0x92, 0xF6, 0x92, 
  0xF6, 0x92, 0xF6, 0x92, 0xF6, 0x92, 0xF6, 0x92, 0xF6, 0x92, 0xF6, 0x92, 0xF6, 0x92, 0xF6, 0x92, 
  0xF6, 0x92, 0xF6, 0x92, 0xF6, 0x92, 0xF6, 0x92, 0xF6, 0x92, 0xF6, 0x92, 0xF6, 0x92, 0xF6, 0x92, 
  0xF6, 0x92, 0xF6, 0x92, 0xF6, 0x92, 0xF6, 0x92, 0x00, 0x00, 0x00, 0x00, 0x00, 0x00, 0x00, 0x00, 
  0x00, 0x00, 0x00, 0x00, 0x00, 0x00, 0x00, 0x00, 0x00, 0x00, 0x00, 0x00, 0x00, 0x00, 0x00, 0x00, 
  0xF6, 0x92, 0xF6, 0x92, 0xF6, 0x92, 0xF6, 0x92, 0xF6, 0x92, 0xF6, 0x92, 0xF6, 0x92, 0xF6, 0x92, 
  0xF6, 0x92, 0xF6, 0x92, 0xF6, 0x92, 0xF6, 0x92, 0xF6, 0x92, 0xF6, 0x92, 0xF6, 0x92, 0xF6, 0x92, 
  0xF6, 0x92, 0xF6, 0x92, 0xF6, 0x92, 0xF6, 0x92, 0xF6, 0x92, 0xF6, 0x92, 0xF6, 0x92, 0xF6, 0x92, 
  0xF6, 0x92, 0x5A, 0x26, 0x5A, 0x26, 0x29, 0x47, 0x29, 0x47, 0x29, 0x47, 0x29, 0x47, 0x29, 0x47, 
  0x29, 0x47, 0x29, 0x47, 0x29, 0x47, 0x29, 0x47, 0x29, 0x47, 0x29, 0x47, 0x29, 0x47, 0x29, 0x47, 
  0x29, 0x47, 0x29, 0x47, 0x29, 0x47, 0x29, 0x47, 0x29, 0x47, 0x29, 0x47, 0x29, 0x47, 0x29, 0x47, 
  0x29, 0x47, 0x29, 0x47, 0x29, 0x47, 0x29, 0x47, 0x29, 0x47, 0x29, 0x47, 0x29, 0x47, 0x29, 0x47, 
  0x29, 0x47, 0x29, 0x47, 0x29, 0x47, 0x29, 0x47, 0x29, 0x47, 0x29, 0x47, 0x29, 0x47, 0x29, 0x47, 
  0x29, 0x47, 0x29, 0x47, 0x29, 0x47, 0x29, 0x47, 0x29, 0x47, 0x29, 0x47, 0x29, 0x47, 0x29, 0x47, 
  0x29, 0x47, 0x29, 0x47, 0x29, 0x47, 0x29, 0x47, 0x29, 0x47, 0x29, 0x47, 0x29, 0x47, 0x29, 0x47, 
  0x29, 0x47, 0x29, 0x47, 0x29, 0x47, 0x29, 0x47, 0x29, 0x47, 0x29, 0x47, 0x29, 0x47, 0x29, 0x47, 
  0x29, 0x47, 0x29, 0x47, 0x29, 0x47, 0x29, 0x47, 0x29, 0x47, 0x29, 0x47, 0x29, 0x47, 0x29, 0x47, 
  0x29, 0x47, 0x29, 0x47, 0x29, 0x47, 0x29, 0x47, 0x29, 0x47, 0x29, 0x47, 0x29, 0x47, 0x29, 0x47, 
  0x29, 0x47, 0x29, 0x47, 0x29, 0x47, 0x29, 0x47, 0x29, 0x47, 0x29, 0x47, 0x29, 0x47, 0x29, 0x47, 
  0x29, 0x47, 0x29, 0x47, 0x29, 0x47, 0x29, 0x47, 0x29, 0x47, 0x29, 0x47, 0x29, 0x47, 0x29, 0x47, 
  0x29, 0x47, 0x29, 0x47, 0x29, 0x47, 0x29, 0x47, 0x29, 0x47, 0x29, 0x47, 0x29, 0x47, 0x29, 0x47, 
  0x29, 0x47, 0x29, 0x47, 0x29, 0x47, 0x29, 0x47, 0x29, 0x47, 0x29, 0x47, 0x29, 0x47, 0x29, 0x47, 
  0x29, 0x47, 0x29, 0x47, 0x29, 0x47, 0x29, 0x47, 0x29, 0x47, 0x29, 0x47, 0x29, 0x47, 0x29, 0x47, 
  0x29, 0x47, 0x29, 0x47, 0x29, 0x47, 0x29, 0x47, 0x29, 0x47, 0x29, 0x47, 0x29, 0x47, 0x29, 0x47, 
  0x29, 0x47, 0x29, 0x47, 0x29, 0x47, 0x29, 0x47, 0x29, 0x47, 0x29, 0x47, 0x29, 0x47, 0x29, 0x47, 
  0x29, 0x47, 0x29, 0x47, 0x29, 0x47, 0x29, 0x47, 0x29, 0x47, 0x29, 0x47, 0x5A, 0x26, 0x5A, 0x26, 
  0xF6, 0x92, 0xF6, 0x92, 0xF6, 0x92, 0xF6, 0x92, 0xF6, 0x92, 0xF6, 0x92, 0xF6, 0x92, 0xF6, 0x92, 
  0xF6, 0x92, 0xF6, 0x92, 0xF6, 0x92, 0xF6, 0x92, 0xF6, 0x92, 0xF6, 0x92, 0xF6, 0x92, 0xF6, 0x92, 
  0xF6, 0x92, 0xF6, 0x92, 0xF6, 0x92, 0xF6, 0x92, 0xF6, 0x92, 0xF6, 0x92, 0xF6, 0x92, 0xF6, 0x92, 
  0xF6, 0x92, 0x00, 0x00, 0x00, 0x00, 0x00, 0x00, 0x00, 0x00, 0x00, 0x00, 0x00, 0x00, 0x00, 0x00, 
  0x00, 0x00, 0x00, 0x00, 0x00, 0x00, 0x00, 0x00, 0x00, 0x00, 0xF6, 0x92, 0xF6, 0x92, 0xF6, 0x92, 
  0xF6, 0x92, 0xF6, 0x92, 0xF6, 0x92, 0xF6, 0x92, 0xF6, 0x92, 0xF6, 0x92, 0xF6, 0x92, 0xF6, 0x92, 
  0xF6, 0x92, 0xF6, 0x92, 0xF6, 0x92, 0xF6, 0x92, 0xF6, 0x92, 0xF6, 0x92, 0xF6, 0x92, 0xF6, 0x92, 
  0xF6, 0x92, 0xF6, 0x92, 0xF6, 0x92, 0xF6, 0x92, 0x00, 0x00, 0x00, 0x00, 0x00, 0x00, 0x00, 0x00, 
  0x00, 0x00, 0x00, 0x00, 0x00, 0x00, 0x00, 0x00, 0x00, 0x00, 0x00, 0x00, 0x00, 0x00, 0x00, 0x00, 
  0xF6, 0x92, 0xF6, 0x92, 0xF6, 0x92, 0xF6, 0x92, 0xF6, 0x92, 0xF6, 0x92, 0xF6, 0x92, 0xF6, 0x92, 
  0xF6, 0x92, 0xF6, 0x92, 0xF6, 0x92, 0xF6, 0x92, 0xF6, 0x92, 0xF6, 0x92, 0xF6, 0x92, 0xF6, 0x92, 
  0xF6, 0x92, 0xF6, 0x92, 0xF6, 0x92, 0xF6, 0x92, 0xF6, 0x92, 0xF6, 0x92, 0xF6, 0x92, 0xF6, 0x92, 
  0xF6, 0x92, 0x5A, 0x26, 0x5A, 0x26, 0x29, 0x47, 0x29, 0x47, 0x29, 0x47, 0x29, 0x47, 0x29, 0x47, 
  0x29, 0x47, 0x29, 0x47, 0x29, 0x47, 0x29, 0x47, 0x29, 0x47, 0x29, 0x47, 0x29, 0x47, 0x29, 0x47, 
  0x29, 0x47, 0x29, 0x47, 0x29, 0x47, 0x29, 0x47, 0x29, 0x47, 0x29, 0x47, 0x29, 0x47, 0x29, 0x47, 
  0x29, 0x47, 0x29, 0x47, 0x29, 0x47, 0x29, 0x47, 0x29, 0x47, 0x29, 0x47, 0x29, 0x47, 0x29, 0x47, 
  0x29, 0x47, 0x29, 0x47, 0x29, 0x47, 0x29, 0x47, 0x29, 0x47, 0x29, 0x47, 0x29, 0x47, 0x29, 0x47, 
  0x29, 0x47, 0x29, 0x47, 0x29, 0x47, 0x29, 0x47, 0x29, 0x47, 0x29, 0x47, 0x29, 0x47, 0x29, 0x47, 
  0x29, 0x47, 0x29, 0x47, 0x29, 0x47, 0x29, 0x47, 0x29, 0x47, 0x29, 0x47, 0x29, 0x47, 0x29, 0x47, 
  0x29, 0x47, 0x29, 0x47, 0x29, 0x47, 0x29, 0x47, 0x29, 0x47, 0x29, 0x47, 0x29, 0x47, 0x29, 0x47, 
  0x29, 0x47, 0x29, 0x47, 0x29, 0x47, 0x29, 0x47, 0x29, 0x47, 0x29, 0x47, 0x29, 0x47, 0x29, 0x47, 
  0x29, 0x47, 0x29, 0x47, 0x29, 0x47, 0x29, 0x47, 0x29, 0x47, 0x29, 0x47, 0x29, 0x47, 0x29, 0x47, 
  0x29, 0x47, 0x29, 0x47, 0x29, 0x47, 0x29, 0x47, 0x29, 0x47, 0x29, 0x47, 0x29, 0x47, 0x29, 0x47, 
  0x29, 0x47, 0x29, 0x47, 0x29, 0x47, 0x29, 0x47, 0x29, 0x47, 0x29, 0x47, 0x29, 0x47, 0x29, 0x47, 
  0x29, 0x47, 0x29, 0x47, 0x29, 0x47, 0x29, 0x47, 0x29, 0x47, 0x29, 0x47, 0x29, 0x47, 0x29, 0x47, 
  0x29, 0x47, 0x29, 0x47, 0x29, 0x47, 0x29, 0x47, 0x29, 0x47, 0x29, 0x47, 0x29, 0x47, 0x29, 0x47, 
  0x29, 0x47, 0x29, 0x47, 0x29, 0x47, 0x29, 0x47, 0x29, 0x47, 0x29, 0x47, 0x29, 0x47, 0x29, 0x47, 
  0x29, 0x47, 0x29, 0x47, 0x29, 0x47, 0x29, 0x47, 0x29, 0x47, 0x29, 0x47, 0x29, 0x47, 0x29, 0x47, 
  0x29, 0x47, 0x29, 0x47, 0x29, 0x47, 0x29, 0x47, 0x29, 0x47, 0x29, 0x47, 0x29, 0x47, 0x29, 0x47, 
  0x29, 0x47, 0x29, 0x47, 0x29, 0x47, 0x29, 0x47, 0x29, 0x47, 0x29, 0x47, 0x5A, 0x26, 0x5A, 0x26, 
  0xF6, 0x92, 0xF6, 0x92, 0xF6, 0x92, 0xF6, 0x92, 0xF6, 0x92, 0xF6, 0x92, 0xF6, 0x92, 0xF6, 0x92, 
  0xF6, 0x92, 0xF6, 0x92, 0xF6, 0x92, 0xF6, 0x92, 0xF6, 0x92, 0xF6, 0x92, 0xF6, 0x92, 0xF6, 0x92, 
  0xF6, 0x92, 0xF6, 0x92, 0xF6, 0x92, 0xF6, 0x92, 0xF6, 0x92, 0xF6, 0x92, 0xF6, 0x92, 0xF6, 0x92, 
  0xF6, 0x92, 0xF6, 0x92, 0xF6, 0x92, 0x00, 0x00, 0x00, 0x00, 0x00, 0x00, 0x00, 0x00, 0x00, 0x00, 
  0x00, 0x00, 0x00, 0x00, 0x00, 0x00, 0xF6, 0x92, 0xF6, 0x92, 0xF6, 0x92, 0xF6, 0x92, 0xF6, 0x92, 
  0xF6, 0x92, 0xF6, 0x92, 0xF6, 0x92, 0xF6, 0x92, 0xF6, 0x92, 0xF6, 0x92, 0xF6, 0x92, 0xF6, 0x92, 
  0xF6, 0x92, 0xF6, 0x92, 0xF6, 0x92, 0xF6, 0x92, 0xF6, 0x92, 0xF6, 0x92, 0xF6, 0x92, 0xF6, 0x92, 
  0xF6, 0x92, 0xF6, 0x92, 0xF6, 0x92, 0xF6, 0x92, 0xF6, 0x92, 0xF6, 0x92, 0x00, 0x00, 0x00, 0x00, 
  0x00, 0x00, 0x00, 0x00, 0x00, 0x00, 0x00, 0x00, 0x00, 0x00, 0x00, 0x00, 0xF6, 0x92, 0xF6, 0x92, 
  0xF6, 0x92, 0xF6, 0x92, 0xF6, 0x92, 0xF6, 0x92, 0xF6, 0x92, 0xF6, 0x92, 0xF6, 0x92, 0xF6, 0x92, 
  0xF6, 0x92, 0xF6, 0x92, 0xF6, 0x92, 0xF6, 0x92, 0xF6, 0x92, 0xF6, 0x92, 0xF6, 0x92, 0xF6, 0x92, 
  0xF6, 0x92, 0xF6, 0x92, 0xF6, 0x92, 0xF6, 0x92, 0xF6, 0x92, 0xF6, 0x92, 0xF6, 0x92, 0xF6, 0x92, 
  0xF6, 0x92, 0x5A, 0x26, 0x5A, 0x26, 0x29, 0x47, 0x29, 0x47, 0x29, 0x47, 0x29, 0x47, 0x29, 0x47, 
  0x29, 0x47, 0x29, 0x47, 0x29, 0x47, 0x29, 0x47, 0x29, 0x47, 0x29, 0x47, 0x29, 0x47, 0x29, 0x47, 
  0x29, 0x47, 0x29, 0x47, 0x29, 0x47, 0x29, 0x47, 0x29, 0x47, 0x29, 0x47, 0x29, 0x47, 0x29, 0x47, 
  0x29, 0x47, 0x29, 0x47, 0x29, 0x47, 0x29, 0x47, 0x29, 0x47, 0x29, 0x47, 0x29, 0x47, 0x29, 0x47, 
  0x29, 0x47, 0x29, 0x47, 0x29, 0x47, 0x29, 0x47, 0x29, 0x47, 0x29, 0x47, 0x29, 0x47, 0x29, 0x47, 
  0x29, 0x47, 0x29, 0x47, 0x29, 0x47, 0x29, 0x47, 0x29, 0x47, 0x29, 0x47, 0x29, 0x47, 0x29, 0x47, 
  0x29, 0x47, 0x29, 0x47, 0x29, 0x47, 0x29, 0x47, 0x29, 0x47, 0x29, 0x47, 0x29, 0x47, 0x29, 0x47, 
  0x29, 0x47, 0x29, 0x47, 0x29, 0x47, 0x29, 0x47, 0x29, 0x47, 0x29, 0x47, 0x29, 0x47, 0x29, 0x47, 
  0x29, 0x47, 0x29, 0x47, 0x29, 0x47, 0x29, 0x47, 0x29, 0x47, 0x29, 0x47, 0x29, 0x47, 0x29, 0x47, 
  0x29, 0x47, 0x29, 0x47, 0x29, 0x47, 0x29, 0x47, 0x29, 0x47, 0x29, 0x47, 0x29, 0x47, 0x29, 0x47, 
  0x29, 0x47, 0x29, 0x47, 0x29, 0x47, 0x29, 0x47, 0x29, 0x47, 0x29, 0x47, 0x29, 0x47, 0x29, 0x47, 
  0x29, 0x47, 0x29, 0x47, 0x29, 0x47, 0x29, 0x47, 0x29, 0x47, 0x29, 0x47, 0x29, 0x47, 0x29, 0x47, 
  0x29, 0x47, 0x29, 0x47, 0x29, 0x47, 0x29, 0x47, 0x29, 0x47, 0x29, 0x47, 0x29, 0x47, 0x29, 0x47, 
  0x29, 0x47, 0x29, 0x47, 0x29, 0x47, 0x29, 0x47, 0x29, 0x47, 0x29, 0x47, 0x29, 0x47, 0x29, 0x47, 
  0x29, 0x47, 0x29, 0x47, 0x29, 0x47, 0x29, 0x47, 0x29, 0x47, 0x29, 0x47, 0x29, 0x47, 0x29, 0x47, 
  0x29, 0x47, 0x29, 0x47, 0x29, 0x47, 0x29, 0x47, 0x29, 0x47, 0x29, 0x47, 0x29, 0x47, 0x29, 0x47, 
  0x29, 0x47, 0x29, 0x47, 0x29, 0x47, 0x29, 0x47, 0x29, 0x47, 0x29, 0x47, 0x29, 0x47, 0x29, 0x47, 
  0x29, 0x47, 0x29, 0x47, 0x29, 0x47, 0x29, 0x47, 0x29, 0x47, 0x29, 0x47, 0x5A, 0x26, 0x5A, 0x26, 
  0xF6, 0x92, 0xF6, 0x92, 0xF6, 0x92, 0xF6, 0x92, 0xF6, 0x92, 0xF6, 0x92, 0xF6, 0x92, 0xF6, 0x92, 
  0xF6, 0x92, 0xF6, 0x92, 0xF6, 0x92, 0xF6, 0x92, 0xF6, 0x92, 0xF6, 0x92, 0xF6, 0x92, 0xF6, 0x92, 
  0xF6, 0x92, 0xF6, 0x92, 0xF6, 0x92, 0xF6, 0x92, 0xF6, 0x92, 0xF6, 0x92, 0xF6, 0x92, 0xF6, 0x92, 
  0xF6, 0x92, 0xF6, 0x92, 0xF6, 0x92, 0xF6, 0x92, 0x00, 0x00, 0x00, 0x00, 0x00, 0x00, 0x00, 0x00, 
  0x00, 0x00, 0x00, 0x00, 0xF6, 0x92, 0xF6, 0x92, 0xF6, 0x92, 0xF6, 0x92, 0xF6, 0x92, 0xF6, 0x92, 
  0xF6, 0x92, 0xF6, 0x92, 0xF6, 0x92, 0xF6, 0x92, 0xF6, 0x92, 0xF6, 0x92, 0xF6, 0x92, 0xF6, 0x92, 
  0xF6, 0x92, 0xF6, 0x92, 0xF6, 0x92, 0xF6, 0x92, 0xF6, 0x92, 0xF6, 0x92, 0xF6, 0x92, 0xF6, 0x92, 
  0xF6, 0x92, 0xF6, 0x92, 0xF6, 0x92, 0xF6, 0x92, 0xF6, 0x92, 0xF6, 0x92, 0xF6, 0x92, 0x00, 0x00, 
  0x00, 0x00, 0x00, 0x00, 0x00, 0x00, 0x00, 0x00, 0x00, 0x00, 0xF6, 0x92, 0xF6, 0x92, 0xF6, 0x92, 
  0xF6, 0x92, 0xF6, 0x92, 0xF6, 0x92, 0xF6, 0x92, 0xF6, 0x92, 0xF6, 0x92, 0xF6, 0x92, 0xF6, 0x92, 
  0xF6, 0x92, 0xF6, 0x92, 0xF6, 0x92, 0xF6, 0x92, 0xF6, 0x92, 0xF6, 0x92, 0xF6, 0x92, 0xF6, 0x92, 
  0xF6, 0x92, 0xF6, 0x92, 0xF6, 0x92, 0xF6, 0x92, 0xF6, 0x92, 0xF6, 0x92, 0xF6, 0x92, 0xF6, 0x92, 
  0xF6, 0x92, 0x5A, 0x26, 0x5A, 0x26, 0x29, 0x47, 0x29, 0x47, 0x29, 0x47, 0x29, 0x47, 0x29, 0x47, 
  0x29, 0x47, 0x29, 0x47, 0x29, 0x47, 0x29, 0x47, 0x29, 0x47, 0x29, 0x47, 0x29, 0x47, 0x29, 0x47, 
  0x29, 0x47, 0x29, 0x47, 0x29, 0x47, 0x29, 0x47, 0x29, 0x47, 0x29, 0x47, 0x29, 0x47, 0x29, 0x47, 
  0x29, 0x47, 0x29, 0x47, 0x29, 0x47, 0x29, 0x47, 0x29, 0x47, 0x29, 0x47, 0x29, 0x47, 0x29, 0x47, 
  0x29, 0x47, 0x29, 0x47, 0x29, 0x47, 0x29, 0x47, 0x29, 0x47, 0x29, 0x47, 0x29, 0x47, 0x29, 0x47, 
  0x29, 0x47, 0x29, 0x47, 0x29, 0x47, 0x29, 0x47, 0x29, 0x47, 0x29, 0x47, 0x29, 0x47, 0x29, 0x47, 
  0x29, 0x47, 0x29, 0x47, 0x29, 0x47, 0x29, 0x47, 0x29, 0x47, 0x29, 0x47, 0x29, 0x47, 0x29, 0x47, 
  0x29, 0x47, 0x29, 0x47, 0x29, 0x47, 0x29, 0x47, 0x29, 0x47, 0x29, 0x47, 0x29, 0x47, 0x29, 0x47, 
  0x29, 0x47, 0x29, 0x47, 0x29, 0x47, 0x29, 0x47, 0x29, 0x47, 0x29, 0x47, 0x29, 0x47, 0x29, 0x47, 
  0x29, 0x47, 0x29, 0x47, 0x29, 0x47, 0x29, 0x47, 0x29, 0x47, 0x29, 0x47, 0x29, 0x47, 0x29, 0x47, 
  0x29, 0x47, 0x29, 0x47, 0x29, 0x47, 0x29, 0x47, 0x29, 0x47, 0x29, 0x47, 0x29, 0x47, 0x29, 0x47, 
  0x29, 0x47, 0x29, 0x47, 0x29, 0x47, 0x29, 0x47, 0x29, 0x47, 0x29, 0x47, 0x29, 0x47, 0x29, 0x47, 
  0x29, 0x47, 0x29, 0x47, 0x29, 0x47, 0x29, 0x47, 0x29, 0x47, 0x29, 0x47, 0x29, 0x47, 0x29, 0x47, 
  0x29, 0x47, 0x29, 0x47, 0x29, 0x47, 0x29, 0x47, 0x29, 0x47, 0x29, 0x47, 0x29, 0x47, 0x29, 0x47, 
  0x29, 0x47, 0x29, 0x47, 0x29, 0x47, 0x29, 0x47, 0x29, 0x47, 0x29, 0x47, 0x29, 0x47, 0x29, 0x47, 
  0x29, 0x47, 0x29, 0x47, 0x29, 0x47, 0x29, 0x47, 0x29, 0x47, 0x29, 0x47, 0x29, 0x47, 0x29, 0x47, 
  0x29, 0x47, 0x29, 0x47, 0x29, 0x47, 0x29, 0x47, 0x29, 0x47, 0x29, 0x47, 0x29, 0x47, 0x29, 0x47, 
  0x29, 0x47, 0x29, 0x47, 0x29, 0x47, 0x29, 0x47, 0x29, 0x47, 0x29, 0x47, 0x5A, 0x26, 0x5A, 0x26, 
  0xF6, 0x92, 0xF6, 0x92, 0xF6, 0x92, 0xF6, 0x92, 0xF6, 0x92, 0xF6, 0x92, 0xF6, 0x92, 0xF6, 0x92, 
  0xF6, 0x92, 0xF6, 0x92, 0xF6, 0x92, 0xF6, 0x92, 0xF6, 0x92, 0xF6, 0x92, 0xF6, 0x92, 0xF6, 0x92, 
  0xF6, 0x92, 0xF6, 0x92, 0xF6, 0x92, 0xF6, 0x92, 0xF6, 0x92, 0xF6, 0x92, 0xF6, 0x92, 0xF6, 0x92, 
  0xF6, 0x92, 0xF6, 0x92, 0xF6, 0x92, 0xF6, 0x92, 0xF6, 0x92, 0xF6, 0x92, 0xF6, 0x92, 0xF6, 0x92, 
  0xF6, 0x92, 0xF6, 0x92, 0xF6, 0x92, 0xF6, 0x92, 0xF6, 0x92, 0xF6, 0x92, 0xF6, 0x92, 0xF6, 0x92, 
  0xF6, 0x92, 0xF6, 0x92, 0xF6, 0x92, 0xF6, 0x92, 0xF6, 0x92, 0xF6, 0x92, 0xF6, 0x92, 0xF6, 0x92, 
  0xF6, 0x92, 0xF6, 0x92, 0xF6, 0x92, 0xF6, 0x92, 0xF6, 0x92, 0xF6, 0x92, 0xF6, 0x92, 0xF6, 0x92, 
  0xF6, 0x92, 0xF6, 0x92, 0xF6, 0x92, 0xF6, 0x92, 0xF6, 0x92, 0xF6, 0x92, 0xF6, 0x92, 0xF6, 0x92, 
  0xF6, 0x92, 0xF6, 0x92, 0xF6, 0x92, 0xF6, 0x92, 0xF6, 0x92, 0xF6, 0x92, 0xF6, 0x92, 0xF6, 0x92, 
  0xF6, 0x92, 0xF6, 0x92, 0xF6, 0x92, 0xF6, 0x92, 0xF6, 0x92, 0xF6, 0x92, 0xF6, 0x92, 0xF6, 0x92, 
  0xF6, 0x92, 0xF6, 0x92, 0xF6, 0x92, 0xF6, 0x92, 0xF6, 0x92, 0xF6, 0x92, 0xF6, 0x92, 0xF6, 0x92, 
  0xF6, 0x92, 0xF6, 0x92, 0xF6, 0x92, 0xF6, 0x92, 0xF6, 0x92, 0xF6, 0x92, 0xF6, 0x92, 0xF6, 0x92, 
  0xF6, 0x92, 0x5A, 0x26, 0x5A, 0x26, 0x29, 0x47, 0x29, 0x47, 0x29, 0x47, 0x29, 0x47, 0x29, 0x47, 
  0x29, 0x47, 0x29, 0x47, 0x29, 0x47, 0x29, 0x47, 0x29, 0x47, 0x29, 0x47, 0x29, 0x47, 0x29, 0x47, 
  0x29, 0x47, 0x29, 0x47, 0x29, 0x47, 0x29, 0x47, 0x29, 0x47, 0x29, 0x47, 0x29, 0x47, 0x29, 0x47, 
  0x29, 0x47, 0x29, 0x47, 0x29, 0x47, 0x29, 0x47, 0x29, 0x47, 0x29, 0x47, 0x29, 0x47, 0x29, 0x47, 
  0x29, 0x47, 0x29, 0x47, 0x29, 0x47, 0x29, 0x47, 0x29, 0x47, 0x29, 0x47, 0x29, 0x47, 0x29, 0x47, 
  0x29, 0x47, 0x29, 0x47, 0x29, 0x47, 0x29, 0x47, 0x29, 0x47, 0x29, 0x47, 0x29, 0x47, 0x29, 0x47, 
  0x29, 0x47, 0x29, 0x47, 0x29, 0x47, 0x29, 0x47, 0x29, 0x47, 0x29, 0x47, 0x29, 0x47, 0x29, 0x47, 
  0x29, 0x47, 0x29, 0x47, 0x29, 0x47, 0x29, 0x47, 0x29, 0x47, 0x29, 0x47, 0x29, 0x47, 0x29, 0x47, 
  0x29, 0x47, 0x29, 0x47, 0x29, 0x47, 0x29, 0x47, 0x29, 0x47, 0x29, 0x47, 0x29, 0x47, 0x29, 0x47, 
  0x29, 0x47, 0x29, 0x47, 0x29, 0x47, 0x29, 0x47, 0x29, 0x47, 0x29, 0x47, 0x29, 0x47, 0x29, 0x47, 
  0x29, 0x47, 0x29, 0x47, 0x29, 0x47, 0x29, 0x47, 0x29, 0x47, 0x29, 0x47, 0x29, 0x47, 0x29, 0x47, 
  0x29, 0x47, 0x29, 0x47, 0x29, 0x47, 0x29, 0x47, 0x29, 0x47, 0x29, 0x47, 0x29, 0x47, 0x29, 0x47, 
  0x29, 0x47, 0x29, 0x47, 0x29, 0x47, 0x29, 0x47, 0x29, 0x47, 0x29, 0x47, 0x29, 0x47, 0x29, 0x47, 
  0x29, 0x47, 0x29, 0x47, 0x29, 0x47, 0x29, 0x47, 0x29, 0x47, 0x29, 0x47, 0x29, 0x47, 0x29, 0x47, 
  0x29, 0x47, 0x29, 0x47, 0x29, 0x47, 0x29, 0x47, 0x29, 0x47, 0x29, 0x47, 0x29, 0x47, 0x29, 0x47, 
  0x29, 0x47, 0x29, 0x47, 0x29, 0x47, 0x29, 0x47, 0x29, 0x47, 0x29, 0x47, 0x29, 0x47, 0x29, 0x47, 
  0x29, 0x47, 0x29, 0x47, 0x29, 0x47, 0x29, 0x47, 0x29, 0x47, 0x29, 0x47, 0x29, 0x47, 0x29, 0x47, 
  0x29, 0x47, 0x29, 0x47, 0x29, 0x47, 0x29, 0x47, 0x29, 0x47, 0x29, 0x47, 0x5A, 0x26, 0x5A, 0x26, 
  0x5A, 0x26, 0xF6, 0x92, 0xF6, 0x92, 0xF6, 0x92, 0xF6, 0x92, 0xF6, 0x92, 0xF6, 0x92, 0xF6, 0x92, 
  0xF6, 0x92, 0xF6, 0x92, 0xF6, 0x92, 0xF6, 0x92, 0xF6, 0x92, 0xF6, 0x92, 0xF6, 0x92, 0xF6, 0x92, 
  0xF6, 0x92, 0xF6, 0x92, 0xF6, 0x92, 0xF6, 0x92, 0xF6, 0x92, 0xF6, 0x92, 0xF6, 0x92, 0xF6, 0x92, 
  0xF6, 0x92, 0xF6, 0x92, 0xF6, 0x92, 0xF6, 0x92, 0xF6, 0x92, 0xF6, 0x92, 0xF6, 0x92, 0xF6, 0x92, 
  0xF6, 0x92, 0xF6, 0x92, 0xF6, 0x92, 0xF6, 0x92, 0xF6, 0x92, 0xF6, 0x92, 0xF6, 0x92, 0xF6, 0x92, 
  0xF6, 0x92, 0xF6, 0x92, 0xF6, 0x92, 0xF6, 0x92, 0xF6, 0x92, 0xF6, 0x92, 0xF6, 0x92, 0xF6, 0x92, 
  0xF6, 0x92, 0xF6, 0x92, 0xF6, 0x92, 0xF6, 0x92, 0xF6, 0x92, 0xF6, 0x92, 0xF6, 0x92, 0xF6, 0x92, 
  0xF6, 0x92, 0xF6, 0x92, 0xF6, 0x92, 0xF6, 0x92, 0xF6, 0x92, 0xF6, 0x92, 0xF6, 0x92, 0xF6, 0x92, 
  0xF6, 0x92, 0xF6, 0x92, 0xF6, 0x92, 0xF6, 0x92, 0xF6, 0x92, 0xF6, 0x92, 0xF6, 0x92, 0xF6, 0x92, 
  0xF6, 0x92, 0xF6, 0x92, 0xF6, 0x92, 0xF6, 0x92, 0xF6, 0x92, 0xF6, 0x92, 0xF6, 0x92, 0xF6, 0x92, 
  0xF6, 0x92, 0xF6, 0x92, 0xF6, 0x92, 0xF6, 0x92, 0xF6, 0x92, 0xF6, 0x92, 0xF6, 0x92, 0xF6, 0x92, 
  0xF6, 0x92, 0xF6, 0x92, 0xF6, 0x92, 0xF6, 0x92, 0xF6, 0x92, 0xF6, 0x92, 0xF6, 0x92, 0xF6, 0x92, 
  0x5A, 0x26, 0x5A, 0x26, 0x5A, 0x26, 0x29, 0x47, 0x29, 0x47, 0x29, 0x47, 0x29, 0x47, 0x29, 0x47, 
  0x29, 0x47, 0x29, 0x47, 0x29, 0x47, 0x29, 0x47, 0x29, 0x47, 0x29, 0x47, 0x29, 0x47, 0x29, 0x47, 
  0x29, 0x47, 0x29, 0x47, 0x29, 0x47, 0x29, 0x47, 0x29, 0x47, 0x29, 0x47, 0x29, 0x47, 0x29, 0x47, 
  0x29, 0x47, 0x29, 0x47, 0x29, 0x47, 0x29, 0x47, 0x29, 0x47, 0x29, 0x47, 0x29, 0x47, 0x29, 0x47, 
  0x29, 0x47, 0x29, 0x47, 0x29, 0x47, 0x29, 0x47, 0x29, 0x47, 0x29, 0x47, 0x29, 0x47, 0x29, 0x47, 
  0x29, 0x47, 0x29, 0x47, 0x29, 0x47, 0x29, 0x47, 0x29, 0x47, 0x29, 0x47, 0x29, 0x47, 0x29, 0x47, 
  0x29, 0x47, 0x29, 0x47, 0x29, 0x47, 0x29, 0x47, 0x29, 0x47, 0x29, 0x47, 0x29, 0x47, 0x29, 0x47, 
  0x29, 0x47, 0x29, 0x47, 0x29, 0x47, 0x29, 0x47, 0x29, 0x47, 0x29, 0x47, 0x29, 0x47, 0x29, 0x47, 
  0x29, 0x47, 0x29, 0x47, 0x29, 0x47, 0x29, 0x47, 0x29, 0x47, 0x29, 0x47, 0x29, 0x47, 0x29, 0x47, 
  0x29, 0x47, 0x29, 0x47, 0x29, 0x47, 0x29, 0x47, 0x29, 0x47, 0x29, 0x47, 0x29, 0x47, 0x29, 0x47, 
  0x29, 0x47, 0x29, 0x47, 0x29, 0x47, 0x29, 0x47, 0x29, 0x47, 0x29, 0x47, 0x29, 0x47, 0x29, 0x47, 
  0x29, 0x47, 0x29, 0x47, 0x29, 0x47, 0x29, 0x47, 0x29, 0x47, 0x29, 0x47, 0x29, 0x47, 0x29, 0x47, 
  0x29, 0x47, 0x29, 0x47, 0x29, 0x47, 0x29, 0x47, 0x29, 0x47, 0x29, 0x47, 0x29, 0x47, 0x29, 0x47, 
  0x29, 0x47, 0x29, 0x47, 0x29, 0x47, 0x29, 0x47, 0x29, 0x47, 0x29, 0x47, 0x29, 0x47, 0x29, 0x47, 
  0x29, 0x47, 0x29, 0x47, 0x29, 0x47, 0x29, 0x47, 0x29, 0x47, 0x29, 0x47, 0x29, 0x47, 0x29, 0x47, 
  0x29, 0x47, 0x29, 0x47, 0x29, 0x47, 0x29, 0x47, 0x29, 0x47, 0x29, 0x47, 0x29, 0x47, 0x29, 0x47, 
  0x29, 0x47, 0x29, 0x47, 0x29, 0x47, 0x29, 0x47, 0x29, 0x47, 0x29, 0x47, 0x29, 0x47, 0x29, 0x47, 
  0x29, 0x47, 0x29, 0x47, 0x29, 0x47, 0x29, 0x47, 0x29, 0x47, 0x29, 0x47, 0x29, 0x47, 0x5A, 0x26, 
  0x5A, 0x26, 0xF6, 0x92, 0xF6, 0x92, 0xF6, 0x92, 0xF6, 0x92, 0xF6, 0x92, 0xF6, 0x92, 0xF6, 0x92, 
  0xF6, 0x92, 0xF6, 0x92, 0xF6, 0x92, 0xF6, 0x92, 0xF6, 0x92, 0xF6, 0x92, 0xF6, 0x92, 0xF6, 0x92, 
  0xF6, 0x92, 0xF6, 0x92, 0xF6, 0x92, 0xF6, 0x92, 0xF6, 0x92, 0xF6, 0x92, 0xF6, 0x92, 0xF6, 0x92, 
  0xF6, 0x92, 0xF6, 0x92, 0xF6, 0x92, 0xF6, 0x92, 0xF6, 0x92, 0xF6, 0x92, 0xF6, 0x92, 0xF6, 0x92, 
  0xF6, 0x92, 0xF6, 0x92, 0xF6, 0x92, 0xF6, 0x92, 0xF6, 0x92, 0xF6, 0x92, 0xF6, 0x92, 0xF6, 0x92, 
  0xF6, 0x92, 0xF6, 0x92, 0xF6, 0x92, 0xF6, 0x92, 0xF6, 0x92, 0xF6, 0x92, 0xF6, 0x92, 0xF6, 0x92, 
  0xF6, 0x92, 0xFC, 0x71, 0xFC, 0x71, 0xFC, 0x71, 0xF6, 0x92, 0xF6, 0x92, 0xF6, 0x92, 0xF6, 0x92, 
  0xF6, 0x92, 0xF6, 0x92, 0xF6, 0x92, 0xF6, 0x92, 0xF6, 0x92, 0xF6, 0x92, 0xF6, 0x92, 0xF6, 0x92, 
  0xF6, 0x92, 0xF6, 0x92, 0xF6, 0x92, 0xF6, 0x92, 0xF6, 0x92, 0xF6, 0x92, 0xF6, 0x92, 0xF6, 0x92, 
  0xF6, 0x92, 0xF6, 0x92, 0xF6, 0x92, 0xF6, 0x92, 0xF6, 0x92, 0xF6, 0x92, 0xF6, 0x92, 0xF6, 0x92, 
  0xF6, 0x92, 0xF6, 0x92, 0xF6, 0x92, 0xF6, 0x92, 0xF6, 0x92, 0xF6, 0x92, 0xF6, 0x92, 0xF6, 0x92, 
  0xF6, 0x92, 0xF6, 0x92, 0xF6, 0x92, 0xF6, 0x92, 0xF6, 0x92, 0xF6, 0x92, 0xF6, 0x92, 0xF6, 0x92, 
  0x5A, 0x26, 0x5A, 0x26, 0x29, 0x47, 0x29, 0x47, 0x29, 0x47, 0x29, 0x47, 0x29, 0x47, 0x29, 0x47, 
  0x29, 0x47, 0x29, 0x47, 0x29, 0x47, 0x29, 0x47, 0x29, 0x47, 0x29, 0x47, 0x29, 0x47, 0x29, 0x47, 
  0x29, 0x47, 0x29, 0x47, 0x29, 0x47, 0x29, 0x47, 0x29, 0x47, 0x29, 0x47, 0x29, 0x47, 0x29, 0x47, 
  0x29, 0x47, 0x29, 0x47, 0x29, 0x47, 0x29, 0x47, 0x29, 0x47, 0x29, 0x47, 0x29, 0x47, 0x29, 0x47, 
  0x29, 0x47, 0x29, 0x47, 0x29, 0x47, 0x29, 0x47, 0x29, 0x47, 0x29, 0x47, 0x29, 0x47, 0x29, 0x47, 
  0x29, 0x47, 0x29, 0x47, 0x29, 0x47, 0x29, 0x47, 0x29, 0x47, 0x29, 0x47, 0x29, 0x47, 0x29, 0x47, 
  0x29, 0x47, 0x29, 0x47, 0x29, 0x47, 0x29, 0x47, 0x29, 0x47, 0x29, 0x47, 0x29, 0x47, 0x29, 0x47, 
  0x29, 0x47, 0x29, 0x47, 0x29, 0x47, 0x29, 0x47, 0x29, 0x47, 0x29, 0x47, 0x29, 0x47, 0x29, 0x47, 
  0x29, 0x47, 0x29, 0x47, 0x29, 0x47, 0x29, 0x47, 0x29, 0x47, 0x29, 0x47, 0x29, 0x47, 0x29, 0x47, 
  0x29, 0x47, 0x29, 0x47, 0x29, 0x47, 0x29, 0x47, 0x29, 0x47, 0x29, 0x47, 0x29, 0x47, 0x29, 0x47, 
  0x29, 0x47, 0x29, 0x47, 0x29, 0x47, 0x29, 0x47, 0x29, 0x47, 0x29, 0x47, 0x29, 0x47, 0x29, 0x47, 
  0x29, 0x47, 0x29, 0x47, 0x29, 0x47, 0x29, 0x47, 0x29, 0x47, 0x29, 0x47, 0x29, 0x47, 0x29, 0x47, 
  0x29, 0x47, 0x29, 0x47, 0x29, 0x47, 0x29, 0x47, 0x29, 0x47, 0x29, 0x47, 0x29, 0x47, 0x29, 0x47, 
  0x29, 0x47, 0x29, 0x47, 0x29, 0x47, 0x29, 0x47, 0x29, 0x47, 0x29, 0x47, 0x29, 0x47, 0x29, 0x47, 
  0x29, 0x47, 0x29, 0x47, 0x29, 0x47, 0x29, 0x47, 0x29, 0x47, 0x29, 0x47, 0x29, 0x47, 0x29, 0x47, 
  0x29, 0x47, 0x29, 0x47, 0x29, 0x47, 0x29, 0x47, 0x29, 0x47, 0x29, 0x47, 0x29, 0x47, 0x29, 0x47, 
  0x29, 0x47, 0x29, 0x47, 0x29, 0x47, 0x29, 0x47, 0x29, 0x47, 0x29, 0x47, 0x29, 0x47, 0x29, 0x47, 
  0x29, 0x47, 0x29, 0x47, 0x29, 0x47, 0x29, 0x47, 0x29, 0x47, 0x29, 0x47, 0x29, 0x47, 0x5A, 0x26, 
  0x5A, 0x26, 0xF6, 0x92, 0xF6, 0x92, 0xF6, 0x92, 0xF6, 0x92, 0xF6, 0x92, 0xF6, 0x92, 0xF6, 0x92, 
  0xF6, 0x92, 0xF6, 0x92, 0xF6, 0x92, 0xF6, 0x92, 0xF6, 0x92, 0xF6, 0x92, 0xF6, 0x92, 0xF6, 0x92, 
  0xF6, 0x92, 0xF6, 0x92, 0xF6, 0x92, 0xF6, 0x92, 0xF6, 0x92, 0xF6, 0x92, 0xF6, 0x92, 0xF6, 0x92, 
  0xF6, 0x92, 0xF6, 0x92, 0xF6, 0x92, 0xF6, 0x92, 0xF6, 0x92, 0xF6, 0x92, 0xF6, 0x92, 0xF6, 0x92, 
  0xF6, 0x92, 0xF6, 0x92, 0xF6, 0x92, 0xF6, 0x92, 0xF6, 0x92, 0xF6, 0x92, 0xF6, 0x92, 0xF6, 0x92, 
  0xF6, 0x92, 0xF6, 0x92, 0xF6, 0x92, 0xF6, 0x92, 0xF6, 0x92, 0xF6, 0x92, 0xF6, 0x92, 0xFC, 0x71, 
  0xFC, 0x71, 0xFC, 0x71, 0xFC, 0x71, 0xFC, 0x71, 0xFC, 0x71, 0xFC, 0x71, 0xF6, 0x92, 0xF6, 0x92, 
  0xF6, 0x92, 0xF6, 0x92, 0xF6, 0x92, 0xF6, 0x92, 0xF6, 0x92, 0xF6, 0x92, 0xF6, 0x92, 0xF6, 0x92, 
  0xF6, 0x92, 0xF6, 0x92, 0xF6, 0x92, 0xF6, 0x92, 0xF6, 0x92, 0xF6, 0x92, 0xF6, 0x92, 0xF6, 0x92, 
  0xF6, 0x92, 0xF6, 0x92, 0xF6, 0x92, 0xF6, 0x92, 0xF6, 0x92, 0xF6, 0x92, 0xF6, 0x92, 0xF6, 0x92, 
  0xF6, 0x92, 0xF6, 0x92, 0xF6, 0x92, 0xF6, 0x92, 0xF6, 0x92, 0xF6, 0x92, 0xF6, 0x92, 0xF6, 0x92, 
  0xF6, 0x92, 0xF6, 0x92, 0xF6, 0x92, 0xF6, 0x92, 0xF6, 0x92, 0xF6, 0x92, 0xF6, 0x92, 0xF6, 0x92, 
  0x5A, 0x26, 0x5A, 0x26, 0x29, 0x47, 0x29, 0x47, 0x29, 0x47, 0x29, 0x47, 0x29, 0x47, 0x29, 0x47, 
  0x29, 0x47, 0x29, 0x47, 0x29, 0x47, 0x29, 0x47, 0x29, 0x47, 0x29, 0x47, 0x29, 0x47, 0x29, 0x47, 
  0x29, 0x47, 0x29, 0x47, 0x29, 0x47, 0x29, 0x47, 0x29, 0x47, 0x29, 0x47, 0x29, 0x47, 0x29, 0x47, 
  0x29, 0x47, 0x29, 0x47, 0x29, 0x47, 0x29, 0x47, 0x29, 0x47, 0x29, 0x47, 0x29, 0x47, 0x29, 0x47, 
  0x29, 0x47, 0x29, 0x47, 0x29, 0x47, 0x29, 0x47, 0x29, 0x47, 0x29, 0x47, 0x29, 0x47, 0x29, 0x47, 
  0x29, 0x47, 0x29, 0x47, 0x29, 0x47, 0x29, 0x47, 0x29, 0x47, 0x29, 0x47, 0x29, 0x47, 0x29, 0x47, 
  0x29, 0x47, 0x29, 0x47, 0x29, 0x47, 0x29, 0x47, 0x29, 0x47, 0x29, 0x47, 0x29, 0x47, 0x29, 0x47, 
  0x29, 0x47, 0x29, 0x47, 0x29, 0x47, 0x29, 0x47, 0x29, 0x47, 0x29, 0x47, 0x29, 0x47, 0x29, 0x47, 
  0x29, 0x47, 0x29, 0x47, 0x29, 0x47, 0x29, 0x47, 0x29, 0x47, 0x29, 0x47, 0x29, 0x47, 0x29, 0x47, 
  0x29, 0x47, 0x29, 0x47, 0x29, 0x47, 0x29, 0x47, 0x29, 0x47, 0x29, 0x47, 0x29, 0x47, 0x29, 0x47, 
  0x29, 0x47, 0x29, 0x47, 0x29, 0x47, 0x29, 0x47, 0x29, 0x47, 0x29, 0x47, 0x29, 0x47, 0x29, 0x47, 
  0x29, 0x47, 0x29, 0x47, 0x29, 0x47, 0x29, 0x47, 0x29, 0x47, 0x29, 0x47, 0x29, 0x47, 0x29, 0x47, 
  0x29, 0x47, 0x29, 0x47, 0x29, 0x47, 0x29, 0x47, 0x29, 0x47, 0x29, 0x47, 0x29, 0x47, 0x29, 0x47, 
  0x29, 0x47, 0x29, 0x47, 0x29, 0x47, 0x29, 0x47, 0x29, 0x47, 0x29, 0x47, 0x29, 0x47, 0x29, 0x47, 
  0x29, 0x47, 0x29, 0x47, 0x29, 0x47, 0x29, 0x47, 0x29, 0x47, 0x29, 0x47, 0x29, 0x47, 0x29, 0x47, 
  0x29, 0x47, 0x29, 0x47, 0x29, 0x47, 0x29, 0x47, 0x29, 0x47, 0x29, 0x47, 0x29, 0x47, 0x29, 0x47, 
  0x29, 0x47, 0x29, 0x47, 0x29, 0x47, 0x29, 0x47, 0x29, 0x47, 0x29, 0x47, 0x29, 0x47, 0x29, 0x47, 
  0x29, 0x47, 0x29, 0x47, 0x29, 0x47, 0x29, 0x47, 0x29, 0x47, 0x29, 0x47, 0x29, 0x47, 0x5A, 0x26, 
  0x5A, 0x26, 0xF6, 0x92, 0xF6, 0x92, 0xF6, 0x92, 0xF6, 0x92, 0xF6, 0x92, 0xF6, 0x92, 0xF6, 0x92, 
  0xF6, 0x92, 0xF6, 0x92, 0xF6, 0x92, 0xF6, 0x92, 0xF6, 0x92, 0xF6, 0x92, 0xF6, 0x92, 0xF6, 0x92, 
  0xF6, 0x92, 0xF6, 0x92, 0xF6, 0x92, 0xF6, 0x92, 0xF6, 0x92, 0xF6, 0x92, 0xF6, 0x92, 0xF6, 0x92, 
  0xF6, 0x92, 0xF6, 0x92, 0xF6, 0x92, 0xF6, 0x92, 0xF6, 0x92, 0xF6, 0x92, 0xF6, 0x92, 0xF6, 0x92, 
  0xF6, 0x92, 0xF6, 0x92, 0xF6, 0x92, 0xF6, 0x92, 0xF6, 0x92, 0xF6, 0x92, 0xF6, 0x92, 0xF6, 0x92, 
  0xF6, 0x92, 0xF6, 0x92, 0x7A, 0x87, 0x7A, 0x87, 0x7A, 0x87, 0x7A, 0x87, 0x7A, 0x87, 0xFC, 0x71, 
  0xFC, 0x71, 0xFC, 0x71, 0xFC, 0x71, 0xFC, 0x71, 0xFC, 0x71, 0xFC, 0x71, 0x7A, 0x87, 0x7A, 0x87, 
  0x7A, 0x87, 0x7A, 0x87, 0x7A, 0x87, 0xF6, 0x92, 0xF6, 0x92, 0xF6, 0x92, 0xF6, 0x92, 0xF6, 0x92, 
  0xF6, 0x92, 0xF6, 0x92, 0xF6, 0x92, 0xF6, 0x92, 0xF6, 0x92, 0xF6, 0x92, 0xF6, 0x92, 0xF6, 0x92, 
  0xF6, 0x92, 0xF6, 0x92, 0xF6, 0x92, 0xF6, 0x92, 0xF6, 0x92, 0xF6, 0x92, 0xF6, 0x92, 0xF6, 0x92, 
  0xF6, 0x92, 0xF6, 0x92, 0xF6, 0x92, 0xF6, 0x92, 0xF6, 0x92, 0xF6, 0x92, 0xF6, 0x92, 0xF6, 0x92, 
  0xF6, 0x92, 0xF6, 0x92, 0xF6, 0x92, 0xF6, 0x92, 0xF6, 0x92, 0xF6, 0x92, 0xF6, 0x92, 0xF6, 0x92, 
  0x5A, 0x26, 0x5A, 0x26, 0x29, 0x47, 0x29, 0x47, 0x29, 0x47, 0x29, 0x47, 0x29, 0x47, 0x29, 0x47, 
  0x29, 0x47, 0x29, 0x47, 0x29, 0x47, 0x29, 0x47, 0x29, 0x47, 0x29, 0x47, 0x29, 0x47, 0x29, 0x47, 
  0x29, 0x47, 0x29, 0x47, 0x29, 0x47, 0x29, 0x47, 0x29, 0x47, 0x29, 0x47, 0x29, 0x47, 0x29, 0x47, 
  0x29, 0x47, 0x29, 0x47, 0x29, 0x47, 0x29, 0x47, 0x29, 0x47, 0x29, 0x47, 0x29, 0x47, 0x29, 0x47, 
  0x29, 0x47, 0x29, 0x47, 0x29, 0x47, 0x29, 0x47, 0x29, 0x47, 0x29, 0x47, 0x29, 0x47, 0x29, 0x47, 
  0x29, 0x47, 0x29, 0x47, 0x29, 0x47, 0x29, 0x47, 0x29, 0x47, 0x29, 0x47, 0x29, 0x47, 0x29, 0x47, 
  0x29, 0x47, 0x29, 0x47, 0x29, 0x47, 0x29, 0x47, 0x29, 0x47, 0x29, 0x47, 0x29, 0x47, 0x29, 0x47, 
  0x29, 0x47, 0x29, 0x47, 0x29, 0x47, 0x29, 0x47, 0x29, 0x47, 0x29, 0x47, 0x29, 0x47, 0x29, 0x47, 
  0x29, 0x47, 0x29, 0x47, 0x29, 0x47, 0x29, 0x47, 0x29, 0x47, 0x29, 0x47, 0x29, 0x47, 0x29, 0x47, 
  0x29, 0x47, 0x29, 0x47, 0x29, 0x47, 0x29, 0x47, 0x29, 0x47, 0x29, 0x47, 0x29, 0x47, 0x29, 0x47, 
  0x29, 0x47, 0x29, 0x47, 0x29, 0x47, 0x29, 0x47, 0x29, 0x47, 0x29, 0x47, 0x29, 0x47, 0x29, 0x47, 
  0x29, 0x47, 0x29, 0x47, 0x29, 0x47, 0x29, 0x47, 0x29, 0x47, 0x29, 0x47, 0x29, 0x47, 0x29, 0x47, 
  0x29, 0x47, 0x29, 0x47, 0x29, 0x47, 0x29, 0x47, 0x29, 0x47, 0x29, 0x47, 0x29, 0x47, 0x29, 0x47, 
  0x29, 0x47, 0x29, 0x47, 0x29, 0x47, 0x29, 0x47, 0x29, 0x47, 0x29, 0x47, 0x29, 0x47, 0x29, 0x47, 
  0x29, 0x47, 0x29, 0x47, 0x29, 0x47, 0x29, 0x47, 0x29, 0x47, 0x29, 0x47, 0x29, 0x47, 0x29, 0x47, 
  0x29, 0x47, 0x29, 0x47, 0x29, 0x47, 0x29, 0x47, 0x29, 0x47, 0x29, 0x47, 0x29, 0x47, 0x29, 0x47, 
  0x29, 0x47, 0x29, 0x47, 0x29, 0x47, 0x29, 0x47, 0x29, 0x47, 0x29, 0x47, 0x29, 0x47, 0x29, 0x47, 
  0x29, 0x47, 0x29, 0x47, 0x29, 0x47, 0x29, 0x47, 0x29, 0x47, 0x29, 0x47, 0x29, 0x47, 0x5A, 0x26, 
  0x5A, 0x26, 0xF6, 0x92, 0xF6, 0x92, 0xF6, 0x92, 0xF6, 0x92, 0xF6, 0x92, 0xF6, 0x92, 0xF6, 0x92, 
  0xF6, 0x92, 0xF6, 0x92, 0xF6, 0x92, 0xF6, 0x92, 0xF6, 0x92, 0xF6, 0x92, 0xF6, 0x92, 0xF6, 0x92, 
  0xF6, 0x92, 0xF6, 0x92, 0xF6, 0x92, 0xF6, 0x92, 0xF6, 0x92, 0xF6, 0x92, 0xF6, 0x92, 0xF6, 0x92, 
  0xF6, 0x92, 0xF6, 0x92, 0xF6, 0x92, 0xF6, 0x92, 0xF6, 0x92, 0xF6, 0x92, 0xF6, 0x92, 0xF6, 0x92, 
  0xF6, 0x92, 0xF6, 0x92, 0xF6, 0x92, 0xF6, 0x92, 0xF6, 0x92, 0xF6, 0x92, 0xF6, 0x92, 0xF6, 0x92, 
  0xF6, 0x92, 0x7A, 0x87, 0x7A, 0x87, 0x7A, 0x87, 0x7A, 0x87, 0x7A, 0x87, 0x7A, 0x87, 0x7A, 0x87, 
  0xFC, 0x71, 0xFC, 0x71, 0xFC, 0x71, 0xFC, 0x71, 0xFC, 0x71, 0x7A, 0x87, 0x7A, 0x87, 0x7A, 0x87, 
  0x7A, 0x87, 0x7A, 0x87, 0x7A, 0x87, 0x7A, 0x87, 0xF6, 0x92, 0xF6, 0x92, 0xF6, 0x92, 0xF6, 0x92, 
  0xF6, 0x92, 0xF6, 0x92, 0xF6, 0x92, 0xF6, 0x92, 0xF6, 0x92, 0xF6, 0x92, 0xF6, 0x92, 0xF6, 0x92, 
  0xF6, 0x92, 0xF6, 0x92, 0xF6, 0x92, 0xF6, 0x92, 0xF6, 0x92, 0xF6, 0x92, 0xF6, 0x92, 0xF6, 0x92, 
  0xF6, 0x92, 0xF6, 0x92, 0xF6, 0x92, 0xF6, 0x92, 0xF6, 0x92, 0xF6, 0x92, 0xF6, 0x92, 0xF6, 0x92, 
  0xF6, 0x92, 0xF6, 0x92, 0xF6, 0x92, 0xF6, 0x92, 0xF6, 0x92, 0xF6, 0x92, 0xF6, 0x92, 0xF6, 0x92, 
  0x5A, 0x26, 0x5A, 0x26, 0x29, 0x47, 0x29, 0x47, 0x29, 0x47, 0x29, 0x47, 0x29, 0x47, 0x29, 0x47, 
  0x29, 0x47, 0x29, 0x47, 0x29, 0x47, 0x29, 0x47, 0x29, 0x47, 0x29, 0x47, 0x29, 0x47, 0x29, 0x47, 
  0x29, 0x47, 0x29, 0x47, 0x29, 0x47, 0x29, 0x47, 0x29, 0x47, 0x29, 0x47, 0x29, 0x47, 0x29, 0x47, 
  0x29, 0x47, 0x29, 0x47, 0x29, 0x47, 0x29, 0x47, 0x29, 0x47, 0x29, 0x47, 0x29, 0x47, 0x29, 0x47, 
  0x29, 0x47, 0x29, 0x47, 0x29, 0x47, 0x29, 0x47, 0x29, 0x47, 0x29, 0x47, 0x29, 0x47, 0x29, 0x47, 
  0x29, 0x47, 0x29, 0x47, 0x29, 0x47, 0x29, 0x47, 0x29, 0x47, 0x29, 0x47, 0x29, 0x47, 0x29, 0x47, 
  0x29, 0x47, 0x29, 0x47, 0x29, 0x47, 0x29, 0x47, 0x29, 0x47, 0x29, 0x47, 0x29, 0x47, 0x29, 0x47, 
  0x29, 0x47, 0x29, 0x47, 0x29, 0x47, 0x29, 0x47, 0x29, 0x47, 0x29, 0x47, 0x29, 0x47, 0x29, 0x47, 
  0x29, 0x47, 0x29, 0x47, 0x29, 0x47, 0x29, 0x47, 0x29, 0x47, 0x29, 0x47, 0x29, 0x47, 0x29, 0x47, 
  0x29, 0x47, 0x29, 0x47, 0x29, 0x47, 0x29, 0x47, 0x29, 0x47, 0x29, 0x47, 0x29, 0x47, 0x29, 0x47, 
  0x29, 0x47, 0x29, 0x47, 0x29, 0x47, 0x29, 0x47, 0x29, 0x47, 0x29, 0x47, 0x29, 0x47, 0x29, 0x47, 
  0x29, 0x47, 0x29, 0x47, 0x29, 0x47, 0x29, 0x47, 0x29, 0x47, 0x29, 0x47, 0x29, 0x47, 0x29, 0x47, 
  0x29, 0x47, 0x29, 0x47, 0x29, 0x47, 0x29, 0x47, 0x29, 0x47, 0x29, 0x47, 0x29, 0x47, 0x29, 0x47, 
  0x29, 0x47, 0x29, 0x47, 0x29, 0x47, 0x29, 0x47, 0x29, 0x47, 0x29, 0x47, 0x29, 0x47, 0x29, 0x47, 
  0x29, 0x47, 0x29, 0x47, 0x29, 0x47, 0x29, 0x47, 0x29, 0x47, 0x29, 0x47, 0x29, 0x47, 0x29, 0x47, 
  0x29, 0x47, 0x29, 0x47, 0x29, 0x47, 0x29, 0x47, 0x29, 0x47, 0x29, 0x47, 0x29, 0x47, 0x29, 0x47, 
  0x29, 0x47, 0x29, 0x47, 0x29, 0x47, 0x29, 0x47, 0x29, 0x47, 0x29, 0x47, 0x29, 0x47, 0x29, 0x47, 
  0x29, 0x47, 0x29, 0x47, 0x29, 0x47, 0x29, 0x47, 0x29, 0x47, 0x29, 0x47, 0x29, 0x47, 0x5A, 0x26, 
  0x5A, 0x26, 0xF6, 0x92, 0xF6, 0x92, 0xF6, 0x92, 0xF6, 0x92, 0xF6, 0x92, 0xF6, 0x92, 0xF6, 0x92, 
  0xF6, 0x92, 0xF6, 0x92, 0xF6, 0x92, 0xF6, 0x92, 0xF6, 0x92, 0x7A, 0x87, 0x7A, 0x87, 0x7A, 0x87, 
  0x7A, 0x87, 0x7A, 0x87, 0x7A, 0x87, 0x7A, 0x87, 0x7A, 0x87, 0x7A, 0x87, 0x7A, 0x87, 0x7A, 0x87, 
  0x7A, 0x87, 0x7A, 0x87, 0x7A, 0x87, 0x7A, 0x87, 0x7A, 0x87, 0x7A, 0x87, 0x7A, 0x87, 0x7A, 0x87, 
  0x7A, 0x87, 0x7A, 0x87, 0xF6, 0x92, 0xF6, 0x92, 0xF6, 0x92, 0xF6, 0x92, 0xF6, 0x92, 0xF6, 0x92, 
  0x7A, 0x87, 0x7A, 0x87, 0xF6, 0x92, 0xF6, 0x92, 0xF6, 0x92, 0xF6, 0x92, 0xFC, 0x71, 0x7A, 0x87, 
  0x7A, 0x87, 0xFC, 0x71, 0xFC, 0x71, 0xFC, 0x71, 0x7A, 0x87, 0x7A, 0x87, 0xFC, 0x71, 0xF6, 0x92, 
  0xF6, 0x92, 0xF6, 0x92, 0xF6, 0x92, 0x7A, 0x87, 0x7A, 0x87, 0xF6, 0x92, 0xF6, 0x92, 0x7A, 0x87, 
  0x7A, 0x87, 0x7A, 0x87, 0x7A, 0x87, 0x7A, 0x87, 0x7A, 0x87, 0x7A, 0x87, 0x7A, 0x87, 0x7A, 0x87, 
  0x7A, 0x87, 0x7A, 0x87, 0x7A, 0x87, 0x7A, 0x87, 0x7A, 0x87, 0x7A, 0x87, 0x7A, 0x87, 0x7A, 0x87, 
  0x7A, 0x87, 0x7A, 0x87, 0x7A, 0x87, 0x7A, 0x87, 0xF6, 0x92, 0xF6, 0x92, 0xF6, 0x92, 0xF6, 0x92, 
  0xF6, 0x92, 0xF6, 0x92, 0xF6, 0x92, 0xF6, 0x92, 0xF6, 0x92, 0xF6, 0x92, 0xF6, 0x92, 0xF6, 0x92, 
  0x5A, 0x26, 0x5A, 0x26, 0x29, 0x47, 0x29, 0x47, 0x29, 0x47, 0x29, 0x47, 0x29, 0x47, 0x29, 0x47, 
  0x29, 0x47, 0x29, 0x47, 0x29, 0x47, 0x29, 0x47, 0x29, 0x47, 0x29, 0x47, 0x29, 0x47, 0x29, 0x47, 
  0x29, 0x47, 0x29, 0x47, 0x29, 0x47, 0x29, 0x47, 0x29, 0x47, 0x29, 0x47, 0x29, 0x47, 0x29, 0x47, 
  0x29, 0x47, 0x29, 0x47, 0x29, 0x47, 0x29, 0x47, 0x29, 0x47, 0x29, 0x47, 0x29, 0x47, 0x29, 0x47, 
  0x29, 0x47, 0x29, 0x47, 0x29, 0x47, 0x29, 0x47, 0x29, 0x47, 0x29, 0x47, 0x29, 0x47, 0x29, 0x47, 
  0x29, 0x47, 0x29, 0x47, 0x29, 0x47, 0x29, 0x47, 0x29, 0x47, 0x29, 0x47, 0x29, 0x47, 0x29, 0x47, 
  0x29, 0x47, 0x29, 0x47, 0x29, 0x47, 0x29, 0x47, 0x29, 0x47, 0x29, 0x47, 0x29, 0x47, 0x29, 0x47, 
  0x29, 0x47, 0x29, 0x47, 0x29, 0x47, 0x29, 0x47, 0x29, 0x47, 0x29, 0x47, 0x29, 0x47, 0x29, 0x47, 
  0x29, 0x47, 0x29, 0x47, 0x29, 0x47, 0x29, 0x47, 0x29, 0x47, 0x29, 0x47, 0x29, 0x47, 0x29, 0x47, 
  0x29, 0x47, 0x29, 0x47, 0x29, 0x47, 0x29, 0x47, 0x29, 0x47, 0x29, 0x47, 0x29, 0x47, 0x29, 0x47, 
  0x29, 0x47, 0x29, 0x47, 0x29, 0x47, 0x29, 0x47, 0x29, 0x47, 0x29, 0x47, 0x29, 0x47, 0x29, 0x47, 
  0x29, 0x47, 0x29, 0x47, 0x29, 0x47, 0x29, 0x47, 0x29, 0x47, 0x29, 0x47, 0x29, 0x47, 0x29, 0x47, 
  0x29, 0x47, 0x29, 0x47, 0x29, 0x47, 0x29, 0x47, 0x29, 0x47, 0x29, 0x47, 0x29, 0x47, 0x29, 0x47, 
  0x29, 0x47, 0x29, 0x47, 0x29, 0x47, 0x29, 0x47, 0x29, 0x47, 0x29, 0x47, 0x29, 0x47, 0x29, 0x47, 
  0x29, 0x47, 0x29, 0x47, 0x29, 0x47, 0x29, 0x47, 0x29, 0x47, 0x29, 0x47, 0x29, 0x47, 0x29, 0x47, 
  0x29, 0x47, 0x29, 0x47, 0x29, 0x47, 0x29, 0x47, 0x29, 0x47, 0x29, 0x47, 0x29, 0x47, 0x29, 0x47, 
  0x29, 0x47, 0x29, 0x47, 0x29, 0x47, 0x29, 0x47, 0x29, 0x47, 0x29, 0x47, 0x29, 0x47, 0x29, 0x47, 
  0x29, 0x47, 0x29, 0x47, 0x29, 0x47, 0x29, 0x47, 0x29, 0x47, 0x29, 0x47, 0x29, 0x47, 0x29, 0x47, 
  0x5A, 0x26, 0x5A, 0x26, 0xF6, 0x92, 0xF6, 0x92, 0xF6, 0x92, 0xF6, 0x92, 0xF6, 0x92, 0xF6, 0x92, 
  0xF6, 0x92, 0xF6, 0x92, 0xF6, 0x92, 0xF6, 0x92, 0xF6, 0x92, 0x7A, 0x87, 0x7A, 0x87, 0x7A, 0x87, 
  0x7A, 0x87, 0x7A, 0x87, 0x7A, 0x87, 0x7A, 0x87, 0x7A, 0x87, 0x7A, 0x87, 0x7A, 0x87, 0x7A, 0x87, 
  0x7A, 0x87, 0x7A, 0x87, 0x7A, 0x87, 0x7A, 0x87, 0x7A, 0x87, 0x7A, 0x87, 0x7A, 0x87, 0x7A, 0x87, 
  0x7A, 0x87, 0x7A, 0x87, 0xF6, 0x92, 0xF6, 0x92, 0xF6, 0x92, 0xF6, 0x92, 0xF6, 0x92, 0x7A, 0x87, 
  0x7A, 0x87, 0xF6, 0x92, 0xF6, 0x92, 0xF6, 0x92, 0xF6, 0x92, 0xF6, 0x92, 0xFC, 0x71, 0xFC, 0x71, 
  0x7A, 0x87, 0x7A, 0x87, 0xFC, 0x71, 0x7A, 0x87, 0x7A, 0x87, 0xFC, 0x71, 0xFC, 0x71, 0xF6, 0x92, 
  0xF6, 0x92, 0xF6, 0x92, 0xF6, 0x92, 0xF6, 0x92, 0x7A, 0x87, 0x7A, 0x87, 0xF6, 0x92, 0x7A, 0x87, 
  0x7A, 0x87, 0x7A, 0x87, 0x7A, 0x87, 0x7A, 0x87, 0x7A, 0x87, 0x7A, 0x87, 0x7A, 0x87, 0x7A, 0x87, 
  0x7A, 0x87, 0x7A, 0x87, 0x7A, 0x87, 0x7A, 0x87, 0x7A, 0x87, 0x7A, 0x87, 0x7A, 0x87, 0x7A, 0x87, 
  0x7A, 0x87, 0x7A, 0x87, 0x7A, 0x87, 0x7A, 0x87, 0xF6, 0x92, 0xF6, 0x92, 0xF6, 0x92, 0xF6, 0x92, 
  0xF6, 0x92, 0xF6, 0x92, 0xF6, 0x92, 0xF6, 0x92, 0xF6, 0x92, 0xF6, 0x92, 0xF6, 0x92, 0x5A, 0x26, 
  0x5A, 0x26, 0x29, 0x47, 0x29, 0x47, 0x29, 0x47, 0x29, 0x47, 0x29, 0x47, 0x29, 0x47, 0x29, 0x47, 
  0x29, 0x47, 0x29, 0x47, 0x29, 0x47, 0x29, 0x47, 0x29, 0x47, 0x29, 0x47, 0x29, 0x47, 0x29, 0x47, 
  0x29, 0x47, 0x29, 0x47, 0x29, 0x47, 0x29, 0x47, 0x29, 0x47, 0x29, 0x47, 0x29, 0x47, 0x29, 0x47, 
  0x29, 0x47, 0x29, 0x47, 0x29, 0x47, 0x29, 0x47, 0x29, 0x47, 0x29, 0x47, 0x29, 0x47, 0x29, 0x47, 
  0x29, 0x47, 0x29, 0x47, 0x29, 0x47, 0x29, 0x47, 0x29, 0x47, 0x29, 0x47, 0x29, 0x47, 0x29, 0x47, 
  0x29, 0x47, 0x29, 0x47, 0x29, 0x47, 0x29, 0x47, 0x29, 0x47, 0x29, 0x47, 0x29, 0x47, 0x29, 0x47, 
  0x29, 0x47, 0x29, 0x47, 0x29, 0x47, 0x29, 0x47, 0x29, 0x47, 0x29, 0x47, 0x29, 0x47, 0x29, 0x47, 
  0x29, 0x47, 0x29, 0x47, 0x29, 0x47, 0x29, 0x47, 0x29, 0x47, 0x29, 0x47, 0x29, 0x47, 0x29, 0x47, 
  0x29, 0x47, 0x29, 0x47, 0x29, 0x47, 0x29, 0x47, 0x29, 0x47, 0x29, 0x47, 0x29, 0x47, 0x29, 0x47, 
  0x29, 0x47, 0x29, 0x47, 0x29, 0x47, 0x29, 0x47, 0x29, 0x47, 0x29, 0x47, 0x29, 0x47, 0x29, 0x47, 
  0x29, 0x47, 0x29, 0x47, 0x29, 0x47, 0x29, 0x47, 0x29, 0x47, 0x29, 0x47, 0x29, 0x47, 0x29, 0x47, 
  0x29, 0x47, 0x29, 0x47, 0x29, 0x47, 0x29, 0x47, 0x29, 0x47, 0x29, 0x47, 0x29, 0x47, 0x29, 0x47, 
  0x29, 0x47, 0x29, 0x47, 0x29, 0x47, 0x29, 0x47, 0x29, 0x47, 0x29, 0x47, 0x29, 0x47, 0x29, 0x47, 
  0x29, 0x47, 0x29, 0x47, 0x29, 0x47, 0x29, 0x47, 0x29, 0x47, 0x29, 0x47, 0x29, 0x47, 0x29, 0x47, 
  0x29, 0x47, 0x29, 0x47, 0x29, 0x47, 0x29, 0x47, 0x29, 0x47, 0x29, 0x47, 0x29, 0x47, 0x29, 0x47, 
  0x29, 0x47, 0x29, 0x47, 0x29, 0x47, 0x29, 0x47, 0x29, 0x47, 0x29, 0x47, 0x29, 0x47, 0x29, 0x47, 
  0x29, 0x47, 0x29, 0x47, 0x29, 0x47, 0x29, 0x47, 0x29, 0x47, 0x29, 0x47, 0x29, 0x47, 0x29, 0x47, 
  0x29, 0x47, 0x29, 0x47, 0x29, 0x47, 0x29, 0x47, 0x29, 0x47, 0x29, 0x47, 0x29, 0x47, 0x29, 0x47, 
  0x5A, 0x26, 0x5A, 0x26, 0xF6, 0x92, 0xF6, 0x92, 0xF6, 0x92, 0xF6, 0x92, 0xF6, 0x92, 0xF6, 0x92, 
  0xF6, 0x92, 0xF6, 0x92, 0xF6, 0x92, 0xF6, 0x92, 0xF6, 0x92, 0xF6, 0x92, 0xF6, 0x92, 0xF6, 0x92, 
  0xF6, 0x92, 0xF6, 0x92, 0xF6, 0x92, 0xF6, 0x92, 0xF6, 0x92, 0xF6, 0x92, 0xF6, 0x92, 0xF6, 0x92, 
  0xF6, 0x92, 0xF6, 0x92, 0xF6, 0x92, 0xF6, 0x92, 0xF6, 0x92, 0xF6, 0x92, 0xF6, 0x92, 0xF6, 0x92, 
  0xF6, 0x92, 0xF6, 0x92, 0xF6, 0x92, 0xF6, 0x92, 0xF6, 0x92, 0xF6, 0x92, 0x7A, 0x87, 0x7A, 0x87, 
  0xF6, 0x92, 0xF6, 0x92, 0xF6, 0x92, 0xF6, 0x92, 0xF6, 0x92, 0xF6, 0x92, 0xF6, 0x92, 0xFC, 0x71, 
  0xFC, 0x71, 0x7A, 0x87, 0x7A, 0x87, 0x7A, 0x87, 0xFC, 0x71, 0xFC, 0x71, 0xF6, 0x92, 0xF6, 0x92, 
  0xF6, 0x92, 0xF6, 0x92, 0xF6, 0x92, 0xF6, 0x92, 0xF6, 0x92, 0x7A, 0x87, 0xF6, 0x92, 0xF6, 0x92, 
  0xF6, 0x92, 0xF6, 0x92, 0xF6, 0x92, 0xF6, 0x92, 0xF6, 0x92, 0xF6, 0x92, 0xF6, 0x92, 0xF6, 0x92, 
  0xF6, 0x92, 0xF6, 0x92, 0xF6, 0x92, 0xF6, 0x92, 0xF6, 0x92, 0xF6, 0x92, 0xF6, 0x92, 0xF6, 0x92, 
  0xF6, 0x92, 0xF6, 0x92, 0xF6, 0x92, 0xF6, 0x92, 0xF6, 0x92, 0xF6, 0x92, 0xF6, 0x92, 0xF6, 0x92, 
  0xF6, 0x92, 0xF6, 0x92, 0xF6, 0x92, 0xF6, 0x92, 0xF6, 0x92, 0xF6, 0x92, 0xF6, 0x92, 0x5A, 0x26, 
  0x5A, 0x26, 0x29, 0x47, 0x29, 0x47, 0x29, 0x47, 0x29, 0x47, 0x29, 0x47, 0x29, 0x47, 0x29, 0x47, 
  0x29, 0x47, 0x29, 0x47, 0x29, 0x47, 0x29, 0x47, 0x29, 0x47, 0x29, 0x47, 0x29, 0x47, 0x29, 0x47, 
  0x29, 0x47, 0x29, 0x47, 0x29, 0x47, 0x29, 0x47, 0x29, 0x47, 0x29, 0x47, 0x29, 0x47, 0x29, 0x47, 
  0x29, 0x47, 0x29, 0x47, 0x29, 0x47, 0x29, 0x47, 0x29, 0x47, 0x29, 0x47, 0x29, 0x47, 0x29, 0x47, 
  0x29, 0x47, 0x29, 0x47, 0x29, 0x47, 0x29, 0x47, 0x29, 0x47, 0x29, 0x47, 0x29, 0x47, 0x29, 0x47, 
  0x29, 0x47, 0x29, 0x47, 0x29, 0x47, 0x29, 0x47, 0x29, 0x47, 0x29, 0x47, 0x29, 0x47, 0x29, 0x47, 
  0x29, 0x47, 0x29, 0x47, 0x29, 0x47, 0x29, 0x47, 0x29, 0x47, 0x29, 0x47, 0x29, 0x47, 0x29, 0x47, 
  0x29, 0x47, 0x29, 0x47, 0x29, 0x47, 0x29, 0x47, 0x29, 0x47, 0x29, 0x47, 0x29, 0x47, 0x29, 0x47, 
  0x29, 0x47, 0x29, 0x47, 0x29, 0x47, 0x29, 0x47, 0x29, 0x47, 0x29, 0x47, 0x29, 0x47, 0x29, 0x47, 
  0x29, 0x47, 0x29, 0x47, 0x29, 0x47, 0x29, 0x47, 0x29, 0x47, 0x29, 0x47, 0x29, 0x47, 0x29, 0x47, 
  0x29, 0x47, 0x29, 0x47, 0x29, 0x47, 0x29, 0x47, 0x29, 0x47, 0x29, 0x47, 0x29, 0x47, 0x29, 0x47, 
  0x29, 0x47, 0x29, 0x47, 0x29, 0x47, 0x29, 0x47, 0x29, 0x47, 0x29, 0x47, 0x29, 0x47, 0x29, 0x47, 
  0x29, 0x47, 0x29, 0x47, 0x29, 0x47, 0x29, 0x47, 0x29, 0x47, 0x29, 0x47, 0x29, 0x47, 0x29, 0x47, 
  0x29, 0x47, 0x29, 0x47, 0x29, 0x47, 0x29, 0x47, 0x29, 0x47, 0x29, 0x47, 0x29, 0x47, 0x29, 0x47, 
  0x29, 0x47, 0x29, 0x47, 0x29, 0x47, 0x29, 0x47, 0x29, 0x47, 0x29, 0x47, 0x29, 0x47, 0x29, 0x47, 
  0x29, 0x47, 0x29, 0x47, 0x29, 0x47, 0x29, 0x47, 0x29, 0x47, 0x29, 0x47, 0x29, 0x47, 0x29, 0x47, 
  0x29, 0x47, 0x29, 0x47, 0x29, 0x47, 0x29, 0x47, 0x29, 0x47, 0x29, 0x47, 0x29, 0x47, 0x29, 0x47, 
  0x29, 0x47, 0x29, 0x47, 0x29, 0x47, 0x29, 0x47, 0x29, 0x47, 0x29, 0x47, 0x29, 0x47, 0x29, 0x47, 
  0x5A, 0x26, 0x5A, 0x26, 0xF6, 0x92, 0xF6, 0x92, 0xF6, 0x92, 0xF6, 0x92, 0xF6, 0x92, 0xF6, 0x92, 
  0xF6, 0x92, 0xF6, 0x92, 0xF6, 0x92, 0xF6, 0x92, 0xF6, 0x92, 0xF6, 0x92, 0xF6, 0x92, 0xF6, 0x92, 
  0xF6, 0x92, 0xF6, 0x92, 0xF6, 0x92, 0xF6, 0x92, 0xF6, 0x92, 0xF6, 0x92, 0xF6, 0x92, 0xF6, 0x92, 
  0xF6, 0x92, 0xF6, 0x92, 0xF6, 0x92, 0xF6, 0x92, 0xF6, 0x92, 0xF6, 0x92, 0xF6, 0x92, 0xF6, 0x92, 
  0xF6, 0x92, 0xF6, 0x92, 0xF6, 0x92, 0xF6, 0x92, 0xF6, 0x92, 0xF6, 0x92, 0xF6, 0x92, 0xF6, 0x92, 
  0xF6, 0x92, 0xF6, 0x92, 0xF6, 0x92, 0xF6, 0x92, 0xF6, 0x92, 0xF6, 0x92, 0xF6, 0x92, 0xFC, 0x71, 
  0xFC, 0x71, 0xFC, 0x71, 0xFC, 0x71, 0xFC, 0x71, 0xFC, 0x71, 0xFC, 0x71, 0xF6, 0x92, 0xF6, 0x92, 
  0xF6, 0x92, 0xF6, 0x92, 0xF6, 0x92, 0xF6, 0x92, 0xF6, 0x92, 0xF6, 0x92, 0xF6, 0x92, 0xF6, 0x92, 
  0xF6, 0x92, 0xF6, 0x92, 0xF6, 0x92, 0xF6, 0x92, 0xF6, 0x92, 0xF6, 0x92, 0xF6, 0x92, 0xF6, 0x92, 
  0xF6, 0x92, 0xF6, 0x92, 0xF6, 0x92, 0xF6, 0x92, 0xF6, 0x92, 0xF6, 0x92, 0xF6, 0x92, 0xF6, 0x92, 
  0xF6, 0x92, 0xF6, 0x92, 0xF6, 0x92, 0xF6, 0x92, 0xF6, 0x92, 0xF6, 0x92, 0xF6, 0x92, 0xF6, 0x92, 
  0xF6, 0x92, 0xF6, 0x92, 0xF6, 0x92, 0xF6, 0x92, 0xF6, 0x92, 0xF6, 0x92, 0xF6, 0x92, 0x5A, 0x26, 
  0x5A, 0x26, 0x29, 0x47, 0x29, 0x47, 0x29, 0x47, 0x29, 0x47, 0x29, 0x47, 0x29, 0x47, 0x29, 0x47, 
  0x29, 0x47, 0x29, 0x47, 0x29, 0x47, 0x29, 0x47, 0x29, 0x47, 0x29, 0x47, 0x29, 0x47, 0x29, 0x47, 
  0x29, 0x47, 0x29, 0x47, 0x29, 0x47, 0x29, 0x47, 0x29, 0x47, 0x29, 0x47, 0x29, 0x47, 0x29, 0x47, 
  0x29, 0x47, 0x29, 0x47, 0x29, 0x47, 0x29, 0x47, 0x29, 0x47, 0x29, 0x47, 0x29, 0x47, 0x29, 0x47, 
  0x29, 0x47, 0x29, 0x47, 0x29, 0x47, 0x29, 0x47, 0x29, 0x47, 0x29, 0x47, 0x29, 0x47, 0x29, 0x47, 
  0x29, 0x47, 0x29, 0x47, 0x29, 0x47, 0x29, 0x47, 0x29, 0x47, 0x29, 0x47, 0x29, 0x47, 0x29, 0x47, 
  0x29, 0x47, 0x29, 0x47, 0x29, 0x47, 0x29, 0x47, 0x29, 0x47, 0x29, 0x47, 0x29, 0x47, 0x29, 0x47, 
  0x29, 0x47, 0x29, 0x47, 0x29, 0x47, 0x29, 0x47, 0x29, 0x47, 0x29, 0x47, 0x29, 0x47, 0x29, 0x47, 
  0x29, 0x47, 0x29, 0x47, 0x29, 0x47, 0x29, 0x47, 0x29, 0x47, 0x29, 0x47, 0x29, 0x47, 0x29, 0x47, 
  0x29, 0x47, 0x29, 0x47, 0x29, 0x47, 0x29, 0x47, 0x29, 0x47, 0x29, 0x47, 0x29, 0x47, 0x29, 0x47, 
  0x29, 0x47, 0x29, 0x47, 0x29, 0x47, 0x29, 0x47, 0x29, 0x47, 0x29, 0x47, 0x29, 0x47, 0x29, 0x47, 
  0x29, 0x47, 0x29, 0x47, 0x29, 0x47, 0x29, 0x47, 0x29, 0x47, 0x29, 0x47, 0x29, 0x47, 0x29, 0x47, 
  0x29, 0x47, 0x29, 0x47, 0x29, 0x47, 0x29, 0x47, 0x29, 0x47, 0x29, 0x47, 0x29, 0x47, 0x29, 0x47, 
  0x29, 0x47, 0x29, 0x47, 0x29, 0x47, 0x29, 0x47, 0x29, 0x47, 0x29, 0x47, 0x29, 0x47, 0x29, 0x47, 
  0x29, 0x47, 0x29, 0x47, 0x29, 0x47, 0x29, 0x47, 0x29, 0x47, 0x29, 0x47, 0x29, 0x47, 0x29, 0x47, 
  0x29, 0x47, 0x29, 0x47, 0x29, 0x47, 0x29, 0x47, 0x29, 0x47, 0x29, 0x47, 0x29, 0x47, 0x29, 0x47, 
  0x29, 0x47, 0x29, 0x47, 0x29, 0x47, 0x29, 0x47, 0x29, 0x47, 0x29, 0x47, 0x29, 0x47, 0x29, 0x47, 
  0x29, 0x47, 0x29, 0x47, 0x29, 0x47, 0x29, 0x47, 0x29, 0x47, 0x29, 0x47, 0x29, 0x47, 0x29, 0x47, 
  0x29, 0x47, 0x5A, 0x26, 0x5A, 0x26, 0xF6, 0x92, 0xF6, 0x92, 0xF6, 0x92, 0xF6, 0x92, 0xF6, 0x92, 
  0xF6, 0x92, 0xF6, 0x92, 0xF6, 0x92, 0xF6, 0x92, 0xF6, 0x92, 0xF6, 0x92, 0xF6, 0x92, 0xF6, 0x92, 
  0xF6, 0x92, 0xF6, 0x92, 0xF6, 0x92, 0xF6, 0x92, 0xF6, 0x92, 0xF6, 0x92, 0xF6, 0x92, 0xF6, 0x92, 
  0xF6, 0x92, 0xF6, 0x92, 0xF6, 0x92, 0xF6, 0x92, 0xF6, 0x92, 0xF6, 0x92, 0xF6, 0x92, 0xF6, 0x92, 
  0xF6, 0x92, 0xF6, 0x92, 0xF6, 0x92, 0xF6, 0x92, 0xF6, 0x92, 0xF6, 0x92, 0xF6, 0x92, 0xF6, 0x92, 
  0xF6, 0x92, 0xF6, 0x92, 0xF6, 0x92, 0xF6, 0x92, 0xF6, 0x92, 0xF6, 0x92, 0xF6, 0x92, 0xF6, 0x92, 
  0xF6, 0x92, 0xFC, 0x71, 0xFC, 0x71, 0xFC, 0x71, 0xF6, 0x92, 0xF6, 0x92, 0xF6, 0x92, 0xF6, 0x92, 
  0xF6, 0x92, 0xF6, 0x92, 0xF6, 0x92, 0xF6, 0x92, 0xF6, 0x92, 0xF6, 0x92, 0xF6, 0x92, 0xF6, 0x92, 
  0xF6, 0x92, 0xF6, 0x92, 0xF6, 0x92, 0xF6, 0x92, 0xF6, 0x92, 0xF6, 0x92, 0xF6, 0x92, 0xF6, 0x92, 
  0xF6, 0x92, 0xF6, 0x92, 0xF6, 0x92, 0xF6, 0x92, 0xF6, 0x92, 0xF6, 0x92, 0xF6, 0x92, 0xF6, 0x92, 
  0xF6, 0x92, 0xF6, 0x92, 0xF6, 0x92, 0xF6, 0x92, 0xF6, 0x92, 0xF6, 0x92, 0xF6, 0x92, 0xF6, 0x92, 
  0xF6, 0x92, 0xF6, 0x92, 0xF6, 0x92, 0xF6, 0x92, 0xF6, 0x92, 0xF6, 0x92, 0x5A, 0x26, 0x5A, 0x26, 
  0x29, 0x47, 0x29, 0x47, 0x29, 0x47, 0x29, 0x47, 0x29, 0x47, 0x29, 0x47, 0x29, 0x47, 0x29, 0x47, 
  0x29, 0x47, 0x29, 0x47, 0x29, 0x47, 0x29, 0x47, 0x29, 0x47, 0x29, 0x47, 0x29, 0x47, 0x29, 0x47, 
  0x29, 0x47, 0x29, 0x47, 0x29, 0x47, 0x29, 0x47, 0x29, 0x47, 0x29, 0x47, 0x29, 0x47, 0x29, 0x47, 
  0x29, 0x47, 0x29, 0x47, 0x29, 0x47, 0x29, 0x47, 0x29, 0x47, 0x29, 0x47, 0x29, 0x47, 0x29, 0x47, 
  0x29, 0x47, 0x29, 0x47, 0x29, 0x47, 0x29, 0x47, 0x29, 0x47, 0x29, 0x47, 0x29, 0x47, 0x29, 0x47, 
  0x29, 0x47, 0x29, 0x47, 0x29, 0x47, 0x29, 0x47, 0x29, 0x47, 0x29, 0x47, 0x29, 0x47, 0x29, 0x47, 
  0x29, 0x47, 0x29, 0x47, 0x29, 0x47, 0x29, 0x47, 0x29, 0x47, 0x29, 0x47, 0x29, 0x47, 0x29, 0x47, 
  0x29, 0x47, 0x29, 0x47, 0x29, 0x47, 0x29, 0x47, 0x29, 0x47, 0x29, 0x47, 0x29, 0x47, 0x29, 0x47, 
  0x29, 0x47, 0x29, 0x47, 0x29, 0x47, 0x29, 0x47, 0x29, 0x47, 0x29, 0x47, 0x29, 0x47, 0x29, 0x47, 
  0x29, 0x47, 0x29, 0x47, 0x29, 0x47, 0x29, 0x47, 0x29, 0x47, 0x29, 0x47, 0x29, 0x47, 0x29, 0x47, 
  0x29, 0x47, 0x29, 0x47, 0x29, 0x47, 0x29, 0x47, 0x29, 0x47, 0x29, 0x47, 0x29, 0x47, 0x29, 0x47, 
  0x29, 0x47, 0x29, 0x47, 0x29, 0x47, 0x29, 0x47, 0x29, 0x47, 0x29, 0x47, 0x29, 0x47, 0x29, 0x47, 
  0x29, 0x47, 0x29, 0x47, 0x29, 0x47, 0x29, 0x47, 0x29, 0x47, 0x29, 0x47, 0x29, 0x47, 0x29, 0x47, 
  0x29, 0x47, 0x29, 0x47, 0x29, 0x47, 0x29, 0x47, 0x29, 0x47, 0x29, 0x47, 0x29, 0x47, 0x29, 0x47, 
  0x29, 0x47, 0x29, 0x47, 0x29, 0x47, 0x29, 0x47, 0x29, 0x47, 0x29, 0x47, 0x29, 0x47, 0x29, 0x47, 
  0x29, 0x47, 0x29, 0x47, 0x29, 0x47, 0x29, 0x47, 0x29, 0x47, 0x29, 0x47, 0x29, 0x47, 0x29, 0x47, 
  0x29, 0x47, 0x29, 0x47, 0x29, 0x47, 0x29, 0x47, 0x29, 0x47, 0x29, 0x47, 0x29, 0x47, 0x29, 0x47, 
  0x29, 0x47, 0x29, 0x47, 0x29, 0x47, 0x29, 0x47, 0x29, 0x47, 0x29, 0x47, 0x29, 0x47, 0x29, 0x47, 
  0x29, 0x47, 0x5A, 0x26, 0x5A, 0x26, 0xF6, 0x92, 0xF6, 0x92, 0xF6, 0x92, 0xF6, 0x92, 0xF6, 0x92, 
  0xF6, 0x92, 0xF6, 0x92, 0xF6, 0x92, 0xF6, 0x92, 0xF6, 0x92, 0xF6, 0x92, 0xF6, 0x92, 0xF6, 0x92, 
  0xF6, 0x92, 0xF6, 0x92, 0xF6, 0x92, 0xF6, 0x92, 0xF6, 0x92, 0xF6, 0x92, 0xF6, 0x92, 0xF6, 0x92, 
  0xF6, 0x92, 0xF6, 0x92, 0xF6, 0x92, 0xF6, 0x92, 0xF6, 0x92, 0xF6, 0x92, 0xF6, 0x92, 0xF6, 0x92, 
  0xF6, 0x92, 0xF6, 0x92, 0xF6, 0x92, 0xF6, 0x92, 0xF6, 0x92, 0xF6, 0x92, 0xF6, 0x92, 0xF6, 0x92, 
  0xF6, 0x92, 0xF6, 0x92, 0xF6, 0x92, 0xF6, 0x92, 0xF6, 0x92, 0xF6, 0x92, 0xF6, 0x92, 0xF6, 0x92, 
  0xF6, 0x92, 0xF6, 0x92, 0xF6, 0x92, 0xF6, 0x92, 0xF6, 0x92, 0xF6, 0x92, 0xF6, 0x92, 0xF6, 0x92, 
  0xF6, 0x92, 0xF6, 0x92, 0xF6, 0x92, 0xF6, 0x92, 0xF6, 0x92, 0xF6, 0x92, 0xF6, 0x92, 0xF6, 0x92, 
  0xF6, 0x92, 0xF6, 0x92, 0xF6, 0x92, 0xF6, 0x92, 0xF6, 0x92, 0xF6, 0x92, 0xF6, 0x92, 0xF6, 0x92, 
  0xF6, 0x92, 0xF6, 0x92, 0xF6, 0x92, 0xF6, 0x92, 0xF6, 0x92, 0xF6, 0x92, 0xF6, 0x92, 0xF6, 0x92, 
  0xF6, 0x92, 0xF6, 0x92, 0xF6, 0x92, 0xF6, 0x92, 0xF6, 0x92, 0xF6, 0x92, 0xF6, 0x92, 0xF6, 0x92, 
  0xF6, 0x92, 0xF6, 0x92, 0xF6, 0x92, 0xF6, 0x92, 0xF6, 0x92, 0xF6, 0x92, 0x5A, 0x26, 0x5A, 0x26, 
  0x29, 0x47, 0x29, 0x47, 0x29, 0x47, 0x29, 0x47, 0x29, 0x47, 0x29, 0x47, 0x29, 0x47, 0x29, 0x47, 
  0x29, 0x47, 0x29, 0x47, 0x29, 0x47, 0x29, 0x47, 0x29, 0x47, 0x29, 0x47, 0x29, 0x47, 0x29, 0x47, 
  0x29, 0x47, 0x29, 0x47, 0x29, 0x47, 0x29, 0x47, 0x29, 0x47, 0x29, 0x47, 0x29, 0x47, 0x29, 0x47, 
  0x29, 0x47, 0x29, 0x47, 0x29, 0x47, 0x29, 0x47, 0x29, 0x47, 0x29, 0x47, 0x29, 0x47, 0x29, 0x47, 
  0x29, 0x47, 0x29, 0x47, 0x29, 0x47, 0x29, 0x47, 0x29, 0x47, 0x29, 0x47, 0x29, 0x47, 0x29, 0x47, 
  0x29, 0x47, 0x29, 0x47, 0x29, 0x47, 0x29, 0x47, 0x29, 0x47, 0x29, 0x47, 0x29, 0x47, 0x29, 0x47, 
  0x29, 0x47, 0x29, 0x47, 0x29, 0x47, 0x29, 0x47, 0x29, 0x47, 0x29, 0x47, 0x29, 0x47, 0x29, 0x47, 
  0x29, 0x47, 0x29, 0x47, 0x29, 0x47, 0x29, 0x47, 0x29, 0x47, 0x29, 0x47, 0x29, 0x47, 0x29, 0x47, 
  0x29, 0x47, 0x29, 0x47, 0x29, 0x47, 0x29, 0x47, 0x29, 0x47, 0x29, 0x47, 0x29, 0x47, 0x29, 0x47, 
  0x29, 0x47, 0x29, 0x47, 0x29, 0x47, 0x29, 0x47, 0x29, 0x47, 0x29, 0x47, 0x29, 0x47, 0x29, 0x47, 
  0x29, 0x47, 0x29, 0x47, 0x29, 0x47, 0x29, 0x47, 0x29, 0x47, 0x29, 0x47, 0x29, 0x47, 0x29, 0x47, 
  0x29, 0x47, 0x29, 0x47, 0x29, 0x47, 0x29, 0x47, 0x29, 0x47, 0x29, 0x47, 0x29, 0x47, 0x29, 0x47, 
  0x29, 0x47, 0x29, 0x47, 0x29, 0x47, 0x29, 0x47, 0x29, 0x47, 0x29, 0x47, 0x29, 0x47, 0x29, 0x47, 
  0x29, 0x47, 0x29, 0x47, 0x29, 0x47, 0x29, 0x47, 0x29, 0x47, 0x29, 0x47, 0x29, 0x47, 0x29, 0x47, 
  0x29, 0x47, 0x29, 0x47, 0x29, 0x47, 0x29, 0x47, 0x29, 0x47, 0x29, 0x47, 0x29, 0x47, 0x29, 0x47, 
  0x29, 0x47, 0x29, 0x47, 0x29, 0x47, 0x29, 0x47, 0x29, 0x47, 0x29, 0x47, 0x29, 0x47, 0x29, 0x47, 
  0x29, 0x47, 0x29, 0x47, 0x29, 0x47, 0x29, 0x47, 0x29, 0x47, 0x29, 0x47, 0x29, 0x47, 0x29, 0x47, 
  0x29, 0x47, 0x29, 0x47, 0x29, 0x47, 0x29, 0x47, 0x29, 0x47, 0x29, 0x47, 0x29, 0x47, 0x29, 0x47, 
  0x29, 0x47, 0x5A, 0x26, 0x5A, 0x26, 0xF6, 0x92, 0xF6, 0x92, 0xF6, 0x92, 0xF6, 0x92, 0xF6, 0x92, 
  0xF6, 0x92, 0xF6, 0x92, 0xF6, 0x92, 0xF6, 0x92, 0xF6, 0x92, 0x7A, 0x87, 0x7A, 0x87, 0x7A, 0x87, 
  0x7A, 0x87, 0x7A, 0x87, 0x7A, 0x87, 0x7A, 0x87, 0x7A, 0x87, 0x7A, 0x87, 0x7A, 0x87, 0x7A, 0x87, 
  0x7A, 0x87, 0x7A, 0x87, 0x7A, 0x87, 0x7A, 0x87, 0x7A, 0x87, 0x7A, 0x87, 0x7A, 0x87, 0x7A, 0x87, 
  0x7A, 0x87, 0x7A, 0x87, 0xF6, 0x92, 0xF6, 0x92, 0xF6, 0x92, 0xF6, 0x92, 0xF6, 0x92, 0xF6, 0x92, 
  0xF6, 0x92, 0xF6, 0x92, 0xF6, 0x92, 0xF6, 0x92, 0xF6, 0x92, 0xF6, 0x92, 0xF6, 0x92, 0xF6, 0x92, 
  0xF6, 0x92, 0xF6, 0x92, 0xF6, 0x92, 0xF6, 0x92, 0xF6, 0x92, 0xF6, 0x92, 0xF6, 0x92, 0xF6, 0x92, 
  0xF6, 0x92, 0xF6, 0x92, 0xF6, 0x92, 0xF6, 0x92, 0xF6, 0x92, 0xF6, 0x92, 0xF6, 0x92, 0x7A, 0x87, 
  0x7A, 0x87, 0x7A, 0x87, 0x7A, 0x87, 0x7A, 0x87, 0x7A, 0x87, 0x7A, 0x87, 0x7A, 0x87, 0x7A, 0x87, 
  0x7A, 0x87, 0x7A, 0x87, 0x7A, 0x87, 0x7A, 0x87, 0x7A, 0x87, 0x7A, 0x87, 0x7A, 0x87, 0x7A, 0x87, 
  0x7A, 0x87, 0x7A, 0x87, 0x7A, 0x87, 0x7A, 0x87, 0xF6, 0x92, 0xF6, 0x92, 0xF6, 0x92, 0xF6, 0x92, 
  0xF6, 0x92, 0xF6, 0x92, 0xF6, 0x92, 0xF6, 0x92, 0xF6, 0x92, 0xF6, 0x92, 0x5A, 0x26, 0x5A, 0x26, 
  0x29, 0x47, 0x29, 0x47, 0x29, 0x47, 0x29, 0x47, 0x29, 0x47, 0x29, 0x47, 0x29, 0x47, 0x29, 0x47, 
  0x29, 0x47, 0x29, 0x47, 0x29, 0x47, 0x29, 0x47, 0x29, 0x47, 0x29, 0x47, 0x29, 0x47, 0x29, 0x47, 
  0x29, 0x47, 0x29, 0x47, 0x29, 0x47, 0x29, 0x47, 0x29, 0x47, 0x29, 0x47, 0x29, 0x47, 0x29, 0x47, 
  0x29, 0x47, 0x29, 0x47, 0x29, 0x47, 0x29, 0x47, 0x29, 0x47, 0x29, 0x47, 0x29, 0x47, 0x29, 0x47, 
  0x29, 0x47, 0x29, 0x47, 0x29, 0x47, 0x29, 0x47, 0x29, 0x47, 0x29, 0x47, 0x29, 0x47, 0x29, 0x47, 
  0x29, 0x47, 0x29, 0x47, 0x29, 0x47, 0x29, 0x47, 0x29, 0x47, 0x29, 0x47, 0x29, 0x47, 0x29, 0x47, 
  0x29, 0x47, 0x29, 0x47, 0x29, 0x47, 0x29, 0x47, 0x29, 0x47, 0x29, 0x47, 0x29, 0x47, 0x29, 0x47, 
  0x29, 0x47, 0x29, 0x47, 0x29, 0x47, 0x29, 0x47, 0x29, 0x47, 0x29, 0x47, 0x29, 0x47, 0x29, 0x47, 
  0x29, 0x47, 0x29, 0x47, 0x29, 0x47, 0x29, 0x47, 0x29, 0x47, 0x29, 0x47, 0x29, 0x47, 0x29, 0x47, 
  0x29, 0x47, 0x29, 0x47, 0x29, 0x47, 0x29, 0x47, 0x29, 0x47, 0x29, 0x47, 0x29, 0x47, 0x29, 0x47, 
  0x29, 0x47, 0x29, 0x47, 0x29, 0x47, 0x29, 0x47, 0x29, 0x47, 0x29, 0x47, 0x29, 0x47, 0x29, 0x47, 
  0x29, 0x47, 0x29, 0x47, 0x29, 0x47, 0x29, 0x47, 0x29, 0x47, 0x29, 0x47, 0x29, 0x47, 0x29, 0x47, 
  0x29, 0x47, 0x29, 0x47, 0x29, 0x47, 0x29, 0x47, 0x29, 0x47, 0x29, 0x47, 0x29, 0x47, 0x29, 0x47, 
  0x29, 0x47, 0x29, 0x47, 0x29, 0x47, 0x29, 0x47, 0x29, 0x47, 0x29, 0x47, 0x29, 0x47, 0x29, 0x47, 
  0x29, 0x47, 0x29, 0x47, 0x29, 0x47, 0x29, 0x47, 0x29, 0x47, 0x29, 0x47, 0x29, 0x47, 0x29, 0x47, 
  0x29, 0x47, 0x29, 0x47, 0x29, 0x47, 0x29, 0x47, 0x29, 0x47, 0x29, 0x47, 0x29, 0x47, 0x29, 0x47, 
  0x29, 0x47, 0x29, 0x47, 0x29, 0x47, 0x29, 0x47, 0x29, 0x47, 0x29, 0x47, 0x29, 0x47, 0x29, 0x47, 
  0x29, 0x47, 0x29, 0x47, 0x29, 0x47, 0x29, 0x47, 0x29, 0x47, 0x29, 0x47, 0x29, 0x47, 0x29, 0x47, 
  0x29, 0x47, 0x29, 0x47, 0x5A, 0x26, 0x5A, 0x26, 0xF6, 0x92, 0xF6, 0x92, 0xF6, 0x92, 0xF6, 0x92, 
  0xF6, 0x92, 0xF6, 0x92, 0xF6, 0x92, 0xF6, 0x92, 0xF6, 0x92, 0x7A, 0x87, 0x7A, 0x87, 0x7A, 0x87, 
  0x7A, 0x87, 0x7A, 0x87, 0x7A, 0x87, 0x7A, 0x87, 0x7A, 0x87, 0x7A, 0x87, 0x7A, 0x87, 0x7A, 0x87, 
  0x7A, 0x87, 0x7A, 0x87, 0x7A, 0x87, 0x7A, 0x87, 0x7A, 0x87, 0x7A, 0x87, 0x7A, 0x87, 0x7A, 0x87, 
  0x7A, 0x87, 0x7A, 0x87, 0xF6, 0x92, 0xF6, 0x92, 0xF6, 0x92, 0xF6, 0x92, 0xF6, 0x92, 0xF6, 0x92, 
  0xF6, 0x92, 0xF6, 0x92, 0xF6, 0x92, 0xF6, 0x92, 0xF6, 0x92, 0xF6, 0x92, 0xF6, 0x92, 0xF6, 0x92, 
  0xF6, 0x92, 0xF6, 0x92, 0xF6, 0x92, 0xF6, 0x92, 0xF6, 0x92, 0xF6, 0x92, 0xF6, 0x92, 0xF6, 0x92, 
  0xF6, 0x92, 0xF6, 0x92, 0xF6, 0x92, 0xF6, 0x92, 0xF6, 0x92, 0xF6, 0x92, 0xF6, 0x92, 0x7A, 0x87, 
  0x7A, 0x87, 0x7A, 0x87, 0x7A, 0x87, 0x7A, 0x87, 0x7A, 0x87, 0x7A, 0x87, 0x7A, 0x87, 0x7A, 0x87, 
  0x7A, 0x87, 0x7A, 0x87, 0x7A, 0x87, 0x7A, 0x87, 0x7A, 0x87, 0x7A, 0x87, 0x7A, 0x87, 0x7A, 0x87, 
  0x7A, 0x87, 0x7A, 0x87, 0x7A, 0x87, 0x7A, 0x87, 0xF6, 0x92, 0xF6, 0x92, 0xF6, 0x92, 0xF6, 0x92, 
  0xF6, 0x92, 0xF6, 0x92, 0xF6, 0x92, 0xF6, 0x92, 0xF6, 0x92, 0x5A, 0x26, 0x5A, 0x26, 0x29, 0x47, 
  0x29, 0x47, 0x29, 0x47, 0x29, 0x47, 0x29, 0x47, 0x29, 0x47, 0x29, 0x47, 0x29, 0x47, 0x29, 0x47, 
  0x29, 0x47, 0x29, 0x47, 0x29, 0x47, 0x29, 0x47, 0x29, 0x47, 0x29, 0x47, 0x29, 0x47, 0x29, 0x47, 
  0x29, 0x47, 0x29, 0x47, 0x29, 0x47, 0x29, 0x47, 0x29, 0x47, 0x29, 0x47, 0x29, 0x47, 0x29, 0x47, 
  0x29, 0x47, 0x29, 0x47, 0x29, 0x47, 0x29, 0x47, 0x29, 0x47, 0x29, 0x47, 0x29, 0x47, 0x29, 0x47, 
  0x29, 0x47, 0x29, 0x47, 0x29, 0x47, 0x29, 0x47, 0x29, 0x47, 0x29, 0x47, 0x29, 0x47, 0x29, 0x47, 
  0x29, 0x47, 0x29, 0x47, 0x29, 0x47, 0x29, 0x47, 0x29, 0x47, 0x29, 0x47, 0x29, 0x47, 0x29, 0x47, 
  0x29, 0x47, 0x29, 0x47, 0x29, 0x47, 0x29, 0x47, 0x29, 0x47, 0x29, 0x47, 0x29, 0x47, 0x29, 0x47, 
  0x29, 0x47, 0x29, 0x47, 0x29, 0x47, 0x29, 0x47, 0x29, 0x47, 0x29, 0x47, 0x29, 0x47, 0x29, 0x47, 
  0x29, 0x47, 0x29, 0x47, 0x29, 0x47, 0x29, 0x47, 0x29, 0x47, 0x29, 0x47, 0x29, 0x47, 0x29, 0x47, 
  0x29, 0x47, 0x29, 0x47, 0x29, 0x47, 0x29, 0x47, 0x29, 0x47, 0x29, 0x47, 0x29, 0x47, 0x29, 0x47, 
  0x29, 0x47, 0x29, 0x47, 0x29, 0x47, 0x29, 0x47, 0x29, 0x47, 0x29, 0x47, 0x29, 0x47, 0x29, 0x47, 
  0x29, 0x47, 0x29, 0x47, 0x29, 0x47, 0x29, 0x47, 0x29, 0x47, 0x29, 0x47, 0x29, 0x47, 0x29, 0x47, 
  0x29, 0x47, 0x29, 0x47, 0x29, 0x47, 0x29, 0x47, 0x29, 0x47, 0x29, 0x47, 0x29, 0x47, 0x29, 0x47, 
  0x29, 0x47, 0x29, 0x47, 0x29, 0x47, 0x29, 0x47, 0x29, 0x47, 0x29, 0x47, 0x29, 0x47, 0x29, 0x47, 
  0x29, 0x47, 0x29, 0x47, 0x29, 0x47, 0x29, 0x47, 0x29, 0x47, 0x29, 0x47, 0x29, 0x47, 0x29, 0x47, 
  0x29, 0x47, 0x29, 0x47, 0x29, 0x47, 0x29, 0x47, 0x29, 0x47, 0x29, 0x47, 0x29, 0x47, 0x29, 0x47, 
  0x29, 0x47, 0x29, 0x47, 0x29, 0x47, 0x29, 0x47, 0x29, 0x47, 0x29, 0x47, 0x29, 0x47, 0x29, 0x47, 
  0x29, 0x47, 0x29, 0x47, 0x29, 0x47, 0x29, 0x47, 0x29, 0x47, 0x29, 0x47, 0x29, 0x47, 0x29, 0x47, 
  0x29, 0x47, 0x29, 0x47, 0x5A, 0x26, 0x5A, 0x26, 0xF6, 0x92, 0xF6, 0x92, 0xF6, 0x92, 0xF6, 0x92, 
  0xF6, 0x92, 0xF6, 0x92, 0xF6, 0x92, 0xF6, 0x92, 0xF6, 0x92, 0xF6, 0x92, 0xF6, 0x92, 0xF6, 0x92, 
  0xF6, 0x92, 0xF6, 0x92, 0xF6, 0x92, 0xF6, 0x92, 0xF6, 0x92, 0xF6, 0x92, 0xF6, 0x92, 0xF6, 0x92, 
  0xF6, 0x92, 0xF6, 0x92, 0xF6, 0x92, 0xF6, 0x92, 0xF6, 0x92, 0xF6, 0x92, 0xF6, 0x92, 0xF6, 0x92, 
  0xF6, 0x92, 0xF6, 0x92, 0xF6, 0x92, 0xF6, 0x92, 0xF6, 0x92, 0xF6, 0x92, 0xF6, 0x92, 0xF6, 0x92, 
  0xF6, 0x92, 0xF6, 0x92, 0xF6, 0x92, 0xF6, 0x92, 0xF6, 0x92, 0xF6, 0x92, 0xF6, 0x92, 0xF6, 0x92, 
  0xF6, 0x92, 0xF6, 0x92, 0xF6, 0x92, 0xF6, 0x92, 0xF6, 0x92, 0xF6, 0x92, 0xF6, 0x92, 0xF6, 0x92, 
  0xF6, 0x92, 0xF6, 0x92, 0xF6, 0x92, 0xF6, 0x92, 0xF6, 0x92, 0xF6, 0x92, 0xF6, 0x92, 0xF6, 0x92, 
  0xF6, 0x92, 0xF6, 0x92, 0xF6, 0x92, 0xF6, 0x92, 0xF6, 0x92, 0xF6, 0x92, 0xF6, 0x92, 0xF6, 0x92, 
  0xF6, 0x92, 0xF6, 0x92, 0xF6, 0x92, 0xF6, 0x92, 0xF6, 0x92, 0xF6, 0x92, 0xF6, 0x92, 0xF6, 0x92, 
  0xF6, 0x92, 0xF6, 0x92, 0xF6, 0x92, 0xF6, 0x92, 0xF6, 0x92, 0xF6, 0x92, 0xF6, 0x92, 0xF6, 0x92, 
  0xF6, 0x92, 0xF6, 0x92, 0xF6, 0x92, 0xF6, 0x92, 0xF6, 0x92, 0x5A, 0x26, 0x5A, 0x26, 0x29, 0x47, 
  0x29, 0x47, 0x29, 0x47, 0x29, 0x47, 0x29, 0x47, 0x29, 0x47, 0x29, 0x47, 0x29, 0x47, 0x29, 0x47, 
  0x29, 0x47, 0x29, 0x47, 0x29, 0x47, 0x29, 0x47, 0x29, 0x47, 0x29, 0x47, 0x29, 0x47, 0x29, 0x47, 
  0x29, 0x47, 0x29, 0x47, 0x29, 0x47, 0x29, 0x47, 0x29, 0x47, 0x29, 0x47, 0x29, 0x47, 0x29, 0x47, 
  0x29, 0x47, 0x29, 0x47, 0x29, 0x47, 0x29, 0x47, 0x29, 0x47, 0x29, 0x47, 0x29, 0x47, 0x29, 0x47, 
  0x29, 0x47, 0x29, 0x47, 0x29, 0x47, 0x29, 0x47, 0x29, 0x47, 0x29, 0x47, 0x29, 0x47, 0x29, 0x47, 
  0x29, 0x47, 0x29, 0x47, 0x29, 0x47, 0x29, 0x47, 0x29, 0x47, 0x29, 0x47, 0x29, 0x47, 0x29, 0x47, 
  0x29, 0x47, 0x29, 0x47, 0x29, 0x47, 0x29, 0x47, 0x29, 0x47, 0x29, 0x47, 0x29, 0x47, 0x29, 0x47, 
  0x29, 0x47, 0x29, 0x47, 0x29, 0x47, 0x29, 0x47, 0x29, 0x47, 0x29, 0x47, 0x29, 0x47, 0x29, 0x47, 
  0x29, 0x47, 0x29, 0x47, 0x29, 0x47, 0x29, 0x47, 0x29, 0x47, 0x29, 0x47, 0x29, 0x47, 0x29, 0x47, 
  0x29, 0x47, 0x29, 0x47, 0x29, 0x47, 0x29, 0x47, 0x29, 0x47, 0x29, 0x47, 0x29, 0x47, 0x29, 0x47, 
  0x29, 0x47, 0x29, 0x47, 0x29, 0x47, 0x29, 0x47, 0x29, 0x47, 0x29, 0x47, 0x29, 0x47, 0x29, 0x47, 
  0x29, 0x47, 0x29, 0x47, 0x29, 0x47, 0x29, 0x47, 0x29, 0x47, 0x29, 0x47, 0x29, 0x47, 0x29, 0x47, 
  0x29, 0x47, 0x29, 0x47, 0x29, 0x47, 0x29, 0x47, 0x29, 0x47, 0x29, 0x47, 0x29, 0x47, 0x29, 0x47, 
  0x29, 0x47, 0x29, 0x47, 0x29, 0x47, 0x29, 0x47, 0x29, 0x47, 0x29, 0x47, 0x29, 0x47, 0x29, 0x47, 
  0x29, 0x47, 0x29, 0x47, 0x29, 0x47, 0x29, 0x47, 0x29, 0x47, 0x29, 0x47, 0x29, 0x47, 0x29, 0x47, 
  0x29, 0x47, 0x29, 0x47, 0x29, 0x47, 0x29, 0x47, 0x29, 0x47, 0x29, 0x47, 0x29, 0x47, 0x29, 0x47, 
  0x29, 0x47, 0x29, 0x47, 0x29, 0x47, 0x29, 0x47, 0x29, 0x47, 0x29, 0x47, 0x29, 0x47, 0x29, 0x47, 
  0x29, 0x47, 0x29, 0x47, 0x29, 0x47, 0x29, 0x47, 0x29, 0x47, 0x29, 0x47, 0x29, 0x47, 0x29, 0x47, 
  0x29, 0x47, 0x29, 0x47, 0x29, 0x47, 0x5A, 0x26, 0x5A, 0x26, 0xF6, 0x92, 0xF6, 0x92, 0xF6, 0x92, 
  0xF6, 0x92, 0xF6, 0x92, 0xF6, 0x92, 0xF6, 0x92, 0xF6, 0x92, 0xF6, 0x92, 0xF6, 0x92, 0xF6, 0x92, 
  0xF6, 0x92, 0xF6, 0x92, 0xF6, 0x92, 0xF6, 0x92, 0xF6, 0x92, 0xF6, 0x92, 0xF6, 0x92, 0xF6, 0x92, 
  0xF6, 0x92, 0xF6, 0x92, 0xF6, 0x92, 0xF6, 0x92, 0xF6, 0x92, 0xF6, 0x92, 0xF6, 0x92, 0xF6, 0x92, 
  0xF6, 0x92, 0xF6, 0x92, 0xF6, 0x92, 0xF6, 0x92, 0xF6, 0x92, 0xF6, 0x92, 0xF6, 0x92, 0xF6, 0x92, 
  0xF6, 0x92, 0xF6, 0x92, 0xF6, 0x92, 0xF6, 0x92, 0xF6, 0x92, 0xF6, 0x92, 0xF6, 0x92, 0xF6, 0x92, 
  0xF6, 0x92, 0xF6, 0x92, 0xF6, 0x92, 0xF6, 0x92, 0xF6, 0x92, 0xF6, 0x92, 0xF6, 0x92, 0xF6, 0x92, 
  0xF6, 0x92, 0xF6, 0x92, 0xF6, 0x92, 0xF6, 0x92, 0xF6, 0x92, 0xF6, 0x92, 0xF6, 0x92, 0xF6, 0x92, 
  0xF6, 0x92, 0xF6, 0x92, 0xF6, 0x92, 0xF6, 0x92, 0xF6, 0x92, 0xF6, 0x92, 0xF6, 0x92, 0xF6, 0x92, 
  0xF6, 0x92, 0xF6, 0x92, 0xF6, 0x92, 0xF6, 0x92, 0xF6, 0x92, 0xF6, 0x92, 0xF6, 0x92, 0xF6, 0x92, 
  0xF6, 0x92, 0xF6, 0x92, 0xF6, 0x92, 0xF6, 0x92, 0xF6, 0x92, 0xF6, 0x92, 0xF6, 0x92, 0xF6, 0x92, 
  0xF6, 0x92, 0xF6, 0x92, 0xF6, 0x92, 0xF6, 0x92, 0x5A, 0x26, 0x5A, 0x26, 0x29, 0x47, 0x29, 0x47, 
  0x29, 0x47, 0x29, 0x47, 0x29, 0x47, 0x29, 0x47, 0x29, 0x47, 0x29, 0x47, 0x29, 0x47, 0x29, 0x47, 
  0x29, 0x47, 0x29, 0x47, 0x29, 0x47, 0x29, 0x47, 0x29, 0x47, 0x29, 0x47, 0x29, 0x47, 0x29, 0x47, 
  0x29, 0x47, 0x29, 0x47, 0x29, 0x47, 0x29, 0x47, 0x29, 0x47, 0x29, 0x47, 0x29, 0x47, 0x29, 0x47, 
  0x29, 0x47, 0x29, 0x47, 0x29, 0x47, 0x29, 0x47, 0x29, 0x47, 0x29, 0x47, 0x29, 0x47, 0x29, 0x47, 
  0x29, 0x47, 0x29, 0x47, 0x29, 0x47, 0x29, 0x47, 0x29, 0x47, 0x29, 0x47, 0x29, 0x47, 0x29, 0x47, 
  0x29, 0x47, 0x29, 0x47, 0x29, 0x47, 0x29, 0x47, 0x29, 0x47, 0x29, 0x47, 0x29, 0x47, 0x29, 0x47, 
  0x29, 0x47, 0x29, 0x47, 0x29, 0x47, 0x29, 0x47, 0x29, 0x47, 0x29, 0x47, 0x29, 0x47, 0x29, 0x47, 
  0x29, 0x47, 0x29, 0x47, 0x29, 0x47, 0x29, 0x47, 0x29, 0x47, 0x29, 0x47, 0x29, 0x47, 0x29, 0x47, 
  0x29, 0x47, 0x29, 0x47, 0x29, 0x47, 0x29, 0x47, 0x29, 0x47, 0x29, 0x47, 0x29, 0x47, 0x29, 0x47, 
  0x29, 0x47, 0x29, 0x47, 0x29, 0x47, 0x29, 0x47, 0x29, 0x47, 0x29, 0x47, 0x29, 0x47, 0x29, 0x47, 
  0x29, 0x47, 0x29, 0x47, 0x29, 0x47, 0x29, 0x47, 0x29, 0x47, 0x29, 0x47, 0x29, 0x47, 0x29, 0x47, 
  0x29, 0x47, 0x29, 0x47, 0x29, 0x47, 0x29, 0x47, 0x29, 0x47, 0x29, 0x47, 0x29, 0x47, 0x29, 0x47, 
  0x29, 0x47, 0x29, 0x47, 0x29, 0x47, 0x29, 0x47, 0x29, 0x47, 0x29, 0x47, 0x29, 0x47, 0x29, 0x47, 
  0x29, 0x47, 0x29, 0x47, 0x29, 0x47, 0x29, 0x47, 0x29, 0x47, 0x29, 0x47, 0x29, 0x47, 0x29, 0x47, 
  0x29, 0x47, 0x29, 0x47, 0x29, 0x47, 0x29, 0x47, 0x29, 0x47, 0x29, 0x47, 0x29, 0x47, 0x29, 0x47, 
  0x29, 0x47, 0x29, 0x47, 0x29, 0x47, 0x29, 0x47, 0x29, 0x47, 0x29, 0x47, 0x29, 0x47, 0x29, 0x47, 
  0x29, 0x47, 0x29, 0x47, 0x29, 0x47, 0x29, 0x47, 0x29, 0x47, 0x29, 0x47, 0x29, 0x47, 0x29, 0x47, 
  0x29, 0x47, 0x29, 0x47, 0x29, 0x47, 0x29, 0x47, 0x29, 0x47, 0x29, 0x47, 0x29, 0x47, 0x29, 0x47, 
  0x29, 0x47, 0x29, 0x47, 0x29, 0x47, 0x5A, 0x26, 0x5A, 0x26, 0xF6, 0x92, 0xF6, 0x92, 0xF6, 0x92, 
  0xF6, 0x92, 0xF6, 0x92, 0xF6, 0x92, 0xF6, 0x92, 0xF6, 0x92, 0xF6, 0x92, 0xF6, 0x92, 0xF6, 0x92, 
  0xF6, 0x92, 0xF6, 0x92, 0xF6, 0x92, 0xF6, 0x92, 0xF6, 0x92, 0xF6, 0x92, 0xF6, 0x92, 0xF6, 0x92, 
  0xF6, 0x92, 0xF6, 0x92, 0xF6, 0x92, 0xF6, 0x92, 0xF6, 0x92, 0xF6, 0x92, 0xF6, 0x92, 0xF6, 0x92, 
  0xF6, 0x92, 0xF6, 0x92, 0xF6, 0x92, 0xF6, 0x92, 0xF6, 0x92, 0xF6, 0x92, 0xF6, 0x92, 0xF6, 0x92, 
  0xF6, 0x92, 0xF6, 0x92, 0xF6, 0x92, 0xF6, 0x92, 0xF6, 0x92, 0xF6, 0x92, 0xF6, 0x92, 0xF6, 0x92, 
  0xF6, 0x92, 0xF6, 0x92, 0xF6, 0x92, 0xF6, 0x92, 0xF6, 0x92, 0xF6, 0x92, 0xF6, 0x92, 0xF6, 0x92, 
  0xF6, 0x92, 0xF6, 0x92, 0xF6, 0x92, 0xF6, 0x92, 0xF6, 0x92, 0xF6, 0x92, 0xF6, 0x92, 0xF6, 0x92, 
  0xF6, 0x92, 0xF6, 0x92, 0xF6, 0x92, 0xF6, 0x92, 0xF6, 0x92, 0xF6, 0x92, 0xF6, 0x92, 0xF6, 0x92, 
  0xF6, 0x92, 0xF6, 0x92, 0xF6, 0x92, 0xF6, 0x92, 0xF6, 0x92, 0xF6, 0x92, 0xF6, 0x92, 0xF6, 0x92, 
  0xF6, 0x92, 0xF6, 0x92, 0xF6, 0x92, 0xF6, 0x92, 0xF6, 0x92, 0xF6, 0x92, 0xF6, 0x92, 0xF6, 0x92, 
  0xF6, 0x92, 0xF6, 0x92, 0xF6, 0x92, 0xF6, 0x92, 0x5A, 0x26, 0x5A, 0x26, 0x29, 0x47, 0x29, 0x47, 
  0x29, 0x47, 0x29, 0x47, 0x29, 0x47, 0x29, 0x47, 0x29, 0x47, 0x29, 0x47, 0x29, 0x47, 0x29, 0x47, 
  0x29, 0x47, 0x29, 0x47, 0x29, 0x47, 0x29, 0x47, 0x29, 0x47, 0x29, 0x47, 0x29, 0x47, 0x29, 0x47, 
  0x29, 0x47, 0x29, 0x47, 0x29, 0x47, 0x29, 0x47, 0x29, 0x47, 0x29, 0x47, 0x29, 0x47, 0x29, 0x47, 
  0x29, 0x47, 0x29, 0x47, 0x29, 0x47, 0x29, 0x47, 0x29, 0x47, 0x29, 0x47, 0x29, 0x47, 0x29, 0x47, 
  0x29, 0x47, 0x29, 0x47, 0x29, 0x47, 0x29, 0x47, 0x29, 0x47, 0x29, 0x47, 0x29, 0x47, 0x29, 0x47, 
  0x29, 0x47, 0x29, 0x47, 0x29, 0x47, 0x29, 0x47, 0x29, 0x47, 0x29, 0x47, 0x29, 0x47, 0x29, 0x47, 
  0x29, 0x47, 0x29, 0x47, 0x29, 0x47, 0x29, 0x47, 0x29, 0x47, 0x29, 0x47, 0x29, 0x47, 0x29, 0x47, 
  0x29, 0x47, 0x29, 0x47, 0x29, 0x47, 0x29, 0x47, 0x29, 0x47, 0x29, 0x47, 0x29, 0x47, 0x29, 0x47, 
  0x29, 0x47, 0x29, 0x47, 0x29, 0x47, 0x29, 0x47, 0x29, 0x47, 0x29, 0x47, 0x29, 0x47, 0x29, 0x47, 
  0x29, 0x47, 0x29, 0x47, 0x29, 0x47, 0x29, 0x47, 0x29, 0x47, 0x29, 0x47, 0x29, 0x47, 0x29, 0x47, 
  0x29, 0x47, 0x29, 0x47, 0x29, 0x47, 0x29, 0x47, 0x29, 0x47, 0x29, 0x47, 0x29, 0x47, 0x29, 0x47, 
  0x29, 0x47, 0x29, 0x47, 0x29, 0x47, 0x29, 0x47, 0x29, 0x47, 0x29, 0x47, 0x29, 0x47, 0x29, 0x47, 
  0x29, 0x47, 0x29, 0x47, 0x29, 0x47, 0x29, 0x47, 0x29, 0x47, 0x29, 0x47, 0x29, 0x47, 0x29, 0x47, 
  0x29, 0x47, 0x29, 0x47, 0x29, 0x47, 0x29, 0x47, 0x29, 0x47, 0x29, 0x47, 0x29, 0x47, 0x29, 0x47, 
  0x29, 0x47, 0x29, 0x47, 0x29, 0x47, 0x29, 0x47, 0x29, 0x47, 0x29, 0x47, 0x29, 0x47, 0x29, 0x47, 
  0x29, 0x47, 0x29, 0x47, 0x29, 0x47, 0x29, 0x47, 0x29, 0x47, 0x29, 0x47, 0x29, 0x47, 0x29, 0x47, 
  0x29, 0x47, 0x29, 0x47, 0x29, 0x47, 0x29, 0x47, 0x29, 0x47, 0x29, 0x47, 0x29, 0x47, 0x29, 0x47, 
  0x29, 0x47, 0x29, 0x47, 0x29, 0x47, 0x29, 0x47, 0x29, 0x47, 0x29, 0x47, 0x29, 0x47, 0x29, 0x47, 
  0x29, 0x47, 0x29, 0x47, 0x29, 0x47, 0x29, 0x47, 0x5A, 0x26, 0x5A, 0x26, 0xF6, 0x92, 0xF6, 0x92, 
  0xF6, 0x92, 0xF6, 0x92, 0xF6, 0x92, 0xF6, 0x92, 0xF6, 0x92, 0xF6, 0x92, 0xF6, 0x92, 0xF6, 0x92, 
  0xF6, 0x92, 0xF6, 0x92, 0xF6, 0x92, 0xF6, 0x92, 0xF6, 0x92, 0xF6, 0x92, 0xF6, 0x92, 0xF6, 0x92, 
  0xF6, 0x92, 0xF6, 0x92, 0xF6, 0x92, 0xF6, 0x92, 0xF6, 0x92, 0xF6, 0x92, 0xF6, 0x92, 0xF6, 0x92, 
  0xF6, 0x92, 0xF6, 0x92, 0xF6, 0x92, 0xF6, 0x92, 0xF6, 0x92, 0xF6, 0x92, 0xF6, 0x92, 0xF6, 0x92, 
  0xF6, 0x92, 0xF6, 0x92, 0xF6, 0x92, 0xF6, 0x92, 0xF6, 0x92, 0xF6, 0x92, 0xF6, 0x92, 0xF6, 0x92, 
  0xF6, 0x92, 0xF6, 0x92, 0xF6, 0x92, 0xF6, 0x92, 0xF6, 0x92, 0xF6, 0x92, 0xF6, 0x92, 0xF6, 0x92, 
  0xF6, 0x92, 0xF6, 0x92, 0xF6, 0x92, 0xF6, 0x92, 0xF6, 0x92, 0xF6, 0x92, 0xF6, 0x92, 0xF6, 0x92, 
  0xF6, 0x92, 0xF6, 0x92, 0xF6, 0x92, 0xF6, 0x92, 0xF6, 0x92, 0xF6, 0x92, 0xF6, 0x92, 0xF6, 0x92, 
  0xF6, 0x92, 0xF6, 0x92, 0xF6, 0x92, 0xF6, 0x92, 0xF6, 0x92, 0xF6, 0x92, 0xF6, 0x92, 0xF6, 0x92, 
  0xF6, 0x92, 0xF6, 0x92, 0xF6, 0x92, 0xF6, 0x92, 0xF6, 0x92, 0xF6, 0x92, 0xF6, 0x92, 0xF6, 0x92, 
  0xF6, 0x92, 0xF6, 0x92, 0xF6, 0x92, 0x5A, 0x26, 0x5A, 0x26, 0x29, 0x47, 0x29, 0x47, 0x29, 0x47, 
  0x29, 0x47, 0x29, 0x47, 0x29, 0x47, 0x29, 0x47, 0x29, 0x47, 0x29, 0x47, 0x29, 0x47, 0x29, 0x47, 
  0x29, 0x47, 0x29, 0x47, 0x29, 0x47, 0x29, 0x47, 0x29, 0x47, 0x29, 0x47, 0x29, 0x47, 0x29, 0x47, 
  0x29, 0x47, 0x29, 0x47, 0x29, 0x47, 0x29, 0x47, 0x29, 0x47, 0x29, 0x47, 0x29, 0x47, 0x29, 0x47, 
  0x29, 0x47, 0x29, 0x47, 0x29, 0x47, 0x29, 0x47, 0x29, 0x47, 0x29, 0x47, 0x29, 0x47, 0x29, 0x47, 
  0x29, 0x47, 0x29, 0x47, 0x29, 0x47, 0x29, 0x47, 0x29, 0x47, 0x29, 0x47, 0x29, 0x47, 0x29, 0x47, 
  0x29, 0x47, 0x29, 0x47, 0x29, 0x47, 0x29, 0x47, 0x29, 0x47, 0x29, 0x47, 0x29, 0x47, 0x29, 0x47, 
  0x29, 0x47, 0x29, 0x47, 0x29, 0x47, 0x29, 0x47, 0x29, 0x47, 0x29, 0x47, 0x29, 0x47, 0x29, 0x47, 
  0x29, 0x47, 0x29, 0x47, 0x29, 0x47, 0x29, 0x47, 0x29, 0x47, 0x29, 0x47, 0x29, 0x47, 0x29, 0x47, 
  0x29, 0x47, 0x29, 0x47, 0x29, 0x47, 0x29, 0x47, 0x29, 0x47, 0x29, 0x47, 0x29, 0x47, 0x29, 0x47, 
  0x29, 0x47, 0x29, 0x47, 0x29, 0x47, 0x29, 0x47, 0x29, 0x47, 0x29, 0x47, 0x29, 0x47, 0x29, 0x47, 
  0x29, 0x47, 0x29, 0x47, 0x29, 0x47, 0x29, 0x47, 0x29, 0x47, 0x29, 0x47, 0x29, 0x47, 0x29, 0x47, 
  0x29, 0x47, 0x29, 0x47, 0x29, 0x47, 0x29, 0x47, 0x29, 0x47, 0x29, 0x47, 0x29, 0x47, 0x29, 0x47, 
  0x29, 0x47, 0x29, 0x47, 0x29, 0x47, 0x29, 0x47, 0x29, 0x47, 0x29, 0x47, 0x29, 0x47, 0x29, 0x47, 
  0x29, 0x47, 0x29, 0x47, 0x29, 0x47, 0x29, 0x47, 0x29, 0x47, 0x29, 0x47, 0x29, 0x47, 0x29, 0x47, 
  0x29, 0x47, 0x29, 0x47, 0x29, 0x47, 0x29, 0x47, 0x29, 0x47, 0x29, 0x47, 0x29, 0x47, 0x29, 0x47, 
  0x29, 0x47, 0x29, 0x47, 0x29, 0x47, 0x29, 0x47, 0x29, 0x47, 0x29, 0x47, 0x29, 0x47, 0x29, 0x47, 
  0x29, 0x47, 0x29, 0x47, 0x29, 0x47, 0x29, 0x47, 0x29, 0x47, 0x29, 0x47, 0x29, 0x47, 0x29, 0x47, 
  0x29, 0x47, 0x29, 0x47, 0x29, 0x47, 0x29, 0x47, 0x29, 0x47, 0x29, 0x47, 0x29, 0x47, 0x29, 0x47, 
  0x29, 0x47, 0x29, 0x47, 0x29, 0x47, 0x29, 0x47, 0x5A, 0x26, 0x5A, 0x26, 0xF6, 0x92, 0xF6, 0x92, 
  0xF6, 0x92, 0xF6, 0x92, 0xF6, 0x92, 0xF6, 0x92, 0xF6, 0x92, 0xF6, 0x92, 0xF6, 0x92, 0xF6, 0x92, 
  0xF6, 0x92, 0xF6, 0x92, 0xF6, 0x92, 0xF6, 0x92, 0xF6, 0x92, 0xF6, 0x92, 0xF6, 0x92, 0xF6, 0x92, 
  0xF6, 0x92, 0xF6, 0x92, 0xF6, 0x92, 0xF6, 0x92, 0xF6, 0x92, 0xF6, 0x92, 0xF6, 0x92, 0xF6, 0x92, 
  0xF6, 0x92, 0xF6, 0x92, 0xF6, 0x92, 0xF6, 0x92, 0xF6, 0x92, 0xF6, 0x92, 0xF6, 0x92, 0xF6, 0x92, 
  0xF6, 0x92, 0xF6, 0x92, 0xF6, 0x92, 0xF6, 0x92, 0xF6, 0x92, 0xF6, 0x92, 0xF6, 0x92, 0xF6, 0x92, 
  0xF6, 0x92, 0xF6, 0x92, 0xF6, 0x92, 0xF6, 0x92, 0xF6, 0x92, 0xF6, 0x92, 0xF6, 0x92, 0xF6, 0x92, 
  0xF6, 0x92, 0xF6, 0x92, 0xF6, 0x92, 0xF6, 0x92, 0xF6, 0x92, 0xF6, 0x92, 0xF6, 0x92, 0xF6, 0x92, 
  0xF6, 0x92, 0xF6, 0x92, 0xF6, 0x92, 0xF6, 0x92, 0xF6, 0x92, 0xF6, 0x92, 0xF6, 0x92, 0xF6, 0x92, 
  0xF6, 0x92, 0xF6, 0x92, 0xF6, 0x92, 0xF6, 0x92, 0xF6, 0x92, 0xF6, 0x92, 0xF6, 0x92, 0xF6, 0x92, 
  0xF6, 0x92, 0xF6, 0x92, 0xF6, 0x92, 0xF6, 0x92, 0xF6, 0x92, 0xF6, 0x92, 0xF6, 0x92, 0xF6, 0x92, 
  0xF6, 0x92, 0xF6, 0x92, 0xF6, 0x92, 0x5A, 0x26, 0x5A, 0x26, 0x29, 0x47, 0x29, 0x47, 0x29, 0x47, 
  0x29, 0x47, 0x29, 0x47, 0x29, 0x47, 0x29, 0x47, 0x29, 0x47, 0x29, 0x47, 0x29, 0x47, 0x29, 0x47, 
  0x29, 0x47, 0x29, 0x47, 0x29, 0x47, 0x29, 0x47, 0x29, 0x47, 0x29, 0x47, 0x29, 0x47, 0x29, 0x47, 
  0x29, 0x47, 0x29, 0x47, 0x29, 0x47, 0x29, 0x47, 0x29, 0x47, 0x29, 0x47, 0x29, 0x47, 0x29, 0x47, 
  0x29, 0x47, 0x29, 0x47, 0x29, 0x47, 0x29, 0x47, 0x29, 0x47, 0x29, 0x47, 0x29, 0x47, 0x29, 0x47, 
  0x29, 0x47, 0x29, 0x47, 0x29, 0x47, 0x29, 0x47, 0x29, 0x47, 0x29, 0x47, 0x29, 0x47, 0x29, 0x47, 
  0x29, 0x47, 0x29, 0x47, 0x29, 0x47, 0x29, 0x47, 0x29, 0x47, 0x29, 0x47, 0x29, 0x47, 0x29, 0x47, 
  0x29, 0x47, 0x29, 0x47, 0x29, 0x47, 0x29, 0x47, 0x29, 0x47, 0x29, 0x47, 0x29, 0x47, 0x29, 0x47, 
  0x29, 0x47, 0x29, 0x47, 0x29, 0x47, 0x29, 0x47, 0x29, 0x47, 0x29, 0x47, 0x29, 0x47, 0x29, 0x47, 
  0x29, 0x47, 0x29, 0x47, 0x29, 0x47, 0x29, 0x47, 0x29, 0x47, 0x29, 0x47, 0x29, 0x47, 0x29, 0x47, 
  0x29, 0x47, 0x29, 0x47, 0x29, 0x47, 0x29, 0x47, 0x29, 0x47, 0x29, 0x47, 0x29, 0x47, 0x29, 0x47, 
  0x29, 0x47, 0x29, 0x47, 0x29, 0x47, 0x29, 0x47, 0x29, 0x47, 0x29, 0x47, 0x29, 0x47, 0x29, 0x47, 
  0x29, 0x47, 0x29, 0x47, 0x29, 0x47, 0x29, 0x47, 0x29, 0x47, 0x29, 0x47, 0x29, 0x47, 0x29, 0x47, 
  0x29, 0x47, 0x29, 0x47, 0x29, 0x47, 0x29, 0x47, 0x29, 0x47, 0x29, 0x47, 0x29, 0x47, 0x29, 0x47, 
  0x29, 0x47, 0x29, 0x47, 0x29, 0x47, 0x29, 0x47, 0x29, 0x47, 0x29, 0x47, 0x29, 0x47, 0x29, 0x47, 
  0x29, 0x47, 0x29, 0x47, 0x29, 0x47, 0x29, 0x47, 0x29, 0x47, 0x29, 0x47, 0x29, 0x47, 0x29, 0x47, 
  0x29, 0x47, 0x29, 0x47, 0x29, 0x47, 0x29, 0x47, 0x29, 0x47, 0x29, 0x47, 0x29, 0x47, 0x29, 0x47, 
  0x29, 0x47, 0x29, 0x47, 0x29, 0x47, 0x29, 0x47, 0x29, 0x47, 0x29, 0x47, 0x29, 0x47, 0x29, 0x47, 
  0x29, 0x47, 0x29, 0x47, 0x29, 0x47, 0x29, 0x47, 0x29, 0x47, 0x29, 0x47, 0x29, 0x47, 0x29, 0x47, 
  0x29, 0x47, 0x29, 0x47, 0x29, 0x47, 0x29, 0x47, 0x29, 0x47, 0x5A, 0x26, 0x5A, 0x26, 0xF6, 0x92, 
  0xF6, 0x92, 0xF6, 0x92, 0xF6, 0x92, 0xF6, 0x92, 0xF6, 0x92, 0xF6, 0x92, 0xF6, 0x92, 0xF6, 0x92, 
  0xF6, 0x92, 0xF6, 0x92, 0xF6, 0x92, 0xF6, 0x92, 0xF6, 0x92, 0xF6, 0x92, 0xF6, 0x92, 0xF6, 0x92, 
  0xF6, 0x92, 0xF6, 0x92, 0xF6, 0x92, 0xF6, 0x92, 0xF6, 0x92, 0xF6, 0x92, 0xF6, 0x92, 0xF6, 0x92, 
  0xF6, 0x92, 0xF6, 0x92, 0xF6, 0x92, 0xF6, 0x92, 0xF6, 0x92, 0xF6, 0x92, 0xF6, 0x92, 0xF6, 0x92, 
  0xF6, 0x92, 0xF6, 0x92, 0xF6, 0x92, 0xF6, 0x92, 0xF6, 0x92, 0xF6, 0x92, 0xF6, 0x92, 0xF6, 0x92, 
  0xF6, 0x92, 0xF6, 0x92, 0xF6, 0x92, 0xF6, 0x92, 0xF6, 0x92, 0xF6, 0x92, 0xF6, 0x92, 0xF6, 0x92, 
  0xF6, 0x92, 0xF6, 0x92, 0xF6, 0x92, 0xF6, 0x92, 0xF6, 0x92, 0xF6, 0x92, 0xF6, 0x92, 0xF6, 0x92, 
  0xF6, 0x92, 0xF6, 0x92, 0xF6, 0x92, 0xF6, 0x92, 0xF6, 0x92, 0xF6, 0x92, 0xF6, 0x92, 0xF6, 0x92, 
  0xF6, 0x92, 0xF6, 0x92, 0xF6, 0x92, 0xF6, 0x92, 0xF6, 0x92, 0xF6, 0x92, 0xF6, 0x92, 0xF6, 0x92, 
  0xF6, 0x92, 0xF6, 0x92, 0xF6, 0x92, 0xF6, 0x92, 0xF6, 0x92, 0xF6, 0x92, 0xF6, 0x92, 0xF6, 0x92, 
  0xF6, 0x92, 0xF6, 0x92, 0x5A, 0x26, 0x5A, 0x26, 0x29, 0x47, 0x29, 0x47, 0x29, 0x47, 0x29, 0x47, 
  0x29, 0x47, 0x29, 0x47, 0x29, 0x47, 0x29, 0x47, 0x29, 0x47, 0x29, 0x47, 0x29, 0x47, 0x29, 0x47, 
  0x29, 0x47, 0x29, 0x47, 0x29, 0x47, 0x29, 0x47, 0x29, 0x47, 0x29, 0x47, 0x29, 0x47, 0x29, 0x47, 
  0x29, 0x47, 0x29, 0x47, 0x29, 0x47, 0x29, 0x47, 0x29, 0x47, 0x29, 0x47, 0x29, 0x47, 0x29, 0x47, 
  0x29, 0x47, 0x29, 0x47, 0x29, 0x47, 0x29, 0x47, 0x29, 0x47, 0x29, 0x47, 0x29, 0x47, 0x29, 0x47, 
  0x29, 0x47, 0x29, 0x47, 0x29, 0x47, 0x29, 0x47, 0x29, 0x47, 0x29, 0x47, 0x29, 0x47, 0x29, 0x47, 
  0x29, 0x47, 0x29, 0x47, 0x29, 0x47, 0x29, 0x47, 0x29, 0x47, 0x29, 0x47, 0x29, 0x47, 0x29, 0x47, 
  0x29, 0x47, 0x29, 0x47, 0x29, 0x47, 0x29, 0x47, 0x29, 0x47, 0x29, 0x47, 0x29, 0x47, 0x29, 0x47, 
  0x29, 0x47, 0x29, 0x47, 0x29, 0x47, 0x29, 0x47, 0x29, 0x47, 0x29, 0x47, 0x29, 0x47, 0x29, 0x47, 
  0x29, 0x47, 0x29, 0x47, 0x29, 0x47, 0x29, 0x47, 0x29, 0x47, 0x29, 0x47, 0x29, 0x47, 0x29, 0x47, 
  0x29, 0x47, 0x29, 0x47, 0x29, 0x47, 0x29, 0x47, 0x29, 0x47, 0x29, 0x47, 0x29, 0x47, 0x29, 0x47, 
  0x29, 0x47, 0x29, 0x47, 0x29, 0x47, 0x29, 0x47, 0x29, 0x47, 0x29, 0x47, 0x29, 0x47, 0x29, 0x47, 
  0x29, 0x47, 0x29, 0x47, 0x29, 0x47, 0x29, 0x47, 0x29, 0x47, 0x29, 0x47, 0x29, 0x47, 0x29, 0x47, 
  0x29, 0x47, 0x29, 0x47, 0x29, 0x47, 0x29, 0x47, 0x29, 0x47, 0x29, 0x47, 0x29, 0x47, 0x29, 0x47, 
  0x29, 0x47, 0x29, 0x47, 0x29, 0x47, 0x29, 0x47, 0x29, 0x47, 0x29, 0x47, 0x29, 0x47, 0x29, 0x47, 
  0x29, 0x47, 0x29, 0x47, 0x29, 0x47, 0x29, 0x47, 0x29, 0x47, 0x29, 0x47, 0x29, 0x47, 0x29, 0x47, 
  0x29, 0x47, 0x29, 0x47, 0x29, 0x47, 0x29, 0x47, 0x29, 0x47, 0x29, 0x47, 0x29, 0x47, 0x29, 0x47, 
  0x29, 0x47, 0x29, 0x47, 0x29, 0x47, 0x29, 0x47, 0x29, 0x47, 0x29, 0x47, 0x29, 0x47, 0x29, 0x47, 
  0x29, 0x47, 0x29, 0x47, 0x29, 0x47, 0x29, 0x47, 0x29, 0x47, 0x29, 0x47, 0x29, 0x47, 0x29, 0x47, 
  0x29, 0x47, 0x29, 0x47, 0x29, 0x47, 0x29, 0x47, 0x29, 0x47, 0x5A, 0x26, 0x5A, 0x26, 0xF6, 0x92, 
  0xF6, 0x92, 0xF6, 0x92, 0xF6, 0x92, 0xF6, 0x92, 0xF6, 0x92, 0xF6, 0x92, 0xF6, 0x92, 0xF6, 0x92, 
  0xF6, 0x92, 0xF6, 0x92, 0xF6, 0x92, 0xF6, 0x92, 0xF6, 0x92, 0xF6, 0x92, 0xF6, 0x92, 0xF6, 0x92, 
  0xF6, 0x92, 0xF6, 0x92, 0xF6, 0x92, 0xF6, 0x92, 0xF6, 0x92, 0xF6, 0x92, 0xF6, 0x92, 0xF6, 0x92, 
  0xF6, 0x92, 0xF6, 0x92, 0xF6, 0x92, 0xF6, 0x92, 0xF6, 0x92, 0xF6, 0x92, 0xF6, 0x92, 0xF6, 0x92, 
  0xF6, 0x92, 0xF6, 0x92, 0xF6, 0x92, 0xF6, 0x92, 0xF6, 0x92, 0xF6, 0x92, 0xF6, 0x92, 0xF6, 0x92, 
  0xF6, 0x92, 0xF6, 0x92, 0xF6, 0x92, 0xF6, 0x92, 0xF6, 0x92, 0xF6, 0x92, 0xF6, 0x92, 0xF6, 0x92, 
  0xF6, 0x92, 0xF6, 0x92, 0xF6, 0x92, 0xF6, 0x92, 0xF6, 0x92, 0xF6, 0x92, 0xF6, 0x92, 0xF6, 0x92, 
  0xF6, 0x92, 0xF6, 0x92, 0xF6, 0x92, 0xF6, 0x92, 0xF6, 0x92, 0xF6, 0x92, 0xF6, 0x92, 0xF6, 0x92, 
  0xF6, 0x92, 0xF6, 0x92, 0xF6, 0x92, 0xF6, 0x92, 0xF6, 0x92, 0xF6, 0x92, 0xF6, 0x92, 0xF6, 0x92, 
  0xF6, 0x92, 0xF6, 0x92, 0xF6, 0x92, 0xF6, 0x92, 0xF6, 0x92, 0xF6, 0x92, 0xF6, 0x92, 0xF6, 0x92, 
  0xF6, 0x92, 0xF6, 0x92, 0x5A, 0x26, 0x5A, 0x26, 0x29, 0x47, 0x29, 0x47, 0x29, 0x47, 0x29, 0x47, 
  0x29, 0x47, 0x29, 0x47, 0x29, 0x47, 0x29, 0x47, 0x29, 0x47, 0x29, 0x47, 0x29, 0x47, 0x29, 0x47, 
  0x29, 0x47, 0x29, 0x47, 0x29, 0x47, 0x29, 0x47, 0x29, 0x47, 0x29, 0x47, 0x29, 0x47, 0x29, 0x47, 
  0x29, 0x47, 0x29, 0x47, 0x29, 0x47, 0x29, 0x47, 0x29, 0x47, 0x29, 0x47, 0x29, 0x47, 0x29, 0x47, 
  0x29, 0x47, 0x29, 0x47, 0x29, 0x47, 0x29, 0x47, 0x29, 0x47, 0x29, 0x47, 0x29, 0x47, 0x29, 0x47, 
  0x29, 0x47, 0x29, 0x47, 0x29, 0x47, 0x29, 0x47, 0x29, 0x47, 0x29, 0x47, 0x29, 0x47, 0x29, 0x47, 
  0x29, 0x47, 0x29, 0x47, 0x29, 0x47, 0x29, 0x47, 0x29, 0x47, 0x29, 0x47, 0x29, 0x47, 0x29, 0x47, 
  0x29, 0x47, 0x29, 0x47, 0x29, 0x47, 0x29, 0x47, 0x29, 0x47, 0x29, 0x47, 0x29, 0x47, 0x29, 0x47, 
  0x29, 0x47, 0x29, 0x47, 0x29, 0x47, 0x29, 0x47, 0x29, 0x47, 0x29, 0x47, 0x29, 0x47, 0x29, 0x47, 
  0x29, 0x47, 0x29, 0x47, 0x29, 0x47, 0x29, 0x47, 0x29, 0x47, 0x29, 0x47, 0x29, 0x47, 0x29, 0x47, 
  0x29, 0x47, 0x29, 0x47, 0x29, 0x47, 0x29, 0x47, 0x29, 0x47, 0x29, 0x47, 0x29, 0x47, 0x29, 0x47, 
  0x29, 0x47, 0x29, 0x47, 0x29, 0x47, 0x29, 0x47, 0x29, 0x47, 0x29, 0x47, 0x29, 0x47, 0x29, 0x47, 
  0x29, 0x47, 0x29, 0x47, 0x29, 0x47, 0x29, 0x47, 0x29, 0x47, 0x29, 0x47, 0x29, 0x47, 0x29, 0x47, 
  0x29, 0x47, 0x29, 0x47, 0x29, 0x47, 0x29, 0x47, 0x29, 0x47, 0x29, 0x47, 0x29, 0x47, 0x29, 0x47, 
  0x29, 0x47, 0x29, 0x47, 0x29, 0x47, 0x29, 0x47, 0x29, 0x47, 0x29, 0x47, 0x29, 0x47, 0x29, 0x47, 
  0x29, 0x47, 0x29, 0x47, 0x29, 0x47, 0x29, 0x47, 0x29, 0x47, 0x29, 0x47, 0x29, 0x47, 0x29, 0x47, 
  0x29, 0x47, 0x29, 0x47, 0x29, 0x47, 0x29, 0x47, 0x29, 0x47, 0x29, 0x47, 0x29, 0x47, 0x29, 0x47, 
  0x29, 0x47, 0x29, 0x47, 0x29, 0x47, 0x29, 0x47, 0x29, 0x47, 0x29, 0x47, 0x29, 0x47, 0x29, 0x47, 
  0x29, 0x47, 0x29, 0x47, 0x29, 0x47, 0x29, 0x47, 0x29, 0x47, 0x29, 0x47, 0x29, 0x47, 0x29, 0x47, 
  0x29, 0x47, 0x29, 0x47, 0x29, 0x47, 0x29, 0x47, 0x29, 0x47, 0x29, 0x47, 0x5A, 0x26, 0x5A, 0x26, 
  0xF6, 0x92, 0xF6, 0x92, 0xF6, 0x92, 0xF6, 0x92, 0xF6, 0x92, 0xF6, 0x92, 0xF6, 0x92, 0xF6, 0x92, 
  0xF6, 0x92, 0xF6, 0x92, 0xF6, 0x92, 0xF6, 0x92, 0xF6, 0x92, 0xF6, 0x92, 0xF6, 0x92, 0xF6, 0x92, 
  0xF6, 0x92, 0xF6, 0x92, 0xF6, 0x92, 0xF6, 0x92, 0xF6, 0x92, 0xF6, 0x92, 0xF6, 0x92, 0xF6, 0x92, 
  0xF6, 0x92, 0xF6, 0x92, 0xF6, 0x92, 0xF6, 0x92, 0xF6, 0x92, 0xF6, 0x92, 0xF6, 0x92, 0xF6, 0x92, 
  0xF6, 0x92, 0xF6, 0x92, 0xF6, 0x92, 0xF6, 0x92, 0xF6, 0x92, 0xF6, 0x92, 0xF6, 0x92, 0xF6, 0x92, 
  0xF6, 0x92, 0xF6, 0x92, 0xF6, 0x92, 0xF6, 0x92, 0xF6, 0x92, 0xF6, 0x92, 0xF6, 0x92, 0xF6, 0x92, 
  0xF6, 0x92, 0xF6, 0x92, 0xF6, 0x92, 0xF6, 0x92, 0xF6, 0x92, 0xF6, 0x92, 0xF6, 0x92, 0xF6, 0x92, 
  0xF6, 0x92, 0xF6, 0x92, 0xF6, 0x92, 0xF6, 0x92, 0xF6, 0x92, 0xF6, 0x92, 0xF6, 0x92, 0xF6, 0x92, 
  0xF6, 0x92, 0xF6, 0x92, 0xF6, 0x92, 0xF6, 0x92, 0xF6, 0x92, 0xF6, 0x92, 0xF6, 0x92, 0xF6, 0x92, 
  0xF6, 0x92, 0xF6, 0x92, 0xF6, 0x92, 0xF6, 0x92, 0xF6, 0x92, 0xF6, 0x92, 0xF6, 0x92, 0xF6, 0x92, 
  0xF6, 0x92, 0x5A, 0x26, 0x5A, 0x26, 0x29, 0x47, 0x29, 0x47, 0x29, 0x47, 0x29, 0x47, 0x29, 0x47, 
  0x29, 0x47, 0x29, 0x47, 0x29, 0x47, 0x29, 0x47, 0x29, 0x47, 0x29, 0x47, 0x29, 0x47, 0x29, 0x47, 
  0x29, 0x47, 0x29, 0x47, 0x29, 0x47, 0x29, 0x47, 0x29, 0x47, 0x29, 0x47, 0x29, 0x47, 0x29, 0x47, 
  0x29, 0x47, 0x29, 0x47, 0x29, 0x47, 0x29, 0x47, 0x29, 0x47, 0x29, 0x47, 0x29, 0x47, 0x29, 0x47, 
  0x29, 0x47, 0x29, 0x47, 0x29, 0x47, 0x29, 0x47, 0x29, 0x47, 0x29, 0x47, 0x29, 0x47, 0x29, 0x47, 
  0x29, 0x47, 0x29, 0x47, 0x29, 0x47, 0x29, 0x47, 0x29, 0x47, 0x29, 0x47, 0x29, 0x47, 0x29, 0x47, 
  0x29, 0x47, 0x29, 0x47, 0x29, 0x47, 0x29, 0x47, 0x29, 0x47, 0x29, 0x47, 0x29, 0x47, 0x29, 0x47, 
  0x29, 0x47, 0x29, 0x47, 0x29, 0x47, 0x29, 0x47, 0x29, 0x47, 0x29, 0x47, 0x29, 0x47, 0x29, 0x47, 
  0x29, 0x47, 0x29, 0x47, 0x29, 0x47, 0x29, 0x47, 0x29, 0x47, 0x29, 0x47, 0x29, 0x47, 0x29, 0x47, 
  0x29, 0x47, 0x29, 0x47, 0x29, 0x47, 0x29, 0x47, 0x29, 0x47, 0x29, 0x47, 0x29, 0x47, 0x29, 0x47, 
  0x29, 0x47, 0x29, 0x47, 0x29, 0x47, 0x29, 0x47, 0x29, 0x47, 0x29, 0x47, 0x29, 0x47, 0x29, 0x47, 
  0x29, 0x47, 0x29, 0x47, 0x29, 0x47, 0x29, 0x47, 0x29, 0x47, 0x29, 0x47, 0x29, 0x47, 0x29, 0x47, 
  0x29, 0x47, 0x29, 0x47, 0x29, 0x47, 0x29, 0x47, 0x29, 0x47, 0x29, 0x47, 0x29, 0x47, 0x29, 0x47, 
  0x29, 0x47, 0x29, 0x47, 0x29, 0x47, 0x29, 0x47, 0x29, 0x47, 0x29, 0x47, 0x29, 0x47, 0x29, 0x47, 
  0x29, 0x47, 0x29, 0x47, 0x29, 0x47, 0x29, 0x47, 0x29, 0x47, 0x29, 0x47, 0x29, 0x47, 0x29, 0x47, 
  0x29, 0x47, 0x29, 0x47, 0x29, 0x47, 0x29, 0x47, 0x29, 0x47, 0x29, 0x47, 0x29, 0x47, 0x29, 0x47, 
  0x29, 0x47, 0x29, 0x47, 0x29, 0x47, 0x29, 0x47, 0x29, 0x47, 0x29, 0x47, 0x29, 0x47, 0x29, 0x47, 
  0x29, 0x47, 0x29, 0x47, 0x29, 0x47, 0x29, 0x47, 0x29, 0x47, 0x29, 0x47, 0x29, 0x47, 0x29, 0x47, 
  0x29, 0x47, 0x29, 0x47, 0x29, 0x47, 0x29, 0x47, 0x29, 0x47, 0x29, 0x47, 0x29, 0x47, 0x29, 0x47, 
  0x29, 0x47, 0x29, 0x47, 0x29, 0x47, 0x29, 0x47, 0x29, 0x47, 0x29, 0x47, 0x29, 0x47, 0x5A, 0x26, 
  0x5A, 0x26, 0xF6, 0x92, 0xF6, 0x92, 0xF6, 0x92, 0xF6, 0x92, 0xF6, 0x92, 0xF6, 0x92, 0xF6, 0x92, 
  0xF6, 0x92, 0xF6, 0x92, 0xF6, 0x92, 0xF6, 0x92, 0xF6, 0x92, 0xF6, 0x92, 0xF6, 0x92, 0xF6, 0x92, 
  0xF6, 0x92, 0xF6, 0x92, 0xF6, 0x92, 0xF6, 0x92, 0xF6, 0x92, 0xF6, 0x92, 0xF6, 0x92, 0xF6, 0x92, 
  0xF6, 0x92, 0xF6, 0x92, 0xF6, 0x92, 0xF6, 0x92, 0xF6, 0x92, 0xF6, 0x92, 0xF6, 0x92, 0xF6, 0x92, 
  0xF6, 0x92, 0xF6, 0x92, 0xF6, 0x92, 0xF6, 0x92, 0xF6, 0x92, 0xF6, 0x92, 0xF6, 0x92, 0xF6, 0x92, 
  0xF6, 0x92, 0xF6, 0x92, 0xF6, 0x92, 0xF6, 0x92, 0xF6, 0x92, 0xF6, 0x92, 0xF6, 0x92, 0xF6, 0x92, 
  0xF6, 0x92, 0xF6, 0x92, 0xF6, 0x92, 0xF6, 0x92, 0xF6, 0x92, 0xF6, 0x92, 0xF6, 0x92, 0xF6, 0x92, 
  0xF6, 0x92, 0xF6, 0x92, 0xF6, 0x92, 0xF6, 0x92, 0xF6, 0x92, 0xF6, 0x92, 0xF6, 0x92, 0xF6, 0x92, 
  0xF6, 0x92, 0xF6, 0x92, 0xF6, 0x92, 0xF6, 0x92, 0xF6, 0x92, 0xF6, 0x92, 0xF6, 0x92, 0xF6, 0x92, 
  0xF6, 0x92, 0xF6, 0x92, 0xF6, 0x92, 0xF6, 0x92, 0xF6, 0x92, 0xF6, 0x92, 0xF6, 0x92, 0xF6, 0x92, 
  0x5A, 0x26, 0x5A, 0x26, 0x29, 0x47, 0x29, 0x47, 0x29, 0x47, 0x29, 0x47, 0x29, 0x47, 0x29, 0x47, 
  0x29, 0x47, 0x29, 0x47, 0x29, 0x47, 0x29, 0x47, 0x29, 0x47, 0x29, 0x47, 0x29, 0x47, 0x29, 0x47, 
  0x29, 0x47, 0x29, 0x47, 0x29, 0x47, 0x29, 0x47, 0x29, 0x47, 0x29, 0x47, 0x29, 0x47, 0x29, 0x47, 
  0x29, 0x47, 0x29, 0x47, 0x29, 0x47, 0x29, 0x47, 0x29, 0x47, 0x29, 0x47, 0x29, 0x47, 0x29, 0x47, 
  0x29, 0x47, 0x29, 0x47, 0x29, 0x47, 0x29, 0x47, 0x29, 0x47, 0x29, 0x47, 0x29, 0x47, 0x29, 0x47, 
  0x29, 0x47, 0x29, 0x47, 0x29, 0x47, 0x29, 0x47, 0x29, 0x47, 0x29, 0x47, 0x29, 0x47, 0x29, 0x47, 
  0x29, 0x47, 0x29, 0x47, 0x29, 0x47, 0x29, 0x47, 0x29, 0x47, 0x29, 0x47, 0x29, 0x47, 0x29, 0x47, 
  0x29, 0x47, 0x29, 0x47, 0x29, 0x47, 0x29, 0x47, 0x29, 0x47, 0x29, 0x47, 0x29, 0x47, 0x29, 0x47, 
  0x29, 0x47, 0x29, 0x47, 0x29, 0x47, 0x29, 0x47, 0x29, 0x47, 0x29, 0x47, 0x29, 0x47, 0x29, 0x47, 
  0x29, 0x47, 0x29, 0x47, 0x29, 0x47, 0x29, 0x47, 0x29, 0x47, 0x29, 0x47, 0x29, 0x47, 0x29, 0x47, 
  0x29, 0x47, 0x29, 0x47, 0x29, 0x47, 0x29, 0x47, 0x29, 0x47, 0x29, 0x47, 0x29, 0x47, 0x29, 0x47, 
  0x29, 0x47, 0x29, 0x47, 0x29, 0x47, 0x29, 0x47, 0x29, 0x47, 0x29, 0x47, 0x29, 0x47, 0x29, 0x47, 
  0x29, 0x47, 0x29, 0x47, 0x29, 0x47, 0x29, 0x47, 0x29, 0x47, 0x29, 0x47, 0x29, 0x47, 0x29, 0x47, 
  0x29, 0x47, 0x29, 0x47, 0x29, 0x47, 0x29, 0x47, 0x29, 0x47, 0x29, 0x47, 0x29, 0x47, 0x29, 0x47, 
  0x29, 0x47, 0x29, 0x47, 0x29, 0x47, 0x29, 0x47, 0x29, 0x47, 0x29, 0x47, 0x29, 0x47, 0x29, 0x47, 
  0x29, 0x47, 0x29, 0x47, 0x29, 0x47, 0x29, 0x47, 0x29, 0x47, 0x29, 0x47, 0x29, 0x47, 0x29, 0x47, 
  0x29, 0x47, 0x29, 0x47, 0x29, 0x47, 0x29, 0x47, 0x29, 0x47, 0x29, 0x47, 0x29, 0x47, 0x29, 0x47, 
  0x29, 0x47, 0x29, 0x47, 0x29, 0x47, 0x29, 0x47, 0x29, 0x47, 0x29, 0x47, 0x29, 0x47, 0x29, 0x47, 
  0x29, 0x47, 0x29, 0x47, 0x29, 0x47, 0x29, 0x47, 0x29, 0x47, 0x29, 0x47, 0x29, 0x47, 0x29, 0x47, 
  0x29, 0x47, 0x29, 0x47, 0x29, 0x47, 0x29, 0x47, 0x29, 0x47, 0x29, 0x47, 0x29, 0x47, 0x5A, 0x26, 
  0x5A, 0x26, 0x5A, 0x26, 0xF6, 0x92, 0xF6, 0x92, 0xF6, 0x92, 0xF6, 0x92, 0xF6, 0x92, 0xF6, 0x92, 
  0xF6, 0x92, 0xF6, 0x92, 0xF6, 0x92, 0xF6, 0x92, 0xF6, 0x92, 0xF6, 0x92, 0xF6, 0x92, 0xF6, 0x92, 
  0xF6, 0x92, 0xF6, 0x92, 0xF6, 0x92, 0xF6, 0x92, 0xF6, 0x92, 0xF6, 0x92, 0xF6, 0x92, 0xF6, 0x92, 
  0xF6, 0x92, 0xF6, 0x92, 0xF6, 0x92, 0xF6, 0x92, 0xF6, 0x92, 0xF6, 0x92, 0xF6, 0x92, 0xF6, 0x92, 
  0xF6, 0x92, 0xF6, 0x92, 0xF6, 0x92, 0xF6, 0x92, 0xF6, 0x92, 0xF6, 0x92, 0xF6, 0x92, 0xF6, 0x92, 
  0xF6, 0x92, 0xF6, 0x92, 0xF6, 0x92, 0xF6, 0x92, 0xF6, 0x92, 0xF6, 0x92, 0xF6, 0x92, 0xF6, 0x92, 
  0xF6, 0x92, 0xF6, 0x92, 0xF6, 0x92, 0xF6, 0x92, 0xF6, 0x92, 0xF6, 0x92, 0xF6, 0x92, 0xF6, 0x92, 
  0xF6, 0x92, 0xF6, 0x92, 0xF6, 0x92, 0xF6, 0x92, 0xF6, 0x92, 0xF6, 0x92, 0xF6, 0x92, 0xF6, 0x92, 
  0xF6, 0x92, 0xF6, 0x92, 0xF6, 0x92, 0xF6, 0x92, 0xF6, 0x92, 0xF6, 0x92, 0xF6, 0x92, 0xF6, 0x92, 
  0xF6, 0x92, 0xF6, 0x92, 0xF6, 0x92, 0xF6, 0x92, 0xF6, 0x92, 0xF6, 0x92, 0xF6, 0x92, 0x5A, 0x26, 
  0x5A, 0x26, 0x5A, 0x26, 0x29, 0x47, 0x29, 0x47, 0x29, 0x47, 0x29, 0x47, 0x29, 0x47, 0x29, 0x47, 
  0x29, 0x47, 0x29, 0x47, 0x29, 0x47, 0x29, 0x47, 0x29, 0x47, 0x29, 0x47, 0x29, 0x47, 0x29, 0x47, 
  0x29, 0x47, 0x29, 0x47, 0x29, 0x47, 0x29, 0x47, 0x29, 0x47, 0x29, 0x47, 0x29, 0x47, 0x29, 0x47, 
  0x29, 0x47, 0x29, 0x47, 0x29, 0x47, 0x29, 0x47, 0x29, 0x47, 0x29, 0x47, 0x29, 0x47, 0x29, 0x47, 
  0x29, 0x47, 0x29, 0x47, 0x29, 0x47, 0x29, 0x47, 0x29, 0x47, 0x29, 0x47, 0x29, 0x47, 0x29, 0x47, 
  0x29, 0x47, 0x29, 0x47, 0x29, 0x47, 0x29, 0x47, 0x29, 0x47, 0x29, 0x47, 0x29, 0x47, 0x29, 0x47, 
  0x29, 0x47, 0x29, 0x47, 0x29, 0x47, 0x29, 0x47, 0x29, 0x47, 0x29, 0x47, 0x29, 0x47, 0x29, 0x47, 
  0x29, 0x47, 0x29, 0x47, 0x29, 0x47, 0x29, 0x47, 0x29, 0x47, 0x29, 0x47, 0x29, 0x47, 0x29, 0x47, 
  0x29, 0x47, 0x29, 0x47, 0x29, 0x47, 0x29, 0x47, 0x29, 0x47, 0x29, 0x47, 0x29, 0x47, 0x29, 0x47, 
  0x29, 0x47, 0x29, 0x47, 0x29, 0x47, 0x29, 0x47, 0x29, 0x47, 0x29, 0x47, 0x29, 0x47, 0x29, 0x47, 
  0x29, 0x47, 0x29, 0x47, 0x29, 0x47, 0x29, 0x47, 0x29, 0x47, 0x29, 0x47, 0x29, 0x47, 0x29, 0x47, 
  0x29, 0x47, 0x29, 0x47, 0x29, 0x47, 0x29, 0x47, 0x29, 0x47, 0x29, 0x47, 0x29, 0x47, 0x29, 0x47, 
  0x29, 0x47, 0x29, 0x47, 0x29, 0x47, 0x29, 0x47, 0x29, 0x47, 0x29, 0x47, 0x29, 0x47, 0x29, 0x47, 
  0x29, 0x47, 0x29, 0x47, 0x29, 0x47, 0x29, 0x47, 0x29, 0x47, 0x29, 0x47, 0x29, 0x47, 0x29, 0x47, 
  0x29, 0x47, 0x29, 0x47, 0x29, 0x47, 0x29, 0x47, 0x29, 0x47, 0x29, 0x47, 0x29, 0x47, 0x29, 0x47, 
  0x29, 0x47, 0x29, 0x47, 0x29, 0x47, 0x29, 0x47, 0x29, 0x47, 0x29, 0x47, 0x29, 0x47, 0x29, 0x47, 
  0x29, 0x47, 0x29, 0x47, 0x29, 0x47, 0x29, 0x47, 0x29, 0x47, 0x29, 0x47, 0x29, 0x47, 0x29, 0x47, 
  0x29, 0x47, 0x29, 0x47, 0x29, 0x47, 0x29, 0x47, 0x29, 0x47, 0x29, 0x47, 0x29, 0x47, 0x29, 0x47, 
  0x29, 0x47, 0x29, 0x47, 0x29, 0x47, 0x29, 0x47, 0x29, 0x47, 0x29, 0x47, 0x29, 0x47, 0x29, 0x47, 
  0x29, 0x47, 0x29, 0x47, 0x29, 0x47, 0x29, 0x47, 0x29, 0x47, 0x29, 0x47, 0x29, 0x47, 0x29, 0x47, 
  0x5A, 0x26, 0x5A, 0x26, 0xF6, 0x92, 0xF6, 0x92, 0xF6, 0x92, 0xF6, 0x92, 0xF6, 0x92, 0xF6, 0x92, 
  0xF6, 0x92, 0xF6, 0x92, 0xF6, 0x92, 0xF6, 0x92, 0xF6, 0x92, 0xF6, 0x92, 0xF6, 0x92, 0xF6, 0x92, 
  0xF6, 0x92, 0xF6, 0x92, 0xF6, 0x92, 0xF6, 0x92, 0xF6, 0x92, 0xF6, 0x92, 0xF6, 0x92, 0xF6, 0x92, 
  0xF6, 0x92, 0xF6, 0x92, 0xF6, 0x92, 0xF6, 0x92, 0xF6, 0x92, 0xF6, 0x92, 0xF6, 0x92, 0xF6, 0x92, 
  0xF6, 0x92, 0xF6, 0x92, 0xF6, 0x92, 0xF6, 0x92, 0xF6, 0x92, 0xF6, 0x92, 0xF6, 0x92, 0xF6, 0x92, 
  0xF6, 0x92, 0xF6, 0x92, 0xF6, 0x92, 0xF6, 0x92, 0xF6, 0x92, 0xF6, 0x92, 0xF6, 0x92, 0xF6, 0x92, 
  0xF6, 0x92, 0xF6, 0x92, 0xF6, 0x92, 0xF6, 0x92, 0xF6, 0x92, 0xF6, 0x92, 0xF6, 0x92, 0xF6, 0x92, 
  0xF6, 0x92, 0xF6, 0x92, 0xF6, 0x92, 0xF6, 0x92, 0xF6, 0x92, 0xF6, 0x92, 0xF6, 0x92, 0xF6, 0x92, 
  0xF6, 0x92, 0xF6, 0x92, 0xF6, 0x92, 0xF6, 0x92, 0xF6, 0x92, 0xF6, 0x92, 0xF6, 0x92, 0xF6, 0x92, 
  0xF6, 0x92, 0xF6, 0x92, 0xF6, 0x92, 0xF6, 0x92, 0xF6, 0x92, 0xF6, 0x92, 0xF6, 0x92, 0x5A, 0x26, 
  0x5A, 0x26, 0x29, 0x47, 0x29, 0x47, 0x29, 0x47, 0x29, 0x47, 0x29, 0x47, 0x29, 0x47, 0x29, 0x47, 
  0x29, 0x47, 0x29, 0x47, 0x29, 0x47, 0x29, 0x47, 0x29, 0x47, 0x29, 0x47, 0x29, 0x47, 0x29, 0x47, 
  0x29, 0x47, 0x29, 0x47, 0x29, 0x47, 0x29, 0x47, 0x29, 0x47, 0x29, 0x47, 0x29, 0x47, 0x29, 0x47, 
  0x29, 0x47, 0x29, 0x47, 0x29, 0x47, 0x29, 0x47, 0x29, 0x47, 0x29, 0x47, 0x29, 0x47, 0x29, 0x47, 
  0x29, 0x47, 0x29, 0x47, 0x29, 0x47, 0x29, 0x47, 0x29, 0x47, 0x29, 0x47, 0x29, 0x47, 0x29, 0x47, 
  0x29, 0x47, 0x29, 0x47, 0x29, 0x47, 0x29, 0x47, 0x29, 0x47, 0x29, 0x47, 0x29, 0x47, 0x29, 0x47, 
  0x29, 0x47, 0x29, 0x47, 0x29, 0x47, 0x29, 0x47, 0x29, 0x47, 0x29, 0x47, 0x29, 0x47, 0x29, 0x47, 
  0x29, 0x47, 0x29, 0x47, 0x29, 0x47, 0x29, 0x47, 0x29, 0x47, 0x29, 0x47, 0x29, 0x47, 0x29, 0x47, 
  0x29, 0x47, 0x29, 0x47, 0x29, 0x47, 0x29, 0x47, 0x29, 0x47, 0x29, 0x47, 0x29, 0x47, 0x29, 0x47, 
  0x29, 0x47, 0x29, 0x47, 0x29, 0x47, 0x29, 0x47, 0x29, 0x47, 0x29, 0x47, 0x29, 0x47, 0x29, 0x47, 
  0x29, 0x47, 0x29, 0x47, 0x29, 0x47, 0x29, 0x47, 0x29, 0x47, 0x29, 0x47, 0x29, 0x47, 0x29, 0x47, 
  0x29, 0x47, 0x29, 0x47, 0x29, 0x47, 0x29, 0x47, 0x29, 0x47, 0x29, 0x47, 0x29, 0x47, 0x29, 0x47, 
  0x29, 0x47, 0x29, 0x47, 0x29, 0x47, 0x29, 0x47, 0x29, 0x47, 0x29, 0x47, 0x29, 0x47, 0x29, 0x47, 
  0x29, 0x47, 0x29, 0x47, 0x29, 0x47, 0x29, 0x47, 0x29, 0x47, 0x29, 0x47, 0x29, 0x47, 0x29, 0x47, 
  0x29, 0x47, 0x29, 0x47, 0x29, 0x47, 0x29, 0x47, 0x29, 0x47, 0x29, 0x47, 0x29, 0x47, 0x29, 0x47, 
  0x29, 0x47, 0x29, 0x47, 0x29, 0x47, 0x29, 0x47, 0x29, 0x47, 0x29, 0x47, 0x29, 0x47, 0x29, 0x47, 
  0x29, 0x47, 0x29, 0x47, 0x29, 0x47, 0x29, 0x47, 0x29, 0x47, 0x29, 0x47, 0x29, 0x47, 0x29, 0x47, 
  0x29, 0x47, 0x29, 0x47, 0x29, 0x47, 0x29, 0x47, 0x29, 0x47, 0x29, 0x47, 0x29, 0x47, 0x29, 0x47, 
  0x29, 0x47, 0x29, 0x47, 0x29, 0x47, 0x29, 0x47, 0x29, 0x47, 0x29, 0x47, 0x29, 0x47, 0x29, 0x47, 
  0x29, 0x47, 0x29, 0x47, 0x29, 0x47, 0x29, 0x47, 0x29, 0x47, 0x29, 0x47, 0x29, 0x47, 0x29, 0x47, 
  0x29, 0x47, 0x5A, 0x26, 0x5A, 0x26, 0xF6, 0x92, 0xF6, 0x92, 0xF6, 0x92, 0xF6, 0x92, 0xF6, 0x92, 
  0xF6, 0x92, 0xF6, 0x92, 0xF6, 0x92, 0xF6, 0x92, 0xF6, 0x92, 0xF6, 0x92, 0xF6, 0x92, 0xF6, 0x92, 
  0xF6, 0x92, 0xF6, 0x92, 0xF6, 0x92, 0xF6, 0x92, 0xF6, 0x92, 0xF6, 0x92, 0xF6, 0x92, 0xF6, 0x92, 
  0xF6, 0x92, 0xF6, 0x92, 0xF6, 0x92, 0xF6, 0x92, 0xF6, 0x92, 0xF6, 0x92, 0xF6, 0x92, 0xF6, 0x92, 
  0xF6, 0x92, 0xF6, 0x92, 0xF6, 0x92, 0xF6, 0x92, 0xF6, 0x92, 0xF6, 0x92, 0xF6, 0x92, 0xF6, 0x92, 
  0xF6, 0x92, 0xF6, 0x92, 0xF6, 0x92, 0xF6, 0x92, 0xF6, 0x92, 0xF6, 0x92, 0xF6, 0x92, 0xF6, 0x92, 
  0xF6, 0x92, 0xF6, 0x92, 0xF6, 0x92, 0xF6, 0x92, 0xF6, 0x92, 0xF6, 0x92, 0xF6, 0x92, 0xF6, 0x92, 
  0xF6, 0x92, 0xF6, 0x92, 0xF6, 0x92, 0xF6, 0x92, 0xF6, 0x92, 0xF6, 0x92, 0xF6, 0x92, 0xF6, 0x92, 
  0xF6, 0x92, 0xF6, 0x92, 0xF6, 0x92, 0xF6, 0x92, 0xF6, 0x92, 0xF6, 0x92, 0xF6, 0x92, 0xF6, 0x92, 
  0xF6, 0x92, 0xF6, 0x92, 0xF6, 0x92, 0xF6, 0x92, 0xF6, 0x92, 0xF6, 0x92, 0x5A, 0x26, 0x5A, 0x26, 
  0x29, 0x47, 0x29, 0x47, 0x29, 0x47, 0x29, 0x47, 0x29, 0x47, 0x29, 0x47, 0x29, 0x47, 0x29, 0x47, 
  0x29, 0x47, 0x29, 0x47, 0x29, 0x47, 0x29, 0x47, 0x29, 0x47, 0x29, 0x47, 0x29, 0x47, 0x29, 0x47, 
  0x29, 0x47, 0x29, 0x47, 0x29, 0x47, 0x29, 0x47, 0x29, 0x47, 0x29, 0x47, 0x29, 0x47, 0x29, 0x47, 
  0x29, 0x47, 0x29, 0x47, 0x29, 0x47, 0x29, 0x47, 0x29, 0x47, 0x29, 0x47, 0x29, 0x47, 0x29, 0x47, 
  0x29, 0x47, 0x29, 0x47, 0x29, 0x47, 0x29, 0x47, 0x29, 0x47, 0x29, 0x47, 0x29, 0x47, 0x29, 0x47, 
  0x29, 0x47, 0x29, 0x47, 0x29, 0x47, 0x29, 0x47, 0x29, 0x47, 0x29, 0x47, 0x29, 0x47, 0x29, 0x47, 
  0x29, 0x47, 0x29, 0x47, 0x29, 0x47, 0x29, 0x47, 0x29, 0x47, 0x29, 0x47, 0x29, 0x47, 0x29, 0x47, 
  0x29, 0x47, 0x29, 0x47, 0x29, 0x47, 0x29, 0x47, 0x29, 0x47, 0x29, 0x47, 0x29, 0x47, 0x29, 0x47, 
  0x29, 0x47, 0x29, 0x47, 0x29, 0x47, 0x29, 0x47, 0x29, 0x47, 0x29, 0x47, 0x29, 0x47, 0x29, 0x47, 
  0x29, 0x47, 0x29, 0x47, 0x29, 0x47, 0x29, 0x47, 0x29, 0x47, 0x29, 0x47, 0x29, 0x47, 0x29, 0x47, 
  0x29, 0x47, 0x29, 0x47, 0x29, 0x47, 0x29, 0x47, 0x29, 0x47, 0x29, 0x47, 0x29, 0x47, 0x29, 0x47, 
  0x29, 0x47, 0x29, 0x47, 0x29, 0x47, 0x29, 0x47, 0x29, 0x47, 0x29, 0x47, 0x29, 0x47, 0x29, 0x47, 
  0x29, 0x47, 0x29, 0x47, 0x29, 0x47, 0x29, 0x47, 0x29, 0x47, 0x29, 0x47, 0x29, 0x47, 0x29, 0x47, 
  0x29, 0x47, 0x29, 0x47, 0x29, 0x47, 0x29, 0x47, 0x29, 0x47, 0x29, 0x47, 0x29, 0x47, 0x29, 0x47, 
  0x29, 0x47, 0x29, 0x47, 0x29, 0x47, 0x29, 0x47, 0x29, 0x47, 0x29, 0x47, 0x29, 0x47, 0x29, 0x47, 
  0x29, 0x47, 0x29, 0x47, 0x29, 0x47, 0x29, 0x47, 0x29, 0x47, 0x29, 0x47, 0x29, 0x47, 0x29, 0x47, 
  0x29, 0x47, 0x29, 0x47, 0x29, 0x47, 0x29, 0x47, 0x29, 0x47, 0x29, 0x47, 0x29, 0x47, 0x29, 0x47, 
  0x29, 0x47, 0x29, 0x47, 0x29, 0x47, 0x29, 0x47, 0x29, 0x47, 0x29, 0x47, 0x29, 0x47, 0x29, 0x47, 
  0x29, 0x47, 0x29, 0x47, 0x29, 0x47, 0x29, 0x47, 0x29, 0x47, 0x29, 0x47, 0x29, 0x47, 0x29, 0x47, 
  0x29, 0x47, 0x29, 0x47, 0x29, 0x47, 0x29, 0x47, 0x29, 0x47, 0x29, 0x47, 0x29, 0x47, 0x29, 0x47, 
  0x29, 0x47, 0x29, 0x47, 0x5A, 0x26, 0x5A, 0x26, 0xF6, 0x92, 0xF6, 0x92, 0xF6, 0x92, 0xF6, 0x92, 
  0xF6, 0x92, 0xF6, 0x92, 0xF6, 0x92, 0xF6, 0x92, 0xF6, 0x92, 0xF6, 0x92, 0xF6, 0x92, 0xF6, 0x92, 
  0xF6, 0x92, 0xF6, 0x92, 0xF6, 0x92, 0xF6, 0x92, 0xF6, 0x92, 0xF6, 0x92, 0xF6, 0x92, 0xF6, 0x92, 
  0xF6, 0x92, 0xF6, 0x92, 0xF6, 0x92, 0xF6, 0x92, 0xF6, 0x92, 0xF6, 0x92, 0xF6, 0x92, 0xF6, 0x92, 
  0xF6, 0x92, 0xF6, 0x92, 0xF6, 0x92, 0xF6, 0x92, 0xF6, 0x92, 0xF6, 0x92, 0xF6, 0x92, 0xF6, 0x92, 
  0xF6, 0x92, 0xF6, 0x92, 0xF6, 0x92, 0xF6, 0x92, 0xF6, 0x92, 0xF6, 0x92, 0xF6, 0x92, 0xF6, 0x92, 
  0xF6, 0x92, 0xF6, 0x92, 0xF6, 0x92, 0xF6, 0x92, 0xF6, 0x92, 0xF6, 0x92, 0xF6, 0x92, 0xF6, 0x92, 
  0xF6, 0x92, 0xF6, 0x92, 0xF6, 0x92, 0xF6, 0x92, 0xF6, 0x92, 0xF6, 0x92, 0xF6, 0x92, 0xF6, 0x92, 
  0xF6, 0x92, 0xF6, 0x92, 0xF6, 0x92, 0xF6, 0x92, 0xF6, 0x92, 0xF6, 0x92, 0xF6, 0x92, 0xF6, 0x92, 
  0xF6, 0x92, 0xF6, 0x92, 0xF6, 0x92, 0xF6, 0x92, 0xF6, 0x92, 0x5A, 0x26, 0x5A, 0x26, 0x29, 0x47, 
  0x29, 0x47, 0x29, 0x47, 0x29, 0x47, 0x29, 0x47, 0x29, 0x47, 0x29, 0x47, 0x29, 0x47, 0x29, 0x47, 
  0x29, 0x47, 0x29, 0x47, 0x29, 0x47, 0x29, 0x47, 0x29, 0x47, 0x29, 0x47, 0x29, 0x47, 0x29, 0x47, 
  0x29, 0x47, 0x29, 0x47, 0x29, 0x47, 0x29, 0x47, 0x29, 0x47, 0x29, 0x47, 0x29, 0x47, 0x29, 0x47, 
  0x29, 0x47, 0x29, 0x47, 0x29, 0x47, 0x29, 0x47, 0x29, 0x47, 0x29, 0x47, 0x29, 0x47, 0x29, 0x47, 
  0x29, 0x47, 0x29, 0x47, 0x29, 0x47, 0x29, 0x47, 0x29, 0x47, 0x29, 0x47, 0x29, 0x47, 0x29, 0x47, 
  0x29, 0x47, 0x29, 0x47, 0x29, 0x47, 0x29, 0x47, 0x29, 0x47, 0x29, 0x47, 0x29, 0x47, 0x29, 0x47, 
  0x29, 0x47, 0x29, 0x47, 0x29, 0x47, 0x29, 0x47, 0x29, 0x47, 0x29, 0x47, 0x29, 0x47, 0x29, 0x47, 
  0x29, 0x47, 0x29, 0x47, 0x29, 0x47, 0x29, 0x47, 0x29, 0x47, 0x29, 0x47, 0x29, 0x47, 0x29, 0x47, 
  0x29, 0x47, 0x29, 0x47, 0x29, 0x47, 0x29, 0x47, 0x29, 0x47, 0x29, 0x47, 0x29, 0x47, 0x29, 0x47, 
  0x29, 0x47, 0x29, 0x47, 0x29, 0x47, 0x29, 0x47, 0x29, 0x47, 0x29, 0x47, 0x29, 0x47, 0x29, 0x47, 
  0x29, 0x47, 0x29, 0x47, 0x29, 0x47, 0x29, 0x47, 0x29, 0x47, 0x29, 0x47, 0x29, 0x47, 0x29, 0x47, 
  0x29, 0x47, 0x29, 0x47, 0x29, 0x47, 0x29, 0x47, 0x29, 0x47, 0x29, 0x47, 0x29, 0x47, 0x29, 0x47, 
  0x29, 0x47, 0x29, 0x47, 0x29, 0x47, 0x29, 0x47, 0x29, 0x47, 0x29, 0x47, 0x29, 0x47, 0x29, 0x47, 
  0x29, 0x47, 0x29, 0x47, 0x29, 0x47, 0x29, 0x47, 0x29, 0x47, 0x29, 0x47, 0x29, 0x47, 0x29, 0x47, 
  0x29, 0x47, 0x29, 0x47, 0x29, 0x47, 0x29, 0x47, 0x29, 0x47, 0x29, 0x47, 0x29, 0x47, 0x29, 0x47, 
  0x29, 0x47, 0x29, 0x47, 0x29, 0x47, 0x29, 0x47, 0x29, 0x47, 0x29, 0x47, 0x29, 0x47, 0x29, 0x47, 
  0x29, 0x47, 0x29, 0x47, 0x29, 0x47, 0x29, 0x47, 0x29, 0x47, 0x29, 0x47, 0x29, 0x47, 0x29, 0x47, 
  0x29, 0x47, 0x29, 0x47, 0x29, 0x47, 0x29, 0x47, 0x29, 0x47, 0x29, 0x47, 0x29, 0x47, 0x29, 0x47, 
  0x29, 0x47, 0x29, 0x47, 0x29, 0x47, 0x29, 0x47, 0x29, 0x47, 0x29, 0x47, 0x29, 0x47, 0x29, 0x47, 
  0x29, 0x47, 0x29, 0x47, 0x29, 0x47, 0x29, 0x47, 0x29, 0x47, 0x29, 0x47, 0x29, 0x47, 0x29, 0x47, 
  0x29, 0x47, 0x29, 0x47, 0x5A, 0x26, 0x5A, 0x26, 0x5A, 0x26, 0xF6, 0x92, 0xF6, 0x92, 0xF6, 0x92, 
  0xF6, 0x92, 0xF6, 0x92, 0xF6, 0x92, 0xF6, 0x92, 0xF6, 0x92, 0xF6, 0x92, 0xF6, 0x92, 0xF6, 0x92, 
  0xF6, 0x92, 0xF6, 0x92, 0xF6, 0x92, 0xF6, 0x92, 0xF6, 0x92, 0xF6, 0x92, 0xF6, 0x92, 0xF6, 0x92, 
  0xF6, 0x92, 0xF6, 0x92, 0xF6, 0x92, 0xF6, 0x92, 0xF6, 0x92, 0xF6, 0x92, 0xF6, 0x92, 0xF6, 0x92, 
  0xF6, 0x92, 0xF6, 0x92, 0xF6, 0x92, 0xF6, 0x92, 0xF6, 0x92, 0xF6, 0x92, 0xF6, 0x92, 0xF6, 0x92, 
  0xF6, 0x92, 0xF6, 0x92, 0xF6, 0x92, 0xF6, 0x92, 0xF6, 0x92, 0xF6, 0x92, 0xF6, 0x92, 0xF6, 0x92, 
  0xF6, 0x92, 0xF6, 0x92, 0xF6, 0x92, 0xF6, 0x92, 0xF6, 0x92, 0xF6, 0x92, 0xF6, 0x92, 0xF6, 0x92, 
  0xF6, 0x92, 0xF6, 0x92, 0xF6, 0x92, 0xF6, 0x92, 0xF6, 0x92, 0xF6, 0x92, 0xF6, 0x92, 0xF6, 0x92, 
  0xF6, 0x92, 0xF6, 0x92, 0xF6, 0x92, 0xF6, 0x92, 0xF6, 0x92, 0xF6, 0x92, 0xF6, 0x92, 0xF6, 0x92, 
  0xF6, 0x92, 0xF6, 0x92, 0xF6, 0x92, 0xF6, 0x92, 0x5A, 0x26, 0x5A, 0x26, 0x5A, 0x26, 0x29, 0x47, 
  0x29, 0x47, 0x29, 0x47, 0x29, 0x47, 0x29, 0x47, 0x29, 0x47, 0x29, 0x47, 0x29, 0x47, 0x29, 0x47, 
  0x29, 0x47, 0x29, 0x47, 0x29, 0x47, 0x29, 0x47, 0x29, 0x47, 0x29, 0x47, 0x29, 0x47, 0x29, 0x47, 
  0x29, 0x47, 0x29, 0x47, 0x29, 0x47, 0x29, 0x47, 0x29, 0x47, 0x29, 0x47, 0x29, 0x47, 0x29, 0x47, 
  0x29, 0x47, 0x29, 0x47, 0x29, 0x47, 0x29, 0x47, 0x29, 0x47, 0x29, 0x47, 0x29, 0x47, 0x29, 0x47, 
  0x29, 0x47, 0x29, 0x47, 0x29, 0x47, 0x29, 0x47, 0x29, 0x47, 0x29, 0x47, 0x29, 0x47, 0x29, 0x47, 
  0x29, 0x47, 0x29, 0x47, 0x29, 0x47, 0x29, 0x47, 0x29, 0x47, 0x29, 0x47, 0x29, 0x47, 0x29, 0x47, 
  0x29, 0x47, 0x29, 0x47, 0x29, 0x47, 0x29, 0x47, 0x29, 0x47, 0x29, 0x47, 0x29, 0x47, 0x29, 0x47, 
  0x29, 0x47, 0x29, 0x47, 0x29, 0x47, 0x29, 0x47, 0x29, 0x47, 0x29, 0x47, 0x29, 0x47, 0x29, 0x47, 
  0x29, 0x47, 0x29, 0x47, 0x29, 0x47, 0x29, 0x47, 0x29, 0x47, 0x29, 0x47, 0x29, 0x47, 0x29, 0x47, 
  0x29, 0x47, 0x29, 0x47, 0x29, 0x47, 0x29, 0x47, 0x29, 0x47, 0x29, 0x47, 0x29, 0x47, 0x29, 0x47, 
  0x29, 0x67, 0x29, 0x67, 0x29, 0x67, 0x29, 0x67, 0x29, 0x67, 0x29, 0x67, 0x29, 0x67, 0x29, 0x67, 
  0x29, 0x67, 0x29, 0x67, 0x29, 0x67, 0x29, 0x67, 0x29, 0x67, 0x29, 0x67, 0x29, 0x67, 0x29, 0x67, 
  0x29, 0x67, 0x29, 0x67, 0x29, 0x67, 0x29, 0x67, 0x29, 0x67, 0x29, 0x67, 0x29, 0x67, 0x29, 0x67, 
  0x29, 0x67, 0x29, 0x67, 0x29, 0x67, 0x29, 0x67, 0x29, 0x67, 0x29, 0x67, 0x29, 0x67, 0x29, 0x67, 
  0x29, 0x67, 0x29, 0x67, 0x29, 0x67, 0x29, 0x67, 0x29, 0x67, 0x29, 0x67, 0x29, 0x67, 0x29, 0x67, 
  0x29, 0x67, 0x29, 0x67, 0x29, 0x67, 0x29, 0x67, 0x29, 0x67, 0x29, 0x67, 0x29, 0x67, 0x29, 0x67, 
  0x29, 0x67, 0x29, 0x67, 0x29, 0x67, 0x29, 0x67, 0x29, 0x67, 0x29, 0x67, 0x29, 0x67, 0x29, 0x67, 
  0x29, 0x67, 0x29, 0x67, 0x29, 0x67, 0x29, 0x67, 0x29, 0x67, 0x29, 0x67, 0x29, 0x67, 0x29, 0x67, 
  0x29, 0x67, 0x29, 0x67, 0x29, 0x67, 0x29, 0x67, 0x29, 0x67, 0x29, 0x67, 0x29, 0x67, 0x29, 0x67, 
  0x29, 0x67, 0x29, 0x67, 0x29, 0x67, 0x29, 0x67, 0x29, 0x67, 0x29, 0x67, 0x29, 0x67, 0x29, 0x67, 
  0x29, 0x67, 0x29, 0x67, 0x29, 0x67, 0x5A, 0x26, 0x5A, 0x26, 0x5A, 0x26, 0xF6, 0x92, 0xF6, 0x92, 
  0xF6, 0x92, 0xF6, 0x92, 0xF6, 0x92, 0xF6, 0x92, 0xF6, 0x92, 0xF6, 0x92, 0xF6, 0x92, 0xF6, 0x92, 
  0xF6, 0x92, 0xF6, 0x92, 0xF6, 0x92, 0xF6, 0x92, 0xF6, 0x92, 0xF6, 0x92, 0xF6, 0x92, 0xF6, 0x92, 
  0xF6, 0x92, 0xF6, 0x92, 0xF6, 0x92, 0xF6, 0x92, 0xF6, 0x92, 0xF6, 0x92, 0xF6, 0x92, 0xF6, 0x92, 
  0xF6, 0x92, 0xF6, 0x92, 0xF6, 0x92, 0xF6, 0x92, 0xF6, 0x92, 0xF6, 0x92, 0xF6, 0x92, 0xF6, 0x92, 
  0xF6, 0x92, 0xF6, 0x92, 0xF6, 0x92, 0xF6, 0x92, 0xF6, 0x92, 0xF6, 0x92, 0xF6, 0x92, 0xF6, 0x92, 
  0xF6, 0x92, 0xF6, 0x92, 0xF6, 0x92, 0xF6, 0x92, 0xF6, 0x92, 0xF6, 0x92, 0xF6, 0x92, 0xF6, 0x92, 
  0xF6, 0x92, 0xF6, 0x92, 0xF6, 0x92, 0xF6, 0x92, 0xF6, 0x92, 0xF6, 0x92, 0xF6, 0x92, 0xF6, 0x92, 
  0xF6, 0x92, 0xF6, 0x92, 0xF6, 0x92, 0xF6, 0x92, 0xF6, 0x92, 0xF6, 0x92, 0xF6, 0x92, 0xF6, 0x92, 
  0xF6, 0x92, 0xF6, 0x92, 0xF6, 0x92, 0x5A, 0x26, 0x5A, 0x26, 0x5A, 0x26, 0x29, 0x67, 0x29, 0x67, 
  0x29, 0x67, 0x29, 0x67, 0x29, 0x67, 0x29, 0x67, 0x29, 0x67, 0x29, 0x67, 0x29, 0x67, 0x29, 0x67, 
  0x29, 0x67, 0x29, 0x67, 0x29, 0x67, 0x29, 0x67, 0x29, 0x67, 0x29, 0x67, 0x29, 0x67, 0x29, 0x67, 
  0x29, 0x67, 0x29, 0x67, 0x29, 0x67, 0x29, 0x67, 0x29, 0x67, 0x29, 0x67, 0x29, 0x67, 0x29, 0x67, 
  0x29, 0x67, 0x29, 0x67, 0x29, 0x67, 0x29, 0x67, 0x29, 0x67, 0x29, 0x67, 0x29, 0x67, 0x29, 0x67, 
  0x29, 0x67, 0x29, 0x67, 0x29, 0x67, 0x29, 0x67, 0x29, 0x67, 0x29, 0x67, 0x29, 0x67, 0x29, 0x67, 
  0x29, 0x67, 0x29, 0x67, 0x29, 0x67, 0x29, 0x67, 0x29, 0x67, 0x29, 0x67, 0x29, 0x67, 0x29, 0x67, 
  0x29, 0x67, 0x29, 0x67, 0x29, 0x67, 0x29, 0x67, 0x29, 0x67, 0x29, 0x67, 0x29, 0x67, 0x29, 0x67, 
  0x29, 0x67, 0x29, 0x67, 0x29, 0x67, 0x29, 0x67, 0x29, 0x67, 0x29, 0x67, 0x29, 0x67, 0x29, 0x67, 
  0x29, 0x67, 0x29, 0x67, 0x29, 0x67, 0x29, 0x67, 0x29, 0x67, 0x29, 0x67, 0x29, 0x67, 0x29, 0x67, 
  0x29, 0x67, 0x29, 0x67, 0x29, 0x67, 0x29, 0x67, 0x29, 0x67, 0x29, 0x67, 0x29, 0x67, 0x29, 0x67, 
  0x29, 0x67, 0x29, 0x67, 0x29, 0x67, 0x29, 0x67, 0x29, 0x67, 0x29, 0x67, 0x29, 0x67, 0x29, 0x67, 
  0x29, 0x67, 0x29, 0x67, 0x29, 0x67, 0x29, 0x67, 0x29, 0x67, 0x29, 0x67, 0x29, 0x67, 0x29, 0x67, 
  0x29, 0x67, 0x29, 0x67, 0x29, 0x67, 0x29, 0x67, 0x29, 0x67, 0x29, 0x67, 0x29, 0x67, 0x29, 0x67, 
  0x29, 0x67, 0x29, 0x67, 0x29, 0x67, 0x29, 0x67, 0x29, 0x67, 0x29, 0x67, 0x29, 0x67, 0x29, 0x67, 
  0x29, 0x67, 0x29, 0x67, 0x29, 0x67, 0x29, 0x67, 0x29, 0x67, 0x29, 0x67, 0x29, 0x67, 0x29, 0x67, 
  0x29, 0x67, 0x29, 0x67, 0x29, 0x67, 0x29, 0x67, 0x29, 0x67, 0x29, 0x67, 0x29, 0x67, 0x29, 0x67, 
  0x29, 0x67, 0x29, 0x67, 0x29, 0x67, 0x29, 0x67, 0x29, 0x67, 0x29, 0x67, 0x29, 0x67, 0x29, 0x67, 
  0x29, 0x67, 0x29, 0x67, 0x29, 0x67, 0x29, 0x67, 0x29, 0x67, 0x29, 0x67, 0x29, 0x67, 0x29, 0x67, 
  0x29, 0x67, 0x29, 0x67, 0x29, 0x67, 0x29, 0x67, 0x29, 0x67, 0x29, 0x67, 0x29, 0x67, 0x29, 0x67, 
  0x29, 0x67, 0x29, 0x67, 0x29, 0x67, 0x29, 0x67, 0x29, 0x67, 0x29, 0x67, 0x29, 0x67, 0x29, 0x67, 
  0x29, 0x67, 0x29, 0x67, 0x29, 0x67, 0x29, 0x67, 0x5A, 0x26, 0x5A, 0x26, 0x5A, 0x26, 0xF6, 0x92, 
  0xF6, 0x92, 0xF6, 0x92, 0xF6, 0x92, 0xF6, 0x92, 0xF6, 0x92, 0xF6, 0x92, 0xF6, 0x92, 0xF6, 0x92, 
  0xF6, 0x92, 0xF6, 0x92, 0xF6, 0x92, 0xF6, 0x92, 0xF6, 0x92, 0xF6, 0x92, 0xF6, 0x92, 0xF6, 0x92, 
  0xF6, 0x92, 0xF6, 0x92, 0xF6, 0x92, 0xF6, 0x92, 0xF6, 0x92, 0xF6, 0x92, 0xF6, 0x92, 0xF6, 0x92, 
  0xF6, 0x92, 0xF6, 0x92, 0xF6, 0x92, 0xF6, 0x92, 0xF6, 0x92, 0xF6, 0x92, 0xF6, 0x92, 0xF6, 0x92, 
  0xF6, 0x92, 0xF6, 0x92, 0xF6, 0x92, 0xF6, 0x92, 0xF6, 0x92, 0xF6, 0x92, 0xF6, 0x92, 0xF6, 0x92, 
  0xF6, 0x92, 0xF6, 0x92, 0xF6, 0x92, 0xF6, 0x92, 0xF6, 0x92, 0xF6, 0x92, 0xF6, 0x92, 0xF6, 0x92, 
  0xF6, 0x92, 0xF6, 0x92, 0xF6, 0x92, 0xF6, 0x92, 0xF6, 0x92, 0xF6, 0x92, 0xF6, 0x92, 0xF6, 0x92, 
  0xF6, 0x92, 0xF6, 0x92, 0xF6, 0x92, 0xF6, 0x92, 0xF6, 0x92, 0xF6, 0x92, 0xF6, 0x92, 0xF6, 0x92, 
  0xF6, 0x92, 0xF6, 0x92, 0x5A, 0x26, 0x5A, 0x26, 0x5A, 0x26, 0x29, 0x67, 0x29, 0x67, 0x29, 0x67, 
  0x29, 0x67, 0x29, 0x67, 0x29, 0x67, 0x29, 0x67, 0x29, 0x67, 0x29, 0x67, 0x29, 0x67, 0x29, 0x67, 
  0x29, 0x67, 0x29, 0x67, 0x29, 0x67, 0x29, 0x67, 0x29, 0x67, 0x29, 0x67, 0x29, 0x67, 0x29, 0x67, 
  0x29, 0x67, 0x29, 0x67, 0x29, 0x67, 0x29, 0x67, 0x29, 0x67, 0x29, 0x67, 0x29, 0x67, 0x29, 0x67, 
  0x29, 0x67, 0x29, 0x67, 0x29, 0x67, 0x29, 0x67, 0x29, 0x67, 0x29, 0x67, 0x29, 0x67, 0x29, 0x67, 
  0x29, 0x67, 0x29, 0x67, 0x29, 0x67, 0x29, 0x67, 0x29, 0x67, 0x29, 0x67, 0x29, 0x67, 0x29, 0x67, 
  0x29, 0x67, 0x29, 0x67, 0x29, 0x67, 0x29, 0x67, 0x29, 0x67, 0x29, 0x67, 0x29, 0x67, 0x29, 0x67, 
  0x29, 0x67, 0x29, 0x67, 0x29, 0x67, 0x29, 0x67, 0x29, 0x67, 0x29, 0x67, 0x29, 0x67, 0x29, 0x67, 
  0x29, 0x67, 0x29, 0x67, 0x29, 0x67, 0x29, 0x67, 0x29, 0x67, 0x29, 0x67, 0x29, 0x67, 0x29, 0x67, 
  0x29, 0x67, 0x29, 0x67, 0x29, 0x67, 0x29, 0x67, 0x29, 0x67, 0x29, 0x67, 0x29, 0x67, 0x29, 0x67, 
  0x29, 0x67, 0x29, 0x67, 0x29, 0x67, 0x29, 0x67, 0x29, 0x67, 0x29, 0x67, 0x29, 0x67, 0x29, 0x67, 
  0x29, 0x67, 0x29, 0x67, 0x29, 0x67, 0x29, 0x67, 0x29, 0x67, 0x29, 0x67, 0x29, 0x67, 0x29, 0x67, 
  0x29, 0x67, 0x29, 0x67, 0x29, 0x67, 0x29, 0x67, 0x29, 0x67, 0x29, 0x67, 0x29, 0x67, 0x29, 0x67, 
  0x29, 0x67, 0x29, 0x67, 0x29, 0x67, 0x29, 0x67, 0x29, 0x67, 0x29, 0x67, 0x29, 0x67, 0x29, 0x67, 
  0x29, 0x67, 0x29, 0x67, 0x29, 0x67, 0x29, 0x67, 0x29, 0x67, 0x29, 0x67, 0x29, 0x67, 0x29, 0x67, 
  0x29, 0x67, 0x29, 0x67, 0x29, 0x67, 0x29, 0x67, 0x29, 0x67, 0x29, 0x67, 0x29, 0x67, 0x29, 0x67, 
  0x29, 0x67, 0x29, 0x67, 0x29, 0x67, 0x29, 0x67, 0x29, 0x67, 0x29, 0x67, 0x29, 0x67, 0x29, 0x67, 
  0x29, 0x67, 0x29, 0x67, 0x29, 0x67, 0x29, 0x67, 0x29, 0x67, 0x29, 0x67, 0x29, 0x67, 0x29, 0x67, 
  0x29, 0x67, 0x29, 0x67, 0x29, 0x67, 0x29, 0x67, 0x29, 0x67, 0x29, 0x67, 0x29, 0x67, 0x29, 0x67, 
  0x29, 0x67, 0x29, 0x67, 0x29, 0x67, 0x29, 0x67, 0x29, 0x67, 0x29, 0x67, 0x29, 0x67, 0x29, 0x67, 
  0x29, 0x67, 0x29, 0x67, 0x29, 0x67, 0x29, 0x67, 0x29, 0x67, 0x29, 0x67, 0x29, 0x67, 0x29, 0x67, 
  0x29, 0x67, 0x29, 0x67, 0x29, 0x67, 0x29, 0x67, 0x29, 0x67, 0x5A, 0x26, 0x5A, 0x26, 0x5A, 0x26, 
  0xF6, 0x92, 0xF6, 0x92, 0xF6, 0x92, 0xF6, 0x92, 0xF6, 0x92, 0xF6, 0x92, 0xF6, 0x92, 0xF6, 0x92, 
  0xF6, 0x92, 0xF6, 0x92, 0xF6, 0x92, 0xF6, 0x92, 0xF6, 0x92, 0xF6, 0x92, 0xF6, 0x92, 0xF6, 0x92, 
  0xF6, 0x92, 0xF6, 0x92, 0xF6, 0x92, 0xF6, 0x92, 0xF6, 0x92, 0xF6, 0x92, 0xF6, 0x92, 0xF6, 0x92, 
  0xF6, 0x92, 0xF6, 0x92, 0xF6, 0x92, 0xF6, 0x92, 0xF6, 0x92, 0xF6, 0x92, 0xF6, 0x92, 0xF6, 0x92, 
  0xF6, 0x92, 0xF6, 0x92, 0xF6, 0x92, 0xF6, 0x92, 0xF6, 0x92, 0xF6, 0x92, 0xF6, 0x92, 0xF6, 0x92, 
  0xF6, 0x92, 0xF6, 0x92, 0xF6, 0x92, 0xF6, 0x92, 0xF6, 0x92, 0xF6, 0x92, 0xF6, 0x92, 0xF6, 0x92, 
  0xF6, 0x92, 0xF6, 0x92, 0xF6, 0x92, 0xF6, 0x92, 0xF6, 0x92, 0xF6, 0x92, 0xF6, 0x92, 0xF6, 0x92, 
  0xF6, 0x92, 0xF6, 0x92, 0xF6, 0x92, 0xF6, 0x92, 0xF6, 0x92, 0xF6, 0x92, 0xF6, 0x92, 0xF6, 0x92, 
  0xF6, 0x92, 0x5A, 0x26, 0x5A, 0x26, 0x5A, 0x26, 0x29, 0x67, 0x29, 0x67, 0x29, 0x67, 0x29, 0x67, 
  0x29, 0x67, 0x29, 0x67, 0x29, 0x67, 0x29, 0x67, 0x29, 0x67, 0x29, 0x67, 0x29, 0x67, 0x29, 0x67, 
  0x29, 0x67, 0x29, 0x67, 0x29, 0x67, 0x29, 0x67, 0x29, 0x67, 0x29, 0x67, 0x29, 0x67, 0x29, 0x67, 
  0x29, 0x67, 0x29, 0x67, 0x29, 0x67, 0x29, 0x67, 0x29, 0x67, 0x29, 0x67, 0x29, 0x67, 0x29, 0x67, 
  0x29, 0x67, 0x29, 0x67, 0x29, 0x67, 0x29, 0x67, 0x29, 0x67, 0x29, 0x67, 0x29, 0x67, 0x29, 0x67, 
  0x29, 0x67, 0x29, 0x67, 0x29, 0x67, 0x29, 0x67, 0x29, 0x67, 0x29, 0x67, 0x29, 0x67, 0x29, 0x67, 
  0x29, 0x67, 0x29, 0x67, 0x29, 0x67, 0x29, 0x67, 0x29, 0x67, 0x29, 0x67, 0x29, 0x67, 0x29, 0x67, 
  0x29, 0x67, 0x29, 0x67, 0x29, 0x67, 0x29, 0x67, 0x29, 0x67, 0x29, 0x67, 0x29, 0x67, 0x29, 0x67, 
  0x29, 0x67, 0x29, 0x67, 0x29, 0x67, 0x29, 0x67, 0x29, 0x67, 0x29, 0x67, 0x29, 0x67, 0x29, 0x67, 
  0x29, 0x67, 0x29, 0x67, 0x29, 0x67, 0x29, 0x67, 0x29, 0x67, 0x29, 0x67, 0x29, 0x67, 0x29, 0x67, 
  0x29, 0x67, 0x29, 0x67, 0x29, 0x67, 0x29, 0x67, 0x29, 0x67, 0x29, 0x67, 0x29, 0x67, 0x29, 0x67, 
  0x29, 0x67, 0x29, 0x67, 0x29, 0x67, 0x29, 0x67, 0x29, 0x67, 0x29, 0x67, 0x29, 0x67, 0x29, 0x67, 
  0x29, 0x67, 0x29, 0x67, 0x29, 0x67, 0x29, 0x67, 0x29, 0x67, 0x29, 0x67, 0x29, 0x67, 0x29, 0x67, 
  0x29, 0x67, 0x29, 0x67, 0x29, 0x67, 0x29, 0x67, 0x29, 0x67, 0x29, 0x67, 0x29, 0x67, 0x29, 0x67, 
  0x29, 0x67, 0x29, 0x67, 0x29, 0x67, 0x29, 0x67, 0x29, 0x67, 0x29, 0x67, 0x29, 0x67, 0x29, 0x67, 
  0x29, 0x67, 0x29, 0x67, 0x29, 0x67, 0x29, 0x67, 0x29, 0x67, 0x29, 0x67, 0x29, 0x67, 0x29, 0x67, 
  0x29, 0x67, 0x29, 0x67, 0x29, 0x67, 0x29, 0x67, 0x29, 0x67, 0x29, 0x67, 0x29, 0x67, 0x29, 0x67, 
  0x29, 0x67, 0x29, 0x67, 0x29, 0x67, 0x29, 0x67, 0x29, 0x67, 0x29, 0x67, 0x29, 0x67, 0x29, 0x67, 
  0x29, 0x67, 0x29, 0x67, 0x29, 0x67, 0x29, 0x67, 0x29, 0x67, 0x29, 0x67, 0x29, 0x67, 0x29, 0x67, 
  0x29, 0x67, 0x29, 0x67, 0x29, 0x67, 0x29, 0x67, 0x29, 0x67, 0x29, 0x67, 0x29, 0x67, 0x29, 0x67, 
  0x29, 0x67, 0x29, 0x67, 0x29, 0x67, 0x29, 0x67, 0x29, 0x67, 0x29, 0x67, 0x29, 0x67, 0x29, 0x67, 
  0x29, 0x67, 0x29, 0x67, 0x29, 0x67, 0x29, 0x67, 0x29, 0x67, 0x29, 0x67, 0x5A, 0x26, 0x5A, 0x26, 
  0x5A, 0x26, 0xF6, 0x92, 0xF6, 0x92, 0xF6, 0x92, 0xF6, 0x92, 0xF6, 0x92, 0xF6, 0x92, 0xF6, 0x92, 
  0xF6, 0x92, 0xF6, 0x92, 0xF6, 0x92, 0xF6, 0x92, 0xF6, 0x92, 0xF6, 0x92, 0xF6, 0x92, 0xF6, 0x92, 
  0xF6, 0x92, 0xF6, 0x92, 0xF6, 0x92, 0xF6, 0x92, 0xF6, 0x92, 0xF6, 0x92, 0xF6, 0x92, 0xF6, 0x92, 
  0xF6, 0x92, 0xF6, 0x92, 0xF6, 0x92, 0xF6, 0x92, 0xF6, 0x92, 0xF6, 0x92, 0xF6, 0x92, 0xF6, 0x92, 
  0xF6, 0x92, 0xF6, 0x92, 0xF6, 0x92, 0xF6, 0x92, 0xF6, 0x92, 0xF6, 0x92, 0xF6, 0x92, 0xF6, 0x92, 
  0xF6, 0x92, 0xF6, 0x92, 0xF6, 0x92, 0xF6, 0x92, 0xF6, 0x92, 0xF6, 0x92, 0xF6, 0x92, 0xF6, 0x92, 
  0xF6, 0x92, 0xF6, 0x92, 0xF6, 0x92, 0xF6, 0x92, 0xF6, 0x92, 0xF6, 0x92, 0xF6, 0x92, 0xF6, 0x92, 
  0xF6, 0x92, 0xF6, 0x92, 0xF6, 0x92, 0xF6, 0x92, 0xF6, 0x92, 0xF6, 0x92, 0xF6, 0x92, 0xF6, 0x92, 
  0x5A, 0x26, 0x5A, 0x26, 0x5A, 0x26, 0x29, 0x67, 0x29, 0x67, 0x29, 0x67, 0x29, 0x67, 0x29, 0x67, 
  0x29, 0x67, 0x29, 0x67, 0x29, 0x67, 0x29, 0x67, 0x29, 0x67, 0x29, 0x67, 0x29, 0x67, 0x29, 0x67, 
  0x29, 0x67, 0x29, 0x67, 0x29, 0x67, 0x29, 0x67, 0x29, 0x67, 0x29, 0x67, 0x29, 0x67, 0x29, 0x67, 
  0x29, 0x67, 0x29, 0x67, 0x29, 0x67, 0x29, 0x67, 0x29, 0x67, 0x29, 0x67, 0x29, 0x67, 0x29, 0x67, 
  0x29, 0x67, 0x29, 0x67, 0x29, 0x67, 0x29, 0x67, 0x29, 0x67, 0x29, 0x67, 0x29, 0x67, 0x29, 0x67, 
  0x29, 0x67, 0x29, 0x67, 0x29, 0x67, 0x29, 0x67, 0x29, 0x67, 0x29, 0x67, 0x29, 0x67, 0x29, 0x67, 
  0x29, 0x67, 0x29, 0x67, 0x29, 0x67, 0x29, 0x67, 0x29, 0x67, 0x29, 0x67, 0x29, 0x67, 0x29, 0x67, 
  0x29, 0x67, 0x29, 0x67, 0x29, 0x67, 0x29, 0x67, 0x29, 0x67, 0x29, 0x67, 0x29, 0x67, 0x29, 0x67, 
  0x29, 0x67, 0x29, 0x67, 0x29, 0x67, 0x29, 0x67, 0x29, 0x67, 0x29, 0x67, 0x29, 0x67, 0x29, 0x67, 
  0x29, 0x67, 0x29, 0x67, 0x29, 0x67, 0x29, 0x67, 0x29, 0x67, 0x29, 0x67, 0x29, 0x67, 0x29, 0x67, 
  0x29, 0x67, 0x29, 0x67, 0x29, 0x67, 0x29, 0x67, 0x29, 0x67, 0x29, 0x67, 0x29, 0x67, 0x29, 0x67, 
  0x29, 0x67, 0x29, 0x67, 0x29, 0x67, 0x29, 0x67, 0x29, 0x67, 0x29, 0x67, 0x29, 0x67, 0x29, 0x67, 
  0x29, 0x67, 0x29, 0x67, 0x29, 0x67, 0x29, 0x67, 0x29, 0x67, 0x29, 0x67, 0x29, 0x67, 0x29, 0x67, 
  0x29, 0x67, 0x29, 0x67, 0x29, 0x67, 0x29, 0x67, 0x29, 0x67, 0x29, 0x67, 0x29, 0x67, 0x29, 0x67, 
  0x29, 0x67, 0x29, 0x67, 0x29, 0x67, 0x29, 0x67, 0x29, 0x67, 0x29, 0x67, 0x29, 0x67, 0x29, 0x67, 
  0x29, 0x67, 0x29, 0x67, 0x29, 0x67, 0x29, 0x67, 0x29, 0x67, 0x29, 0x67, 0x29, 0x67, 0x29, 0x67, 
  0x29, 0x67, 0x29, 0x67, 0x29, 0x67, 0x29, 0x67, 0x29, 0x67, 0x29, 0x67, 0x29, 0x67, 0x29, 0x67, 
  0x29, 0x67, 0x29, 0x67, 0x29, 0x67, 0x29, 0x67, 0x29, 0x67, 0x29, 0x67, 0x29, 0x67, 0x29, 0x67, 
  0x29, 0x67, 0x29, 0x67, 0x29, 0x67, 0x29, 0x67, 0x29, 0x67, 0x29, 0x67, 0x29, 0x67, 0x29, 0x67, 
  0x29, 0x67, 0x29, 0x67, 0x29, 0x67, 0x29, 0x67, 0x29, 0x67, 0x29, 0x67, 0x29, 0x67, 0x29, 0x67, 
  0x29, 0x67, 0x29, 0x67, 0x29, 0x67, 0x29, 0x67, 0x29, 0x67, 0x29, 0x67, 0x29, 0x67, 0x29, 0x67, 
  0x29, 0x67, 0x29, 0x67, 0x29, 0x67, 0x29, 0x67, 0x29, 0x67, 0x29, 0x67, 0x29, 0x67, 0x5A, 0x26, 
  0x5A, 0x26, 0x5A, 0x26, 0xF6, 0x92, 0xF6, 0x92, 0xF6, 0x92, 0xF6, 0x92, 0xF6, 0x92, 0xF6, 0x92, 
  0xF6, 0x92, 0xF6, 0x92, 0xF6, 0x92, 0xF6, 0x92, 0xF6, 0x92, 0xF6, 0x92, 0xF6, 0x92, 0xF6, 0x92, 
  0xF6, 0x92, 0xF6, 0x92, 0xF6, 0x92, 0xF6, 0x92, 0xF6, 0x92, 0xF6, 0x92, 0xF6, 0x92, 0xF6, 0x92, 
  0xF6, 0x92, 0xF6, 0x92, 0xF6, 0x92, 0xF6, 0x92, 0xF6, 0x92, 0xF6, 0x92, 0xF6, 0x92, 0xF6, 0x92, 
  0xF6, 0x92, 0xF6, 0x92, 0xF6, 0x92, 0xF6, 0x92, 0xF6, 0x92, 0xF6, 0x92, 0xF6, 0x92, 0xF6, 0x92, 
  0xF6, 0x92, 0xF6, 0x92, 0xF6, 0x92, 0xF6, 0x92, 0xF6, 0x92, 0xF6, 0x92, 0xF6, 0x92, 0xF6, 0x92, 
  0xF6, 0x92, 0xF6, 0x92, 0xF6, 0x92, 0xF6, 0x92, 0xF6, 0x92, 0xF6, 0x92, 0xF6, 0x92, 0xF6, 0x92, 
  0xF6, 0x92, 0xF6, 0x92, 0xF6, 0x92, 0xF6, 0x92, 0xF6, 0x92, 0xF6, 0x92, 0xF6, 0x92, 0x5A, 0x26, 
  0x5A, 0x26, 0x5A, 0x26, 0x29, 0x67, 0x29, 0x67, 0x29, 0x67, 0x29, 0x67, 0x29, 0x67, 0x29, 0x67, 
  0x29, 0x67, 0x29, 0x67, 0x29, 0x67, 0x29, 0x67, 0x29, 0x67, 0x29, 0x67, 0x29, 0x67, 0x29, 0x67, 
  0x29, 0x67, 0x29, 0x67, 0x29, 0x67, 0x29, 0x67, 0x29, 0x67, 0x29, 0x67, 0x29, 0x67, 0x29, 0x67, 
  0x29, 0x67, 0x29, 0x67, 0x29, 0x67, 0x29, 0x67, 0x29, 0x67, 0x29, 0x67, 0x29, 0x67, 0x29, 0x67, 
  0x29, 0x67, 0x29, 0x67, 0x29, 0x67, 0x29, 0x67, 0x29, 0x67, 0x29, 0x67, 0x29, 0x67, 0x29, 0x67, 
  0x29, 0x67, 0x29, 0x67, 0x29, 0x67, 0x29, 0x67, 0x29, 0x67, 0x29, 0x67, 0x29, 0x67, 0x29, 0x67, 
  0x29, 0x67, 0x29, 0x67, 0x29, 0x67, 0x29, 0x67, 0x29, 0x67, 0x29, 0x67, 0x29, 0x67, 0x29, 0x67, 
  0x29, 0x67, 0x29, 0x67, 0x29, 0x67, 0x29, 0x67, 0x29, 0x67, 0x29, 0x67, 0x29, 0x67, 0x29, 0x67, 
  0x29, 0x67, 0x29, 0x67, 0x29, 0x67, 0x29, 0x67, 0x29, 0x67, 0x29, 0x67, 0x29, 0x67, 0x29, 0x67, 
  0x29, 0x67, 0x29, 0x67, 0x29, 0x67, 0x29, 0x67, 0x29, 0x67, 0x29, 0x67, 0x29, 0x67, 0x29, 0x67, 
  0x29, 0x67, 0x29, 0x67, 0x29, 0x67, 0x29, 0x67, 0x29, 0x67, 0x29, 0x67, 0x29, 0x67, 0x29, 0x67, 
  0x29, 0x67, 0x29, 0x67, 0x29, 0x67, 0x29, 0x67, 0x29, 0x67, 0x29, 0x67, 0x29, 0x67, 0x29, 0x67, 
  0x29, 0x67, 0x29, 0x67, 0x29, 0x67, 0x29, 0x67, 0x29, 0x67, 0x29, 0x67, 0x29, 0x67, 0x29, 0x67, 
  0x29, 0x67, 0x29, 0x67, 0x29, 0x67, 0x29, 0x67, 0x29, 0x67, 0x29, 0x67, 0x29, 0x67, 0x29, 0x67, 
  0x29, 0x67, 0x29, 0x67, 0x29, 0x67, 0x29, 0x67, 0x29, 0x67, 0x29, 0x67, 0x29, 0x67, 0x29, 0x67, 
  0x29, 0x67, 0x29, 0x67, 0x29, 0x67, 0x29, 0x67, 0x29, 0x67, 0x29, 0x67, 0x29, 0x67, 0x29, 0x67, 
  0x29, 0x67, 0x29, 0x67, 0x29, 0x67, 0x29, 0x67, 0x29, 0x67, 0x29, 0x67, 0x29, 0x67, 0x29, 0x67, 
  0x29, 0x67, 0x29, 0x67, 0x29, 0x67, 0x29, 0x67, 0x29, 0x67, 0x29, 0x67, 0x29, 0x67, 0x29, 0x67, 
  0x29, 0x67, 0x29, 0x67, 0x29, 0x67, 0x29, 0x67, 0x29, 0x67, 0x29, 0x67, 0x29, 0x67, 0x29, 0x67, 
  0x29, 0x67, 0x29, 0x67, 0x29, 0x67, 0x29, 0x67, 0x29, 0x67, 0x29, 0x67, 0x29, 0x67, 0x29, 0x67, 
  0x29, 0x67, 0x29, 0x67, 0x29, 0x67, 0x29, 0x67, 0x29, 0x67, 0x29, 0x67, 0x29, 0x67, 0x29, 0x67, 
  0x29, 0x67, 0x29, 0x67, 0x29, 0x67, 0x29, 0x67, 0x29, 0x67, 0x29, 0x67, 0x29, 0x67, 0x29, 0x67, 
  0x29, 0x67, 0x5A, 0x26, 0x5A, 0x26, 0x5A, 0x26, 0xF6, 0x92, 0xF6, 0x92, 0xF6, 0x92, 0xF6, 0x92, 
  0xF6, 0x92, 0xF6, 0x92, 0xF6, 0x92, 0xF6, 0x92, 0xF6, 0x92, 0xF6, 0x92, 0xF6, 0x92, 0xF6, 0x92, 
  0xF6, 0x92, 0xF6, 0x92, 0xF6, 0x92, 0xF6, 0x92, 0xF6, 0x92, 0xF6, 0x92, 0xF6, 0x92, 0xF6, 0x92, 
  0xF6, 0x92, 0xF6, 0x92, 0xF6, 0x92, 0xF6, 0x92, 0xF6, 0x92, 0xF6, 0x92, 0xF6, 0x92, 0xF6, 0x92, 
  0xF6, 0x92, 0xF6, 0x92, 0xF6, 0x92, 0xF6, 0x92, 0xF6, 0x92, 0xF6, 0x92, 0xF6, 0x92, 0xF6, 0x92, 
  0xF6, 0x92, 0xF6, 0x92, 0xF6, 0x92, 0xF6, 0x92, 0xF6, 0x92, 0xF6, 0x92, 0xF6, 0x92, 0xF6, 0x92, 
  0xF6, 0x92, 0xF6, 0x92, 0xF6, 0x92, 0xF6, 0x92, 0xF6, 0x92, 0xF6, 0x92, 0xF6, 0x92, 0xF6, 0x92, 
  0xF6, 0x92, 0xF6, 0x92, 0xF6, 0x92, 0xF6, 0x92, 0xF6, 0x92, 0x5A, 0x26, 0x5A, 0x26, 0x5A, 0x26, 
  0x29, 0x67, 0x29, 0x67, 0x29, 0x67, 0x29, 0x67, 0x29, 0x67, 0x29, 0x67, 0x29, 0x67, 0x29, 0x67, 
  0x29, 0x67, 0x29, 0x67, 0x29, 0x67, 0x29, 0x67, 0x29, 0x67, 0x29, 0x67, 0x29, 0x67, 0x29, 0x67, 
  0x29, 0x67, 0x29, 0x67, 0x29, 0x67, 0x29, 0x67, 0x29, 0x67, 0x29, 0x67, 0x29, 0x67, 0x29, 0x67, 
  0x29, 0x67, 0x29, 0x67, 0x29, 0x67, 0x29, 0x67, 0x29, 0x67, 0x29, 0x67, 0x29, 0x67, 0x29, 0x67, 
  0x29, 0x67, 0x29, 0x67, 0x29, 0x67, 0x29, 0x67, 0x29, 0x67, 0x29, 0x67, 0x29, 0x67, 0x29, 0x67, 
  0x29, 0x67, 0x29, 0x67, 0x29, 0x67, 0x29, 0x67, 0x29, 0x67, 0x29, 0x67, 0x29, 0x67, 0x29, 0x67, 
  0x29, 0x67, 0x29, 0x67, 0x29, 0x67, 0x29, 0x67, 0x29, 0x67, 0x29, 0x67, 0x29, 0x67, 0x29, 0x67, 
  0x29, 0x67, 0x29, 0x67, 0x29, 0x67, 0x29, 0x67, 0x29, 0x67, 0x29, 0x67, 0x29, 0x67, 0x29, 0x67, 
  0x29, 0x67, 0x29, 0x67, 0x29, 0x67, 0x29, 0x67, 0x29, 0x67, 0x29, 0x67, 0x29, 0x67, 0x29, 0x67, 
  0x29, 0x67, 0x29, 0x67, 0x29, 0x67, 0x29, 0x67, 0x29, 0x67, 0x29, 0x67, 0x29, 0x67, 0x29, 0x67, 
  0x29, 0x67, 0x29, 0x67, 0x29, 0x67, 0x29, 0x67, 0x29, 0x67, 0x29, 0x67, 0x29, 0x67, 0x29, 0x67, 
  0x29, 0x67, 0x29, 0x67, 0x29, 0x67, 0x29, 0x67, 0x29, 0x67, 0x29, 0x67, 0x29, 0x67, 0x29, 0x67, 
  0x29, 0x67, 0x29, 0x67, 0x29, 0x67, 0x29, 0x67, 0x29, 0x67, 0x29, 0x67, 0x29, 0x67, 0x29, 0x67, 
  0x29, 0x67, 0x29, 0x67, 0x29, 0x67, 0x29, 0x67, 0x29, 0x67, 0x29, 0x67, 0x29, 0x67, 0x29, 0x67, 
  0x29, 0x67, 0x29, 0x67, 0x29, 0x67, 0x29, 0x67, 0x29, 0x67, 0x29, 0x67, 0x29, 0x67, 0x29, 0x67, 
  0x29, 0x67, 0x29, 0x67, 0x29, 0x67, 0x29, 0x67, 0x29, 0x67, 0x29, 0x67, 0x29, 0x67, 0x29, 0x67, 
  0x29, 0x67, 0x29, 0x67, 0x29, 0x67, 0x29, 0x67, 0x29, 0x67, 0x29, 0x67, 0x29, 0x67, 0x29, 0x67, 
  0x29, 0x67, 0x29, 0x67, 0x29, 0x67, 0x29, 0x67, 0x29, 0x67, 0x29, 0x67, 0x29, 0x67, 0x29, 0x67, 
  0x29, 0x67, 0x29, 0x67, 0x29, 0x67, 0x29, 0x67, 0x29, 0x67, 0x29, 0x67, 0x29, 0x67, 0x29, 0x67, 
  0x29, 0x67, 0x29, 0x67, 0x29, 0x67, 0x29, 0x67, 0x29, 0x67, 0x29, 0x67, 0x29, 0x67, 0x29, 0x67, 
  0x29, 0x67, 0x29, 0x67, 0x29, 0x67, 0x29, 0x67, 0x29, 0x67, 0x29, 0x67, 0x29, 0x67, 0x29, 0x67, 
  0x29, 0x67, 0x29, 0x67, 0x29, 0x67, 0x29, 0x67, 0x29, 0x67, 0x29, 0x67, 0x29, 0x67, 0x29, 0x67, 
  0x29, 0x67, 0x29, 0x67, 0x5A, 0x26, 0x5A, 0x26, 0x5A, 0x26, 0xF6, 0x92, 0xF6, 0x92, 0xF6, 0x92, 
  0xF6, 0x92, 0xF6, 0x92, 0xF6, 0x92, 0xF6, 0x92, 0xF6, 0x92, 0xF6, 0x92, 0xF6, 0x92, 0xF6, 0x92, 
  0xF6, 0x92, 0xF6, 0x92, 0xF6, 0x92, 0xF6, 0x92, 0xF6, 0x92, 0xF6, 0x92, 0xF6, 0x92, 0xF6, 0x92, 
  0xF6, 0x92, 0xF6, 0x92, 0xF6, 0x92, 0xF6, 0x92, 0xF6, 0x92, 0xF6, 0x92, 0xF6, 0x92, 0xF6, 0x92, 
  0xF6, 0x92, 0xF6, 0x92, 0xF6, 0x92, 0xF6, 0x92, 0xF6, 0x92, 0xF6, 0x92, 0xF6, 0x92, 0xF6, 0x92, 
  0xF6, 0x92, 0xF6, 0x92, 0xF6, 0x92, 0xF6, 0x92, 0xF6, 0x92, 0xF6, 0x92, 0xF6, 0x92, 0xF6, 0x92, 
  0xF6, 0x92, 0xF6, 0x92, 0xF6, 0x92, 0xF6, 0x92, 0xF6, 0x92, 0xF6, 0x92, 0xF6, 0x92, 0xF6, 0x92, 
  0xF6, 0x92, 0xF6, 0x92, 0xF6, 0x92, 0xF6, 0x92, 0x5A, 0x26, 0x5A, 0x26, 0x5A, 0x26, 0x29, 0x67, 
  0x29, 0x67, 0x29, 0x67, 0x29, 0x67, 0x29, 0x67, 0x29, 0x67, 0x29, 0x67, 0x29, 0x67, 0x29, 0x67, 
  0x29, 0x67, 0x29, 0x67, 0x29, 0x67, 0x29, 0x67, 0x29, 0x67, 0x29, 0x67, 0x29, 0x67, 0x29, 0x67, 
  0x29, 0x67, 0x29, 0x67, 0x29, 0x67, 0x29, 0x67, 0x29, 0x67, 0x29, 0x67, 0x29, 0x67, 0x29, 0x67, 
  0x29, 0x67, 0x29, 0x67, 0x29, 0x67, 0x29, 0x67, 0x29, 0x67, 0x29, 0x67, 0x29, 0x67, 0x29, 0x67, 
  0x29, 0x67, 0x29, 0x67, 0x29, 0x67, 0x29, 0x67, 0x29, 0x67, 0x29, 0x67, 0x29, 0x67, 0x29, 0x67, 
  0x29, 0x67, 0x29, 0x67, 0x29, 0x67, 0x29, 0x67, 0x29, 0x67, 0x29, 0x67, 0x29, 0x67, 0x29, 0x67, 
  0x29, 0x67, 0x29, 0x67, 0x29, 0x67, 0x29, 0x67, 0x29, 0x67, 0x29, 0x67, 0x29, 0x67, 0x29, 0x67, 
  0x29, 0x67, 0x29, 0x67, 0x29, 0x67, 0x29, 0x67, 0x29, 0x67, 0x29, 0x67, 0x29, 0x67, 0x29, 0x67, 
  0x29, 0x67, 0x29, 0x67, 0x29, 0x67, 0x29, 0x67, 0x29, 0x67, 0x29, 0x67, 0x29, 0x67, 0x29, 0x67, 
  0x29, 0x67, 0x29, 0x67, 0x29, 0x67, 0x29, 0x67, 0x29, 0x67, 0x29, 0x67, 0x29, 0x67, 0x29, 0x67, 
  0x29, 0x67, 0x29, 0x67, 0x29, 0x67, 0x29, 0x67, 0x29, 0x67, 0x29, 0x67, 0x29, 0x67, 0x29, 0x67, 
  0x29, 0x67, 0x29, 0x67, 0x29, 0x67, 0x29, 0x67, 0x29, 0x67, 0x29, 0x67, 0x29, 0x67, 0x29, 0x67, 
  0x29, 0x67, 0x29, 0x67, 0x29, 0x67, 0x29, 0x67, 0x29, 0x67, 0x29, 0x67, 0x29, 0x67, 0x29, 0x67, 
  0x29, 0x67, 0x29, 0x67, 0x29, 0x67, 0x29, 0x67, 0x29, 0x67, 0x29, 0x67, 0x29, 0x67, 0x29, 0x67, 
  0x29, 0x67, 0x29, 0x67, 0x29, 0x67, 0x29, 0x67, 0x29, 0x67, 0x29, 0x67, 0x29, 0x67, 0x29, 0x67, 
  0x29, 0x67, 0x29, 0x67, 0x29, 0x67, 0x29, 0x67, 0x29, 0x67, 0x29, 0x67, 0x29, 0x67, 0x29, 0x67, 
  0x29, 0x67, 0x29, 0x67, 0x29, 0x67, 0x29, 0x67, 0x29, 0x67, 0x29, 0x67, 0x29, 0x67, 0x29, 0x67, 
  0x29, 0x67, 0x29, 0x67, 0x29, 0x67, 0x29, 0x67, 0x29, 0x67, 0x29, 0x67, 0x29, 0x67, 0x29, 0x67, 
  0x29, 0x67, 0x29, 0x67, 0x29, 0x67, 0x29, 0x67, 0x29, 0x67, 0x29, 0x67, 0x29, 0x67, 0x29, 0x67, 
  0x29, 0x67, 0x29, 0x67, 0x29, 0x67, 0x29, 0x67, 0x29, 0x67, 0x29, 0x67, 0x29, 0x67, 0x29, 0x67, 
  0x29, 0x67, 0x29, 0x67, 0x29, 0x67, 0x29, 0x67, 0x29, 0x67, 0x29, 0x67, 0x29, 0x67, 0x29, 0x67, 
  0x29, 0x67, 0x29, 0x67, 0x29, 0x67, 0x29, 0x67, 0x29, 0x67, 0x29, 0x67, 0x29, 0x67, 0x29, 0x67, 
  0x29, 0x67, 0x29, 0x67, 0x29, 0x67, 0x5A, 0x26, 0x5A, 0x26, 0x5A, 0x26, 0xF6, 0x92, 0xF6, 0x92, 
  0xF6, 0x92, 0xF6, 0x92, 0xF6, 0x92, 0xF6, 0x92, 0xF6, 0x92, 0xF6, 0x92, 0xF6, 0x92, 0xF6, 0x92, 
  0xF6, 0x92, 0xF6, 0x92, 0xF6, 0x92, 0xF6, 0x92, 0xF6, 0x92, 0xF6, 0x92, 0xF6, 0x92, 0xF6, 0x92, 
  0xF6, 0x92, 0xF6, 0x92, 0xF6, 0x92, 0xF6, 0x92, 0xF6, 0x92, 0xF6, 0x92, 0xF6, 0x92, 0xF6, 0x92, 
  0xF6, 0x92, 0xF6, 0x92, 0xF6, 0x92, 0xF6, 0x92, 0xF6, 0x92, 0xF6, 0x92, 0xF6, 0x92, 0xF6, 0x92, 
  0xF6, 0x92, 0xF6, 0x92, 0xF6, 0x92, 0xF6, 0x92, 0xF6, 0x92, 0xF6, 0x92, 0xF6, 0x92, 0xF6, 0x92, 
  0xF6, 0x92, 0xF6, 0x92, 0xF6, 0x92, 0xF6, 0x92, 0xF6, 0x92, 0xF6, 0x92, 0xF6, 0x92, 0xF6, 0x92, 
  0xF6, 0x92, 0xF6, 0x92, 0xF6, 0x92, 0x5A, 0x26, 0x5A, 0x26, 0x5A, 0x26, 0x29, 0x67, 0x29, 0x67, 
  0x29, 0x67, 0x29, 0x67, 0x29, 0x67, 0x29, 0x67, 0x29, 0x67, 0x29, 0x67, 0x29, 0x67, 0x29, 0x67, 
  0x29, 0x67, 0x29, 0x67, 0x29, 0x67, 0x29, 0x67, 0x29, 0x67, 0x29, 0x67, 0x29, 0x67, 0x29, 0x67, 
  0x29, 0x67, 0x29, 0x67, 0x29, 0x67, 0x29, 0x67, 0x29, 0x67, 0x29, 0x67, 0x29, 0x67, 0x29, 0x67, 
  0x29, 0x67, 0x29, 0x67, 0x29, 0x67, 0x29, 0x67, 0x29, 0x67, 0x29, 0x67, 0x29, 0x67, 0x29, 0x67, 
  0x29, 0x67, 0x29, 0x67, 0x29, 0x67, 0x29, 0x67, 0x29, 0x67, 0x29, 0x67, 0x29, 0x67, 0x29, 0x67, 
  0x29, 0x67, 0x29, 0x67, 0x29, 0x67, 0x29, 0x67, 0x29, 0x67, 0x29, 0x67, 0x29, 0x67, 0x29, 0x67, 
  0x29, 0x67, 0x29, 0x67, 0x29, 0x67, 0x29, 0x67, 0x29, 0x67, 0x29, 0x67, 0x29, 0x67, 0x29, 0x67, 
  0x29, 0x67, 0x29, 0x67, 0x29, 0x67, 0x29, 0x67, 0x29, 0x67, 0x29, 0x67, 0x29, 0x67, 0x29, 0x67, 
  0x29, 0x67, 0x29, 0x67, 0x29, 0x67, 0x29, 0x67, 0x29, 0x67, 0x29, 0x67, 0x29, 0x67, 0x29, 0x67, 
  0x29, 0x67, 0x29, 0x67, 0x29, 0x67, 0x29, 0x67, 0x29, 0x67, 0x29, 0x67, 0x29, 0x67, 0x29, 0x67, 
  0x29, 0x67, 0x29, 0x67, 0x29, 0x67, 0x29, 0x67, 0x29, 0x67, 0x29, 0x67, 0x29, 0x67, 0x29, 0x67, 
  0x29, 0x67, 0x29, 0x67, 0x29, 0x67, 0x29, 0x67, 0x29, 0x67, 0x29, 0x67, 0x29, 0x67, 0x29, 0x67, 
  0x29, 0x67, 0x29, 0x67, 0x29, 0x67, 0x29, 0x67, 0x29, 0x67, 0x29, 0x67, 0x29, 0x67, 0x29, 0x67, 
  0x29, 0x67, 0x29, 0x67, 0x29, 0x67, 0x29, 0x67, 0x29, 0x67, 0x29, 0x67, 0x29, 0x67, 0x29, 0x67, 
  0x29, 0x67, 0x29, 0x67, 0x29, 0x67, 0x29, 0x67, 0x29, 0x67, 0x29, 0x67, 0x29, 0x67, 0x29, 0x67, 
  0x29, 0x67, 0x29, 0x67, 0x29, 0x67, 0x29, 0x67, 0x29, 0x67, 0x29, 0x67, 0x29, 0x67, 0x29, 0x67, 
  0x29, 0x67, 0x29, 0x67, 0x29, 0x67, 0x29, 0x67, 0x29, 0x67, 0x29, 0x67, 0x29, 0x67, 0x29, 0x67, 
  0x29, 0x67, 0x29, 0x67, 0x29, 0x67, 0x29, 0x67, 0x29, 0x67, 0x29, 0x67, 0x29, 0x67, 0x29, 0x67, 
  0x29, 0x67, 0x29, 0x67, 0x29, 0x67, 0x29, 0x67, 0x29, 0x67, 0x29, 0x67, 0x29, 0x67, 0x29, 0x67, 
  0x29, 0x67, 0x29, 0x67, 0x29, 0x67, 0x29, 0x67, 0x29, 0x67, 0x29, 0x67, 0x29, 0x67, 0x29, 0x67, 
  0x29, 0x67, 0x29, 0x67, 0x29, 0x67, 0x29, 0x67, 0x29, 0x67, 0x29, 0x67, 0x29, 0x67, 0x29, 0x67, 
  0x29, 0x67, 0x29, 0x67, 0x29, 0x67, 0x29, 0x67, 0x29, 0x67, 0x29, 0x67, 0x29, 0x67, 0x29, 0x67, 
  0x29, 0x67, 0x29, 0x67, 0x29, 0x67, 0x29, 0x67, 0x29, 0x67, 0x5A, 0x26, 0x5A, 0x26, 0x5A, 0x26, 
  0xF6, 0x92, 0xF6, 0x92, 0xF6, 0x92, 0xF6, 0x92, 0xF6, 0x92, 0xF6, 0x92, 0xF6, 0x92, 0xF6, 0x92, 
  0xF6, 0x92, 0xF6, 0x92, 0xF6, 0x92, 0xF6, 0x92, 0xF6, 0x92, 0xF6, 0x92, 0xF6, 0x92, 0xF6, 0x92, 
  0xF6, 0x92, 0xF6, 0x92, 0xF6, 0x92, 0xF6, 0x92, 0xF6, 0x92, 0xF6, 0x92, 0xF6, 0x92, 0xF6, 0x92, 
  0xF6, 0x92, 0xF6, 0x92, 0xF6, 0x92, 0xF6, 0x92, 0xF6, 0x92, 0xF6, 0x92, 0xF6, 0x92, 0xF6, 0x92, 
  0xF6, 0x92, 0xF6, 0x92, 0xF6, 0x92, 0xF6, 0x92, 0xF6, 0x92, 0xF6, 0x92, 0xF6, 0x92, 0xF6, 0x92, 
  0xF6, 0x92, 0xF6, 0x92, 0xF6, 0x92, 0xF6, 0x92, 0xF6, 0x92, 0xF6, 0x92, 0xF6, 0x92, 0xF6, 0x92, 
  0xF6, 0x92, 0x5A, 0x26, 0x5A, 0x26, 0x5A, 0x26, 0x29, 0x67, 0x29, 0x67, 0x29, 0x67, 0x29, 0x67, 
  0x29, 0x67, 0x29, 0x67, 0x29, 0x67, 0x29, 0x67, 0x29, 0x67, 0x29, 0x67, 0x29, 0x67, 0x29, 0x67, 
  0x29, 0x67, 0x29, 0x67, 0x29, 0x67, 0x29, 0x67, 0x29, 0x67, 0x29, 0x67, 0x29, 0x67, 0x29, 0x67, 
  0x29, 0x67, 0x29, 0x67, 0x29, 0x67, 0x29, 0x67, 0x29, 0x67, 0x29, 0x67, 0x29, 0x67, 0x29, 0x67, 
  0x29, 0x67, 0x29, 0x67, 0x29, 0x67, 0x29, 0x67, 0x29, 0x67, 0x29, 0x67, 0x29, 0x67, 0x29, 0x67, 
  0x29, 0x67, 0x29, 0x67, 0x29, 0x67, 0x29, 0x67, 0x29, 0x67, 0x29, 0x67, 0x29, 0x67, 0x29, 0x67, 
  0x29, 0x67, 0x29, 0x67, 0x29, 0x67, 0x29, 0x67, 0x29, 0x67, 0x29, 0x67, 0x29, 0x67, 0x29, 0x67, 
  0x29, 0x67, 0x29, 0x67, 0x29, 0x67, 0x29, 0x67, 0x29, 0x67, 0x29, 0x67, 0x29, 0x67, 0x29, 0x67, 
  0x29, 0x67, 0x29, 0x67, 0x29, 0x67, 0x29, 0x67, 0x29, 0x67, 0x29, 0x67, 0x29, 0x67, 0x29, 0x67, 
  0x29, 0x67, 0x29, 0x67, 0x29, 0x67, 0x29, 0x67, 0x29, 0x67, 0x29, 0x67, 0x29, 0x67, 0x29, 0x67, 
  0x29, 0x67, 0x29, 0x67, 0x29, 0x67, 0x29, 0x67, 0x29, 0x67, 0x29, 0x67, 0x29, 0x67, 0x29, 0x67, 
  0x29, 0x67, 0x29, 0x67, 0x29, 0x67, 0x29, 0x67, 0x29, 0x67, 0x29, 0x67, 0x29, 0x67, 0x29, 0x67, 
  0x29, 0x67, 0x29, 0x67, 0x29, 0x67, 0x29, 0x67, 0x29, 0x67, 0x29, 0x67, 0x29, 0x67, 0x29, 0x67, 
  0x29, 0x67, 0x29, 0x67, 0x29, 0x67, 0x29, 0x67, 0x29, 0x67, 0x29, 0x67, 0x29, 0x67, 0x29, 0x67, 
  0x29, 0x67, 0x29, 0x67, 0x29, 0x67, 0x29, 0x67, 0x29, 0x67, 0x29, 0x67, 0x29, 0x67, 0x29, 0x67, 
  0x29, 0x67, 0x29, 0x67, 0x29, 0x67, 0x29, 0x67, 0x29, 0x67, 0x29, 0x67, 0x29, 0x67, 0x29, 0x67, 
  0x29, 0x67, 0x29, 0x67, 0x29, 0x67, 0x29, 0x67, 0x29, 0x67, 0x29, 0x67, 0x29, 0x67, 0x29, 0x67, 
  0x29, 0x67, 0x29, 0x67, 0x29, 0x67, 0x29, 0x67, 0x29, 0x67, 0x29, 0x67, 0x29, 0x67, 0x29, 0x67, 
  0x29, 0x67, 0x29, 0x67, 0x29, 0x67, 0x29, 0x67, 0x29, 0x67, 0x29, 0x67, 0x29, 0x67, 0x29, 0x67, 
  0x29, 0x67, 0x29, 0x67, 0x29, 0x67, 0x29, 0x67, 0x29, 0x67, 0x29, 0x67, 0x29, 0x67, 0x29, 0x67, 
  0x29, 0x67, 0x29, 0x67, 0x29, 0x67, 0x29, 0x67, 0x29, 0x67, 0x29, 0x67, 0x29, 0x67, 0x29, 0x67, 
  0x29, 0x67, 0x29, 0x67, 0x29, 0x67, 0x29, 0x67, 0x29, 0x67, 0x29, 0x67, 0x29, 0x67, 0x29, 0x67, 
  0x29, 0x67, 0x29, 0x67, 0x29, 0x67, 0x29, 0x67, 0x29, 0x67, 0x29, 0x67, 0x29, 0x67, 0x29, 0x67, 
  0x29, 0x67, 0x29, 0x67, 0x29, 0x67, 0x29, 0x67, 0x29, 0x67, 0x29, 0x67, 0x5A, 0x26, 0x5A, 0x26, 
  0x5A, 0x26, 0x5A, 0x26, 0xF6, 0x92, 0xF6, 0x92, 0xF6, 0x92, 0xF6, 0x92, 0xF6, 0x92, 0xF6, 0x92, 
  0xF6, 0x92, 0xF6, 0x92, 0xF6, 0x92, 0xF6, 0x92, 0xF6, 0x92, 0xF6, 0x92, 0xF6, 0x92, 0xF6, 0x92, 
  0xF6, 0x92, 0xF6, 0x92, 0xF6, 0x92, 0xF6, 0x92, 0xF6, 0x92, 0xF6, 0x92, 0xF6, 0x92, 0xF6, 0x92, 
  0xF6, 0x92, 0xF6, 0x92, 0xF6, 0x92, 0xF6, 0x92, 0xF6, 0x92, 0xF6, 0x92, 0xF6, 0x92, 0xF6, 0x92, 
  0xF6, 0x92, 0xF6, 0x92, 0xF6, 0x92, 0xF6, 0x92, 0xF6, 0x92, 0xF6, 0x92, 0xF6, 0x92, 0xF6, 0x92, 
  0xF6, 0x92, 0xF6, 0x92, 0xF6, 0x92, 0xF6, 0x92, 0xF6, 0x92, 0xF6, 0x92, 0xF6, 0x92, 0x5A, 0x26, 
  0x5A, 0x26, 0x5A, 0x26, 0x5A, 0x26, 0x29, 0x67, 0x29, 0x67, 0x29, 0x67, 0x29, 0x67, 0x29, 0x67, 
  0x29, 0x67, 0x29, 0x67, 0x29, 0x67, 0x29, 0x67, 0x29, 0x67, 0x29, 0x67, 0x29, 0x67, 0x29, 0x67, 
  0x29, 0x67, 0x29, 0x67, 0x29, 0x67, 0x29, 0x67, 0x29, 0x67, 0x29, 0x67, 0x29, 0x67, 0x29, 0x67, 
  0x29, 0x67, 0x29, 0x67, 0x29, 0x67, 0x29, 0x67, 0x29, 0x67, 0x29, 0x67, 0x29, 0x67, 0x29, 0x67, 
  0x29, 0x67, 0x29, 0x67, 0x29, 0x67, 0x29, 0x67, 0x29, 0x67, 0x29, 0x67, 0x29, 0x67, 0x29, 0x67, 
  0x29, 0x67, 0x29, 0x67, 0x29, 0x67, 0x29, 0x67, 0x29, 0x67, 0x29, 0x67, 0x29, 0x67, 0x29, 0x67, 
  0x29, 0x67, 0x29, 0x67, 0x29, 0x67, 0x29, 0x67, 0x29, 0x67, 0x29, 0x67, 0x29, 0x67, 0x29, 0x67, 
  0x29, 0x67, 0x29, 0x67, 0x29, 0x67, 0x29, 0x67, 0x29, 0x67, 0x29, 0x67, 0x29, 0x67, 0x29, 0x67, 
  0x29, 0x67, 0x29, 0x67, 0x29, 0x67, 0x29, 0x67, 0x29, 0x67, 0x29, 0x67, 0x29, 0x67, 0x29, 0x67, 
  0x29, 0x67, 0x29, 0x67, 0x29, 0x67, 0x29, 0x67, 0x29, 0x67, 0x29, 0x67, 0x29, 0x67, 0x29, 0x67, 
  0x29, 0x67, 0x29, 0x67, 0x29, 0x67, 0x29, 0x67, 0x29, 0x67, 0x29, 0x67, 0x29, 0x67, 0x29, 0x67, 
  0x29, 0x67, 0x29, 0x67, 0x29, 0x67, 0x29, 0x67, 0x29, 0x67, 0x29, 0x67, 0x29, 0x67, 0x29, 0x67, 
  0x29, 0x67, 0x29, 0x67, 0x29, 0x67, 0x29, 0x67, 0x29, 0x67, 0x29, 0x67, 0x29, 0x67, 0x29, 0x67, 
  0x29, 0x67, 0x29, 0x67, 0x29, 0x67, 0x29, 0x67, 0x29, 0x67, 0x29, 0x67, 0x29, 0x67, 0x29, 0x67, 
  0x29, 0x67, 0x29, 0x67, 0x29, 0x67, 0x29, 0x67, 0x29, 0x67, 0x29, 0x67, 0x29, 0x67, 0x29, 0x67, 
  0x29, 0x67, 0x29, 0x67, 0x29, 0x67, 0x29, 0x67, 0x29, 0x67, 0x29, 0x67, 0x29, 0x67, 0x29, 0x67, 
  0x29, 0x67, 0x29, 0x67, 0x29, 0x67, 0x29, 0x67, 0x29, 0x67, 0x29, 0x67, 0x29, 0x67, 0x29, 0x67, 
  0x29, 0x67, 0x29, 0x67, 0x29, 0x67, 0x29, 0x67, 0x29, 0x67, 0x29, 0x67, 0x29, 0x67, 0x29, 0x67, 
  0x29, 0x67, 0x29, 0x67, 0x29, 0x67, 0x29, 0x67, 0x29, 0x67, 0x29, 0x67, 0x29, 0x67, 0x29, 0x67, 
  0x29, 0x67, 0x29, 0x67, 0x29, 0x67, 0x29, 0x67, 0x29, 0x67, 0x29, 0x67, 0x29, 0x67, 0x29, 0x67, 
  0x29, 0x67, 0x29, 0x67, 0x29, 0x67, 0x29, 0x67, 0x29, 0x67, 0x29, 0x67, 0x29, 0x67, 0x29, 0x67, 
  0x29, 0x67, 0x29, 0x67, 0x29, 0x67, 0x29, 0x67, 0x29, 0x67, 0x29, 0x67, 0x29, 0x67, 0x29, 0x67, 
  0x29, 0x67, 0x29, 0x67, 0x29, 0x67, 0x29, 0x67, 0x29, 0x67, 0x29, 0x67, 0x29, 0x67, 0x29, 0x67, 
  0x29, 0x67, 0x29, 0x67, 0x29, 0x67, 0x29, 0x67, 0x29, 0x67, 0x29, 0x67, 0x29, 0x67, 0x29, 0x67, 
  0x5A, 0x26, 0x5A, 0x26, 0x5A, 0x26, 0x5A, 0x26, 0xF6, 0x92, 0xF6, 0x92, 0xF6, 0x92, 0xF6, 0x92, 
  0xF6, 0x92, 0xF6, 0x92, 0xF6, 0x92, 0xF6, 0x92, 0xF6, 0x92, 0xF6, 0x92, 0xF6, 0x92, 0xF6, 0x92, 
  0xF6, 0x92, 0xF6, 0x92, 0xF6, 0x92, 0xF6, 0x92, 0xF6, 0x92, 0xF6, 0x92, 0xF6, 0x92, 0xF6, 0x92, 
  0xF6, 0x92, 0xF6, 0x92, 0xF6, 0x92, 0xF6, 0x92, 0xF6, 0x92, 0xF6, 0x92, 0xF6, 0x92, 0xF6, 0x92, 
  0xF6, 0x92, 0xF6, 0x92, 0xF6, 0x92, 0xF6, 0x92, 0xF6, 0x92, 0xF6, 0x92, 0xF6, 0x92, 0xF6, 0x92, 
  0xF6, 0x92, 0xF6, 0x92, 0xF6, 0x92, 0xF6, 0x92, 0xF6, 0x92, 0x5A, 0x26, 0x5A, 0x26, 0x5A, 0x26, 
  0x5A, 0x26, 0x29, 0x67, 0x29, 0x67, 0x29, 0x67, 0x29, 0x67, 0x29, 0x67, 0x29, 0x67, 0x29, 0x67, 
  0x29, 0x67, 0x29, 0x67, 0x29, 0x67, 0x29, 0x67, 0x29, 0x67, 0x29, 0x67, 0x29, 0x67, 0x29, 0x67, 
  0x29, 0x67, 0x29, 0x67, 0x29, 0x67, 0x29, 0x67, 0x29, 0x67, 0x29, 0x67, 0x29, 0x67, 0x29, 0x67, 
  0x29, 0x67, 0x29, 0x67, 0x29, 0x67, 0x29, 0x67, 0x29, 0x67, 0x29, 0x67, 0x29, 0x67, 0x29, 0x67, 
  0x29, 0x67, 0x29, 0x67, 0x29, 0x67, 0x29, 0x67, 0x29, 0x67, 0x29, 0x67, 0x29, 0x67, 0x29, 0x67, 
  0x29, 0x67, 0x29, 0x67, 0x29, 0x67, 0x29, 0x67, 0x29, 0x67, 0x29, 0x67, 0x29, 0x67, 0x29, 0x67, 
  0x29, 0x67, 0x29, 0x67, 0x29, 0x67, 0x29, 0x67, 0x29, 0x67, 0x29, 0x67, 0x29, 0x67, 0x29, 0x67, 
  0x29, 0x67, 0x29, 0x67, 0x29, 0x67, 0x29, 0x67, 0x29, 0x67, 0x29, 0x67, 0x29, 0x67, 0x29, 0x67, 
  0x29, 0x67, 0x29, 0x67, 0x29, 0x67, 0x29, 0x67, 0x29, 0x67, 0x29, 0x67, 0x29, 0x67, 0x29, 0x67, 
  0x29, 0x67, 0x29, 0x67, 0x29, 0x67, 0x29, 0x67, 0x29, 0x67, 0x29, 0x67, 0x29, 0x67, 0x29, 0x67, 
  0x29, 0x67, 0x29, 0x67, 0x29, 0x67, 0x29, 0x67, 0x29, 0x67, 0x29, 0x67, 0x29, 0x67, 0x29, 0x67, 
  0x29, 0x67, 0x29, 0x67, 0x29, 0x67, 0x29, 0x67, 0x29, 0x67, 0x29, 0x67, 0x29, 0x67, 0x29, 0x67, 
  0x29, 0x67, 0x29, 0x67, 0x29, 0x67, 0x29, 0x67, 0x29, 0x67, 0x29, 0x67, 0x29, 0x67, 0x29, 0x67, 
  0x29, 0x67, 0x29, 0x67, 0x29, 0x67, 0x29, 0x67, 0x29, 0x67, 0x29, 0x67, 0x29, 0x67, 0x29, 0x67, 
  0x29, 0x67, 0x29, 0x67, 0x29, 0x67, 0x29, 0x67, 0x29, 0x67, 0x29, 0x67, 0x29, 0x67, 0x29, 0x67, 
  0x29, 0x67, 0x29, 0x67, 0x29, 0x67, 0x29, 0x67, 0x29, 0x67, 0x29, 0x67, 0x29, 0x67, 0x29, 0x67, 
  0x29, 0x67, 0x29, 0x67, 0x29, 0x67, 0x29, 0x67, 0x29, 0x67, 0x29, 0x67, 0x29, 0x67, 0x29, 0x67, 
  0x29, 0x67, 0x29, 0x67, 0x29, 0x67, 0x29, 0x67, 0x29, 0x67, 0x29, 0x67, 0x29, 0x67, 0x29, 0x67, 
  0x29, 0x67, 0x29, 0x67, 0x29, 0x67, 0x29, 0x67, 0x29, 0x67, 0x29, 0x67, 0x29, 0x67, 0x29, 0x67, 
  0x29, 0x67, 0x29, 0x67, 0x29, 0x67, 0x29, 0x67, 0x29, 0x67, 0x29, 0x67, 0x29, 0x67, 0x29, 0x67, 
  0x29, 0x67, 0x29, 0x67, 0x29, 0x67, 0x29, 0x67, 0x29, 0x67, 0x29, 0x67, 0x29, 0x67, 0x29, 0x67, 
  0x29, 0x67, 0x29, 0x67, 0x29, 0x67, 0x29, 0x67, 0x29, 0x67, 0x29, 0x67, 0x29, 0x67, 0x29, 0x67, 
  0x29, 0x67, 0x29, 0x67, 0x29, 0x67, 0x29, 0x67, 0x29, 0x67, 0x29, 0x67, 0x29, 0x67, 0x29, 0x67, 
  0x29, 0x67, 0x29, 0x67, 0x29, 0x67, 0x29, 0x67, 0x29, 0x67, 0x29, 0x67, 0x29, 0x67, 0x29, 0x67, 
  0x29, 0x67, 0x29, 0x67, 0x5A, 0x26, 0x5A, 0x26, 0x5A, 0x26, 0x5A, 0x26, 0xF6, 0x92, 0xF6, 0x92, 
  0xF6, 0x92, 0xF6, 0x92, 0xF6, 0x92, 0xF6, 0x92, 0xF6, 0x92, 0xF6, 0x92, 0xF6, 0x92, 0xF6, 0x92, 
  0xF6, 0x92, 0xF6, 0x92, 0xF6, 0x92, 0xF6, 0x92, 0xF6, 0x92, 0xF6, 0x92, 0xF6, 0x92, 0xF6, 0x92, 
  0xF6, 0x92, 0xF6, 0x92, 0xF6, 0x92, 0xF6, 0x92, 0xF6, 0x92, 0xF6, 0x92, 0xF6, 0x92, 0xF6, 0x92, 
  0xF6, 0x92, 0xF6, 0x92, 0xF6, 0x92, 0xF6, 0x92, 0xF6, 0x92, 0xF6, 0x92, 0xF6, 0x92, 0xF6, 0x92, 
  0xF6, 0x92, 0xF6, 0x92, 0xF6, 0x92, 0x5A, 0x26, 0x5A, 0x26, 0x5A, 0x26, 0x5A, 0x26, 0x29, 0x67, 
  0x29, 0x67, 0x29, 0x67, 0x29, 0x67, 0x29, 0x67, 0x29, 0x67, 0x29, 0x67, 0x29, 0x67, 0x29, 0x67, 
  0x29, 0x67, 0x29, 0x67, 0x29, 0x67, 0x29, 0x67, 0x29, 0x67, 0x29, 0x67, 0x29, 0x67, 0x29, 0x67, 
  0x29, 0x67, 0x29, 0x67, 0x29, 0x67, 0x29, 0x67, 0x29, 0x67, 0x29, 0x67, 0x29, 0x67, 0x29, 0x67, 
  0x29, 0x67, 0x29, 0x67, 0x29, 0x67, 0x29, 0x67, 0x29, 0x67, 0x29, 0x67, 0x29, 0x67, 0x29, 0x67, 
  0x29, 0x67, 0x29, 0x67, 0x29, 0x67, 0x29, 0x67, 0x29, 0x67, 0x29, 0x67, 0x29, 0x67, 0x29, 0x67, 
  0x29, 0x67, 0x29, 0x67, 0x29, 0x67, 0x29, 0x67, 0x29, 0x67, 0x29, 0x67, 0x29, 0x67, 0x29, 0x67, 
  0x29, 0x67, 0x29, 0x67, 0x29, 0x67, 0x29, 0x67, 0x29, 0x67, 0x29, 0x67, 0x29, 0x67, 0x29, 0x67, 
  0x29, 0x67, 0x29, 0x67, 0x29, 0x67, 0x29, 0x67, 0x29, 0x67, 0x29, 0x67, 0x29, 0x67, 0x29, 0x67, 
  0x29, 0x67, 0x29, 0x67, 0x29, 0x67, 0x29, 0x67, 0x29, 0x67, 0x29, 0x67, 0x29, 0x67, 0x29, 0x67, 
  0x29, 0x67, 0x29, 0x67, 0x29, 0x67, 0x29, 0x67, 0x29, 0x67, 0x29, 0x67, 0x29, 0x67, 0x29, 0x67, 
  0x29, 0x67, 0x29, 0x67, 0x29, 0x67, 0x29, 0x67, 0x29, 0x67, 0x29, 0x67, 0x29, 0x67, 0x29, 0x67, 
  0x29, 0x67, 0x29, 0x67, 0x29, 0x67, 0x29, 0x67, 0x29, 0x67, 0x29, 0x67, 0x29, 0x67, 0x29, 0x67, 
  0x29, 0x67, 0x29, 0x67, 0x29, 0x67, 0x29, 0x67, 0x29, 0x67, 0x29, 0x67, 0x29, 0x67, 0x29, 0x67, 
  0x29, 0x67, 0x29, 0x67, 0x29, 0x67, 0x29, 0x67, 0x29, 0x67, 0x29, 0x67, 0x29, 0x67, 0x29, 0x67, 
  0x29, 0x67, 0x29, 0x67, 0x29, 0x67, 0x29, 0x67, 0x29, 0x67, 0x29, 0x67, 0x29, 0x67, 0x29, 0x67, 
  0x29, 0x67, 0x29, 0x67, 0x29, 0x67, 0x29, 0x67, 0x29, 0x67, 0x29, 0x67, 0x29, 0x67, 0x29, 0x67, 
  0x29, 0x67, 0x29, 0x67, 0x29, 0x67, 0x29, 0x67, 0x29, 0x67, 0x29, 0x67, 0x29, 0x67, 0x29, 0x67, 
  0x29, 0x67, 0x29, 0x67, 0x29, 0x67, 0x29, 0x67, 0x29, 0x67, 0x29, 0x67, 0x29, 0x67, 0x29, 0x67, 
  0x29, 0x67, 0x29, 0x67, 0x29, 0x67, 0x29, 0x67, 0x29, 0x67, 0x29, 0x67, 0x29, 0x67, 0x29, 0x67, 
  0x29, 0x67, 0x29, 0x67, 0x29, 0x67, 0x29, 0x67, 0x29, 0x67, 0x29, 0x67, 0x29, 0x67, 0x29, 0x67, 
  0x29, 0x67, 0x29, 0x67, 0x29, 0x67, 0x29, 0x67, 0x29, 0x67, 0x29, 0x67, 0x29, 0x67, 0x29, 0x67, 
  0x29, 0x67, 0x29, 0x67, 0x29, 0x67, 0x29, 0x67, 0x29, 0x67, 0x29, 0x67, 0x29, 0x67, 0x29, 0x67, 
  0x29, 0x67, 0x29, 0x67, 0x29, 0x67, 0x29, 0x67, 0x29, 0x67, 0x29, 0x67, 0x29, 0x67, 0x29, 0x67, 
  0x29, 0x67, 0x29, 0x67, 0x29, 0x67, 0x29, 0x67, 0x29, 0x67, 0x29, 0x67, 0x29, 0x67, 0x29, 0x67, 
  0x29, 0x67, 0x29, 0x67, 0x29, 0x67, 0x29, 0x67, 0x5A, 0x26, 0x5A, 0x26, 0x5A, 0x26, 0x5A, 0x26, 
  0x5A, 0x26, 0xF6, 0x92, 0xF6, 0x92, 0xF6, 0x92, 0xF6, 0x92, 0xF6, 0x92, 0xF6, 0x92, 0xF6, 0x92, 
  0xF6, 0x92, 0xF6, 0x92, 0xF6, 0x92, 0xF6, 0x92, 0xF6, 0x92, 0xF6, 0x92, 0xF6, 0x92, 0xF6, 0x92, 
  0xF6, 0x92, 0xF6, 0x92, 0xF6, 0x92, 0xF6, 0x92, 0xF6, 0x92, 0xF6, 0x92, 0xF6, 0x92, 0xF6, 0x92, 
  0xF6, 0x92, 0xF6, 0x92, 0xF6, 0x92, 0xF6, 0x92, 0xF6, 0x92, 0xF6, 0x92, 0xF6, 0x92, 0xF6, 0x92, 
  0x5A, 0x26, 0x5A, 0x26, 0x5A, 0x26, 0x5A, 0x26, 0x5A, 0x26, 0x29, 0x67, 0x29, 0x67, 0x29, 0x67, 
  0x29, 0x67, 0x29, 0x67, 0x29, 0x67, 0x29, 0x67, 0x29, 0x67, 0x29, 0x67, 0x29, 0x67, 0x29, 0x67, 
  0x29, 0x67, 0x29, 0x67, 0x29, 0x67, 0x29, 0x67, 0x29, 0x67, 0x29, 0x67, 0x29, 0x67, 0x29, 0x67, 
  0x29, 0x67, 0x29, 0x67, 0x29, 0x67, 0x29, 0x67, 0x29, 0x67, 0x29, 0x67, 0x29, 0x67, 0x29, 0x67, 
  0x29, 0x67, 0x29, 0x67, 0x29, 0x67, 0x29, 0x67, 0x29, 0x67, 0x29, 0x67, 0x29, 0x67, 0x29, 0x67, 
  0x29, 0x67, 0x29, 0x67, 0x29, 0x67, 0x29, 0x67, 0x29, 0x67, 0x29, 0x67, 0x29, 0x67, 0x29, 0x67, 
  0x29, 0x67, 0x29, 0x67, 0x29, 0x67, 0x29, 0x67, 0x29, 0x67, 0x29, 0x67, 0x29, 0x67, 0x29, 0x67, 
  0x29, 0x67, 0x29, 0x67, 0x29, 0x67, 0x29, 0x67, 0x29, 0x67, 0x29, 0x67, 0x29, 0x67, 0x29, 0x67, 
  0x29, 0x67, 0x29, 0x67, 0x29, 0x67, 0x29, 0x67, 0x29, 0x67, 0x29, 0x67, 0x29, 0x67, 0x29, 0x67, 
  0x29, 0x67, 0x29, 0x67, 0x29, 0x67, 0x29, 0x67, 0x29, 0x67, 0x29, 0x67, 0x29, 0x67, 0x29, 0x67, 
  0x29, 0x67, 0x29, 0x67, 0x29, 0x67, 0x29, 0x67, 0x29, 0x67, 0x29, 0x67, 0x29, 0x67, 0x29, 0x67, 
  0x29, 0x67, 0x29, 0x67, 0x29, 0x67, 0x29, 0x67, 0x29, 0x67, 0x29, 0x67, 0x29, 0x67, 0x29, 0x67, 
  0x29, 0x67, 0x29, 0x67, 0x29, 0x67, 0x29, 0x67, 0x29, 0x67, 0x29, 0x67, 0x29, 0x67, 0x29, 0x67, 
  0x29, 0x67, 0x29, 0x67, 0x29, 0x67, 0x29, 0x67, 0x29, 0x67, 0x29, 0x67, 0x29, 0x67, 0x29, 0x67, 
  0x29, 0x67, 0x29, 0x67, 0x29, 0x67, 0x29, 0x67, 0x29, 0x67, 0x29, 0x67, 0x29, 0x67, 0x29, 0x67, 
  0x29, 0x67, 0x29, 0x67, 0x29, 0x67, 0x29, 0x67, 0x29, 0x67, 0x29, 0x67, 0x29, 0x67, 0x29, 0x67, 
  0x29, 0x67, 0x29, 0x67, 0x29, 0x67, 0x29, 0x67, 0x29, 0x67, 0x29, 0x67, 0x29, 0x67, 0x29, 0x67, 
  0x29, 0x67, 0x29, 0x67, 0x29, 0x67, 0x29, 0x67, 0x29, 0x67, 0x29, 0x67, 0x29, 0x67, 0x29, 0x67, 
  0x29, 0x67, 0x29, 0x67, 0x29, 0x67, 0x29, 0x67, 0x29, 0x67, 0x29, 0x67, 0x29, 0x67, 0x29, 0x67, 
  0x29, 0x67, 0x29, 0x67, 0x29, 0x67, 0x29, 0x67, 0x29, 0x67, 0x29, 0x67, 0x29, 0x67, 0x29, 0x67, 
  0x29, 0x67, 0x29, 0x67, 0x29, 0x67, 0x29, 0x67, 0x29, 0x67, 0x29, 0x67, 0x29, 0x67, 0x29, 0x67, 
  0x29, 0x67, 0x29, 0x67, 0x29, 0x67, 0x29, 0x67, 0x29, 0x67, 0x29, 0x67, 0x29, 0x67, 0x29, 0x67, 
  0x29, 0x67, 0x29, 0x67, 0x29, 0x67, 0x29, 0x67, 0x29, 0x67, 0x29, 0x67, 0x29, 0x67, 0x29, 0x67, 
  0x29, 0x67, 0x29, 0x67, 0x29, 0x67, 0x29, 0x67, 0x29, 0x67, 0x29, 0x67, 0x29, 0x67, 0x29, 0x67, 
  0x29, 0x67, 0x29, 0x67, 0x29, 0x67, 0x29, 0x67, 0x29, 0x67, 0x29, 0x67, 0x29, 0x67, 0x29, 0x67, 
  0x29, 0x67, 0x29, 0x67, 0x29, 0x67, 0x29, 0x67, 0x29, 0x67, 0x29, 0x67, 0x5A, 0x26, 0x5A, 0x26, 
  0x5A, 0x26, 0x5A, 0x26, 0x5A, 0x26, 0x5A, 0x26, 0xF6, 0x92, 0xF6, 0x92, 0xF6, 0x92, 0xF6, 0x92, 
  0xF6, 0x92, 0xF6, 0x92, 0xF6, 0x92, 0xF6, 0x92, 0xF6, 0x92, 0xF6, 0x92, 0xF6, 0x92, 0xF6, 0x92, 
  0xF6, 0x92, 0xF6, 0x92, 0xF6, 0x92, 0xF6, 0x92, 0xF6, 0x92, 0xF6, 0x92, 0xF6, 0x92, 0xF6, 0x92, 
  0xF6, 0x92, 0xF6, 0x92, 0xF6, 0x92, 0xF6, 0x92, 0xF6, 0x92, 0x5A, 0x26, 0x5A, 0x26, 0x5A, 0x26, 
  0x5A, 0x26, 0x5A, 0x26, 0x5A, 0x26, 0x29, 0x67, 0x29, 0x67, 0x29, 0x67, 0x29, 0x67, 0x29, 0x67, 
  0x29, 0x67, 0x29, 0x67, 0x29, 0x67, 0x29, 0x67, 0x29, 0x67, 0x29, 0x67, 0x29, 0x67, 0x29, 0x67, 
  0x29, 0x67, 0x29, 0x67, 0x29, 0x67, 0x29, 0x67, 0x29, 0x67, 0x29, 0x67, 0x29, 0x67, 0x29, 0x67, 
  0x29, 0x67, 0x29, 0x67, 0x29, 0x67, 0x29, 0x67, 0x29, 0x67, 0x29, 0x67, 0x29, 0x67, 0x29, 0x67, 
  0x29, 0x67, 0x29, 0x67, 0x29, 0x67, 0x29, 0x67, 0x29, 0x67, 0x29, 0x67, 0x29, 0x67, 0x29, 0x67, 
  0x29, 0x67, 0x29, 0x67, 0x29, 0x67, 0x29, 0x67, 0x29, 0x67, 0x29, 0x67, 0x29, 0x67, 0x29, 0x67, 
  0x29, 0x67, 0x29, 0x67, 0x29, 0x67, 0x29, 0x67, 0x29, 0x67, 0x29, 0x67, 0x29, 0x67, 0x29, 0x67, 
  0x29, 0x67, 0x29, 0x67, 0x29, 0x67, 0x29, 0x67, 0x29, 0x67, 0x29, 0x67, 0x29, 0x67, 0x29, 0x67, 
  0x29, 0x67, 0x29, 0x67, 0x29, 0x67, 0x29, 0x67, 0x29, 0x67, 0x29, 0x67, 0x29, 0x67, 0x29, 0x67, 
  0x29, 0x67, 0x29, 0x67, 0x29, 0x67, 0x29, 0x67, 0x29, 0x67, 0x29, 0x67, 0x29, 0x67, 0x29, 0x67, 
  0x29, 0x67, 0x29, 0x67, 0x29, 0x67, 0x29, 0x67, 0x29, 0x67, 0x29, 0x67, 0x29, 0x67, 0x29, 0x67, 
  0x29, 0x67, 0x29, 0x67, 0x29, 0x67, 0x29, 0x67, 0x29, 0x67, 0x29, 0x67, 0x29, 0x67, 0x29, 0x67, 
  0x29, 0x67, 0x29, 0x67, 0x29, 0x67, 0x29, 0x67, 0x29, 0x67, 0x29, 0x67, 0x29, 0x67, 0x29, 0x67, 
  0x29, 0x67, 0x29, 0x67, 0x29, 0x67, 0x29, 0x67, 0x29, 0x67, 0x29, 0x67, 0x29, 0x67, 0x29, 0x67, 
  0x29, 0x67, 0x29, 0x67, 0x29, 0x67, 0x29, 0x67, 0x29, 0x67, 0x29, 0x67, 0x29, 0x67, 0x29, 0x67, 
  0x29, 0x67, 0x29, 0x67, 0x29, 0x67, 0x29, 0x67, 0x29, 0x67, 0x29, 0x67, 0x29, 0x67, 0x29, 0x67, 
  0x29, 0x67, 0x29, 0x67, 0x29, 0x67, 0x29, 0x67, 0x29, 0x67, 0x29, 0x67, 0x29, 0x67, 0x29, 0x67, 
  0x29, 0x67, 0x29, 0x67, 0x29, 0x67, 0x29, 0x67, 0x29, 0x67, 0x29, 0x67, 0x29, 0x67, 0x29, 0x67, 
  0x29, 0x67, 0x29, 0x67, 0x29, 0x67, 0x29, 0x67, 0x29, 0x67, 0x29, 0x67, 0x29, 0x67, 0x29, 0x67, 
  0x29, 0x67, 0x29, 0x67, 0x29, 0x67, 0x29, 0x67, 0x29, 0x67, 0x29, 0x67, 0x29, 0x67, 0x29, 0x67, 
  0x29, 0x67, 0x29, 0x67, 0x29, 0x67, 0x29, 0x67, 0x29, 0x67, 0x29, 0x67, 0x29, 0x67, 0x29, 0x67, 
  0x29, 0x67, 0x29, 0x67, 0x29, 0x67, 0x29, 0x67, 0x29, 0x67, 0x29, 0x67, 0x29, 0x67, 0x29, 0x67, 
  0x29, 0x67, 0x29, 0x67, 0x29, 0x67, 0x29, 0x67, 0x29, 0x67, 0x29, 0x67, 0x29, 0x67, 0x29, 0x67, 
  0x29, 0x67, 0x29, 0x67, 0x29, 0x67, 0x29, 0x67, 0x29, 0x67, 0x29, 0x67, 0x29, 0x67, 0x29, 0x67, 
  0x29, 0x67, 0x29, 0x67, 0x29, 0x67, 0x29, 0x67, 0x29, 0x67, 0x29, 0x67, 0x29, 0x67, 0x29, 0x67, 
  0x29, 0x67, 0x29, 0x67, 0x29, 0x67, 0x29, 0x67, 0x29, 0x67, 0x29, 0x67, 0x29, 0x67, 0x29, 0x67, 
  0x29, 0x67, 0x5A, 0x26, 0x5A, 0x26, 0x5A, 0x26, 0x5A, 0x26, 0x5A, 0x26, 0x5A, 0x26, 0x5A, 0x26, 
  0x5A, 0x26, 0x5A, 0x26, 0xF6, 0x92, 0xF6, 0x92, 0xF6, 0x92, 0xF6, 0x92, 0xF6, 0x92, 0xF6, 0x92, 
  0xF6, 0x92, 0xF6, 0x92, 0xF6, 0x92, 0xF6, 0x92, 0xF6, 0x92, 0xF6, 0x92, 0xF6, 0x92, 0x5A, 0x26, 
  0x5A, 0x26, 0x5A, 0x26, 0x5A, 0x26, 0x5A, 0x26, 0x5A, 0x26, 0x5A, 0x26, 0x5A, 0x26, 0x5A, 0x26, 
  0x29, 0x67, 0x29, 0x67, 0x29, 0x67, 0x29, 0x67, 0x29, 0x67, 0x29, 0x67, 0x29, 0x67, 0x29, 0x67, 
  0x29, 0x67, 0x29, 0x67, 0x29, 0x67, 0x29, 0x67, 0x29, 0x67, 0x29, 0x67, 0x29, 0x67, 0x29, 0x67, 
  0x29, 0x67, 0x29, 0x67, 0x29, 0x67, 0x29, 0x67, 0x29, 0x67, 0x29, 0x67, 0x29, 0x67, 0x29, 0x67, 
  0x29, 0x67, 0x29, 0x67, 0x29, 0x67, 0x29, 0x67, 0x29, 0x67, 0x29, 0x67, 0x29, 0x67, 0x29, 0x67, 
  0x29, 0x67, 0x29, 0x67, 0x29, 0x67, 0x29, 0x67, 0x29, 0x67, 0x29, 0x67, 0x29, 0x67, 0x29, 0x67, 
  0x29, 0x67, 0x29, 0x67, 0x29, 0x67, 0x29, 0x67, 0x29, 0x67, 0x29, 0x67, 0x29, 0x67, 0x29, 0x67, 
  0x29, 0x67, 0x29, 0x67, 0x29, 0x67, 0x29, 0x67, 0x29, 0x67, 0x29, 0x67, 0x29, 0x67, 0x29, 0x67, 
  0x29, 0x67, 0x29, 0x67, 0x29, 0x67, 0x29, 0x67, 0x29, 0x67, 0x29, 0x67, 0x29, 0x67, 0x29, 0x67, 
  0x29, 0x67, 0x29, 0x67, 0x29, 0x67, 0x29, 0x67, 0x29, 0x67, 0x29, 0x67, 0x29, 0x67, 0x29, 0x67, 
  0x29, 0x67, 0x29, 0x67, 0x29, 0x67, 0x29, 0x67, 0x29, 0x67, 0x29, 0x67, 0x29, 0x67, 0x29, 0x67, 
  0x29, 0x67, 0x29, 0x67, 0x29, 0x67, 0x29, 0x67, 0x29, 0x67, 0x29, 0x67, 0x29, 0x67, 0x29, 0x67, 
  0x29, 0x67, 0x29, 0x67, 0x29, 0x67, 0x29, 0x67, 0x29, 0x67, 0x29, 0x67, 0x29, 0x67, 0x29, 0x67, 
  0x29, 0x67, 0x29, 0x67, 0x29, 0x67, 0x29, 0x67, 0x29, 0x67, 0x29, 0x67, 0x29, 0x67, 0x29, 0x67, 
  0x29, 0x67, 0x29, 0x67, 0x29, 0x67, 0x29, 0x67, 0x29, 0x67, 0x29, 0x67, 0x29, 0x67, 0x29, 0x67, 
  0x29, 0x67, 0x29, 0x67, 0x29, 0x67, 0x29, 0x67, 0x29, 0x67, 0x29, 0x67, 0x29, 0x67, 0x29, 0x67, 
  0x29, 0x67, 0x29, 0x67, 0x29, 0x67, 0x29, 0x67, 0x29, 0x67, 0x29, 0x67, 0x29, 0x67, 0x29, 0x67, 
  0x29, 0x67, 0x29, 0x67, 0x29, 0x67, 0x29, 0x67, 0x29, 0x67, 0x29, 0x67, 0x29, 0x67, 0x29, 0x67, 
  0x29, 0x67, 0x29, 0x67, 0x29, 0x67, 0x29, 0x67, 0x29, 0x67, 0x29, 0x67, 0x29, 0x67, 0x29, 0x67, 
  0x29, 0x67, 0x29, 0x67, 0x29, 0x67, 0x29, 0x67, 0x29, 0x67, 0x29, 0x67, 0x29, 0x67, 0x29, 0x67, 
  0x29, 0x67, 0x29, 0x67, 0x29, 0x67, 0x29, 0x67, 0x29, 0x67, 0x29, 0x67, 0x29, 0x67, 0x29, 0x67, 
  0x29, 0x67, 0x29, 0x67, 0x29, 0x67, 0x29, 0x67, 0x29, 0x67, 0x29, 0x67, 0x29, 0x67, 0x29, 0x67, 
  0x29, 0x67, 0x29, 0x67, 0x29, 0x67, 0x29, 0x67, 0x29, 0x67, 0x29, 0x67, 0x29, 0x67, 0x29, 0x67, 
  0x29, 0x67, 0x29, 0x67, 0x29, 0x67, 0x29, 0x67, 0x29, 0x67, 0x29, 0x67, 0x29, 0x67, 0x29, 0x67, 
  0x29, 0x67, 0x29, 0x67, 0x29, 0x67, 0x29, 0x67, 0x29, 0x67, 0x29, 0x67, 0x29, 0x67, 0x29, 0x67, 
  0x29, 0x67, 0x29, 0x67, 0x29, 0x67, 0x29, 0x67, 0x29, 0x67, 0x29, 0x67, 0x29, 0x67, 0x29, 0x67, 
  0x29, 0x67, 0x29, 0x67, 0x29, 0x67, 0x29, 0x67, 0x29, 0x67, 0x29, 0x67, 0x29, 0x67, 0x29, 0x67, 
  0x29, 0x67, 0x29, 0x67, 0x29, 0x67, 0x29, 0x67, 0x5A, 0x26, 0x5A, 0x26, 0x5A, 0x26, 0x5A, 0x26, 
  0x5A, 0x26, 0x5A, 0x26, 0x5A, 0x26, 0x5A, 0x26, 0x5A, 0x26, 0x5A, 0x26, 0x5A, 0x26, 0x5A, 0x26, 
  0x5A, 0x26, 0x5A, 0x26, 0x5A, 0x26, 0x5A, 0x26, 0x5A, 0x26, 0x5A, 0x26, 0x5A, 0x26, 0x5A, 0x26, 
  0x5A, 0x26, 0x5A, 0x26, 0x5A, 0x26, 0x5A, 0x26, 0x5A, 0x26, 0x29, 0x67, 0x29, 0x67, 0x29, 0x67, 
  0x29, 0x67, 0x29, 0x67, 0x29, 0x67, 0x29, 0x67, 0x29, 0x67, 0x29, 0x67, 0x29, 0x67, 0x29, 0x67, 
  0x29, 0x67, 0x29, 0x67, 0x29, 0x67, 0x29, 0x67, 0x29, 0x67, 0x29, 0x67, 0x29, 0x67, 0x29, 0x67, 
  0x29, 0x67, 0x29, 0x67, 0x29, 0x67, 0x29, 0x67, 0x29, 0x67, 0x29, 0x67, 0x29, 0x67, 0x29, 0x67, 
  0x29, 0x67, 0x29, 0x67, 0x29, 0x67, 0x29, 0x67, 0x29, 0x67, 0x29, 0x67, 0x29, 0x67, 0x29, 0x67, 
  0x29, 0x67, 0x29, 0x67, 0x29, 0x67, 0x29, 0x67, 0x29, 0x67, 0x29, 0x67, 0x29, 0x67, 0x29, 0x67, 
  0x29, 0x67, 0x29, 0x67, 0x29, 0x67, 0x29, 0x67, 0x29, 0x67, 0x29, 0x67, 0x29, 0x67, 0x29, 0x67, 
  0x29, 0x67, 0x29, 0x67, 0x29, 0x67, 0x29, 0x67, 0x29, 0x67, 0x29, 0x67, 0x29, 0x67, 0x29, 0x67, 
  0x29, 0x67, 0x29, 0x67, 0x29, 0x67, 0x29, 0x67, 0x29, 0x67, 0x29, 0x67, 0x29, 0x67, 0x29, 0x67, 
  0x29, 0x67, 0x29, 0x67, 0x29, 0x67, 0x29, 0x67, 0x29, 0x67, 0x29, 0x67, 0x29, 0x67, 0x29, 0x67, 
  0x29, 0x67, 0x29, 0x67, 0x29, 0x67, 0x29, 0x67, 0x29, 0x67, 0x29, 0x67, 0x29, 0x67, 0x29, 0x67, 
  0x29, 0x67, 0x29, 0x67, 0x29, 0x67, 0x29, 0x67, 0x29, 0x67, 0x29, 0x67, 0x29, 0x67, 0x29, 0x67, 
  0x29, 0x67, 0x29, 0x67, 0x29, 0x67, 0x29, 0x67, 0x29, 0x67, 0x29, 0x67, 0x29, 0x67, 0x29, 0x67, 
  0x29, 0x67, 0x29, 0x67, 0x29, 0x67, 0x29, 0x67, 0x29, 0x67, 0x29, 0x67, 0x29, 0x67, 0x29, 0x67, 
  0x29, 0x67, 0x29, 0x67, 0x29, 0x67, 0x29, 0x67, 0x29, 0x67, 0x29, 0x67, 0x29, 0x67, 0x29, 0x67, 
  0x29, 0x67, 0x29, 0x67, 0x29, 0x67, 0x29, 0x67, 0x29, 0x67, 0x29, 0x67, 0x29, 0x67, 0x29, 0x67, 
  0x29, 0x67, 0x29, 0x67, 0x29, 0x67, 0x29, 0x67, 0x29, 0x67, 0x29, 0x67, 0x29, 0x67, 0x29, 0x67, 
  0x29, 0x67, 0x29, 0x67, 0x29, 0x67, 0x29, 0x67, 0x29, 0x67, 0x29, 0x67, 0x29, 0x67, 0x29, 0x67, 
  0x29, 0x67, 0x29, 0x67, 0x29, 0x67, 0x29, 0x67, 0x29, 0x67, 0x29, 0x67, 0x29, 0x67, 0x29, 0x67, 
  0x29, 0x67, 0x29, 0x67, 0x29, 0x67, 0x29, 0x67, 0x29, 0x67, 0x29, 0x67, 0x29, 0x67, 0x29, 0x67, 
  0x29, 0x67, 0x29, 0x67, 0x29, 0x67, 0x29, 0x67, 0x29, 0x67, 0x29, 0x67, 0x29, 0x67, 0x29, 0x67, 
  0x29, 0x67, 0x29, 0x67, 0x29, 0x67, 0x29, 0x67, 0x29, 0x67, 0x29, 0x67, 0x29, 0x67, 0x29, 0x67, 
  0x29, 0x67, 0x29, 0x67, 0x29, 0x67, 0x29, 0x67, 0x29, 0x67, 0x29, 0x67, 0x29, 0x67, 0x29, 0x67, 
  0x29, 0x67, 0x29, 0x67, 0x29, 0x67, 0x29, 0x67, 0x29, 0x67, 0x29, 0x67, 0x29, 0x67, 0x29, 0x67, 
  0x29, 0x67, 0x29, 0x67, 0x29, 0x67, 0x29, 0x67, 0x29, 0x67, 0x29, 0x67, 0x29, 0x67, 0x29, 0x67, 
  0x29, 0x67, 0x29, 0x67, 0x29, 0x67, 0x29, 0x67, 0x29, 0x67, 0x29, 0x67, 0x29, 0x67, 0x29, 0x67, 
  0x29, 0x67, 0x29, 0x67, 0x29, 0x67, 0x29, 0x67, 0x29, 0x67, 0x29, 0x67, 0x29, 0x67, 0x29, 0x67, 
  0x29, 0x67, 0x29, 0x67, 0x29, 0x67, 0x29, 0x67, 0x29, 0x67, 0x29, 0x67, 0x29, 0x67, 0x29, 0x67, 
  0x29, 0x67, 0x5A, 0x26, 0x5A, 0x26, 0x5A, 0x26, 0x5A, 0x26, 0x5A, 0x26, 0x5A, 0x26, 0x5A, 0x26, 
  0x5A, 0x26, 0x5A, 0x26, 0x5A, 0x26, 0x5A, 0x26, 0x5A, 0x26, 0x5A, 0x26, 0x5A, 0x26, 0x5A, 0x26, 
  0x29, 0x67, 0x29, 0x67, 0x29, 0x67, 0x29, 0x67, 0x29, 0x67, 0x29, 0x67, 0x29, 0x67, 0x29, 0x67, 
  0x29, 0x67, 0x29, 0x67, 0x29, 0x67, 0x29, 0x67, 0x29, 0x67, 0x29, 0x67, 0x29, 0x67, 0x29, 0x67, 
  0x29, 0x67, 0x29, 0x67, 0x29, 0x67, 0x29, 0x67, 0x29, 0x67, 0x29, 0x67, 0x29, 0x67, 0x29, 0x67, 
  0x29, 0x67, 0x29, 0x67, 0x29, 0x67, 0x29, 0x67, 0x29, 0x67, 0x29, 0x67, 0x29, 0x67, 0x29, 0x67, 
  0x29, 0x67, 0x29, 0x67, 0x29, 0x67, 0x29, 0x67, 0x29, 0x67, 0x29, 0x67, 0x29, 0x67, 0x29, 0x67, 
  0x29, 0x67, 0x29, 0x67, 0x29, 0x67, 0x29, 0x67, 0x29, 0x67, 0x29, 0x67, 0x29, 0x67, 0x29, 0x67, 
  0x29, 0x67, 0x29, 0x67, 0x29, 0x67, 0x29, 0x67, 0x29, 0x67, 0x29, 0x67, 0x29, 0x67, 0x29, 0x67, 
  0x29, 0x67, 0x29, 0x67, 0x29, 0x67, 0x29, 0x67, 0x29, 0x67, 0x29, 0x67, 0x29, 0x67, 0x29, 0x67, 
  0x29, 0x67, 0x29, 0x67, 0x29, 0x67, 0x29, 0x67, 0x29, 0x67, 0x29, 0x67, 0x29, 0x67, 0x29, 0x67, 
  0x29, 0x67, 0x29, 0x67, 0x29, 0x67, 0x29, 0x67, 0x29, 0x67, 0x29, 0x67, 0x29, 0x67, 0x29, 0x67, 
  0x29, 0x67, 0x29, 0x67, 0x29, 0x67, 0x29, 0x67, 0x29, 0x67, 0x29, 0x67, 0x29, 0x67, 0x29, 0x67, 
  0x29, 0x67, 0x29, 0x67, 0x29, 0x67, 0x29, 0x67, 0x29, 0x67, 0x29, 0x67, 0x29, 0x67, 0x29, 0x67, 
  0x29, 0x67, 0x29, 0x67, 0x29, 0x67, 0x29, 0x67, 0x29, 0x67, 0x29, 0x67, 0x29, 0x67, 0x29, 0x67, 
  0x29, 0x67, 0x29, 0x67, 0x29, 0x67, 0x29, 0x67, 0x29, 0x67, 0x29, 0x67, 0x29, 0x67, 0x29, 0x67, 
  0x29, 0x67, 0x29, 0x67, 0x29, 0x67, 0x29, 0x67, 0x29, 0x67, 0x29, 0x67, 0x29, 0x67, 0x29, 0x67, 
  0x29, 0x67, 0x29, 0x67, 0x29, 0x67, 0x29, 0x67, 0x29, 0x67, 0x29, 0x67, 0x29, 0x67, 0x29, 0x67, 
  0x29, 0x67, 0x29, 0x67, 0x29, 0x67, 0x29, 0x67, 0x29, 0x67, 0x29, 0x67, 0x29, 0x67, 0x29, 0x67, 
  0x29, 0x67, 0x29, 0x67, 0x29, 0x67, 0x29, 0x67, 0x29, 0x67, 0x29, 0x67, 0x29, 0x67, 0x29, 0x67, 
  0x29, 0x67, 0x29, 0x67, 0x29, 0x67, 0x29, 0x67, 0x29, 0x67, 0x29, 0x67, 0x29, 0x67, 0x29, 0x67, 
  0x29, 0x67, 0x29, 0x67, 0x29, 0x67, 0x29, 0x67, 0x29, 0x67, 0x29, 0x67, 0x29, 0x67, 0x29, 0x67, 
  0x29, 0x67, 0x29, 0x67, 0x29, 0x67, 0x29, 0x67, 0x29, 0x67, 0x29, 0x67, 0x29, 0x67, 0x29, 0x67, 
  0x29, 0x67, 0x29, 0x67, 0x29, 0x67, 0x29, 0x67, 0x29, 0x67, 0x29, 0x67, 0x29, 0x67, 0x29, 0x67, 
  0x29, 0x67, 0x29, 0x67, 0x29, 0x67, 0x29, 0x67, 0x29, 0x67, 0x29, 0x67, 0x29, 0x67, 0x29, 0x67, 
  0x29, 0x67, 0x29, 0x67, 0x29, 0x67, 0x29, 0x67, 0x29, 0x67, 0x29, 0x67, 0x29, 0x67, 0x29, 0x67, 
  0x29, 0x67, 0x29, 0x67, 0x29, 0x67, 0x29, 0x67, 0x29, 0x67, 0x29, 0x67, 0x29, 0x67, 0x29, 0x67, 
  0x29, 0x67, 0x29, 0x67, 0x29, 0x67, 0x29, 0x67, 0x29, 0x67, 0x29, 0x67, 0x29, 0x67, 0x29, 0x67, 
  0x29, 0x67, 0x29, 0x67, 0x29, 0x67, 0x29, 0x67, 0x29, 0x67, 0x29, 0x67, 0x29, 0x67, 0x29, 0x67, 
  0x29, 0x67, 0x29, 0x67, 0x29, 0x67, 0x29, 0x67, 0x29, 0x67, 0x29, 0x67, 0x29, 0x67, 0x29, 0x67, 
  0x29, 0x67, 0x29, 0x67, 0x29, 0x67, 0x29, 0x67, 0x29, 0x67, 0x29, 0x67, 0x29, 0x67, 0x29, 0x67, 
  0x29, 0x67, 0x29, 0x67, 0x29, 0x67, 0x29, 0x67, 0x29, 0x67, 0x29, 0x67, 0x29, 0x67, 0x29, 0x67, 
  0x29, 0x67, 0x29, 0x67, 0x29, 0x67, 0x29, 0x67, 0x29, 0x67, 0x29, 0x67, 0x29, 0x67, 0x29, 0x67, 
  0x29, 0x67, 0x29, 0x67, 0x29, 0x67, 0x29, 0x67, 0x29, 0x67, 0x29, 0x67, 0x29, 0x67, 0x29, 0x67, 
  0x29, 0x67, 0x29, 0x67, 0x29, 0x67, 0x29, 0x67, 0x29, 0x67, 0x29, 0x67, 0x29, 0x67, 0x29, 0x67, 
  0x29, 0x67, 0x29, 0x67, 0x29, 0x67, 0x29, 0x67, 0x29, 0x67, 0x29, 0x67, 0x29, 0x67, 0x29, 0x67, 
  0x29, 0x67, 0x29, 0x67, 0x29, 0x67, 0x29, 0x67, 0x29, 0x67, 0x29, 0x67, 0x29, 0x67, 0x29, 0x67, 
  0x29, 0x67, 0x29, 0x67, 0x29, 0x67, 0x29, 0x67, 0x29, 0x67, 0x29, 0x67, 0x29, 0x67, 0x29, 0x67, 
  0x29, 0x67, 0x29, 0x67, 0x29, 0x67, 0x29, 0x67, 0x29, 0x67, 0x29, 0x67, 0x29, 0x67, 0x29, 0x67, 
  0x29, 0x67, 0x29, 0x67, 0x29, 0x67, 0x29, 0x67, 0x29, 0x67, 0x29, 0x67, 0x29, 0x67, 0x29, 0x67, 
  0x29, 0x67, 0x29, 0x67, 0x29, 0x67, 0x29, 0x67, 0x29, 0x67, 0x29, 0x67, 0x29, 0x67, 0x29, 0x67, 
  0x29, 0x67, 0x29, 0x67, 0x29, 0x67, 0x29, 0x67, 0x29, 0x67, 0x29, 0x67, 0x29, 0x67, 0x29, 0x67, 
  0x29, 0x67, 0x29, 0x67, 0x29, 0x67, 0x29, 0x67, 0x29, 0x67, 0x29, 0x67, 0x29, 0x67, 0x29, 0x67, 
  0x29, 0x67, 0x29, 0x67, 0x29, 0x67, 0x29, 0x67, 0x29, 0x67, 0x29, 0x67, 0x29, 0x67, 0x29, 0x67, 
  0x29, 0x67, 0x29, 0x67, 0x29, 0x67, 0x29, 0x67, 0x29, 0x67, 0x29, 0x67, 0x29, 0x67, 0x29, 0x67, 
  0x29, 0x67, 0x29, 0x67, 0x29, 0x67, 0x29, 0x67, 0x29, 0x67, 0x29, 0x67, 0x29, 0x67, 0x29, 0x67, 
  0x29, 0x67, 0x29, 0x67, 0x29, 0x67, 0x29, 0x67, 0x29, 0x67, 0x29, 0x67, 0x29, 0x67, 0x29, 0x67, 
  0x29, 0x67, 0x29, 0x67, 0x29, 0x67, 0x29, 0x67, 0x29, 0x67, 0x29, 0x67, 0x29, 0x67, 0x29, 0x67, 
  0x29, 0x67, 0x29, 0x67, 0x29, 0x67, 0x29, 0x67, 0x29, 0x67, 0x29, 0x67, 0x29, 0x67, 0x29, 0x67, 
  0x29, 0x67, 0x29, 0x67, 0x29, 0x67, 0x29, 0x67, 0x29, 0x67, 0x29, 0x67, 0x29, 0x67, 0x29, 0x67, 
  0x29, 0x67, 0x29, 0x67, 0x29, 0x67, 0x29, 0x67, 0x29, 0x67, 0x29, 0x67, 0x29, 0x67, 0x29, 0x67, 
  0x29, 0x67, 0x29, 0x67, 0x29, 0x67, 0x29, 0x67, 0x29, 0x67, 0x29, 0x67, 0x29, 0x67, 0x29, 0x67, 
  0x29, 0x67, 0x29, 0x67, 0x29, 0x67, 0x29, 0x67, 0x29, 0x67, 0x29, 0x67, 0x29, 0x67, 0x29, 0x67, 
  0x29, 0x67, 0x29, 0x67, 0x29, 0x67, 0x29, 0x67, 0x29, 0x67, 0x29, 0x67, 0x29, 0x67, 0x29, 0x67, 
  0x29, 0x67, 0x29, 0x67, 0x29, 0x67, 0x29, 0x67, 0x29, 0x67, 0x29, 0x67, 0x29, 0x67, 0x29, 0x67, 
  0x29, 0x67, 0x29, 0x67, 0x29, 0x67, 0x29, 0x67, 0x29, 0x67, 0x29, 0x67, 0x29, 0x67, 0x29, 0x67, 
  0x29, 0x67, 0x29, 0x67, 0x29, 0x67, 0x29, 0x67, 0x29, 0x67, 0x29, 0x67, 0x29, 0x67, 0x29, 0x67, 
  0x29, 0x67, 0x29, 0x67, 0x29, 0x67, 0x29, 0x67, 0x29, 0x67, 0x29, 0x67, 0x29, 0x67, 0x29, 0x67, 
  0x29, 0x67, 0x29, 0x67, 0x29, 0x67, 0x29, 0x67, 0x29, 0x67, 0x29, 0x67, 0x29, 0x67, 0x29, 0x67, 
  0x29, 0x67, 0x29, 0x67, 0x29, 0x67, 0x29, 0x67, 0x29, 0x67, 0x29, 0x67, 0x29, 0x67, 0x29, 0x67, 
  0x29, 0x67, 0x29, 0x67, 0x29, 0x67, 0x29, 0x67, 0x29, 0x67, 0x29, 0x67, 0x29, 0x67, 0x29, 0x67, 
  0x29, 0x67, 0x29, 0x67, 0x29, 0x67, 0x29, 0x67, 0x29, 0x67, 0x29, 0x67, 0x29, 0x67, 0x29, 0x67, 
  0x29, 0x67, 0x29, 0x67, 0x29, 0x67, 0x29, 0x67, 0x29, 0x67, 0x29, 0x67, 0x29, 0x67, 0x29, 0x67, 
  0x29, 0x67, 0x29, 0x67, 0x29, 0x67, 0x29, 0x67, 0x29, 0x67, 0x29, 0x67, 0x29, 0x67, 0x29, 0x67, 
  0x29, 0x67, 0x29, 0x67, 0x29, 0x67, 0x29, 0x67, 0x29, 0x67, 0x29, 0x67, 0x29, 0x67, 0x29, 0x67, 
  0x29, 0x67, 0x29, 0x67, 0x29, 0x67, 0x29, 0x67, 0x29, 0x67, 0x29, 0x67, 0x29, 0x67, 0x29, 0x67, 
  0x29, 0x67, 0x29, 0x67, 0x29, 0x67, 0x29, 0x67, 0x29, 0x67, 0x29, 0x67, 0x29, 0x67, 0x29, 0x67, 
  0x29, 0x67, 0x29, 0x67, 0x29, 0x67, 0x29, 0x67, 0x29, 0x67, 0x29, 0x67, 0x29, 0x67, 0x29, 0x67, 
  0x29, 0x67, 0x29, 0x67, 0x29, 0x67, 0x29, 0x67, 0x29, 0x67, 0x29, 0x67, 0x29, 0x67, 0x29, 0x67, 
  0x29, 0x67, 0x29, 0x67, 0x29, 0x67, 0x29, 0x67, 0x29, 0x67, 0x29, 0x67, 0x29, 0x67, 0x29, 0x67, 
  0x29, 0x67, 0x29, 0x67, 0x29, 0x67, 0x29, 0x67, 0x29, 0x67, 0x29, 0x67, 0x29, 0x67, 0x29, 0x67, 
  0x29, 0x67, 0x29, 0x67, 0x29, 0x67, 0x29, 0x67, 0x29, 0x67, 0x29, 0x67, 0x29, 0x67, 0x29, 0x67, 
  0x29, 0x67, 0x29, 0x67, 0x29, 0x67, 0x29, 0x67, 0x29, 0x67, 0x29, 0x67, 0x29, 0x67, 0x29, 0x67, 
  0x29, 0x67, 0x29, 0x67, 0x29, 0x67, 0x29, 0x67, 0x29, 0x67, 0x29, 0x67, 0x29, 0x67, 0x29, 0x67, 
  0x29, 0x67, 0x29, 0x67, 0x29, 0x67, 0x29, 0x67, 0x29, 0x67, 0x29, 0x67, 0x29, 0x67, 0x29, 0x67, 
  0x29, 0x67, 0x29, 0x67, 0x29, 0x67, 0x29, 0x67, 0x29, 0x67, 0x29, 0x67, 0x29, 0x67, 0x29, 0x67, 
  0x29, 0x67, 0x29, 0x67, 0x29, 0x67, 0x29, 0x67, 0x29, 0x67, 0x29, 0x67, 0x29, 0x67, 0x29, 0x67, 
  0x29, 0x67, 0x29, 0x67, 0x29, 0x67, 0x29, 0x67, 0x29, 0x67, 0x29, 0x67, 0x29, 0x67, 0x29, 0x67, 
  0x29, 0x67, 0x29, 0x67, 0x29, 0x67, 0x29, 0x67, 0x29, 0x67, 0x29, 0x67, 0x29, 0x67, 0x29, 0x67, 
  0x29, 0x67, 0x29, 0x67, 0x29, 0x67, 0x29, 0x67, 0x29, 0x67, 0x29, 0x67, 0x29, 0x67, 0x29, 0x67, 
  0x29, 0x67, 0x29, 0x67, 0x29, 0x67, 0x29, 0x67, 0x29, 0x67, 0x29, 0x67, 0x29, 0x67, 0x29, 0x67, 
  0x29, 0x67, 0x29, 0x67, 0x29, 0x67, 0x29, 0x67, 0x29, 0x67, 0x29, 0x67, 0x29, 0x67, 0x29, 0x67, 
  0x29, 0x67, 0x29, 0x67, 0x29, 0x67, 0x29, 0x67, 0x29, 0x67, 0x29, 0x67, 0x29, 0x67, 0x29, 0x67, 
  0x29, 0x67, 0x29, 0x67, 0x29, 0x67, 0x29, 0x67, 0x29, 0x67, 0x29, 0x67, 0x29, 0x67, 0x29, 0x67, 
  0x29, 0x67, 0x29, 0x67, 0x29, 0x67, 0x29, 0x67, 0x29, 0x67, 0x29, 0x67, 0x29, 0x67, 0x29, 0x67, 
  0x29, 0x67, 0x29, 0x67, 0x29, 0x67, 0x29, 0x67, 0x29, 0x67, 0x29, 0x67, 0x29, 0x67, 0x29, 0x67, 
  0x29, 0x67, 0x29, 0x67, 0x29, 0x67, 0x29, 0x67, 0x29, 0x67, 0x29, 0x67, 0x29, 0x67, 0x29, 0x67, 
  0x29, 0x67, 0x29, 0x67, 0x29, 0x67, 0x29, 0x67, 0x29, 0x67, 0x29, 0x67, 0x29, 0x67, 0x29, 0x67, 
  0x29, 0x67, 0x29, 0x67, 0x29, 0x67, 0x29, 0x67, 0x29, 0x67, 0x29, 0x67, 0x29, 0x67, 0x29, 0x67, 
  0x29, 0x67, 0x29, 0x67, 0x29, 0x67, 0x29, 0x67, 0x29, 0x67, 0x29, 0x67, 0x29, 0x67, 0x29, 0x67, 
  0x29, 0x67, 0x29, 0x67, 0x29, 0x67, 0x29, 0x67, 0x29, 0x67, 0x29, 0x67, 0x29, 0x67, 0x29, 0x67, 
  0x29, 0x67, 0x29, 0x67, 0x29, 0x67, 0x29, 0x67, 0x29, 0x67, 0x29, 0x67, 0x29, 0x67, 0x29, 0x67, 
  0x29, 0x67, 0x29, 0x67, 0x29, 0x67, 0x29, 0x67, 0x29, 0x67, 0x29, 0x67, 0x29, 0x67, 0x29, 0x67, 
  0x29, 0x67, 0x29, 0x67, 0x29, 0x67, 0x29, 0x67, 0x29, 0x67, 0x29, 0x67, 0x29, 0x67, 0x29, 0x67, 
  0x29, 0x67, 0x29, 0x67, 0x29, 0x67, 0x29, 0x67, 0x29, 0x67, 0x29, 0x67, 0x29, 0x67, 0x29, 0x67, 
  0x29, 0x67, 0x29, 0x67, 0x29, 0x67, 0x29, 0x67, 0x29, 0x67, 0x29, 0x67, 0x29, 0x67, 0x29, 0x67, 
  0x29, 0x67, 0x29, 0x67, 0x29, 0x67, 0x29, 0x67, 0x29, 0x67, 0x29, 0x67, 0x29, 0x67, 0x29, 0x67, 
  0x29, 0x67, 0x29, 0x67, 0x29, 0x67, 0x29, 0x67, 0x29, 0x67, 0x29, 0x67, 0x29, 0x67, 0x29, 0x67, 
  0x29, 0x67, 0x29, 0x67, 0x29, 0x67, 0x29, 0x67, 0x29, 0x67, 0x29, 0x67, 0x29, 0x67, 0x29, 0x67, 
  0x29, 0x67, 0x29, 0x67, 0x29, 0x67, 0x29, 0x67, 0x29, 0x67, 0x29, 0x67, 0x29, 0x67, 0x29, 0x67, 
  0x29, 0x67, 0x29, 0x67, 0x29, 0x67, 0x29, 0x67, 0x29, 0x67, 0x29, 0x67, 0x29, 0x67, 0x29, 0x67, 
  0x29, 0x67, 0x29, 0x67, 0x29, 0x67, 0x29, 0x67, 0x29, 0x67, 0x29, 0x67, 0x29, 0x67, 0x29, 0x67, 
  0x29, 0x67, 0x29, 0x67, 0x29, 0x67, 0x29, 0x67, 0x29, 0x67, 0x29, 0x67, 0x29, 0x67, 0x29, 0x67, 
  0x29, 0x67, 0x29, 0x67, 0x29, 0x67, 0x29, 0x67, 0x29, 0x67, 0x29, 0x67, 0x29, 0x67, 0x29, 0x67, 
  0x29, 0x67, 0x29, 0x67, 0x29, 0x67, 0x29, 0x67, 0x29, 0x67, 0x29, 0x67, 0x29, 0x67, 0x29, 0x67, 
  0x29, 0x67, 0x29, 0x67, 0x29, 0x67, 0x29, 0x67, 0x29, 0x67, 0x29, 0x67, 0x29, 0x67, 0x29, 0x67, 
  0x29, 0x67, 0x29, 0x67, 0x29, 0x67, 0x29, 0x67, 0x29, 0x67, 0x29, 0x67, 0x29, 0x67, 0x29, 0x67, 
  0x29, 0x67, 0x29, 0x67, 0x29, 0x67, 0x29, 0x67, 0x29, 0x67, 0x29, 0x67, 0x29, 0x67, 0x29, 0x67, 
  0x29, 0x67, 0x29, 0x67, 0x29, 0x67, 0x29, 0x67, 0x29, 0x67, 0x29, 0x67, 0x29, 0x67, 0x29, 0x67, 
  0x29, 0x67, 0x29, 0x67, 0x29, 0x67, 0x29, 0x67, 0x29, 0x67, 0x29, 0x67, 0x29, 0x67, 0x29, 0x67, 
  0x29, 0x67, 0x29, 0x67, 0x29, 0x67, 0x29, 0x67, 0x29, 0x67, 0x29, 0x67, 0x29, 0x67, 0x29, 0x67, 
  0x29, 0x67, 0x29, 0x67, 0x29, 0x67, 0x29, 0x67, 0x29, 0x67, 0x29, 0x67, 0x29, 0x67, 0x29, 0x67, 
  0x29, 0x67, 0x29, 0x67, 0x29, 0x67, 0x29, 0x67, 0x29, 0x67, 0x29, 0x67, 0x29, 0x67, 0x29, 0x67, 
  0x29, 0x67, 0x29, 0x67, 0x29, 0x67, 0x29, 0x67, 0x29, 0x67, 0x29, 0x67, 0x29, 0x67, 0x29, 0x67, 
  0x29, 0x67, 0x29, 0x67, 0x29, 0x67, 0x29, 0x67, 0x29, 0x67, 0x29, 0x67, 0x29, 0x67, 0x29, 0x67, 
  0x29, 0x67, 0x29, 0x67, 0x29, 0x67, 0x29, 0x67, 0x29, 0x67, 0x29, 0x67, 0x29, 0x67, 0x29, 0x67, 
  0x29, 0x67, 0x29, 0x67, 0x29, 0x67, 0x29, 0x67, 0x29, 0x67, 0x29, 0x67, 0x29, 0x67, 0x29, 0x67, 
  0x29, 0x67, 0x29, 0x67, 0x29, 0x67, 0x29, 0x67, 0x29, 0x67, 0x29, 0x67, 0x29, 0x67, 0x29, 0x67, 
  0x29, 0x67, 0x29, 0x67, 0x29, 0x67, 0x29, 0x67, 0x29, 0x67, 0x29, 0x67, 0x29, 0x67, 0x29, 0x67, 
  0x29, 0x67, 0x29, 0x67, 0x29, 0x67, 0x29, 0x67, 0x29, 0x67, 0x29, 0x67, 0x29, 0x67, 0x29, 0x67, 
  0x29, 0x67, 0x29, 0x67, 0x29, 0x67, 0x29, 0x67, 0x29, 0x67, 0x29, 0x67, 0x29, 0x67, 0x29, 0x67, 
  0x29, 0x67, 0x29, 0x67, 0x29, 0x67, 0x29, 0x67, 0x29, 0x67, 0x29, 0x67, 0x29, 0x67, 0x29, 0x67, 
  0x29, 0x67, 0x29, 0x67, 0x29, 0x67, 0x29, 0x67, 0x29, 0x67, 0x29, 0x67, 0x29, 0x67, 0x29, 0x67, 
  0x29, 0x67, 0x29, 0x67, 0x29, 0x67, 0x29, 0x67, 0x29, 0x67, 0x29, 0x67, 0x29, 0x67, 0x29, 0x67, 
  0x29, 0x67, 0x29, 0x67, 0x29, 0x67, 0x29, 0x67, 0x29, 0x67, 0x29, 0x67, 0x29, 0x67, 0x29, 0x67, 
  0x29, 0x67, 0x29, 0x67, 0x29, 0x67, 0x29, 0x67, 0x29, 0x67, 0x29, 0x67, 0x29, 0x67, 0x29, 0x67, 
  0x29, 0x67, 0x29, 0x67, 0x29, 0x67, 0x29, 0x67, 0x29, 0x67, 0x29, 0x67, 0x29, 0x67, 0x29, 0x67, 
  0x29, 0x67, 0x29, 0x67, 0x29, 0x67, 0x29, 0x67, 0x29, 0x67, 0x29, 0x67, 0x29, 0x67, 0x29, 0x67, 
  0x29, 0x67, 0x29, 0x67, 0x29, 0x67, 0x29, 0x67, 0x29, 0x67, 0x29, 0x67, 0x29, 0x67, 0x29, 0x67, 
  0x29, 0x67, 0x29, 0x67, 0x29, 0x67, 0x29, 0x67, 0x29, 0x67, 0x29, 0x67, 0x29, 0x67, 0x29, 0x67, 
  0x29, 0x67, 0x29, 0x67, 0x29, 0x67, 0x29, 0x67, 0x29, 0x67, 0x29, 0x67, 0x29, 0x67, 0x29, 0x67, 
  0x29, 0x67, 0x29, 0x67, 0x29, 0x67, 0x29, 0x67, 0x29, 0x67, 0x29, 0x67, 0x29, 0x67, 0x29, 0x67, 
  0x29, 0x67, 0x29, 0x67, 0x29, 0x67, 0x29, 0x67, 0x29, 0x67, 0x29, 0x67, 0x29, 0x67, 0x29, 0x67, 
  0x29, 0x67, 0x29, 0x67, 0x29, 0x67, 0x29, 0x67, 0x29, 0x67, 0x29, 0x67, 0x29, 0x67, 0x29, 0x67, 
  0x29, 0x67, 0x29, 0x67, 0x29, 0x67, 0x29, 0x67, 0x29, 0x67, 0x29, 0x67, 0x29, 0x67, 0x29, 0x67, 
  0x29, 0x67, 0x29, 0x67, 0x29, 0x67, 0x29, 0x67, 0x29, 0x67, 0x29, 0x67, 0x29, 0x67, 0x29, 0x67, 
  0x29, 0x67, 0x29, 0x67, 0x29, 0x67, 0x29, 0x67, 0x29, 0x67, 0x29, 0x67, 0x29, 0x67, 0x29, 0x67, 
  0x29, 0x67, 0x29, 0x67, 0x29, 0x67, 0x29, 0x67, 0x29, 0x67, 0x29, 0x67, 0x29, 0x67, 0x29, 0x67, 
  0x29, 0x67, 0x29, 0x67, 0x29, 0x67, 0x29, 0x67, 0x29, 0x67, 0x29, 0x67, 0x29, 0x67, 0x29, 0x67, 
  0x29, 0x67, 0x29, 0x67, 0x29, 0x67, 0x29, 0x67, 0x29, 0x67, 0x29, 0x67, 0x29, 0x67, 0x29, 0x67, 
  0x29, 0x67, 0x29, 0x67, 0x29, 0x67, 0x29, 0x67, 0x29, 0x67, 0x29, 0x67, 0x29, 0x67, 0x29, 0x67, 
  0x29, 0x67, 0x29, 0x67, 0x29, 0x67, 0x29, 0x67, 0x29, 0x67, 0x29, 0x67, 0x29, 0x67, 0x29, 0x67, 
  0x29, 0x67, 0x29, 0x67, 0x29, 0x67, 0x29, 0x67, 0x29, 0x67, 0x29, 0x67, 0x29, 0x67, 0x29, 0x67, 
  0x29, 0x67, 0x29, 0x67, 0x29, 0x67, 0x29, 0x67, 0x29, 0x67, 0x29, 0x67, 0x29, 0x67, 0x29, 0x67, 
  0x29, 0x67, 0x29, 0x67, 0x29, 0x67, 0x29, 0x67, 0x29, 0x67, 0x29, 0x67, 0x29, 0x67, 0x29, 0x67, 
  0x29, 0x67, 0x29, 0x67, 0x29, 0x67, 0x29, 0x67, 0x29, 0x67, 0x29, 0x67, 0x29, 0x67, 0x29, 0x67, 
  0x29, 0x67, 0x29, 0x67, 0x29, 0x67, 0x29, 0x67, 0x29, 0x67, 0x29, 0x67, 0x29, 0x67, 0x29, 0x67, 
  0x29, 0x67, 0x29, 0x67, 0x29, 0x67, 0x29, 0x67, 0x29, 0x67, 0x29, 0x67, 0x29, 0x67, 0x29, 0x67, 
  0x29, 0x67, 0x29, 0x67, 0x29, 0x67, 0x29, 0x67, 0x29, 0x67, 0x29, 0x67, 0x29, 0x67, 0x29, 0x67, 
  0x29, 0x67, 0x29, 0x67, 0x29, 0x67, 0x29, 0x67, 0x29, 0x67, 0x29, 0x67, 0x29, 0x67, 0x29, 0x67, 
  0x29, 0x67, 0x29, 0x67, 0x29, 0x67, 0x29, 0x67, 0x29, 0x67, 0x29, 0x67, 0x29, 0x67, 0x29, 0x67, 
  0x29, 0x67, 0x29, 0x67, 0x29, 0x67, 0x29, 0x67, 0x29, 0x67, 0x29, 0x67, 0x29, 0x67, 0x29, 0x67, 
  0x29, 0x67, 0x29, 0x67, 0x29, 0x67, 0x29, 0x67, 0x29, 0x67, 0x29, 0x67, 0x29, 0x67, 0x29, 0x67, 
  0x29, 0x67, 0x29, 0x67, 0x29, 0x67, 0x29, 0x67, 0x29, 0x67, 0x29, 0x67, 0x29, 0x67, 0x29, 0x67, 
  0x29, 0x67, 0x29, 0x67, 0x29, 0x67, 0x29, 0x67, 0x29, 0x67, 0x29, 0x67, 0x29, 0x67, 0x29, 0x67, 
  0x29, 0x67, 0x29, 0x67, 0x29, 0x67, 0x29, 0x67, 0x29, 0x67, 0x29, 0x67, 0x29, 0x67, 0x29, 0x67, 
  0x29, 0x67, 0x29, 0x67, 0x29, 0x67, 0x29, 0x67, 0x29, 0x67, 0x29, 0x67, 0x29, 0x67, 0x29, 0x67, 
  0x29, 0x67, 0x29, 0x67, 0x29, 0x67, 0x29, 0x67, 0x29, 0x67, 0x29, 0x67, 0x29, 0x67, 0x29, 0x67, 
  0x29, 0x67, 0x29, 0x67, 0x29, 0x67, 0x29, 0x67, 0x29, 0x67, 0x29, 0x67, 0x29, 0x67, 0x29, 0x67, 
  0x29, 0x67, 0x29, 0x67, 0x29, 0x67, 0x29, 0x67, 0x29, 0x67, 0x29, 0x67, 0x29, 0x67, 0x29, 0x67, 
  0x29, 0x67, 0x29, 0x67, 0x29, 0x67, 0x29, 0x67, 0x29, 0x67, 0x29, 0x67, 0x29, 0x67, 0x29, 0x67, 
  0x29, 0x67, 0x29, 0x67, 0x29, 0x67, 0x29, 0x67, 0x29, 0x67, 0x29, 0x67, 0x29, 0x67, 0x29, 0x67, 
  0x29, 0x67, 0x29, 0x67, 0x29, 0x67, 0x29, 0x67, 0x29, 0x67, 0x29, 0x67, 0x29, 0x67, 0x29, 0x67, 
  0x29, 0x67, 0x29, 0x67, 0x29, 0x67, 0x29, 0x67, 0x29, 0x67, 0x29, 0x67, 0x29, 0x67, 0x29, 0x67, 
  0x29, 0x67, 0x29, 0x67, 0x29, 0x67, 0x29, 0x67, 0x29, 0x67, 0x29, 0x67, 0x29, 0x67, 0x29, 0x67, 
  0x29, 0x67, 0x29, 0x67, 0x29, 0x67, 0x29, 0x67, 0x29, 0x67, 0x29, 0x67, 0x29, 0x67, 0x29, 0x67, 
  0x29, 0x67, 0x29, 0x67, 0x29, 0x67, 0x29, 0x67, 0x29, 0x67, 0x29, 0x67, 0x29, 0x67, 0x29, 0x67, 
  0x29, 0x67, 0x29, 0x67, 0x29, 0x67, 0x29, 0x67, 0x29, 0x67, 0x29, 0x67, 0x29, 0x67, 0x29, 0x67, 
  0x29, 0x67, 0x29, 0x67, 0x29, 0x67, 0x29, 0x67, 0x29, 0x67, 0x29, 0x67, 0x29, 0x67, 0x29, 0x67, 
  0x29, 0x67, 0x29, 0x67, 0x29, 0x67, 0x29, 0x67, 0x29, 0x67, 0x29, 0x67, 0x29, 0x67, 0x29, 0x67, 
  0x29, 0x67, 0x29, 0x67, 0x29, 0x67, 0x29, 0x67, 0x29, 0x67, 0x29, 0x67, 0x29, 0x67, 0x29, 0x67, 
  0x29, 0x67, 0x29, 0x67, 0x29, 0x67, 0x29, 0x67, 0x29, 0x67, 0x29, 0x67, 0x29, 0x67, 0x29, 0x67, 
  0x29, 0x67, 0x29, 0x67, 0x29, 0x67, 0x29, 0x67, 0x29, 0x67, 0x29, 0x67, 0x29, 0x67, 0x29, 0x67, 
  0x29, 0x67, 0x29, 0x67, 0x29, 0x67, 0x29, 0x67, 0x29, 0x67, 0x29, 0x67, 0x29, 0x67, 0x29, 0x67, 
  0x29, 0x67, 0x29, 0x67, 0x29, 0x67, 0x29, 0x67, 0x29, 0x67, 0x29, 0x67, 0x29, 0x67, 0x29, 0x67, 
  0x29, 0x67, 0x29, 0x67, 0x29, 0x67, 0x29, 0x67, 0x29, 0x67, 0x29, 0x67, 0x29, 0x67, 0x29, 0x67, 
  0x29, 0x67, 0x29, 0x67, 0x29, 0x67, 0x29, 0x67, 0x29, 0x67, 0x29, 0x67, 0x29, 0x67, 0x29, 0x67, 
  0x29, 0x67, 0x29, 0x67, 0x29, 0x67, 0x29, 0x67, 0x29, 0x67, 0x29, 0x67, 0x29, 0x67, 0x29, 0x67, 
  0x29, 0x67, 0x29, 0x67, 0x29, 0x67, 0x29, 0x67, 0x29, 0x67, 0x29, 0x67, 0x29, 0x67, 0x29, 0x67, 
  0x29, 0x67, 0x29, 0x67, 0x29, 0x67, 0x29, 0x67, 0x29, 0x67, 0x29, 0x67, 0x29, 0x67, 0x29, 0x67, 
  0x29, 0x67, 0x29, 0x67, 0x29, 0x67, 0x29, 0x67, 0x29, 0x67, 0x29, 0x67, 0x29, 0x67, 0x29, 0x67, 
  0x29, 0x67, 0x29, 0x67, 0x29, 0x67, 0x29, 0x67, 0x29, 0x67, 0x29, 0x67, 0x29, 0x67, 0x29, 0x67, 
  0x29, 0x67, 0x29, 0x67, 0x29, 0x67, 0x29, 0x67, 0x29, 0x67, 0x29, 0x67, 0x29, 0x67, 0x29, 0x67, 
  0x29, 0x67, 0x29, 0x67, 0x29, 0x67, 0x29, 0x67, 0x29, 0x67, 0x29, 0x67, 0x29, 0x67, 0x29, 0x67, 
  0x29, 0x67, 0x29, 0x67, 0x29, 0x67, 0x29, 0x67, 0x29, 0x67, 0x29, 0x67, 0x29, 0x67, 0x29, 0x67, 
  0x29, 0x67, 0x29, 0x67, 0x29, 0x67, 0x29, 0x67, 0x29, 0x67, 0x29, 0x67, 0x29, 0x67, 0x29, 0x67, 
  0x29, 0x67, 0x29, 0x67, 0x29, 0x67, 0x29, 0x67, 0x29, 0x67, 0x29, 0x67, 0x29, 0x67, 0x29, 0x67, 
  0x29, 0x67, 0x29, 0x67, 0x29, 0x67, 0x29, 0x67, 0x29, 0x67, 0x29, 0x67, 0x29, 0x67, 0x29, 0x67, 
  0x29, 0x67, 0x29, 0x67, 0x29, 0x67, 0x29, 0x67, 0x29, 0x67, 0x29, 0x67, 0x29, 0x67, 0x29, 0x67, 
  0x29, 0x67, 0x29, 0x67, 0x29, 0x67, 0x29, 0x67, 0x29, 0x67, 0x29, 0x67, 0x29, 0x67, 0x29, 0x67, 
  0x29, 0x67, 0x29, 0x67, 0x29, 0x67, 0x29, 0x67, 0x29, 0x67, 0x29, 0x67, 0x29, 0x67, 0x29, 0x67, 
  0x29, 0x67, 0x29, 0x67, 0x29, 0x67, 0x29, 0x67, 0x29, 0x67, 0x29, 0x67, 0x29, 0x67, 0x29, 0x67, 
  0x29, 0x67, 0x29, 0x67, 0x29, 0x67, 0x29, 0x67, 0x29, 0x67, 0x29, 0x67, 0x29, 0x67, 0x29, 0x67, 
  0x29, 0x67, 0x29, 0x67, 0x29, 0x67, 0x29, 0x67, 0x29, 0x67, 0x29, 0x67, 0x29, 0x67, 0x29, 0x67, 
  0x29, 0x67, 0x29, 0x67, 0x29, 0x67, 0x29, 0x67, 0x29, 0x67, 0x29, 0x67, 0x29, 0x67, 0x29, 0x67, 
  0x29, 0x67, 0x29, 0x67, 0x29, 0x67, 0x29, 0x67, 0x29, 0x67, 0x29, 0x67, 0x29, 0x67, 0x29, 0x67, 
  0x29, 0x68, 0x29, 0x68, 0x29, 0x68, 0x29, 0x68, 0x29, 0x68, 0x29, 0x68, 0x29, 0x68, 0x29, 0x68, 
  0x29, 0x68, 0x29, 0x68, 0x29, 0x68, 0x29, 0x68, 0x29, 0x68, 0x29, 0x68, 0x29, 0x68, 0x29, 0x68, 
  0x29, 0x68, 0x29, 0x68, 0x29, 0x68, 0x29, 0x68, 0x29, 0x68, 0x29, 0x68, 0x29, 0x68, 0x29, 0x68, 
  0x29, 0x68, 0x29, 0x68, 0x29, 0x68, 0x29, 0x68, 0x29, 0x68, 0x29, 0x68, 0x29, 0x68, 0x29, 0x68, 
  0x29, 0x68, 0x29, 0x68, 0x29, 0x68, 0x29, 0x68, 0x29, 0x68, 0x29, 0x68, 0x29, 0x68, 0x29, 0x68, 
  0x29, 0x68, 0x29, 0x68, 0x29, 0x68, 0x29, 0x68, 0x29, 0x68, 0x29, 0x68, 0x29, 0x68, 0x29, 0x68, 
  0x29, 0x68, 0x29, 0x68, 0x29, 0x68, 0x29, 0x68, 0x29, 0x68, 0x29, 0x68, 0x29, 0x68, 0x29, 0x68, 
  0x29, 0x68, 0x29, 0x68, 0x29, 0x68, 0x29, 0x68, 0x29, 0x68, 0x29, 0x68, 0x29, 0x68, 0x29, 0x68, 
  0x29, 0x68, 0x29, 0x68, 0x29, 0x68, 0x29, 0x68, 0x29, 0x68, 0x29, 0x68, 0x29, 0x68, 0x29, 0x68, 
  0x29, 0x68, 0x29, 0x68, 0x29, 0x68, 0x29, 0x68, 0x29, 0x68, 0x29, 0x68, 0x29, 0x68, 0x29, 0x68, 
  0x29, 0x68, 0x29, 0x68, 0x29, 0x68, 0x29, 0x68, 0x29, 0x68, 0x29, 0x68, 0x29, 0x68, 0x29, 0x68, 
  0x29, 0x68, 0x29, 0x68, 0x29, 0x68, 0x29, 0x68, 0x29, 0x68, 0x29, 0x68, 0x29, 0x68, 0x29, 0x68, 
  0x29, 0x68, 0x29, 0x68, 0x29, 0x68, 0x29, 0x68, 0x29, 0x68, 0x29, 0x68, 0x29, 0x68, 0x29, 0x68, 
  0x29, 0x68, 0x29, 0x68, 0x29, 0x68, 0x29, 0x68, 0x29, 0x68, 0x29, 0x68, 0x29, 0x68, 0x29, 0x68, 
  0x29, 0x68, 0x29, 0x68, 0x29, 0x68, 0x29, 0x68, 0x29, 0x68, 0x29, 0x68, 0x29, 0x68, 0x29, 0x68, 
  0x29, 0x68, 0x29, 0x68, 0x29, 0x68, 0x29, 0x68, 0x29, 0x68, 0x29, 0x68, 0x29, 0x68, 0x29, 0x68, 
  0x29, 0x68, 0x29, 0x68, 0x29, 0x68, 0x29, 0x68, 0x29, 0x68, 0x29, 0x68, 0x29, 0x68, 0x29, 0x68, 
  0x29, 0x68, 0x29, 0x68, 0x29, 0x68, 0x29, 0x68, 0x29, 0x68, 0x29, 0x68, 0x29, 0x68, 0x29, 0x68, 
  0x29, 0x68, 0x29, 0x68, 0x29, 0x68, 0x29, 0x68, 0x29, 0x68, 0x29, 0x68, 0x29, 0x68, 0x29, 0x68, 
  0x29, 0x68, 0x29, 0x68, 0x29, 0x68, 0x29, 0x68, 0x29, 0x68, 0x29, 0x68, 0x29, 0x68, 0x29, 0x68, 
  0x29, 0x68, 0x29, 0x68, 0x29, 0x68, 0x29, 0x68, 0x29, 0x68, 0x29, 0x68, 0x29, 0x68, 0x29, 0x68, 
  0x29, 0x68, 0x29, 0x68, 0x29, 0x68, 0x29, 0x68, 0x29, 0x68, 0x29, 0x68, 0x29, 0x68, 0x29, 0x68, 
  0x29, 0x68, 0x29, 0x68, 0x29, 0x68, 0x29, 0x68, 0x29, 0x68, 0x29, 0x68, 0x29, 0x68, 0x29, 0x68, 
  0x29, 0x68, 0x29, 0x68, 0x29, 0x68, 0x29, 0x68, 0x29, 0x68, 0x29, 0x68, 0x29, 0x68, 0x29, 0x68, 
  0x29, 0x68, 0x29, 0x68, 0x29, 0x68, 0x29, 0x68, 0x29, 0x68, 0x29, 0x68, 0x29, 0x68, 0x29, 0x68, 
  0x29, 0x68, 0x29, 0x68, 0x29, 0x68, 0x29, 0x68, 0x29, 0x68, 0x29, 0x68, 0x29, 0x68, 0x29, 0x68, 
  0x29, 0x68, 0x29, 0x68, 0x29, 0x68, 0x29, 0x68, 0x29, 0x68, 0x29, 0x68, 0x29, 0x68, 0x29, 0x68, 
  0x29, 0x68, 0x29, 0x68, 0x29, 0x68, 0x29, 0x68, 0x29, 0x68, 0x29, 0x68, 0x29, 0x68, 0x29, 0x68, 
  0x29, 0x68, 0x29, 0x68, 0x29, 0x68, 0x29, 0x68, 0x29, 0x68, 0x29, 0x68, 0x29, 0x68, 0x29, 0x68, 
  0x29, 0x68, 0x29, 0x68, 0x29, 0x68, 0x29, 0x68, 0x29, 0x68, 0x29, 0x68, 0x29, 0x68, 0x29, 0x68, 
  0x29, 0x68, 0x29, 0x68, 0x29, 0x68, 0x29, 0x68, 0x29, 0x68, 0x29, 0x68, 0x29, 0x68, 0x29, 0x68, 
  0x29, 0x68, 0x29, 0x68, 0x29, 0x68, 0x29, 0x68, 0x29, 0x68, 0x29, 0x68, 0x29, 0x68, 0x29, 0x68, 
  0x29, 0x68, 0x29, 0x68, 0x29, 0x68, 0x29, 0x68, 0x29, 0x68, 0x29, 0x68, 0x29, 0x68, 0x29, 0x68, 
  0x29, 0x68, 0x29, 0x68, 0x29, 0x68, 0x29, 0x68, 0x29, 0x68, 0x29, 0x68, 0x29, 0x68, 0x29, 0x68, 
  0x29, 0x68, 0x29, 0x68, 0x29, 0x68, 0x29, 0x68, 0x29, 0x68, 0x29, 0x68, 0x29, 0x68, 0x29, 0x68, 
  0x29, 0x68, 0x29, 0x68, 0x29, 0x68, 0x29, 0x68, 0x29, 0x68, 0x29, 0x68, 0x29, 0x68, 0x29, 0x68, 
  0x29, 0x68, 0x29, 0x68, 0x29, 0x68, 0x29, 0x68, 0x29, 0x68, 0x29, 0x68, 0x29, 0x68, 0x29, 0x68, 
  0x29, 0x68, 0x29, 0x68, 0x29, 0x68, 0x29, 0x68, 0x29, 0x68, 0x29, 0x68, 0x29, 0x68, 0x29, 0x68, 
  0x29, 0x68, 0x29, 0x68, 0x29, 0x68, 0x29, 0x68, 0x29, 0x68, 0x29, 0x68, 0x29, 0x68, 0x29, 0x68, 
  0x29, 0x68, 0x29, 0x68, 0x29, 0x68, 0x29, 0x68, 0x29, 0x68, 0x29, 0x68, 0x29, 0x68, 0x29, 0x68, 
  0x29, 0x68, 0x29, 0x68, 0x29, 0x68, 0x29, 0x68, 0x29, 0x68, 0x29, 0x68, 0x29, 0x68, 0x29, 0x68, 
  0x29, 0x68, 0x29, 0x68, 0x29, 0x68, 0x29, 0x68, 0x29, 0x68, 0x29, 0x68, 0x29, 0x68, 0x29, 0x68, 
  0x29, 0x68, 0x29, 0x68, 0x29, 0x68, 0x29, 0x68, 0x29, 0x68, 0x29, 0x68, 0x29, 0x68, 0x29, 0x68, 
  0x29, 0x68, 0x29, 0x68, 0x29, 0x68, 0x29, 0x68, 0x29, 0x68, 0x29, 0x68, 0x29, 0x68, 0x29, 0x68, 
  0x29, 0x68, 0x29, 0x68, 0x29, 0x68, 0x29, 0x68, 0x29, 0x68, 0x29, 0x68, 0x29, 0x68, 0x29, 0x68, 
  0x29, 0x68, 0x29, 0x68, 0x29, 0x68, 0x29, 0x68, 0x29, 0x68, 0x29, 0x68, 0x29, 0x68, 0x29, 0x68, 
  0x29, 0x68, 0x29, 0x68, 0x29, 0x68, 0x29, 0x68, 0x29, 0x68, 0x29, 0x68, 0x29, 0x68, 0x29, 0x68, 
  0x29, 0x68, 0x29, 0x68, 0x29, 0x68, 0x29, 0x68, 0x29, 0x68, 0x29, 0x68, 0x29, 0x68, 0x29, 0x68, 
  0x29, 0x68, 0x29, 0x68, 0x29, 0x68, 0x29, 0x68, 0x29, 0x68, 0x29, 0x68, 0x29, 0x68, 0x29, 0x68, 
  0x29, 0x68, 0x29, 0x68, 0x29, 0x68, 0x29, 0x68, 0x29, 0x68, 0x29, 0x68, 0x29, 0x68, 0x29, 0x68, 
  0x29, 0x68, 0x29, 0x68, 0x29, 0x68, 0x29, 0x68, 0x29, 0x68, 0x29, 0x68, 0x29, 0x68, 0x29, 0x68, 
  0x29, 0x68, 0x29, 0x68, 0x29, 0x68, 0x29, 0x68, 0x29, 0x68, 0x29, 0x68, 0x29, 0x68, 0x29, 0x68, 
  0x29, 0x68, 0x29, 0x68, 0x29, 0x68, 0x29, 0x68, 0x29, 0x68, 0x29, 0x68, 0x29, 0x68, 0x29, 0x68, 
  0x29, 0x68, 0x29, 0x68, 0x29, 0x68, 0x29, 0x68, 0x29, 0x68, 0x29, 0x68, 0x29, 0x68, 0x29, 0x68, 
  0x29, 0x68, 0x29, 0x68, 0x29, 0x68, 0x29, 0x68, 0x29, 0x68, 0x29, 0x68, 0x29, 0x68, 0x29, 0x68, 
  0x29, 0x68, 0x29, 0x68, 0x29, 0x68, 0x29, 0x68, 0x29, 0x68, 0x29, 0x68, 0x29, 0x68, 0x29, 0x68, 
  0x29, 0x68, 0x29, 0x68, 0x29, 0x68, 0x29, 0x68, 0x29, 0x68, 0x29, 0x68, 0x29, 0x68, 0x29, 0x68, 
  0x29, 0x68, 0x29, 0x68, 0x29, 0x68, 0x29, 0x68, 0x29, 0x68, 0x29, 0x68, 0x29, 0x68, 0x29, 0x68, 
  0x29, 0x68, 0x29, 0x68, 0x29, 0x68, 0x29, 0x68, 0x29, 0x68, 0x29, 0x68, 0x29, 0x68, 0x29, 0x68, 
  0x29, 0x68, 0x29, 0x68, 0x29, 0x68, 0x29, 0x68, 0x29, 0x68, 0x29, 0x68, 0x29, 0x68, 0x29, 0x68, 
  0x29, 0x68, 0x29, 0x68, 0x29, 0x68, 0x29, 0x68, 0x29, 0x68, 0x29, 0x68, 0x29, 0x68, 0x29, 0x68, 
  0x29, 0x68, 0x29, 0x68, 0x29, 0x68, 0x29, 0x68, 0x29, 0x68, 0x29, 0x68, 0x29, 0x68, 0x29, 0x68, 
  0x29, 0x68, 0x29, 0x68, 0x29, 0x68, 0x29, 0x68, 0x29, 0x68, 0x29, 0x68, 0x29, 0x68, 0x29, 0x68, 
  0x29, 0x68, 0x29, 0x68, 0x29, 0x68, 0x29, 0x68, 0x29, 0x68, 0x29, 0x68, 0x29, 0x68, 0x29, 0x68, 
  0x29, 0x68, 0x29, 0x68, 0x29, 0x68, 0x29, 0x68, 0x29, 0x68, 0x29, 0x68, 0x29, 0x68, 0x29, 0x68, 
  0x29, 0x68, 0x29, 0x68, 0x29, 0x68, 0x29, 0x68, 0x29, 0x68, 0x29, 0x68, 0x29, 0x68, 0x29, 0x68, 
  0x29, 0x68, 0x29, 0x68, 0x29, 0x68, 0x29, 0x68, 0x29, 0x68, 0x29, 0x68, 0x29, 0x68, 0x29, 0x68, 
  0x29, 0x68, 0x29, 0x68, 0x29, 0x68, 0x29, 0x68, 0x29, 0x68, 0x29, 0x68, 0x29, 0x68, 0x29, 0x68, 
  0x29, 0x68, 0x29, 0x68, 0x29, 0x68, 0x29, 0x68, 0x29, 0x68, 0x29, 0x68, 0x29, 0x68, 0x29, 0x68, 
  0x29, 0x68, 0x29, 0x68, 0x29, 0x68, 0x29, 0x68, 0x29, 0x68, 0x29, 0x68, 0x29, 0x68, 0x29, 0x68, 
  0x29, 0x68, 0x29, 0x68, 0x29, 0x68, 0x29, 0x68, 0x29, 0x68, 0x29, 0x68, 0x29, 0x68, 0x29, 0x68, 
  0x29, 0x68, 0x29, 0x68, 0x29, 0x68, 0x29, 0x68, 0x29, 0x68, 0x29, 0x68, 0x29, 0x68, 0x29, 0x68, 
  0x29, 0x68, 0x29, 0x68, 0x29, 0x68, 0x29, 0x68, 0x29, 0x68, 0x29, 0x68, 0x29, 0x68, 0x29, 0x68, 
  0x29, 0x68, 0x29, 0x68, 0x29, 0x68, 0x29, 0x68, 0x29, 0x68, 0x29, 0x68, 0x29, 0x68, 0x29, 0x68, 
  0x29, 0x68, 0x29, 0x68, 0x29, 0x68, 0x29, 0x68, 0x29, 0x68, 0x29, 0x68, 0x29, 0x68, 0x29, 0x68, 
  0x29, 0x68, 0x29, 0x68, 0x29, 0x68, 0x29, 0x68, 0x29, 0x68, 0x29, 0x68, 0x29, 0x68, 0x29, 0x68, 
  0x29, 0x68, 0x29, 0x68, 0x29, 0x68, 0x29, 0x68, 0x29, 0x68, 0x29, 0x68, 0x29, 0x68, 0x29, 0x68, 
  0x29, 0x68, 0x29, 0x68, 0x29, 0x68, 0x29, 0x68, 0x29, 0x68, 0x29, 0x68, 0x29, 0x68, 0x29, 0x68, 
  0x29, 0x68, 0x29, 0x68, 0x29, 0x68, 0x29, 0x68, 0x29, 0x68, 0x29, 0x68, 0x29, 0x68, 0x29, 0x68, 
  0x29, 0x68, 0x29, 0x68, 0x29, 0x68, 0x29, 0x68, 0x29, 0x68, 0x29, 0x68, 0x29, 0x68, 0x29, 0x68, 
  0x29, 0x68, 0x29, 0x68, 0x29, 0x68, 0x29, 0x68, 0x29, 0x68, 0x29, 0x68, 0x29, 0x68, 0x29, 0x68, 
  0x29, 0x68, 0x29, 0x68, 0x29, 0x68, 0x29, 0x68, 0x29, 0x68, 0x29, 0x68, 0x29, 0x68, 0x29, 0x68, 
  0x29, 0x68, 0x29, 0x68, 0x29, 0x68, 0x29, 0x68, 0x29, 0x68, 0x29, 0x68, 0x29, 0x68, 0x29, 0x68, 
  0x29, 0x68, 0x29, 0x68, 0x29, 0x68, 0x29, 0x68, 0x29, 0x68, 0x29, 0x68, 0x29, 0x68, 0x29, 0x68, 
  0x29, 0x68, 0x29, 0x68, 0x29, 0x68, 0x29, 0x68, 0x29, 0x68, 0x29, 0x68, 0x29, 0x68, 0x29, 0x68, 
  0x29, 0x68, 0x29, 0x68, 0x29, 0x68, 0x29, 0x68, 0x29, 0x68, 0x29, 0x68, 0x29, 0x68, 0x29, 0x68, 
  0x29, 0x68, 0x29, 0x68, 0x29, 0x68, 0x29, 0x68, 0x29, 0x68, 0x29, 0x68, 0x29, 0x68, 0x29, 0x68, 
  0x29, 0x68, 0x29, 0x68, 0x29, 0x68, 0x29, 0x68, 0x29, 0x68, 0x29, 0x68, 0x29, 0x68, 0x29, 0x68, 
  0x29, 0x68, 0x29, 0x68, 0x29, 0x68, 0x29, 0x68, 0x29, 0x68, 0x29, 0x68, 0x29, 0x68, 0x29, 0x68, 
  0x29, 0x68, 0x29, 0x68, 0x29, 0x68, 0x29, 0x68, 0x29, 0x68, 0x29, 0x68, 0x29, 0x68, 0x29, 0x68, 
  0x29, 0x68, 0x29, 0x68, 0x29, 0x68, 0x29, 0x68, 0x29, 0x68, 0x29, 0x68, 0x29, 0x68, 0x29, 0x68, 
  0x29, 0x68, 0x29, 0x68, 0x29, 0x68, 0x29, 0x68, 0x29, 0x68, 0x29, 0x68, 0x29, 0x68, 0x29, 0x68, 
  0x29, 0x68, 0x29, 0x68, 0x29, 0x68, 0x29, 0x68, 0x29, 0x68, 0x29, 0x68, 0x29, 0x68, 0x29, 0x68, 
  0x29, 0x68, 0x29, 0x68, 0x29, 0x68, 0x29, 0x68, 0x29, 0x68, 0x29, 0x68, 0x29, 0x68, 0x29, 0x68, 
  0x29, 0x68, 0x29, 0x68, 0x29, 0x68, 0x29, 0x68, 0x29, 0x68, 0x29, 0x68, 0x29, 0x68, 0x29, 0x68, 
  0x29, 0x68, 0x29, 0x68, 0x29, 0x68, 0x29, 0x68, 0x29, 0x68, 0x29, 0x68, 0x29, 0x68, 0x29, 0x68, 
  0x29, 0x68, 0x29, 0x68, 0x29, 0x68, 0x29, 0x68, 0x29, 0x68, 0x29, 0x68, 0x29, 0x68, 0x29, 0x68, 
  0x29, 0x68, 0x29, 0x68, 0x29, 0x68, 0x29, 0x68, 0x29, 0x68, 0x29, 0x68, 0x29, 0x68, 0x29, 0x68, 
  0x29, 0x68, 0x29, 0x68, 0x29, 0x68, 0x29, 0x68, 0x29, 0x68, 0x29, 0x68, 0x29, 0x68, 0x29, 0x68, 
  0x29, 0x68, 0x29, 0x68, 0x29, 0x68, 0x29, 0x68, 0x29, 0x68, 0x29, 0x68, 0x29, 0x68, 0x29, 0x68, 
  0x29, 0x68, 0x29, 0x68, 0x29, 0x68, 0x29, 0x68, 0x29, 0x68, 0x29, 0x68, 0x29, 0x68, 0x29, 0x68, 
  0x29, 0x68, 0x29, 0x68, 0x29, 0x68, 0x29, 0x68, 0x29, 0x68, 0x29, 0x68, 0x29, 0x68, 0x29, 0x68, 
  0x29, 0x68, 0x29, 0x68, 0x29, 0x68, 0x29, 0x68, 0x29, 0x68, 0x29, 0x68, 0x29, 0x68, 0x29, 0x68, 
  0x29, 0x68, 0x29, 0x68, 0x29, 0x68, 0x29, 0x68, 0x29, 0x68, 0x29, 0x68, 0x29, 0x68, 0x29, 0x68, 
  0x29, 0x68, 0x29, 0x68, 0x29, 0x68, 0x29, 0x68, 0x29, 0x68, 0x29, 0x68, 0x29, 0x68, 0x29, 0x68, 
  0x29, 0x68, 0x29, 0x68, 0x29, 0x68, 0x29, 0x68, 0x29, 0x68, 0x29, 0x68, 0x29, 0x68, 0x29, 0x68, 
  0x29, 0x68, 0x29, 0x68, 0x29, 0x68, 0x29, 0x68, 0x29, 0x68, 0x29, 0x68, 0x29, 0x68, 0x29, 0x68, 
  0x29, 0x68, 0x29, 0x68, 0x29, 0x68, 0x29, 0x68, 0x29, 0x68, 0x29, 0x68, 0x29, 0x68, 0x29, 0x68, 
  0x29, 0x68, 0x29, 0x68, 0x29, 0x68, 0x29, 0x68, 0x29, 0x68, 0x29, 0x68, 0x29, 0x68, 0x29, 0x68, 
  0x29, 0x68, 0x29, 0x68, 0x29, 0x68, 0x29, 0x68, 0x29, 0x68, 0x29, 0x68, 0x29, 0x68, 0x29, 0x68, 
  0x29, 0x68, 0x29, 0x68, 0x29, 0x68, 0x29, 0x68, 0x29, 0x68, 0x29, 0x68, 0x29, 0x68, 0x29, 0x68, 
  0x29, 0x68, 0x29, 0x68, 0x29, 0x68, 0x29, 0x68, 0x29, 0x68, 0x29, 0x68, 0x29, 0x68, 0x29, 0x68, 
  0x29, 0x68, 0x29, 0x68, 0x29, 0x68, 0x29, 0x68, 0x29, 0x68, 0x29, 0x68, 0x29, 0x68, 0x29, 0x68, 
  0x29, 0x68, 0x29, 0x68, 0x29, 0x68, 0x29, 0x68, 0x29, 0x68, 0x29, 0x68, 0x29, 0x68, 0x29, 0x68, 
  0x29, 0x68, 0x29, 0x68, 0x29, 0x68, 0x29, 0x68, 0x29, 0x68, 0x29, 0x68, 0x29, 0x68, 0x29, 0x68, 
  0x29, 0x68, 0x29, 0x68, 0x29, 0x68, 0x29, 0x68, 0x29, 0x68, 0x29, 0x68, 0x29, 0x68, 0x29, 0x68, 
  0x29, 0x68, 0x29, 0x68, 0x29, 0x68, 0x29, 0x68, 0x29, 0x68, 0x29, 0x68, 0x29, 0x68, 0x29, 0x68, 
  0x29, 0x68, 0x29, 0x68, 0x29, 0x68, 0x29, 0x68, 0x29, 0x68, 0x29, 0x68, 0x29, 0x68, 0x29, 0x68, 
  0x29, 0x68, 0x29, 0x68, 0x29, 0x68, 0x29, 0x68, 0x29, 0x68, 0x29, 0x68, 0x29, 0x68, 0x29, 0x68, 
  0x29, 0x68, 0x29, 0x68, 0x29, 0x68, 0x29, 0x68, 0x29, 0x68, 0x29, 0x68, 0x29, 0x68, 0x29, 0x68, 
  0x29, 0x68, 0x29, 0x68, 0x29, 0x68, 0x29, 0x68, 0x29, 0x68, 0x29, 0x68, 0x29, 0x68, 0x29, 0x68, 
  0x29, 0x68, 0x29, 0x68, 0x29, 0x68, 0x29, 0x68, 0x29, 0x68, 0x29, 0x68, 0x29, 0x68, 0x29, 0x68, 
  0x29, 0x68, 0x29, 0x68, 0x29, 0x68, 0x29, 0x68, 0x29, 0x68, 0x29, 0x68, 0x29, 0x68, 0x29, 0x68, 
  0x29, 0x68, 0x29, 0x68, 0x29, 0x68, 0x29, 0x68, 0x29, 0x68, 0x29, 0x68, 0x29, 0x68, 0x29, 0x68, 
  0x29, 0x68, 0x29, 0x68, 0x29, 0x68, 0x29, 0x68, 0x29, 0x68, 0x29, 0x68, 0x29, 0x68, 0x29, 0x68, 
  0x29, 0x68, 0x29, 0x68, 0x29, 0x68, 0x29, 0x68, 0x29, 0x68, 0x29, 0x68, 0x29, 0x68, 0x29, 0x68, 
  0x29, 0x68, 0x29, 0x68, 0x29, 0x68, 0x29, 0x68, 0x29, 0x68, 0x29, 0x68, 0x29, 0x68, 0x29, 0x68, 
  0x29, 0x68, 0x29, 0x68, 0x29, 0x68, 0x29, 0x68, 0x29, 0x68, 0x29, 0x68, 0x29, 0x68, 0x29, 0x68, 
  0x29, 0x68, 0x29, 0x68, 0x29, 0x68, 0x29, 0x68, 0x29, 0x68, 0x29, 0x68, 0x29, 0x68, 0x29, 0x68, 
  0x29, 0x68, 0x29, 0x68, 0x29, 0x68, 0x29, 0x68, 0x29, 0x68, 0x29, 0x68, 0x29, 0x68, 0x29, 0x68, 
  0x29, 0x68, 0x29, 0x68, 0x29, 0x68, 0x29, 0x68, 0x29, 0x68, 0x29, 0x68, 0x29, 0x68, 0x29, 0x68, 
  0x29, 0x68, 0x29, 0x68, 0x29, 0x68, 0x29, 0x68, 0x29, 0x68, 0x29, 0x68, 0x29, 0x68, 0x29, 0x68, 
  0x29, 0x68, 0x29, 0x68, 0x29, 0x68, 0x29, 0x68, 0x29, 0x68, 0x29, 0x68, 0x29, 0x68, 0x29, 0x68, 
  0x29, 0x68, 0x29, 0x68, 0x29, 0x68, 0x29, 0x68, 0x29, 0x68, 0x29, 0x68, 0x29, 0x68, 0x29, 0x68, 
  0x29, 0x68, 0x29, 0x68, 0x29, 0x68, 0x29, 0x68, 0x29, 0x68, 0x29, 0x68, 0x29, 0x68, 0x29, 0x68, 
  0x29, 0x68, 0x29, 0x68, 0x29, 0x68, 0x29, 0x68, 0x29, 0x68, 0x29, 0x68, 0x29, 0x68, 0x29, 0x68, 
  0x29, 0x68, 0x29, 0x68, 0x29, 0x68, 0x29, 0x68, 0x29, 0x68, 0x29, 0x68, 0x29, 0x68, 0x29, 0x68, 
  0x29, 0x68, 0x29, 0x68, 0x29, 0x68, 0x29, 0x68, 0x29, 0x68, 0x29, 0x68, 0x29, 0x68, 0x29, 0x68, 
  0x29, 0x68, 0x29, 0x68, 0x29, 0x68, 0x29, 0x68, 0x29, 0x68, 0x29, 0x68, 0x29, 0x68, 0x29, 0x68, 
  0x29, 0x68, 0x29, 0x68, 0x29, 0x68, 0x29, 0x68, 0x29, 0x68, 0x29, 0x68, 0x29, 0x68, 0x29, 0x68, 
  0x29, 0x68, 0x29, 0x68, 0x29, 0x68, 0x29, 0x68, 0x29, 0x68, 0x29, 0x68, 0x29, 0x68, 0x29, 0x68, 
  0x29, 0x68, 0x29, 0x68, 0x29, 0x68, 0x29, 0x68, 0x29, 0x68, 0x29, 0x68, 0x29, 0x68, 0x29, 0x68, 
  0x29, 0x68, 0x29, 0x68, 0x29, 0x68, 0x29, 0x68, 0x29, 0x68, 0x29, 0x68, 0x29, 0x68, 0x29, 0x68, 
  0x29, 0x68, 0x29, 0x68, 0x29, 0x68, 0x29, 0x68, 0x29, 0x68, 0x29, 0x68, 0x29, 0x68, 0x29, 0x68, 
  0x29, 0x68, 0x29, 0x68, 0x29, 0x68, 0x29, 0x68, 0x29, 0x68, 0x29, 0x68, 0x29, 0x68, 0x29, 0x68, 
  0x29, 0x68, 0x29, 0x68, 0x29, 0x68, 0x29, 0x68, 0x29, 0x68, 0x29, 0x68, 0x29, 0x68, 0x29, 0x68, 
  0x29, 0x68, 0x29, 0x68, 0x29, 0x68, 0x29, 0x68, 0x29, 0x68, 0x29, 0x68, 0x29, 0x68, 0x29, 0x68, 
  0x29, 0x68, 0x29, 0x68, 0x29, 0x68, 0x29, 0x68, 0x29, 0x68, 0x29, 0x68, 0x29, 0x68, 0x29, 0x68, 
  0x29, 0x68, 0x29, 0x68, 0x29, 0x68, 0x29, 0x68, 0x29, 0x68, 0x29, 0x68, 0x29, 0x68, 0x29, 0x68, 
  0x29, 0x68, 0x29, 0x68, 0x29, 0x68, 0x29, 0x68, 0x29, 0x68, 0x29, 0x68, 0x29, 0x68, 0x29, 0x68, 
  0x29, 0x68, 0x29, 0x68, 0x29, 0x68, 0x29, 0x68, 0x29, 0x68, 0x29, 0x68, 0x29, 0x68, 0x29, 0x68, 
  0x29, 0x68, 0x29, 0x68, 0x29, 0x68, 0x29, 0x68, 0x29, 0x68, 0x29, 0x68, 0x29, 0x68, 0x29, 0x68, 
  0x29, 0x68, 0x29, 0x68, 0x29, 0x68, 0x29, 0x68, 0x29, 0x68, 0x29, 0x68, 0x29, 0x68, 0x29, 0x68, 
  0x29, 0x68, 0x29, 0x68, 0x29, 0x68, 0x29, 0x68, 0x29, 0x68, 0x29, 0x68, 0x29, 0x68, 0x29, 0x68, 
  0x29, 0x68, 0x29, 0x68, 0x29, 0x68, 0x29, 0x68, 0x29, 0x68, 0x29, 0x68, 0x29, 0x68, 0x29, 0x68, 
  0x29, 0x68, 0x29, 0x68, 0x29, 0x68, 0x29, 0x68, 0x29, 0x68, 0x29, 0x68, 0x29, 0x68, 0x29, 0x68, 
  0x29, 0x68, 0x29, 0x68, 0x29, 0x68, 0x29, 0x68, 0x29, 0x68, 0x29, 0x68, 0x29, 0x68, 0x29, 0x68, 
  0x29, 0x68, 0x29, 0x68, 0x29, 0x68, 0x29, 0x68, 0x29, 0x68, 0x29, 0x68, 0x29, 0x68, 0x29, 0x68, 
  0x29, 0x68, 0x29, 0x68, 0x29, 0x68, 0x29, 0x68, 0x29, 0x68, 0x29, 0x68, 0x29, 0x68, 0x29, 0x68, 
  0x29, 0x68, 0x29, 0x68, 0x29, 0x68, 0x29, 0x68, 0x29, 0x68, 0x29, 0x68, 0x29, 0x68, 0x29, 0x68, 
  0x29, 0x68, 0x29, 0x68, 0x29, 0x68, 0x29, 0x68, 0x29, 0x68, 0x29, 0x68, 0x29, 0x68, 0x29, 0x68, 
  0x29, 0x68, 0x29, 0x68, 0x29, 0x68, 0x29, 0x68, 0x29, 0x68, 0x29, 0x68, 0x29, 0x68, 0x29, 0x68, 
  0x29, 0x68, 0x29, 0x68, 0x29, 0x68, 0x29, 0x68, 0x29, 0x68, 0x29, 0x68, 0x29, 0x68, 0x29, 0x68, 
  0x29, 0x68, 0x29, 0x68, 0x29, 0x68, 0x29, 0x68, 0x29, 0x68, 0x29, 0x68, 0x29, 0x68, 0x29, 0x68, 
  0x29, 0x68, 0x29, 0x68, 0x29, 0x68, 0x29, 0x68, 0x29, 0x68, 0x29, 0x68, 0x29, 0x68, 0x29, 0x68, 
  0x29, 0x68, 0x29, 0x68, 0x29, 0x68, 0x29, 0x68, 0x29, 0x68, 0x29, 0x68, 0x29, 0x68, 0x29, 0x68, 
  0x29, 0x68, 0x29, 0x68, 0x29, 0x68, 0x29, 0x68, 0x29, 0x68, 0x29, 0x68, 0x29, 0x68, 0x29, 0x68, 
  0x29, 0x68, 0x29, 0x68, 0x29, 0x68, 0x29, 0x68, 0x29, 0x68, 0x29, 0x68, 0x29, 0x68, 0x29, 0x68, 
  0x29, 0x68, 0x29, 0x68, 0x29, 0x68, 0x29, 0x68, 0x29, 0x68, 0x29, 0x68, 0x29, 0x68, 0x29, 0x68, 
  0x29, 0x68, 0x29, 0x68, 0x29, 0x68, 0x29, 0x68, 0x29, 0x68, 0x29, 0x68, 0x29, 0x68, 0x29, 0x68, 
  0x29, 0x68, 0x29, 0x68, 0x29, 0x68, 0x29, 0x68, 0x29, 0x68, 0x29, 0x68, 0x29, 0x68, 0x29, 0x68, 
  0x29, 0x68, 0x29, 0x68, 0x29, 0x68, 0x29, 0x68, 0x29, 0x68, 0x29, 0x68, 0x29, 0x68, 0x29, 0x68, 
  0x29, 0x68, 0x29, 0x68, 0x29, 0x68, 0x29, 0x68, 0x29, 0x68, 0x29, 0x68, 0x29, 0x68, 0x29, 0x68, 
  0x29, 0x68, 0x29, 0x68, 0x29, 0x68, 0x29, 0x68, 0x29, 0x68, 0x29, 0x68, 0x29, 0x68, 0x29, 0x68, 
  0x29, 0x68, 0x29, 0x68, 0x29, 0x68, 0x29, 0x68, 0x29, 0x68, 0x29, 0x68, 0x29, 0x68, 0x29, 0x68, 
  0x29, 0x68, 0x29, 0x68, 0x29, 0x68, 0x29, 0x68, 0x29, 0x68, 0x29, 0x68, 0x29, 0x68, 0x29, 0x68, 
  0x29, 0x68, 0x29, 0x68, 0x29, 0x68, 0x29, 0x68, 0x29, 0x68, 0x29, 0x68, 0x29, 0x68, 0x29, 0x68, 
  0x29, 0x68, 0x29, 0x68, 0x29, 0x68, 0x29, 0x68, 0x29, 0x68, 0x29, 0x68, 0x29, 0x68, 0x29, 0x68, 
  0x29, 0x68, 0x29, 0x68, 0x29, 0x68, 0x29, 0x68, 0x29, 0x68, 0x29, 0x68, 0x29, 0x68, 0x29, 0x68, 
  0x29, 0x68, 0x29, 0x68, 0x29, 0x68, 0x29, 0x68, 0x29, 0x68, 0x29, 0x68, 0x29, 0x68, 0x29, 0x68, 
  0x29, 0x68, 0x29, 0x68, 0x29, 0x68, 0x29, 0x68, 0x29, 0x68, 0x29, 0x68, 0x29, 0x68, 0x29, 0x68, 
  0x29, 0x68, 0x29, 0x68, 0x29, 0x68, 0x29, 0x68, 0x29, 0x68, 0x29, 0x68, 0x29, 0x68, 0x29, 0x68, 
  0x29, 0x68, 0x29, 0x68, 0x29, 0x68, 0x29, 0x68, 0x29, 0x68, 0x29, 0x68, 0x29, 0x68, 0x29, 0x68, 
  0x29, 0x68, 0x29, 0x68, 0x29, 0x68, 0x29, 0x68, 0x29, 0x68, 0x29, 0x68, 0x29, 0x68, 0x29, 0x68, 
  0x29, 0x68, 0x29, 0x68, 0x29, 0x68, 0x29, 0x68, 0x29, 0x68, 0x29, 0x68, 0x29, 0x68, 0x29, 0x68, 
  0x29, 0x68, 0x29, 0x68, 0x29, 0x68, 0x29, 0x68, 0x29, 0x68, 0x29, 0x68, 0x29, 0x68, 0x29, 0x68, 
  0x29, 0x68, 0x29, 0x68, 0x29, 0x68, 0x29, 0x68, 0x29, 0x68, 0x29, 0x68, 0x29, 0x68, 0x29, 0x68, 
  0x29, 0x68, 0x29, 0x68, 0x29, 0x68, 0x29, 0x68, 0x29, 0x68, 0x29, 0x68, 0x29, 0x68, 0x29, 0x68, 
  0x29, 0x68, 0x29, 0x68, 0x29, 0x68, 0x29, 0x68, 0x29, 0x68, 0x29, 0x68, 0x29, 0x68, 0x29, 0x68, 
  0x29, 0x68, 0x29, 0x68, 0x29, 0x68, 0x29, 0x68, 0x29, 0x68, 0x29, 0x68, 0x29, 0x68, 0x29, 0x68, 
  0x29, 0x68, 0x29, 0x68, 0x29, 0x68, 0x29, 0x68, 0x29, 0x68, 0x29, 0x68, 0x29, 0x68, 0x29, 0x68, 
  0x29, 0x68, 0x29, 0x68, 0x29, 0x68, 0x29, 0x68, 0x29, 0x68, 0x29, 0x68, 0x29, 0x68, 0x29, 0x68, 
  0x29, 0x68, 0x29, 0x68, 0x29, 0x68, 0x29, 0x68, 0x29, 0x68, 0x29, 0x68, 0x29, 0x68, 0x29, 0x68, 
  0x29, 0x68, 0x29, 0x68, 0x29, 0x68, 0x29, 0x68, 0x29, 0x68, 0x29, 0x68, 0x29, 0x68, 0x29, 0x68, 
  0x29, 0x68, 0x29, 0x68, 0x29, 0x68, 0x29, 0x68, 0x29, 0x68, 0x29, 0x68, 0x29, 0x68, 0x29, 0x68, 
  0x29, 0x68, 0x29, 0x68, 0x29, 0x68, 0x29, 0x68, 0x29, 0x68, 0x29, 0x68, 0x29, 0x68, 0x29, 0x68, 
  0x29, 0x68, 0x29, 0x68, 0x29, 0x68, 0x29, 0x68, 0x29, 0x68, 0x29, 0x68, 0x29, 0x68, 0x29, 0x68, 
  0x29, 0x68, 0x29, 0x68, 0x29, 0x68, 0x29, 0x68, 0x29, 0x68, 0x29, 0x68, 0x29, 0x68, 0x29, 0x68, 
  0x29, 0x68, 0x29, 0x68, 0x29, 0x68, 0x29, 0x68, 0x29, 0x68, 0x29, 0x68, 0x29, 0x68, 0x29, 0x68, 
  0x29, 0x68, 0x29, 0x68, 0x29, 0x68, 0x29, 0x68, 0x29, 0x68, 0x29, 0x68, 0x29, 0x68, 0x29, 0x68, 
  0x29, 0x68, 0x29, 0x68, 0x29, 0x68, 0x29, 0x68, 0x29, 0x68, 0x29, 0x68, 0x29, 0x68, 0x29, 0x68, 
  0x29, 0x68, 0x29, 0x68, 0x29, 0x68, 0x29, 0x68, 0x29, 0x68, 0x29, 0x68, 0x29, 0x68, 0x29, 0x68, 
  0x29, 0x68, 0x29, 0x68, 0x29, 0x68, 0x29, 0x68, 0x29, 0x68, 0x29, 0x68, 0x29, 0x68, 0x29, 0x68, 
  0x29, 0x68, 0x29, 0x68, 0x29, 0x68, 0x29, 0x68, 0x29, 0x68, 0x29, 0x68, 0x29, 0x68, 0x29, 0x68, 
  0x29, 0x68, 0x29, 0x68, 0x29, 0x68, 0x29, 0x68, 0x29, 0x68, 0x29, 0x68, 0x29, 0x68, 0x29, 0x68, 
  0x29, 0x68, 0x29, 0x68, 0x29, 0x68, 0x29, 0x68, 0x29, 0x68, 0x29, 0x68, 0x29, 0x68, 0x29, 0x68, 
  0x29, 0x68, 0x29, 0x68, 0x29, 0x68, 0x29, 0x68, 0x29, 0x68, 0x29, 0x68, 0x29, 0x68, 0x29, 0x68, 
  0x29, 0x68, 0x29, 0x68, 0x29, 0x68, 0x29, 0x68, 0x29, 0x68, 0x29, 0x68, 0x29, 0x68, 0x29, 0x68, 
  0x29, 0x68, 0x29, 0x68, 0x29, 0x68, 0x29, 0x68, 0x29, 0x68, 0x29, 0x68, 0x29, 0x68, 0x29, 0x68, 
  0x29, 0x68, 0x29, 0x68, 0x29, 0x68, 0x29, 0x68, 0x29, 0x68, 0x29, 0x68, 0x29, 0x68, 0x29, 0x68, 
  0x29, 0x68, 0x29, 0x68, 0x29, 0x68, 0x29, 0x68, 0x29, 0x68, 0x29, 0x68, 0x29, 0x68, 0x29, 0x68, 
  0x29, 0x68, 0x29, 0x68, 0x29, 0x68, 0x29, 0x68, 0x29, 0x68, 0x29, 0x68, 0x29, 0x68, 0x29, 0x68, 
  0x29, 0x68, 0x29, 0x68, 0x29, 0x68, 0x29, 0x68, 0x29, 0x68, 0x29, 0x68, 0x29, 0x68, 0x29, 0x68, 
  0x29, 0x68, 0x29, 0x68, 0x29, 0x68, 0x29, 0x68, 0x29, 0x68, 0x29, 0x68, 0x29, 0x68, 0x29, 0x68, 
  0x29, 0x68, 0x29, 0x68, 0x29, 0x68, 0x29, 0x68, 0x29, 0x68, 0x29, 0x68, 0x29, 0x68, 0x29, 0x68, 
  0x29, 0x68, 0x29, 0x68, 0x29, 0x68, 0x29, 0x68, 0x29, 0x68, 0x29, 0x68, 0x29, 0x68, 0x29, 0x68, 
  0x29, 0x68, 0x29, 0x68, 0x29, 0x68, 0x29, 0x68, 0x29, 0x68, 0x29, 0x68, 0x29, 0x68, 0x29, 0x68, 
  0x29, 0x68, 0x29, 0x68, 0x29, 0x68, 0x29, 0x68, 0x29, 0x68, 0x29, 0x68, 0x29, 0x68, 0x29, 0x68, 
  0x29, 0x68, 0x29, 0x68, 0x29, 0x68, 0x29, 0x68, 0x29, 0x68, 0x29, 0x68, 0x29, 0x68, 0x29, 0x68, 
  0x29, 0x68, 0x29, 0x68, 0x29, 0x68, 0x29, 0x68, 0x29, 0x68, 0x29, 0x68, 0x29, 0x68, 0x29, 0x68, 
  0x29, 0x68, 0x29, 0x68, 0x29, 0x68, 0x29, 0x68, 0x29, 0x68, 0x29, 0x68, 0x29, 0x68, 0x29, 0x68, 
  0x29, 0x68, 0x29, 0x68, 0x29, 0x68, 0x29, 0x68, 0x29, 0x68, 0x29, 0x68, 0x29, 0x68, 0x29, 0x68, 
  0x29, 0x68, 0x29, 0x68, 0x29, 0x68, 0x29, 0x68, 0x29, 0x68, 0x29, 0x68, 0x29, 0x68, 0x29, 0x68, 
  0x29, 0x68, 0x29, 0x68, 0x29, 0x68, 0x29, 0x68, 0x29, 0x68, 0x29, 0x68, 0x29, 0x68, 0x29, 0x68, 
  0x29, 0x68, 0x29, 0x68, 0x29, 0x68, 0x29, 0x68, 0x29, 0x68, 0x29, 0x68, 0x29, 0x68, 0x29, 0x68, 
  0x29, 0x68, 0x29, 0x68, 0x29, 0x68, 0x29, 0x68, 0x29, 0x68, 0x29, 0x68, 0x29, 0x68, 0x29, 0x68, 
  0x29, 0x68, 0x29, 0x68, 0x29, 0x68, 0x29, 0x68, 0x29, 0x68, 0x29, 0x68, 0x29, 0x68, 0x29, 0x68, 
  0x29, 0x68, 0x29, 0x68, 0x29, 0x68, 0x29, 0x68, 0x29, 0x68, 0x29, 0x68, 0x29, 0x68, 0x29, 0x68, 
  0x29, 0x68, 0x29, 0x68, 0x29, 0x68, 0x29, 0x68, 0x29, 0x68, 0x29, 0x68, 0x29, 0x68, 0x29, 0x68, 
  0x29, 0x68, 0x29, 0x68, 0x29, 0x68, 0x29, 0x68, 0x29, 0x68, 0x29, 0x68, 0x29, 0x68, 0x29, 0x68, 
  0x29, 0x68, 0x29, 0x68, 0x29, 0x68, 0x29, 0x68, 0x29, 0x68, 0x29, 0x68, 0x29, 0x68, 0x29, 0x68, 
  0x29, 0x68, 0x29, 0x68, 0x29, 0x68, 0x29, 0x68, 0x29, 0x68, 0x29, 0x68, 0x29, 0x68, 0x29, 0x68, 
  0x29, 0x68, 0x29, 0x68, 0x29, 0x68, 0x29, 0x68, 0x29, 0x68, 0x29, 0x68, 0x29, 0x68, 0x29, 0x68, 
  0x29, 0x68, 0x29, 0x68, 0x29, 0x68, 0x29, 0x68, 0x29, 0x68, 0x29, 0x68, 0x29, 0x68, 0x29, 0x68, 
  0x29, 0x68, 0x29, 0x68, 0x29, 0x68, 0x29, 0x68, 0x29, 0x68, 0x29, 0x68, 0x29, 0x68, 0x29, 0x68, 
  0x29, 0x68, 0x29, 0x68, 0x29, 0x68, 0x29, 0x68, 0x29, 0x68, 0x29, 0x68, 0x29, 0x68, 0x29, 0x68, 
  0x29, 0x68, 0x29, 0x68, 0x29, 0x68, 0x29, 0x68, 0x29, 0x68, 0x29, 0x68, 0x29, 0x68, 0x29, 0x68, 
  0x29, 0x68, 0x29, 0x68, 0x29, 0x68, 0x29, 0x68, 0x29, 0x68, 0x29, 0x68, 0x29, 0x68, 0x29, 0x68, 
  0x29, 0x68, 0x29, 0x68, 0x29, 0x68, 0x29, 0x68, 0x29, 0x68, 0x29, 0x68, 0x29, 0x68, 0x29, 0x68, 
  0x29, 0x68, 0x29, 0x68, 0x29, 0x68, 0x29, 0x68, 0x29, 0x68, 0x29, 0x68, 0x29, 0x68, 0x29, 0x68, 
  0x29, 0x68, 0x29, 0x68, 0x29, 0x68, 0x29, 0x68, 0x29, 0x68, 0x29, 0x68, 0x29, 0x68, 0x29, 0x68, 
  0x29, 0x68, 0x29, 0x68, 0x29, 0x68, 0x29, 0x68, 0x29, 0x68, 0x29, 0x68, 0x29, 0x68, 0x29, 0x68, 
  0x29, 0x68, 0x29, 0x68, 0x29, 0x68, 0x29, 0x68, 0x29, 0x68, 0x29, 0x68, 0x29, 0x68, 0x29, 0x68, 
  0x29, 0x68, 0x29, 0x68, 0x29, 0x68, 0x29, 0x68, 0x29, 0x68, 0x29, 0x68, 0x29, 0x68, 0x29, 0x68, 
  0x29, 0x68, 0x29, 0x68, 0x29, 0x68, 0x29, 0x68, 0x29, 0x68, 0x29, 0x68, 0x29, 0x68, 0x29, 0x68, 
  0x29, 0x68, 0x29, 0x68, 0x29, 0x68, 0x29, 0x68, 0x29, 0x68, 0x29, 0x68, 0x29, 0x68, 0x29, 0x68, 
  0x29, 0x68, 0x29, 0x68, 0x29, 0x68, 0x29, 0x68, 0x29, 0x68, 0x29, 0x68, 0x29, 0x68, 0x29, 0x68, 
  0x29, 0x68, 0x29, 0x68, 0x29, 0x68, 0x29, 0x68, 0x29, 0x68, 0x29, 0x68, 0x29, 0x68, 0x29, 0x68, 
  0x29, 0x68, 0x29, 0x68, 0x29, 0x68, 0x29, 0x68, 0x29, 0x68, 0x29, 0x68, 0x29, 0x68, 0x29, 0x68, 
  0x29, 0x68, 0x29, 0x68, 0x29, 0x68, 0x29, 0x68, 0x29, 0x68, 0x29, 0x68, 0x29, 0x68, 0x29, 0x68, 
  0x29, 0x68, 0x29, 0x68, 0x29, 0x68, 0x29, 0x68, 0x29, 0x68, 0x29, 0x68, 0x29, 0x68, 0x29, 0x68, 
  0x29, 0x68, 0x29, 0x68, 0x29, 0x68, 0x29, 0x68, 0x29, 0x68, 0x29, 0x68, 0x29, 0x68, 0x29, 0x68, 
  0x29, 0x68, 0x29, 0x68, 0x29, 0x68, 0x29, 0x68, 0x29, 0x68, 0x29, 0x68, 0x29, 0x68, 0x29, 0x68, 
  0x29, 0x68, 0x29, 0x68, 0x29, 0x68, 0x29, 0x68, 0x29, 0x68, 0x29, 0x68, 0x29, 0x68, 0x29, 0x68, 
  0x29, 0x68, 0x29, 0x68, 0x29, 0x68, 0x29, 0x68, 0x29, 0x68, 0x29, 0x68, 0x29, 0x68, 0x29, 0x68, 
  0x29, 0x68, 0x29, 0x68, 0x29, 0x68, 0x29, 0x68, 0x29, 0x68, 0x29, 0x68, 0x29, 0x68, 0x29, 0x68, 
  0x29, 0x68, 0x29, 0x68, 0x29, 0x68, 0x29, 0x68, 0x29, 0x68, 0x29, 0x68, 0x29, 0x68, 0x29, 0x68, 
  0x29, 0x68, 0x29, 0x68, 0x29, 0x68, 0x29, 0x68, 0x29, 0x68, 0x29, 0x68, 0x29, 0x68, 0x29, 0x68, 
  0x29, 0x68, 0x29, 0x68, 0x29, 0x68, 0x29, 0x68, 0x29, 0x68, 0x29, 0x68, 0x29, 0x68, 0x29, 0x68, 
  0x29, 0x68, 0x29, 0x68, 0x29, 0x68, 0x29, 0x68, 0x29, 0x68, 0x29, 0x68, 0x29, 0x68, 0x29, 0x68, 
  0x29, 0x68, 0x29, 0x68, 0x29, 0x68, 0x29, 0x68, 0x29, 0x68, 0x29, 0x68, 0x29, 0x68, 0x29, 0x68, 
  0x29, 0x68, 0x29, 0x68, 0x29, 0x68, 0x29, 0x68, 0x29, 0x68, 0x29, 0x68, 0x29, 0x68, 0x29, 0x68, 
  0x29, 0x68, 0x29, 0x68, 0x29, 0x68, 0x29, 0x68, 0x29, 0x68, 0x29, 0x68, 0x29, 0x68, 0x29, 0x68, 
  0x29, 0x68, 0x29, 0x68, 0x29, 0x68, 0x29, 0x68, 0x29, 0x68, 0x29, 0x68, 0x29, 0x68, 0x29, 0x68, 
  0x29, 0x68, 0x29, 0x68, 0x29, 0x68, 0x29, 0x68, 0x29, 0x68, 0x29, 0x68, 0x29, 0x68, 0x29, 0x68, 
  0x29, 0x68, 0x29, 0x68, 0x29, 0x68, 0x29, 0x68, 0x29, 0x68, 0x29, 0x68, 0x29, 0x68, 0x29, 0x68, 
  0x29, 0x68, 0x29, 0x68, 0x29, 0x68, 0x29, 0x68, 0x29, 0x68, 0x29, 0x68, 0x29, 0x68, 0x29, 0x68, 
  0x29, 0x68, 0x29, 0x68, 0x29, 0x68, 0x29, 0x68, 0x29, 0x68, 0x29, 0x68, 0x29, 0x68, 0x29, 0x68, 
  0x29, 0x68, 0x29, 0x68, 0x29, 0x68, 0x29, 0x68, 0x29, 0x68, 0x29, 0x68, 0x29, 0x68, 0x29, 0x68, 
  0x29, 0x68, 0x29, 0x68, 0x29, 0x68, 0x29, 0x68, 0x29, 0x68, 0x29, 0x68, 0x29, 0x68, 0x29, 0x68, 
  0x29, 0x68, 0x29, 0x68, 0x29, 0x68, 0x29, 0x68, 0x29, 0x68, 0x29, 0x68, 0x29, 0x68, 0x29, 0x68, 
  0x29, 0x68, 0x29, 0x68, 0x29, 0x68, 0x29, 0x68, 0x29, 0x68, 0x29, 0x68, 0x29, 0x68, 0x29, 0x68, 
  0x29, 0x68, 0x29, 0x68, 0x29, 0x68, 0x29, 0x68, 0x29, 0x68, 0x29, 0x68, 0x29, 0x68, 0x29, 0x68, 
  0x29, 0x68, 0x29, 0x68, 0x29, 0x68, 0x29, 0x68, 0x29, 0x68, 0x29, 0x68, 0x29, 0x68, 0x29, 0x68, 
  0x29, 0x68, 0x29, 0x68, 0x29, 0x68, 0x29, 0x68, 0x29, 0x68, 0x29, 0x68, 0x29, 0x68, 0x29, 0x68, 
  0x29, 0x68, 0x29, 0x68, 0x29, 0x68, 0x29, 0x68, 0x29, 0x68, 0x29, 0x68, 0x29, 0x68, 0x29, 0x68, 
  0x29, 0x68, 0x29, 0x68, 0x29, 0x68, 0x29, 0x68, 0x29, 0x68, 0x29, 0x68, 0x29, 0x68, 0x29, 0x68, 
  0x29, 0x68, 0x29, 0x68, 0x29, 0x68, 0x29, 0x68, 0x29, 0x68, 0x29, 0x68, 0x29, 0x68, 0x29, 0x68, 
  0x29, 0x68, 0x29, 0x68, 0x29, 0x68, 0x29, 0x68, 0x29, 0x68, 0x29, 0x68, 0x29, 0x68, 0x29, 0x68, 
  0x29, 0x68, 0x29, 0x68, 0x29, 0x68, 0x29, 0x68, 0x29, 0x68, 0x29, 0x68, 0x29, 0x68, 0x29, 0x68, 
  0x29, 0x68, 0x29, 0x68, 0x29, 0x68, 0x29, 0x68, 0x29, 0x68, 0x29, 0x68, 0x29, 0x68, 0x29, 0x68, 
  0x29, 0x68, 0x29, 0x68, 0x29, 0x68, 0x29, 0x68, 0x29, 0x68, 0x29, 0x68, 0x29, 0x68, 0x29, 0x68, 
  0x29, 0x68, 0x29, 0x68, 0x29, 0x68, 0x29, 0x68, 0x29, 0x68, 0x29, 0x68, 0x29, 0x68, 0x29, 0x68, 
  0x29, 0x68, 0x29, 0x68, 0x29, 0x68, 0x29, 0x68, 0x29, 0x68, 0x29, 0x68, 0x29, 0x68, 0x29, 0x68, 
  0x29, 0x68, 0x29, 0x68, 0x29, 0x68, 0x29, 0x68, 0x29, 0x68, 0x29, 0x68, 0x29, 0x68, 0x29, 0x68, 
  0x29, 0x68, 0x29, 0x68, 0x29, 0x68, 0x29, 0x68, 0x29, 0x68, 0x29, 0x68, 0x29, 0x68, 0x29, 0x68, 
  0x29, 0x68, 0x29, 0x68, 0x29, 0x68, 0x29, 0x68, 0x29, 0x68, 0x29, 0x68, 0x29, 0x68, 0x29, 0x68, 
  0x29, 0x68, 0x29, 0x68, 0x29, 0x68, 0x29, 0x68, 0x29, 0x68, 0x29, 0x68, 0x29, 0x68, 0x29, 0x68, 
  0x29, 0x68, 0x29, 0x68, 0x29, 0x68, 0x29, 0x68, 0x29, 0x68, 0x29, 0x68, 0x29, 0x68, 0x29, 0x68, 
  0x29, 0x68, 0x29, 0x68, 0x29, 0x68, 0x29, 0x68, 0x29, 0x68, 0x29, 0x68, 0x29, 0x68, 0x29, 0x68, 
  0x29, 0x68, 0x29, 0x68, 0x29, 0x68, 0x29, 0x68, 0x29, 0x68, 0x29, 0x68, 0x29, 0x68, 0x29, 0x68, 
  0x29, 0x68, 0x29, 0x68, 0x29, 0x68, 0x29, 0x68, 0x29, 0x68, 0x29, 0x68, 0x29, 0x68, 0x29, 0x68, 
  0x29, 0x68, 0x29, 0x68, 0x29, 0x68, 0x29, 0x68, 0x29, 0x68, 0x29, 0x68, 0x29, 0x68, 0x29, 0x68, 
  0x29, 0x68, 0x29, 0x68, 0x29, 0x68, 0x29, 0x68, 0x29, 0x68, 0x29, 0x68, 0x29, 0x68, 0x29, 0x68, 
  0x29, 0x68, 0x29, 0x68, 0x29, 0x68, 0x29, 0x68, 0x29, 0x68, 0x29, 0x68, 0x29, 0x68, 0x29, 0x68, 
  0x29, 0x68, 0x29, 0x68, 0x29, 0x68, 0x29, 0x68, 0x29, 0x68, 0x29, 0x68, 0x29, 0x68, 0x29, 0x68, 
  0x29, 0x68, 0x29, 0x68, 0x29, 0x68, 0x29, 0x68, 0x29, 0x68, 0x29, 0x68, 0x29, 0x68, 0x29, 0x68, 
  0x29, 0x68, 0x29, 0x68, 0x29, 0x68, 0x29, 0x68, 0x29, 0x68, 0x29, 0x68, 0x29, 0x68, 0x29, 0x68, 
  0x29, 0x68, 0x29, 0x68, 0x29, 0x68, 0x29, 0x68, 0x29, 0x68, 0x29, 0x68, 0x29, 0x68, 0x29, 0x68, 
  0x29, 0x68, 0x29, 0x68, 0x29, 0x68, 0x29, 0x68, 0x29, 0x68, 0x29, 0x68, 0x29, 0x68, 0x29, 0x68, 
  0x29, 0x68, 0x29, 0x68, 0x29, 0x68, 0x29, 0x68, 0x29, 0x68, 0x29, 0x68, 0x29, 0x68, 0x29, 0x68, 
  0x29, 0x68, 0x29, 0x68, 0x29, 0x68, 0x29, 0x68, 0x29, 0x68, 0x29, 0x68, 0x29, 0x68, 0x29, 0x68, 
  0x29, 0x68, 0x29, 0x68, 0x29, 0x68, 0x29, 0x68, 0x29, 0x68, 0x29, 0x68, 0x29, 0x68, 0x29, 0x68, 
  0x29, 0x68, 0x29, 0x68, 0x29, 0x68, 0x29, 0x68, 0x29, 0x68, 0x29, 0x68, 0x29, 0x68, 0x29, 0x68, 
  0x29, 0x68, 0x29, 0x68, 0x29, 0x68, 0x29, 0x68, 0x29, 0x68, 0x29, 0x68, 0x29, 0x68, 0x29, 0x68, 
  0x29, 0x68, 0x29, 0x68, 0x29, 0x68, 0x29, 0x68, 0x29, 0x68, 0x29, 0x68, 0x29, 0x68, 0x29, 0x68, 
  0x29, 0x68, 0x29, 0x68, 0x29, 0x68, 0x29, 0x68, 0x29, 0x68, 0x29, 0x68, 0x29, 0x68, 0x29, 0x68, 
  0x29, 0x68, 0x29, 0x68, 0x29, 0x68, 0x29, 0x68, 0x29, 0x68, 0x29, 0x68, 0x29, 0x68, 0x29, 0x68, 
  0x29, 0x68, 0x29, 0x68, 0x29, 0x68, 0x29, 0x68, 0x29, 0x68, 0x29, 0x68, 0x29, 0x68, 0x29, 0x68, 
  0x29, 0x68, 0x29, 0x68, 0x29, 0x68, 0x29, 0x68, 0x29, 0x68, 0x29, 0x68, 0x29, 0x68, 0x29, 0x68, 
  0x29, 0x68, 0x29, 0x68, 0x29, 0x68, 0x29, 0x68, 0x29, 0x68, 0x29, 0x68, 0x29, 0x68, 0x29, 0x68, 
  0x29, 0x68, 0x29, 0x68, 0x29, 0x68, 0x29, 0x68, 0x29, 0x68, 0x29, 0x68, 0x29, 0x68, 0x29, 0x68, 
  0x29, 0x68, 0x29, 0x68, 0x29, 0x68, 0x29, 0x68, 0x29, 0x68, 0x29, 0x68, 0x29, 0x68, 0x29, 0x68, 
  0x29, 0x68, 0x29, 0x68, 0x29, 0x68, 0x29, 0x68, 0x29, 0x68, 0x29, 0x68, 0x29, 0x68, 0x29, 0x68, 
  0x29, 0x68, 0x29, 0x68, 0x29, 0x68, 0x29, 0x68, 0x29, 0x68, 0x29, 0x68, 0x29, 0x68, 0x29, 0x68, 
  0x29, 0x68, 0x29, 0x68, 0x29, 0x68, 0x29, 0x68, 0x29, 0x68, 0x29, 0x68, 0x29, 0x68, 0x29, 0x68, 
  0x29, 0x68, 0x29, 0x68, 0x29, 0x68, 0x29, 0x68, 0x29, 0x68, 0x29, 0x68, 0x29, 0x68, 0x29, 0x68, 
  0x29, 0x68, 0x29, 0x68, 0x29, 0x68, 0x29, 0x68, 0x29, 0x68, 0x29, 0x68, 0x29, 0x68, 0x29, 0x68, 
  0x29, 0x68, 0x29, 0x68, 0x29, 0x68, 0x29, 0x68, 0x29, 0x68, 0x29, 0x68, 0x29, 0x68, 0x29, 0x68, 
  0x29, 0x68, 0x29, 0x68, 0x29, 0x68, 0x29, 0x68, 0x29, 0x68, 0x29, 0x68, 0x29, 0x68, 0x29, 0x68, 
  0x29, 0x68, 0x29, 0x68, 0x29, 0x68, 0x29, 0x68, 0x29, 0x68, 0x29, 0x68, 0x29, 0x68, 0x29, 0x68, 
  0x29, 0x68, 0x29, 0x68, 0x29, 0x68, 0x29, 0x68, 0x29, 0x68, 0x29, 0x68, 0x29, 0x68, 0x29, 0x68, 
  0x29, 0x68, 0x29, 0x68, 0x29, 0x68, 0x29, 0x68, 0x29, 0x68, 0x29, 0x68, 0x29, 0x68, 0x29, 0x68, 
  0x29, 0x68, 0x29, 0x68, 0x29, 0x68, 0x29, 0x68, 0x29, 0x68, 0x29, 0x68, 0x29, 0x68, 0x29, 0x68, 
  0x29, 0x68, 0x29, 0x68, 0x29, 0x68, 0x29, 0x68, 0x29, 0x68, 0x29, 0x68, 0x29, 0x68, 0x29, 0x68, 
  0x29, 0x68, 0x29, 0x68, 0x29, 0x68, 0x29, 0x68, 0x29, 0x68, 0x29, 0x68, 0x29, 0x68, 0x29, 0x68, 
  0x29, 0x68, 0x29, 0x68, 0x29, 0x68, 0x29, 0x68, 0x29, 0x68, 0x29, 0x68, 0x29, 0x68, 0x29, 0x68, 
  0x29, 0x68, 0x29, 0x68, 0x29, 0x68, 0x29, 0x68, 0x29, 0x68, 0x29, 0x68, 0x29, 0x68, 0x29, 0x68, 
  0x29, 0x68, 0x29, 0x68, 0x29, 0x68, 0x29, 0x68, 0x29, 0x68, 0x29, 0x68, 0x29, 0x68, 0x29, 0x68, 
  0x29, 0x68, 0x29, 0x68, 0x29, 0x68, 0x29, 0x68, 0x29, 0x68, 0x29, 0x68, 0x29, 0x68, 0x29, 0x68, 
  0x29, 0x68, 0x29, 0x68, 0x29, 0x68, 0x29, 0x68, 0x29, 0x68, 0x29, 0x68, 0x29, 0x68, 0x29, 0x68, 
  0x29, 0x68, 0x29, 0x68, 0x29, 0x68, 0x29, 0x68, 0x29, 0x68, 0x29, 0x68, 0x29, 0x68, 0x29, 0x68, 
  0x29, 0x68, 0x29, 0x68, 0x29, 0x68, 0x29, 0x68, 0x29, 0x68, 0x29, 0x68, 0x29, 0x68, 0x29, 0x68, 
  0x29, 0x68, 0x29, 0x68, 0x29, 0x68, 0x29, 0x68, 0x29, 0x68, 0x29, 0x68, 0x29, 0x68, 0x29, 0x68, 
  0x29, 0x68, 0x29, 0x68, 0x29, 0x68, 0x29, 0x68, 0x29, 0x68, 0x29, 0x68, 0x29, 0x68, 0x29, 0x68, 
  0x29, 0x68, 0x29, 0x68, 0x29, 0x68, 0x29, 0x68, 0x29, 0x68, 0x29, 0x68, 0x29, 0x68, 0x29, 0x68, 
  0x29, 0x68, 0x29, 0x68, 0x29, 0x68, 0x29, 0x68, 0x29, 0x68, 0x29, 0x68, 0x29, 0x68, 0x29, 0x68, 
  0x29, 0x68, 0x29, 0x68, 0x29, 0x68, 0x29, 0x68, 0x29, 0x68, 0x29, 0x68, 0x29, 0x68, 0x29, 0x68, 
  0x29, 0x68, 0x29, 0x68, 0x29, 0x68, 0x29, 0x68, 0x29, 0x68, 0x29, 0x68, 0x29, 0x68, 0x29, 0x68, 
  0x29, 0x68, 0x29, 0x68, 0x29, 0x68, 0x29, 0x68, 0x29, 0x68, 0x29, 0x68, 0x29, 0x68, 0x29, 0x68, 
  0x29, 0x68, 0x29, 0x68, 0x29, 0x68, 0x29, 0x68, 0x29, 0x68, 0x29, 0x68, 0x29, 0x68, 0x29, 0x68, 
  0x29, 0x68, 0x29, 0x68, 0x29, 0x68, 0x29, 0x68, 0x29, 0x68, 0x29, 0x68, 0x29, 0x68, 0x29, 0x68, 
  0x29, 0x68, 0x29, 0x68, 0x29, 0x68, 0x29, 0x68, 0x29, 0x68, 0x29, 0x68, 0x29, 0x68, 0x29, 0x68, 
  0x29, 0x68, 0x29, 0x68, 0x29, 0x68, 0x29, 0x68, 0x29, 0x68, 0x29, 0x68, 0x29, 0x68, 0x29, 0x68, 
  0x29, 0x68, 0x29, 0x68, 0x29, 0x68, 0x29, 0x68, 0x29, 0x68, 0x29, 0x68, 0x29, 0x68, 0x29, 0x68, 
  0x29, 0x68, 0x29, 0x68, 0x29, 0x68, 0x29, 0x68, 0x29, 0x68, 0x29, 0x68, 0x29, 0x68, 0x29, 0x68, 
  0x29, 0x68, 0x29, 0x68, 0x29, 0x68, 0x29, 0x68, 0x29, 0x68, 0x29, 0x68, 0x29, 0x68, 0x29, 0x68, 
  0x29, 0x68, 0x29, 0x68, 0x29, 0x68, 0x29, 0x68, 0x29, 0x68, 0x29, 0x68, 0x29, 0x68, 0x29, 0x68, 
  0x29, 0x68, 0x29, 0x68, 0x29, 0x68, 0x29, 0x68, 0x29, 0x68, 0x29, 0x68, 0x29, 0x68, 0x29, 0x68, 
  0x29, 0x68, 0x29, 0x68, 0x29, 0x68, 0x29, 0x68, 0x29, 0x68, 0x29, 0x68, 0x29, 0x68, 0x29, 0x68, 
  0x29, 0x68, 0x29, 0x68, 0x29, 0x68, 0x29, 0x68, 0x29, 0x68, 0x29, 0x68, 0x29, 0x68, 0x29, 0x68, 
  0x29, 0x68, 0x29, 0x68, 0x29, 0x68, 0x29, 0x68, 0x29, 0x68, 0x29, 0x68, 0x29, 0x68, 0x29, 0x68, 
  0x29, 0x68, 0x29, 0x68, 0x29, 0x68, 0x29, 0x68, 0x29, 0x68, 0x29, 0x68, 0x29, 0x68, 0x29, 0x68, 
  0x29, 0x68, 0x29, 0x68, 0x29, 0x68, 0x29, 0x68, 0x29, 0x68, 0x29, 0x68, 0x29, 0x68, 0x29, 0x68, 
  0x29, 0x68, 0x29, 0x68, 0x29, 0x68, 0x29, 0x68, 0x29, 0x68, 0x29, 0x68, 0x29, 0x68, 0x29, 0x68, 
  0x29, 0x68, 0x29, 0x68, 0x29, 0x68, 0x29, 0x68, 0x29, 0x68, 0x29, 0x68, 0x29, 0x68, 0x29, 0x68, 
  0x29, 0x68, 0x29, 0x68, 0x29, 0x68, 0x29, 0x68, 0x29, 0x68, 0x29, 0x68, 0x29, 0x68, 0x29, 0x68, 
  0x29, 0x68, 0x29, 0x68, 0x29, 0x68, 0x29, 0x68, 0x29, 0x68, 0x29, 0x68, 0x29, 0x68, 0x29, 0x68, 
  0x29, 0x68, 0x29, 0x68, 0x29, 0x68, 0x29, 0x68, 0x29, 0x68, 0x29, 0x68, 0x29, 0x68, 0x29, 0x68, 
  0x29, 0x68, 0x29, 0x68, 0x29, 0x68, 0x29, 0x68, 0x29, 0x68, 0x29, 0x68, 0x29, 0x68, 0x29, 0x68, 
  0x29, 0x68, 0x29, 0x68, 0x29, 0x68, 0x29, 0x68, 0x29, 0x68, 0x29, 0x68, 0x29, 0x68, 0x29, 0x68, 
  0x29, 0x68, 0x29, 0x68, 0x29, 0x68, 0x29, 0x68, 0x29, 0x68, 0x29, 0x68, 0x29, 0x68, 0x29, 0x68, 
  0x29, 0x68, 0x29, 0x68, 0x29, 0x68, 0x29, 0x68, 0x29, 0x68, 0x29, 0x68, 0x29, 0x68, 0x29, 0x68, 
  0x29, 0x68, 0x29, 0x68, 0x29, 0x68, 0x29, 0x68, 0x29, 0x68, 0x29, 0x68, 0x29, 0x68, 0x29, 0x68, 
  0x29, 0x68, 0x29, 0x68, 0x29, 0x68, 0x29, 0x68, 0x29, 0x68, 0x29, 0x68, 0x29, 0x68, 0x29, 0x68, 
  0x29, 0x68, 0x29, 0x68, 0x29, 0x68, 0x29, 0x68, 0x29, 0x68, 0x29, 0x68, 0x29, 0x68, 0x29, 0x68, 
  0x29, 0x68, 0x29, 0x68, 0x29, 0x68, 0x29, 0x68, 0x29, 0x68, 0x29, 0x68, 0x29, 0x68, 0x29, 0x68, 
  0x29, 0x68, 0x29, 0x68, 0x29, 0x68, 0x29, 0x68, 0x29, 0x68, 0x29, 0x68, 0x29, 0x68, 0x29, 0x68, 
  0x29, 0x68, 0x29, 0x68, 0x29, 0x68, 0x29, 0x68, 0x29, 0x68, 0x29, 0x68, 0x29, 0x68, 0x29, 0x68, 
  0x29, 0x68, 0x29, 0x68, 0x29, 0x68, 0x29, 0x68, 0x29, 0x68, 0x29, 0x68, 0x29, 0x68, 0x29, 0x68, 
  0x29, 0x68, 0x29, 0x68, 0x29, 0x68, 0x29, 0x68, 0x29, 0x68, 0x29, 0x68, 0x29, 0x68, 0x29, 0x68, 
  0x29, 0x68, 0x29, 0x68, 0x29, 0x68, 0x29, 0x68, 0x29, 0x68, 0x29, 0x68, 0x29, 0x68, 0x29, 0x68, 
  0x29, 0x68, 0x29, 0x68, 0x29, 0x68, 0x29, 0x68, 0x29, 0x68, 0x29, 0x68, 0x29, 0x68, 0x29, 0x68, 
  0x29, 0x68, 0x29, 0x68, 0x29, 0x68, 0x29, 0x68, 0x29, 0x68, 0x29, 0x68, 0x29, 0x68, 0x29, 0x68, 
  0x29, 0x68, 0x29, 0x68, 0x29, 0x68, 0x29, 0x68, 0x29, 0x68, 0x29, 0x68, 0x29, 0x68, 0x29, 0x68, 
  0x29, 0x68, 0x29, 0x68, 0x29, 0x68, 0x29, 0x68, 0x29, 0x68, 0x29, 0x68, 0x29, 0x68, 0x29, 0x68, 
  0x29, 0x68, 0x29, 0x68, 0x29, 0x68, 0x29, 0x68, 0x29, 0x68, 0x29, 0x68, 0x29, 0x68, 0x29, 0x68, 
  0x29, 0x68, 0x29, 0x68, 0x29, 0x68, 0x29, 0x68, 0x29, 0x68, 0x29, 0x68, 0x29, 0x68, 0x29, 0x68, 
  0x29, 0x68, 0x29, 0x68, 0x29, 0x68, 0x29, 0x68, 0x29, 0x68, 0x29, 0x68, 0x29, 0x68, 0x29, 0x68, 
  0x29, 0x68, 0x29, 0x68, 0x29, 0x68, 0x29, 0x68, 0x29, 0x68, 0x29, 0x68, 0x29, 0x68, 0x29, 0x68, 
  0x29, 0x68, 0x29, 0x68, 0x29, 0x68, 0x29, 0x68, 0x29, 0x68, 0x29, 0x68, 0x29, 0x68, 0x29, 0x68, 
  0x29, 0x68, 0x29, 0x68, 0x29, 0x68, 0x29, 0x68, 0x29, 0x68, 0x29, 0x68, 0x29, 0x68, 0x29, 0x68, 
  0x29, 0x68, 0x29, 0x68, 0x29, 0x68, 0x29, 0x68, 0x29, 0x68, 0x29, 0x68, 0x29, 0x68, 0x29, 0x68, 
  0x29, 0x68, 0x29, 0x68, 0x29, 0x68, 0x29, 0x68, 0x29, 0x68, 0x29, 0x68, 0x29, 0x68, 0x29, 0x68, 
  0x29, 0x68, 0x29, 0x68, 0x29, 0x68, 0x29, 0x68, 0x29, 0x68, 0x29, 0x68, 0x29, 0x68, 0x29, 0x68, 
  0x29, 0x68, 0x29, 0x68, 0x29, 0x68, 0x29, 0x68, 0x29, 0x68, 0x29, 0x68, 0x29, 0x68, 0x29, 0x68, 
  0x29, 0x68, 0x29, 0x68, 0x29, 0x68, 0x29, 0x68, 0x29, 0x68, 0x29, 0x68, 0x29, 0x68, 0x29, 0x68, 
  0x29, 0x68, 0x29, 0x68, 0x29, 0x68, 0x29, 0x68, 0x29, 0x68, 0x29, 0x68, 0x29, 0x68, 0x29, 0x68, 
  0x29, 0x68, 0x29, 0x68, 0x29, 0x68, 0x29, 0x68, 0x29, 0x68, 0x29, 0x68, 0x29, 0x68, 0x29, 0x68, 
  0x29, 0x68, 0x29, 0x68, 0x29, 0x68, 0x29, 0x68, 0x29, 0x68, 0x29, 0x68, 0x29, 0x68, 0x29, 0x68, 
  0x29, 0x68, 0x29, 0x68, 0x29, 0x68, 0x29, 0x68, 0x29, 0x68, 0x29, 0x68, 0x29, 0x68, 0x29, 0x68, 
  0x29, 0x68, 0x29, 0x68, 0x29, 0x68, 0x29, 0x68, 0x29, 0x68, 0x29, 0x68, 0x29, 0x68, 0x29, 0x68, 
  0x29, 0x68, 0x29, 0x68, 0x29, 0x68, 0x29, 0x68, 0x29, 0x68, 0x29, 0x68, 0x29, 0x68, 0x29, 0x68, 
  0x29, 0x68, 0x29, 0x68, 0x29, 0x68, 0x29, 0x68, 0x29, 0x68, 0x29, 0x68, 0x29, 0x68, 0x29, 0x68, 
  0x29, 0x68, 0x29, 0x68, 0x29, 0x68, 0x29, 0x68, 0x29, 0x68, 0x29, 0x68, 0x29, 0x68, 0x29, 0x68, 
  0x29, 0x68, 0x29, 0x68, 0x29, 0x68, 0x29, 0x68, 0x29, 0x68, 0x29, 0x68, 0x29, 0x68, 0x29, 0x68, 
  0x29, 0x68, 0x29, 0x68, 0x29, 0x68, 0x29, 0x68, 0x29, 0x68, 0x29, 0x68, 0x29, 0x68, 0x29, 0x68, 
  0x29, 0x68, 0x29, 0x68, 0x29, 0x68, 0x29, 0x68, 0x29, 0x68, 0x29, 0x68, 0x29, 0x68, 0x29, 0x68, 
  0x29, 0x68, 0x29, 0x68, 0x29, 0x68, 0x29, 0x68, 0x29, 0x68, 0x29, 0x68, 0x29, 0x68, 0x29, 0x68, 
  0x29, 0x68, 0x29, 0x68, 0x29, 0x68, 0x29, 0x68, 0x29, 0x68, 0x29, 0x68, 0x29, 0x68, 0x29, 0x68, 
  0x29, 0x68, 0x29, 0x68, 0x29, 0x68, 0x29, 0x68, 0x29, 0x68, 0x29, 0x68, 0x29, 0x68, 0x29, 0x68, 
  0x29, 0x68, 0x29, 0x68, 0x29, 0x68, 0x29, 0x68, 0x29, 0x68, 0x29, 0x68, 0x29, 0x68, 0x29, 0x68, 
  0x29, 0x68, 0x29, 0x68, 0x29, 0x68, 0x29, 0x68, 0x29, 0x68, 0x29, 0x68, 0x29, 0x68, 0x29, 0x68, 
  0x29, 0x68, 0x29, 0x68, 0x29, 0x68, 0x29, 0x68, 0x29, 0x68, 0x29, 0x68, 0x29, 0x68, 0x29, 0x68, 
  0x29, 0x68, 0x29, 0x68, 0x29, 0x68, 0x29, 0x68, 0x29, 0x68, 0x29, 0x68, 0x29, 0x68, 0x29, 0x68, 
  0x29, 0x68, 0x29, 0x68, 0x29, 0x68, 0x29, 0x68, 0x29, 0x68, 0x29, 0x68, 0x29, 0x68, 0x29, 0x68, 
  0x29, 0x68, 0x29, 0x68, 0x29, 0x68, 0x29, 0x68, 0x29, 0x68, 0x29, 0x68, 0x29, 0x68, 0x29, 0x68, 
  0x29, 0x68, 0x29, 0x68, 0x29, 0x68, 0x29, 0x68, 0x29, 0x68, 0x29, 0x68, 0x29, 0x68, 0x29, 0x68, 
  0x29, 0x68, 0x29, 0x68, 0x29, 0x68, 0x29, 0x68, 0x29, 0x68, 0x29, 0x68, 0x29, 0x68, 0x29, 0x68, 
  0x29, 0x68, 0x29, 0x68, 0x29, 0x68, 0x29, 0x68, 0x29, 0x68, 0x29, 0x68, 0x29, 0x68, 0x29, 0x68, 
  0x29, 0x68, 0x29, 0x68, 0x29, 0x68, 0x29, 0x68, 0x29, 0x68, 0x29, 0x68, 0x29, 0x68, 0x29, 0x68, 
  0x29, 0x68, 0x29, 0x68, 0x29, 0x68, 0x29, 0x68, 0x29, 0x68, 0x29, 0x68, 0x29, 0x68, 0x29, 0x68, 
  0x29, 0x68, 0x29, 0x68, 0x29, 0x68, 0x29, 0x68, 0x29, 0x68, 0x29, 0x68, 0x29, 0x68, 0x29, 0x68, 
  0x29, 0x68, 0x29, 0x68, 0x29, 0x68, 0x29, 0x68, 0x29, 0x68, 0x29, 0x68, 0x29, 0x68, 0x29, 0x68, 
  0x29, 0x68, 0x29, 0x68, 0x29, 0x68, 0x29, 0x68, 0x29, 0x68, 0x29, 0x68, 0x29, 0x68, 0x29, 0x68, 
  0x29, 0x68, 0x29, 0x68, 0x29, 0x68, 0x29, 0x68, 0x29, 0x68, 0x29, 0x68, 0x29, 0x68, 0x29, 0x68, 
  0x29, 0x68, 0x29, 0x68, 0x29, 0x68, 0x29, 0x68, 0x29, 0x68, 0x29, 0x68, 0x29, 0x68, 0x29, 0x68, 
  0x29, 0x68, 0x29, 0x68, 0x29, 0x68, 0x29, 0x68, 0x29, 0x68, 0x29, 0x68, 0x29, 0x68, 0x29, 0x68, 
  0x29, 0x68, 0x29, 0x68, 0x29, 0x68, 0x29, 0x68, 0x29, 0x68, 0x29, 0x68, 0x29, 0x68, 0x29, 0x68, 
  0x29, 0x68, 0x29, 0x68, 0x29, 0x68, 0x29, 0x68, 0x29, 0x68, 0x29, 0x68, 0x29, 0x68, 0x29, 0x68, 
  0x29, 0x68, 0x29, 0x68, 0x29, 0x68, 0x29, 0x68, 0x29, 0x68, 0x29, 0x68, 0x29, 0x68, 0x29, 0x68, 
  0x29, 0x68, 0x29, 0x68, 0x29, 0x68, 0x29, 0x68, 0x29, 0x68, 0x29, 0x68, 0x29, 0x68, 0x29, 0x68, 
  0x29, 0x68, 0x29, 0x68, 0x29, 0x68, 0x29, 0x68, 0x29, 0x68, 0x29, 0x68, 0x29, 0x68, 0x29, 0x68, 
  0x29, 0x68, 0x29, 0x68, 0x29, 0x68, 0x29, 0x68, 0x29, 0x68, 0x29, 0x68, 0x29, 0x68, 0x29, 0x68, 
  0x29, 0x68, 0x29, 0x68, 0x29, 0x68, 0x29, 0x68, 0x29, 0x68, 0x29, 0x68, 0x29, 0x68, 0x29, 0x68, 
  0x29, 0x68, 0x29, 0x68, 0x29, 0x68, 0x29, 0x68, 0x29, 0x68, 0x29, 0x68, 0x29, 0x68, 0x29, 0x68, 
  0x29, 0x68, 0x29, 0x68, 0x29, 0x68, 0x29, 0x68, 0x29, 0x68, 0x29, 0x68, 0x29, 0x68, 0x29, 0x68, 
  0x29, 0x68, 0x29, 0x68, 0x29, 0x68, 0x29, 0x68, 0x29, 0x68, 0x29, 0x68, 0x29, 0x68, 0x29, 0x68, 
  0x29, 0x68, 0x29, 0x68, 0x29, 0x68, 0x29, 0x68, 0x29, 0x68, 0x29, 0x68, 0x29, 0x68, 0x29, 0x68, 
  0x29, 0x68, 0x29, 0x68, 0x29, 0x68, 0x29, 0x68, 0x29, 0x68, 0x29, 0x68, 0x29, 0x68, 0x29, 0x68, 
  0x29, 0x68, 0x29, 0x68, 0x29, 0x68, 0x29, 0x68, 0x29, 0x68, 0x29, 0x68, 0x29, 0x68, 0x29, 0x68, 
  0x29, 0x68, 0x29, 0x68, 0x29, 0x68, 0x29, 0x68, 0x29, 0x68, 0x29, 0x68, 0x29, 0x68, 0x29, 0x68, 
  0x29, 0x68, 0x29, 0x68, 0x29, 0x68, 0x29, 0x68, 0x29, 0x68, 0x29, 0x68, 0x29, 0x68, 0x29, 0x68, 
  0x29, 0x68, 0x29, 0x68, 0x29, 0x68, 0x29, 0x68, 0x29, 0x68, 0x29, 0x68, 0x29, 0x68, 0x29, 0x68, 
  0x29, 0x68, 0x29, 0x68, 0x29, 0x68, 0x29, 0x68, 0x29, 0x68, 0x29, 0x68, 0x29, 0x68, 0x29, 0x68, 
  0x29, 0x68, 0x29, 0x68, 0x29, 0x68, 0x29, 0x68, 0x29, 0x68, 0x29, 0x68, 0x29, 0x68, 0x29, 0x68, 
  0x29, 0x68, 0x29, 0x68, 0x29, 0x68, 0x29, 0x68, 0x29, 0x68, 0x29, 0x68, 0x29, 0x68, 0x29, 0x68, 
  0x29, 0x68, 0x29, 0x68, 0x29, 0x68, 0x29, 0x68, 0x29, 0x68, 0x29, 0x68, 0x29, 0x68, 0x29, 0x68, 
  0x29, 0x68, 0x29, 0x68, 0x29, 0x68, 0x29, 0x68, 0x29, 0x68, 0x29, 0x68, 0x29, 0x68, 0x29, 0x68, 
  0x29, 0x68, 0x29, 0x68, 0x29, 0x68, 0x29, 0x68, 0x29, 0x68, 0x29, 0x68, 0x29, 0x68, 0x29, 0x68, 
  0x29, 0x68, 0x29, 0x68, 0x29, 0x68, 0x29, 0x68, 0x29, 0x68, 0x29, 0x68, 0x29, 0x68, 0x29, 0x68, 
  0x29, 0x68, 0x29, 0x68, 0x29, 0x68, 0x29, 0x68, 0x29, 0x68, 0x29, 0x68, 0x29, 0x68, 0x29, 0x68, 
  0x29, 0x68, 0x29, 0x68, 0x29, 0x68, 0x29, 0x68, 0x29, 0x68, 0x29, 0x68, 0x29, 0x68, 0x29, 0x68, 
  0x29, 0x68, 0x29, 0x68, 0x29, 0x68, 0x29, 0x68, 0x29, 0x68, 0x29, 0x68, 0x29, 0x68, 0x29, 0x68, 
  0x29, 0x68, 0x29, 0x68, 0x29, 0x68, 0x29, 0x68, 0x29, 0x68, 0x29, 0x68, 0x29, 0x68, 0x29, 0x68, 
  0x29, 0x68, 0x29, 0x68, 0x29, 0x68, 0x29, 0x68, 0x29, 0x68, 0x29, 0x68, 0x29, 0x68, 0x29, 0x68, 
  0x29, 0x68, 0x29, 0x68, 0x29, 0x68, 0x29, 0x68, 0x29, 0x68, 0x29, 0x68, 0x29, 0x68, 0x29, 0x68, 
  0x29, 0x68, 0x29, 0x68, 0x29, 0x68, 0x29, 0x68, 0x29, 0x68, 0x29, 0x68, 0x29, 0x68, 0x29, 0x68, 
  0x29, 0x68, 0x29, 0x68, 0x29, 0x68, 0x29, 0x68, 0x29, 0x68, 0x29, 0x68, 0x29, 0x68, 0x29, 0x68, 
  0x29, 0x68, 0x29, 0x68, 0x29, 0x68, 0x29, 0x68, 0x29, 0x68, 0x29, 0x68, 0x29, 0x68, 0x29, 0x68, 
  0x29, 0x68, 0x29, 0x68, 0x29, 0x68, 0x29, 0x68, 0x29, 0x68, 0x29, 0x68, 0x29, 0x68, 0x29, 0x68, 
  0x29, 0x68, 0x29, 0x68, 0x29, 0x68, 0x29, 0x68, 0x29, 0x68, 0x29, 0x68, 0x29, 0x68, 0x29, 0x68, 
  0x29, 0x68, 0x29, 0x68, 0x29, 0x68, 0x29, 0x68, 0x29, 0x68, 0x29, 0x68, 0x29, 0x68, 0x29, 0x68, 
  0x29, 0x68, 0x29, 0x68, 0x29, 0x68, 0x29, 0x68, 0x29, 0x68, 0x29, 0x68, 0x29, 0x68, 0x29, 0x68, 
  0x29, 0x68, 0x29, 0x68, 0x29, 0x68, 0x29, 0x68, 0x29, 0x68, 0x29, 0x68, 0x29, 0x68, 0x29, 0x68, 
  0x29, 0x68, 0x29, 0x68, 0x29, 0x68, 0x29, 0x68, 0x29, 0x68, 0x29, 0x68, 0x29, 0x68, 0x29, 0x68, 
  0x29, 0x68, 0x29, 0x68, 0x29, 0x68, 0x29, 0x68, 0x29, 0x68, 0x29, 0x68, 0x29, 0x68, 0x29, 0x68, 
  0x29, 0x68, 0x29, 0x68, 0x29, 0x68, 0x29, 0x68, 0x29, 0x68, 0x29, 0x68, 0x29, 0x68, 0x29, 0x68, 
  0x29, 0x68, 0x29, 0x68, 0x29, 0x68, 0x29, 0x68, 0x29, 0x68, 0x29, 0x68, 0x29, 0x68, 0x29, 0x68, 
  0x29, 0x68, 0x29, 0x68, 0x29, 0x68, 0x29, 0x68, 0x29, 0x68, 0x29, 0x68, 0x29, 0x68, 0x29, 0x68, 
  0x29, 0x68, 0x29, 0x68, 0x29, 0x68, 0x29, 0x68, 0x29, 0x68, 0x29, 0x68, 0x29, 0x68, 0x29, 0x68, 
  0x29, 0x68, 0x29, 0x68, 0x29, 0x68, 0x29, 0x68, 0x29, 0x68, 0x29, 0x68, 0x29, 0x68, 0x29, 0x68, 
  0x29, 0x68, 0x29, 0x68, 0x29, 0x68, 0x29, 0x68, 0x29, 0x68, 0x29, 0x68, 0x29, 0x68, 0x29, 0x68, 
  0x29, 0x68, 0x29, 0x68, 0x29, 0x68, 0x29, 0x68, 0x29, 0x68, 0x29, 0x68, 0x29, 0x68, 0x29, 0x68, 
  0x29, 0x68, 0x29, 0x68, 0x29, 0x68, 0x29, 0x68, 0x29, 0x68, 0x29, 0x68, 0x29, 0x68, 0x29, 0x68, 
  0x29, 0x68, 0x29, 0x68, 0x29, 0x68, 0x29, 0x68, 0x29, 0x68, 0x29, 0x68, 0x29, 0x68, 0x29, 0x68, 
  0x29, 0x68, 0x29, 0x68, 0x29, 0x68, 0x29, 0x68, 0x29, 0x68, 0x29, 0x68, 0x29, 0x68, 0x29, 0x68, 
  0x29, 0x68, 0x29, 0x68, 0x29, 0x68, 0x29, 0x68, 0x29, 0x68, 0x29, 0x68, 0x29, 0x68, 0x29, 0x68, 
  0x29, 0x68, 0x29, 0x68, 0x29, 0x68, 0x29, 0x68, 0x29, 0x68, 0x29, 0x68, 0x29, 0x68, 0x29, 0x68, 
  0x29, 0x68, 0x29, 0x68, 0x29, 0x68, 0x29, 0x68, 0x29, 0x68, 0x29, 0x68, 0x29, 0x68, 0x29, 0x68, 
  0x29, 0x68, 0x29, 0x68, 0x29, 0x68, 0x29, 0x68, 0x29, 0x68, 0x29, 0x68, 0x29, 0x68, 0x29, 0x68, 
  0x29, 0x68, 0x29, 0x68, 0x29, 0x68, 0x29, 0x68, 0x29, 0x68, 0x29, 0x68, 0x29, 0x68, 0x29, 0x68, 
  0x29, 0x68, 0x29, 0x68, 0x29, 0x68, 0x29, 0x68, 0x29, 0x68, 0x29, 0x68, 0x29, 0x68, 0x29, 0x68, 
  0x29, 0x68, 0x29, 0x68, 0x29, 0x68, 0x29, 0x68, 0x29, 0x68, 0x29, 0x68, 0x29, 0x68, 0x29, 0x68, 
  0x29, 0x68, 0x29, 0x68, 0x29, 0x68, 0x29, 0x68, 0x29, 0x68, 0x29, 0x68, 0x29, 0x68, 0x29, 0x68, 
  0x29, 0x68, 0x29, 0x68, 0x29, 0x68, 0x29, 0x68, 0x29, 0x68, 0x29, 0x68, 0x29, 0x68, 0x29, 0x68, 
  0x29, 0x68, 0x29, 0x68, 0x29, 0x68, 0x29, 0x68, 0x29, 0x68, 0x29, 0x68, 0x29, 0x68, 0x29, 0x68, 
  0x29, 0x68, 0x29, 0x68, 0x29, 0x68, 0x29, 0x68, 0x29, 0x68, 0x29, 0x68, 0x29, 0x68, 0x29, 0x68, 
  0x29, 0x68, 0x29, 0x68, 0x29, 0x68, 0x29, 0x68, 0x29, 0x68, 0x29, 0x68, 0x29, 0x68, 0x29, 0x68, 
  0x29, 0x68, 0x29, 0x68, 0x29, 0x68, 0x29, 0x68, 0x29, 0x68, 0x29, 0x68, 0x29, 0x68, 0x29, 0x68, 
  0x29, 0x68, 0x29, 0x68, 0x29, 0x68, 0x29, 0x68, 0x29, 0x68, 0x29, 0x68, 0x29, 0x68, 0x29, 0x68, 
  0x29, 0x68, 0x29, 0x68, 0x29, 0x68, 0x29, 0x68, 0x29, 0x68, 0x29, 0x68, 0x29, 0x68, 0x29, 0x68, 
  0x29, 0x68, 0x29, 0x68, 0x29, 0x68, 0x29, 0x68, 0x29, 0x68, 0x29, 0x68, 0x29, 0x68, 0x29, 0x68, 
  0x29, 0x68, 0x29, 0x68, 0x29, 0x68, 0x29, 0x68, 0x29, 0x68, 0x29, 0x68, 0x29, 0x68, 0x29, 0x68, 
  0x29, 0x68, 0x29, 0x68, 0x29, 0x68, 0x29, 0x68, 0x29, 0x68, 0x29, 0x68, 0x29, 0x68, 0x29, 0x68, 
  0x29, 0x68, 0x29, 0x68, 0x29, 0x68, 0x29, 0x68, 0x29, 0x68, 0x29, 0x68, 0x29, 0x68, 0x29, 0x68, 
  0x29, 0x68, 0x29, 0x68, 0x29, 0x68, 0x29, 0x68, 0x29, 0x68, 0x29, 0x68, 0x29, 0x68, 0x29, 0x68, 
  0x29, 0x68, 0x29, 0x68, 0x29, 0x68, 0x29, 0x68, 0x29, 0x68, 0x29, 0x68, 0x29, 0x68, 0x29, 0x68, 
  0x29, 0x68, 0x29, 0x68, 0x29, 0x68, 0x29, 0x68, 0x29, 0x68, 0x29, 0x68, 0x29, 0x68, 0x29, 0x68, 
  0x29, 0x68, 0x29, 0x68, 0x29, 0x68, 0x29, 0x68, 0x29, 0x68, 0x29, 0x68, 0x29, 0x68, 0x29, 0x68, 
  0x29, 0x68, 0x29, 0x68, 0x29, 0x68, 0x29, 0x68, 0x29, 0x68, 0x29, 0x68, 0x29, 0x68, 0x29, 0x68, 
  0x29, 0x68, 0x29, 0x68, 0x29, 0x68, 0x29, 0x68, 0x29, 0x68, 0x29, 0x68, 0x29, 0x68, 0x29, 0x68, 
  0x29, 0x68, 0x29, 0x68, 0x29, 0x68, 0x29, 0x68, 0x29, 0x68, 0x29, 0x68, 0x29, 0x68, 0x29, 0x68, 
  0x29, 0x68, 0x29, 0x68, 0x29, 0x68, 0x29, 0x68, 0x29, 0x68, 0x29, 0x68, 0x29, 0x68, 0x29, 0x68, 
  0x29, 0x68, 0x29, 0x68, 0x29, 0x68, 0x29, 0x68, 0x29, 0x68, 0x29, 0x68, 0x29, 0x68, 0x29, 0x68, 
  0x29, 0x68, 0x29, 0x68, 0x29, 0x68, 0x29, 0x68, 0x29, 0x68, 0x29, 0x68, 0x29, 0x68, 0x29, 0x68, 
  0x29, 0x68, 0x29, 0x68, 0x29, 0x68, 0x29, 0x68, 0x29, 0x68, 0x29, 0x68, 0x29, 0x68, 0x29, 0x68, 
  0x29, 0x68, 0x29, 0x68, 0x29, 0x68, 0x29, 0x68, 0x29, 0x68, 0x29, 0x68, 0x29, 0x68, 0x29, 0x68, 
  0x29, 0x68, 0x29, 0x68, 0x29, 0x68, 0x29, 0x68, 0x29, 0x68, 0x29, 0x68, 0x29, 0x68, 0x29, 0x68, 
  0x29, 0x68, 0x29, 0x68, 0x29, 0x68, 0x29, 0x68, 0x29, 0x68, 0x29, 0x68, 0x29, 0x68, 0x29, 0x68, 
  0x29, 0x68, 0x29, 0x68, 0x29, 0x68, 0x29, 0x68, 0x29, 0x68, 0x29, 0x68, 0x29, 0x68, 0x29, 0x68, 
  0x29, 0x68, 0x29, 0x68, 0x29, 0x68, 0x29, 0x68, 0x29, 0x68, 0x29, 0x68, 0x29, 0x68, 0x29, 0x68, 
  0x29, 0x68, 0x29, 0x68, 0x29, 0x68, 0x29, 0x68, 0x29, 0x68, 0x29, 0x68, 0x29, 0x68, 0x29, 0x68, 
  0x29, 0x68, 0x29, 0x68, 0x29, 0x68, 0x29, 0x68, 0x29, 0x68, 0x29, 0x68, 0x29, 0x68, 0x29, 0x68, 
  0x29, 0x68, 0x29, 0x68, 0x29, 0x68, 0x29, 0x68, 0x29, 0x68, 0x29, 0x68, 0x29, 0x68, 0x29, 0x68, 
  0x29, 0x68, 0x29, 0x68, 0x29, 0x68, 0x29, 0x68, 0x29, 0x68, 0x29, 0x68, 0x29, 0x68, 0x29, 0x68, 
  0x29, 0x68, 0x29, 0x68, 0x29, 0x68, 0x29, 0x68, 0x29, 0x68, 0x29, 0x68, 0x29, 0x68, 0x29, 0x68, 
  0x29, 0x68, 0x29, 0x68, 0x29, 0x68, 0x29, 0x68, 0x29, 0x68, 0x29, 0x68, 0x29, 0x68, 0x29, 0x68, 
  0x29, 0x68, 0x29, 0x68, 0x29, 0x68, 0x29, 0x68, 0x29, 0x68, 0x29, 0x68, 0x29, 0x68, 0x29, 0x68, 
  0x29, 0x68, 0x29, 0x68, 0x29, 0x68, 0x29, 0x68, 0x29, 0x68, 0x29, 0x68, 0x29, 0x68, 0x29, 0x68, 
  0x29, 0x68, 0x29, 0x68, 0x29, 0x68, 0x29, 0x68, 0x29, 0x68, 0x29, 0x68, 0x29, 0x68, 0x29, 0x68, 
  0x29, 0x68, 0x29, 0x68, 0x29, 0x68, 0x29, 0x68, 0x29, 0x68, 0x29, 0x68, 0x29, 0x68, 0x29, 0x68, 
  0x29, 0x68, 0x29, 0x68, 0x29, 0x68, 0x29, 0x68, 0x29, 0x68, 0x29, 0x68, 0x29, 0x68, 0x29, 0x68, 
  0x29, 0x68, 0x29, 0x68, 0x29, 0x68, 0x29, 0x68, 0x29, 0x68, 0x29, 0x68, 0x29, 0x68, 0x29, 0x68, 
  0x29, 0x68, 0x29, 0x68, 0x29, 0x68, 0x29, 0x68, 0x29, 0x68, 0x29, 0x68, 0x29, 0x68, 0x29, 0x68, 
  0x29, 0x68, 0x29, 0x68, 0x29, 0x68, 0x29, 0x68, 0x29, 0x68, 0x29, 0x68, 0x29, 0x68, 0x29, 0x68, 
  0x29, 0x68, 0x29, 0x68, 0x29, 0x68, 0x29, 0x68, 0x29, 0x68, 0x29, 0x68, 0x29, 0x68, 0x29, 0x68, 
  0x29, 0x68, 0x29, 0x68, 0x29, 0x68, 0x29, 0x68, 0x29, 0x68, 0x29, 0x68, 0x29, 0x68, 0x29, 0x68, 
  0x29, 0x68, 0x29, 0x68, 0x29, 0x68, 0x29, 0x68, 0x29, 0x68, 0x29, 0x68, 0x29, 0x68, 0x29, 0x68, 
  0x29, 0x68, 0x29, 0x68, 0x29, 0x68, 0x29, 0x68, 0x29, 0x68, 0x29, 0x68, 0x29, 0x68, 0x29, 0x68, 
  0x29, 0x68, 0x29, 0x68, 0x29, 0x68, 0x29, 0x68, 0x29, 0x68, 0x29, 0x68, 0x29, 0x68, 0x29, 0x68, 
  0x29, 0x68, 0x29, 0x68, 0x29, 0x68, 0x29, 0x68, 0x29, 0x68, 0x29, 0x68, 0x29, 0x68, 0x29, 0x68, 
  0x29, 0x68, 0x29, 0x68, 0x29, 0x68, 0x29, 0x68, 0x29, 0x68, 0x29, 0x68, 0x29, 0x68, 0x29, 0x68, 
  0x29, 0x68, 0x29, 0x68, 0x29, 0x68, 0x29, 0x68, 0x29, 0x68, 0x29, 0x68, 0x29, 0x68, 0x29, 0x68, 
  0x29, 0x68, 0x29, 0x68, 0x29, 0x68, 0x29, 0x68, 0x29, 0x68, 0x29, 0x68, 0x29, 0x68, 0x29, 0x68, 
  0x29, 0x68, 0x29, 0x68, 0x29, 0x68, 0x29, 0x68, 0x29, 0x68, 0x29, 0x68, 0x29, 0x68, 0x29, 0x68, 
  0x29, 0x68, 0x29, 0x68, 0x29, 0x68, 0x29, 0x68, 0x29, 0x68, 0x29, 0x68, 0x29, 0x68, 0x29, 0x68, 
  0x29, 0x68, 0x29, 0x68, 0x29, 0x68, 0x29, 0x68, 0x29, 0x68, 0x29, 0x68, 0x29, 0x68, 0x29, 0x68, 
  0x29, 0x68, 0x29, 0x68, 0x29, 0x68, 0x29, 0x68, 0x29, 0x68, 0x29, 0x68, 0x29, 0x68, 0x29, 0x68, 
  0x29, 0x68, 0x29, 0x68, 0x29, 0x68, 0x29, 0x68, 0x29, 0x68, 0x29, 0x68, 0x29, 0x68, 0x29, 0x68, 
  0x29, 0x68, 0x29, 0x68, 0x29, 0x68, 0x29, 0x68, 0x29, 0x68, 0x29, 0x68, 0x29, 0x68, 0x29, 0x68, 
  0x29, 0x68, 0x29, 0x68, 0x29, 0x68, 0x29, 0x68, 0x29, 0x68, 0x29, 0x68, 0x29, 0x68, 0x29, 0x68, 
  0x29, 0x68, 0x29, 0x68, 0x29, 0x68, 0x29, 0x68, 0x29, 0x68, 0x29, 0x68, 0x29, 0x68, 0x29, 0x68, 
  0x29, 0x68, 0x29, 0x68, 0x29, 0x68, 0x29, 0x68, 0x29, 0x68, 0x29, 0x68, 0x29, 0x68, 0x29, 0x68, 
  0x29, 0x68, 0x29, 0x68, 0x29, 0x68, 0x29, 0x68, 0x29, 0x68, 0x29, 0x68, 0x29, 0x68, 0x29, 0x68, 
  0x29, 0x68, 0x29, 0x68, 0x29, 0x68, 0x29, 0x68, 0x29, 0x68, 0x29, 0x68, 0x29, 0x68, 0x29, 0x68, 
  0x29, 0x68, 0x29, 0x68, 0x29, 0x68, 0x29, 0x68, 0x29, 0x68, 0x29, 0x68, 0x29, 0x68, 0x29, 0x68, 
  0x29, 0x68, 0x29, 0x68, 0x29, 0x68, 0x29, 0x68, 0x29, 0x68, 0x29, 0x68, 0x29, 0x68, 0x29, 0x68, 
  0x29, 0x68, 0x29, 0x68, 0x29, 0x68, 0x29, 0x68, 0x29, 0x68, 0x29, 0x68, 0x29, 0x68, 0x29, 0x68, 
  0x29, 0x68, 0x29, 0x68, 0x29, 0x68, 0x29, 0x68, 0x29, 0x68, 0x29, 0x68, 0x29, 0x68, 0x29, 0x68, 
  0x29, 0x68, 0x29, 0x68, 0x29, 0x68, 0x29, 0x68, 0x29, 0x68, 0x29, 0x68, 0x29, 0x68, 0x29, 0x68, 
  0x29, 0x68, 0x29, 0x68, 0x29, 0x68, 0x29, 0x68, 0x29, 0x68, 0x29, 0x68, 0x29, 0x68, 0x29, 0x68, 
  0x29, 0x68, 0x29, 0x68, 0x29, 0x68, 0x29, 0x68, 0x29, 0x68, 0x29, 0x68, 0x29, 0x68, 0x29, 0x68, 
  0x29, 0x68, 0x29, 0x68, 0x29, 0x68, 0x29, 0x68, 0x29, 0x68, 0x29, 0x68, 0x29, 0x68, 0x29, 0x68, 
  0x29, 0x68, 0x29, 0x68, 0x29, 0x68, 0x29, 0x68, 0x29, 0x68, 0x29, 0x68, 0x29, 0x68, 0x29, 0x68, 
  0x29, 0x68, 0x29, 0x68, 0x29, 0x68, 0x29, 0x68, 0x29, 0x68, 0x29, 0x68, 0x29, 0x68, 0x29, 0x68, 
  0x29, 0x68, 0x29, 0x68, 0x29, 0x68, 0x29, 0x68, 0x29, 0x68, 0x29, 0x68, 0x29, 0x68, 0x29, 0x68, 
  0x29, 0x68, 0x29, 0x68, 0x29, 0x68, 0x29, 0x68, 0x29, 0x68, 0x29, 0x68, 0x29, 0x68, 0x29, 0x68, 
  0x29, 0x68, 0x29, 0x68, 0x29, 0x68, 0x29, 0x68, 0x29, 0x68, 0x29, 0x68, 0x29, 0x68, 0x29, 0x68, 
  0x29, 0x68, 0x29, 0x68, 0x29, 0x68, 0x29, 0x68, 0x29, 0x68, 0x29, 0x68, 0x29, 0x68, 0x29, 0x68, 
  0x29, 0x68, 0x29, 0x68, 0x29, 0x68, 0x29, 0x68, 0x29, 0x68, 0x29, 0x68, 0x29, 0x68, 0x29, 0x68, 
  0x29, 0x68, 0x29, 0x68, 0x29, 0x68, 0x29, 0x68, 0x29, 0x68, 0x29, 0x68, 0x29, 0x68, 0x29, 0x68, 
  0x29, 0x68, 0x29, 0x68, 0x29, 0x68, 0x29, 0x68, 0x29, 0x68, 0x29, 0x68, 0x29, 0x68, 0x29, 0x68, 
  0x29, 0x68, 0x29, 0x68, 0x29, 0x68, 0x29, 0x68, 0x29, 0x68, 0x29, 0x68, 0x29, 0x68, 0x29, 0x68, 
  0x29, 0x68, 0x29, 0x68, 0x29, 0x68, 0x29, 0x68, 0x29, 0x68, 0x29, 0x68, 0x29, 0x68, 0x29, 0x68, 
  0x29, 0x68, 0x29, 0x68, 0x29, 0x68, 0x29, 0x68, 0x29, 0x68, 0x29, 0x68, 0x29, 0x68, 0x29, 0x68, 
  0x29, 0x68, 0x29, 0x68, 0x29, 0x68, 0x29, 0x68, 0x29, 0x68, 0x29, 0x68, 0x29, 0x68, 0x29, 0x68, 
  0x29, 0x68, 0x29, 0x68, 0x29, 0x68, 0x29, 0x68, 0x29, 0x68, 0x29, 0x68, 0x29, 0x68, 0x29, 0x68, 
  0x29, 0x68, 0x29, 0x68, 0x29, 0x68, 0x29, 0x68, 0x29, 0x68, 0x29, 0x68, 0x29, 0x68, 0x29, 0x68, 
  0x29, 0x68, 0x29, 0x68, 0x29, 0x68, 0x29, 0x68, 0x29, 0x68, 0x29, 0x68, 0x29, 0x68, 0x29, 0x68, 
  0x29, 0x68, 0x29, 0x68, 0x29, 0x68, 0x29, 0x68, 0x29, 0x68, 0x29, 0x68, 0x29, 0x68, 0x29, 0x68, 
  0x29, 0x68, 0x29, 0x68, 0x29, 0x68, 0x29, 0x68, 0x29, 0x68, 0x29, 0x68, 0x29, 0x68, 0x29, 0x68, 
  0x29, 0x68, 0x29, 0x68, 0x29, 0x68, 0x29, 0x68, 0x29, 0x68, 0x29, 0x68, 0x29, 0x68, 0x29, 0x68, 
  0x29, 0x68, 0x29, 0x68, 0x29, 0x68, 0x29, 0x68, 0x29, 0x68, 0x29, 0x68, 0x29, 0x68, 0x29, 0x68, 
  0x29, 0x68, 0x29, 0x68, 0x29, 0x68, 0x29, 0x68, 0x29, 0x68, 0x29, 0x68, 0x29, 0x68, 0x29, 0x68, 
  0x29, 0x68, 0x29, 0x68, 0x29, 0x68, 0x29, 0x68, 0x29, 0x68, 0x29, 0x68, 0x29, 0x68, 0x29, 0x68, 
  0x29, 0x68, 0x29, 0x68, 0x29, 0x68, 0x29, 0x68, 0x29, 0x68, 0x29, 0x68, 0x29, 0x68, 0x29, 0x68, 
  0x29, 0x68, 0x29, 0x68, 0x29, 0x68, 0x29, 0x68, 0x29, 0x68, 0x29, 0x68, 0x29, 0x68, 0x29, 0x68, 
  0x29, 0x68, 0x29, 0x68, 0x29, 0x68, 0x29, 0x68, 0x29, 0x68, 0x29, 0x68, 0x29, 0x68, 0x29, 0x68, 
  0x29, 0x68, 0x29, 0x68, 0x29, 0x68, 0x29, 0x68, 0x29, 0x68, 0x29, 0x68, 0x29, 0x68, 0x29, 0x68, 
  0x29, 0x68, 0x29, 0x68, 0x29, 0x68, 0x29, 0x68, 0x29, 0x68, 0x29, 0x68, 0x29, 0x68, 0x29, 0x68, 
  0x29, 0x68, 0x29, 0x68, 0x29, 0x68, 0x29, 0x68, 0x29, 0x68, 0x29, 0x68, 0x29, 0x68, 0x29, 0x68, 
  0x29, 0x68, 0x29, 0x68, 0x29, 0x68, 0x29, 0x68, 0x29, 0x68, 0x29, 0x68, 0x29, 0x68, 0x29, 0x68, 
  0x29, 0x68, 0x29, 0x68, 0x29, 0x68, 0x29, 0x68, 0x29, 0x68, 0x29, 0x68, 0x29, 0x68, 0x29, 0x68, 
  0x29, 0x68, 0x29, 0x68, 0x29, 0x68, 0x29, 0x68, 0x29, 0x68, 0x29, 0x68, 0x29, 0x68, 0x29, 0x68, 
  0x29, 0x68, 0x29, 0x68, 0x29, 0x68, 0x29, 0x68, 0x29, 0x68, 0x29, 0x68, 0x29, 0x68, 0x29, 0x68, 
  0x29, 0x68, 0x29, 0x68, 0x29, 0x68, 0x29, 0x68, 0x29, 0x68, 0x29, 0x68, 0x29, 0x68, 0x29, 0x68, 
  0x29, 0x68, 0x29, 0x68, 0x29, 0x68, 0x29, 0x68, 0x29, 0x68, 0x29, 0x68, 0x29, 0x68, 0x29, 0x68, 
  0x29, 0x68, 0x29, 0x68, 0x29, 0x68, 0x29, 0x68, 0x29, 0x68, 0x29, 0x68, 0x29, 0x68, 0x29, 0x68, 
  0x29, 0x68, 0x29, 0x68, 0x29, 0x68, 0x29, 0x68, 0x29, 0x68, 0x29, 0x68, 0x29, 0x68, 0x29, 0x68, 
  0x29, 0x68, 0x29, 0x68, 0x29, 0x68, 0x29, 0x68, 0x29, 0x68, 0x29, 0x68, 0x29, 0x68, 0x29, 0x68, 
  0x29, 0x68, 0x29, 0x68, 0x29, 0x68, 0x29, 0x68, 0x29, 0x68, 0x29, 0x68, 0x29, 0x68, 0x29, 0x68, 
  0x29, 0x68, 0x29, 0x68, 0x29, 0x68, 0x29, 0x68, 0x29, 0x68, 0x29, 0x68, 0x29, 0x68, 0x29, 0x68, 
  0x29, 0x68, 0x29, 0x68, 0x29, 0x68, 0x29, 0x68, 0x29, 0x68, 0x29, 0x68, 0x29, 0x68, 0x29, 0x68, 
  0x29, 0x68, 0x29, 0x68, 0x29, 0x68, 0x29, 0x68, 0x29, 0x68, 0x29, 0x68, 0x29, 0x68, 0x29, 0x68, 
  0x29, 0x68, 0x29, 0x68, 0x29, 0x68, 0x29, 0x68, 0x29, 0x68, 0x29, 0x68, 0x29, 0x68, 0x29, 0x68, 
  0x29, 0x68, 0x29, 0x68, 0x29, 0x68, 0x29, 0x68, 0x29, 0x68, 0x29, 0x68, 0x29, 0x68, 0x29, 0x68, 
  0x29, 0x68, 0x29, 0x68, 0x29, 0x68, 0x29, 0x68, 0x29, 0x68, 0x29, 0x68, 0x29, 0x68, 0x29, 0x68, 
  0x29, 0x68, 0x29, 0x68, 0x29, 0x68, 0x29, 0x68, 0x29, 0x68, 0x29, 0x68, 0x29, 0x68, 0x29, 0x68, 
  0x29, 0x68, 0x29, 0x68, 0x29, 0x68, 0x29, 0x68, 0x29, 0x68, 0x29, 0x68, 0x29, 0x68, 0x29, 0x68, 
  0x29, 0x68, 0x29, 0x68, 0x29, 0x68, 0x29, 0x68, 0x29, 0x68, 0x29, 0x68, 0x29, 0x68, 0x29, 0x68, 
  0x29, 0x68, 0x29, 0x68, 0x29, 0x68, 0x29, 0x68, 0x29, 0x68, 0x29, 0x68, 0x29, 0x68, 0x29, 0x68, 
  0x29, 0x68, 0x29, 0x68, 0x29, 0x68, 0x29, 0x68, 0x29, 0x68, 0x29, 0x68, 0x29, 0x68, 0x29, 0x68, 
  0x29, 0x68, 0x29, 0x68, 0x29, 0x68, 0x29, 0x68, 0x29, 0x68, 0x29, 0x68, 0x29, 0x68, 0x29, 0x68, 
  0x29, 0x68, 0x29, 0x68, 0x29, 0x68, 0x29, 0x68, 0x29, 0x68, 0x29, 0x68, 0x29, 0x68, 0x29, 0x68, 
  0x29, 0x68, 0x29, 0x68, 0x29, 0x68, 0x29, 0x68, 0x29, 0x68, 0x29, 0x68, 0x29, 0x68, 0x29, 0x68, 
  0x29, 0x68, 0x29, 0x68, 0x29, 0x68, 0x29, 0x68, 0x29, 0x68, 0x29, 0x68, 0x29, 0x68, 0x29, 0x68, 
  0x29, 0x68, 0x29, 0x68, 0x29, 0x68, 0x29, 0x68, 0x29, 0x68, 0x29, 0x68, 0x29, 0x68, 0x29, 0x68, 
  0x29, 0x68, 0x29, 0x68, 0x29, 0x68, 0x29, 0x68, 0x29, 0x68, 0x29, 0x68, 0x29, 0x68, 0x29, 0x68, 
  0x29, 0x68, 0x29, 0x68, 0x29, 0x68, 0x29, 0x68, 0x29, 0x68, 0x29, 0x68, 0x29, 0x68, 0x29, 0x68, 
  0x29, 0x68, 0x29, 0x68, 0x29, 0x68, 0x29, 0x68, 0x29, 0x68, 0x29, 0x68, 0x29, 0x68, 0x29, 0x68, 
  0x29, 0x68, 0x29, 0x68, 0x29, 0x68, 0x29, 0x68, 0x29, 0x68, 0x29, 0x68, 0x29, 0x68, 0x29, 0x68, 
  0x29, 0x68, 0x29, 0x68, 0x29, 0x68, 0x29, 0x68, 0x29, 0x68, 0x29, 0x68, 0x29, 0x68, 0x29, 0x68, 
  0x29, 0x68, 0x29, 0x68, 0x29, 0x68, 0x29, 0x68, 0x29, 0x68, 0x29, 0x68, 0x29, 0x68, 0x29, 0x68, 
  0x29, 0x68, 0x29, 0x68, 0x29, 0x68, 0x29, 0x68, 0x29, 0x68, 0x29, 0x68, 0x29, 0x68, 0x29, 0x68, 
  0x29, 0x68, 0x29, 0x68, 0x29, 0x68, 0x29, 0x68, 0x29, 0x68, 0x29, 0x68, 0x29, 0x68, 0x29, 0x68, 
  0x29, 0x68, 0x29, 0x68, 0x29, 0x68, 0x29, 0x68, 0x29, 0x68, 0x29, 0x68, 0x29, 0x68, 0x29, 0x68, 
  0x29, 0x68, 0x29, 0x68, 0x29, 0x68, 0x29, 0x68, 0x29, 0x68, 0x29, 0x68, 0x29, 0x68, 0x29, 0x68, 
  0x29, 0x68, 0x29, 0x68, 0x29, 0x68, 0x29, 0x68, 0x29, 0x68, 0x29, 0x68, 0x29, 0x68, 0x29, 0x68, 
  0x29, 0x68, 0x29, 0x68, 0x29, 0x68, 0x29, 0x68, 0x29, 0x68, 0x29, 0x68, 0x29, 0x68, 0x29, 0x68, 
  0x29, 0x68, 0x29, 0x68, 0x29, 0x68, 0x29, 0x68, 0x29, 0x68, 0x29, 0x68, 0x29, 0x68, 0x29, 0x68, 
  0x29, 0x68, 0x29, 0x68, 0x29, 0x68, 0x29, 0x68, 0x29, 0x68, 0x29, 0x68, 0x29, 0x68, 0x29, 0x68, 
  0x29, 0x68, 0x29, 0x68, 0x29, 0x68, 0x29, 0x68, 0x29, 0x68, 0x29, 0x68, 0x29, 0x68, 0x29, 0x68, 
  0x29, 0x68, 0x29, 0x68, 0x29, 0x68, 0x29, 0x68, 0x29, 0x68, 0x29, 0x68, 0x29, 0x68, 0x29, 0x68, 
  0x29, 0x68, 0x29, 0x68, 0x29, 0x68, 0x29, 0x68, 0x29, 0x68, 0x29, 0x68, 0x29, 0x68, 0x29, 0x68, 
  0x29, 0x68, 0x29, 0x68, 0x29, 0x68, 0x29, 0x68, 0x29, 0x68, 0x29, 0x68, 0x29, 0x68, 0x29, 0x68, 
  0x29, 0x68, 0x29, 0x68, 0x29, 0x68, 0x29, 0x68, 0x29, 0x68, 0x29, 0x68, 0x29, 0x68, 0x29, 0x68, 
  0x29, 0x68, 0x29, 0x68, 0x29, 0x68, 0x29, 0x68, 0x29, 0x68, 0x29, 0x68, 0x29, 0x68, 0x29, 0x68, 
  0x29, 0x68, 0x29, 0x68, 0x29, 0x68, 0x29, 0x68, 0x29, 0x68, 0x29, 0x68, 0x29, 0x68, 0x29, 0x68, 
  0x29, 0x68, 0x29, 0x68, 0x29, 0x68, 0x29, 0x68, 0x29, 0x68, 0x29, 0x68, 0x29, 0x68, 0x29, 0x68, 
  0x29, 0x68, 0x29, 0x68, 0x29, 0x68, 0x29, 0x68, 0x29, 0x68, 0x29, 0x68, 0x29, 0x68, 0x29, 0x68, 
  0x29, 0x68, 0x29, 0x68, 0x29, 0x68, 0x29, 0x68, 0x29, 0x68, 0x29, 0x68, 0x29, 0x68, 0x29, 0x68, 
  0x29, 0x68, 0x29, 0x68, 0x29, 0x68, 0x29, 0x68, 0x29, 0x68, 0x29, 0x68, 0x29, 0x68, 0x29, 0x68, 
  0x29, 0x68, 0x29, 0x68, 0x29, 0x68, 0x29, 0x68, 0x29, 0x68, 0x29, 0x68, 0x29, 0x68, 0x29, 0x68, 
  0x29, 0x68, 0x29, 0x68, 0x29, 0x68, 0x29, 0x68, 0x29, 0x68, 0x29, 0x68, 0x29, 0x68, 0x29, 0x68, 
  0x29, 0x68, 0x29, 0x68, 0x29, 0x68, 0x29, 0x68, 0x29, 0x68, 0x29, 0x68, 0x29, 0x68, 0x29, 0x68, 
  0x29, 0x68, 0x29, 0x68, 0x29, 0x68, 0x29, 0x68, 0x29, 0x68, 0x29, 0x68, 0x29, 0x68, 0x29, 0x68, 
  0x29, 0x68, 0x29, 0x68, 0x29, 0x68, 0x29, 0x68, 0x29, 0x68, 0x29, 0x68, 0x29, 0x68, 0x29, 0x68, 
  0x29, 0x68, 0x29, 0x68, 0x29, 0x68, 0x29, 0x68, 0x29, 0x68, 0x29, 0x68, 0x29, 0x68, 0x29, 0x68, 
  0x29, 0x68, 0x29, 0x68, 0x29, 0x68, 0x29, 0x68, 0x29, 0x68, 0x29, 0x68, 0x29, 0x68, 0x29, 0x68, 
  0x31, 0x88, 0x31, 0x88, 0x31, 0x88, 0x31, 0x88, 0x31, 0x88, 0x31, 0x88, 0x31, 0x88, 0x31, 0x88, 
  0x31, 0x88, 0x31, 0x88, 0x31, 0x88, 0x31, 0x88, 0x31, 0x88, 0x31, 0x88, 0x31, 0x88, 0x31, 0x88, 
  0x31, 0x88, 0x31, 0x88, 0x31, 0x88, 0x31, 0x88, 0x31, 0x88, 0x31, 0x88, 0x31, 0x88, 0x31, 0x88, 
  0x31, 0x88, 0x31, 0x88, 0x31, 0x88, 0x31, 0x88, 0x31, 0x88, 0x31, 0x88, 0x31, 0x88, 0x31, 0x88, 
  0x31, 0x88, 0x31, 0x88, 0x31, 0x88, 0x31, 0x88, 0x31, 0x88, 0x31, 0x88, 0x31, 0x88, 0x31, 0x88, 
  0x31, 0x88, 0x31, 0x88, 0x31, 0x88, 0x31, 0x88, 0x31, 0x88, 0x31, 0x88, 0x31, 0x88, 0x31, 0x88, 
  0x31, 0x88, 0x31, 0x88, 0x31, 0x88, 0x31, 0x88, 0x31, 0x88, 0x31, 0x88, 0x31, 0x88, 0x31, 0x88, 
  0x31, 0x88, 0x31, 0x88, 0x31, 0x88, 0x31, 0x88, 0x31, 0x88, 0x31, 0x88, 0x31, 0x88, 0x31, 0x88, 
  0x31, 0x88, 0x31, 0x88, 0x31, 0x88, 0x31, 0x88, 0x31, 0x88, 0x31, 0x88, 0x31, 0x88, 0x31, 0x88, 
  0x31, 0x88, 0x31, 0x88, 0x31, 0x88, 0x31, 0x88, 0x31, 0x88, 0x31, 0x88, 0x31, 0x88, 0x31, 0x88, 
  0x31, 0x88, 0x31, 0x88, 0x31, 0x88, 0x31, 0x88, 0x31, 0x88, 0x31, 0x88, 0x31, 0x88, 0x31, 0x88, 
  0x31, 0x88, 0x31, 0x88, 0x31, 0x88, 0x31, 0x88, 0x31, 0x88, 0x31, 0x88, 0x31, 0x88, 0x31, 0x88, 
  0x31, 0x88, 0x31, 0x88, 0x31, 0x88, 0x31, 0x88, 0x31, 0x88, 0x31, 0x88, 0x31, 0x88, 0x31, 0x88, 
  0x31, 0x88, 0x31, 0x88, 0x31, 0x88, 0x31, 0x88, 0x31, 0x88, 0x31, 0x88, 0x31, 0x88, 0x31, 0x88, 
  0x31, 0x88, 0x31, 0x88, 0x31, 0x88, 0x31, 0x88, 0x31, 0x88, 0x31, 0x88, 0x31, 0x88, 0x31, 0x88, 
  0x31, 0x88, 0x31, 0x88, 0x31, 0x88, 0x31, 0x88, 0x31, 0x88, 0x31, 0x88, 0x31, 0x88, 0x31, 0x88, 
  0x31, 0x88, 0x31, 0x88, 0x31, 0x88, 0x31, 0x88, 0x31, 0x88, 0x31, 0x88, 0x31, 0x88, 0x31, 0x88, 
  0x31, 0x88, 0x31, 0x88, 0x31, 0x88, 0x31, 0x88, 0x31, 0x88, 0x31, 0x88, 0x31, 0x88, 0x31, 0x88, 
  0x31, 0x88, 0x31, 0x88, 0x31, 0x88, 0x31, 0x88, 0x31, 0x88, 0x31, 0x88, 0x31, 0x88, 0x31, 0x88, 
  0x31, 0x88, 0x31, 0x88, 0x31, 0x88, 0x31, 0x88, 0x31, 0x88, 0x31, 0x88, 0x31, 0x88, 0x31, 0x88, 
  0x31, 0x88, 0x31, 0x88, 0x31, 0x88, 0x31, 0x88, 0x31, 0x88, 0x31, 0x88, 0x31, 0x88, 0x31, 0x88, 
  0x31, 0x88, 0x31, 0x88, 0x31, 0x88, 0x31, 0x88, 0x31, 0x88, 0x31, 0x88, 0x31, 0x88, 0x31, 0x88, 
  0x31, 0x88, 0x31, 0x88, 0x31, 0x88, 0x31, 0x88, 0x31, 0x88, 0x31, 0x88, 0x31, 0x88, 0x31, 0x88, 
  0x31, 0x88, 0x31, 0x88, 0x31, 0x88, 0x31, 0x88, 0x31, 0x88, 0x31, 0x88, 0x31, 0x88, 0x31, 0x88, 
  0x31, 0x88, 0x31, 0x88, 0x31, 0x88, 0x31, 0x88, 0x31, 0x88, 0x31, 0x88, 0x31, 0x88, 0x31, 0x88, 
  0x31, 0x88, 0x31, 0x88, 0x31, 0x88, 0x31, 0x88, 0x31, 0x88, 0x31, 0x88, 0x31, 0x88, 0x31, 0x88, 
  0x31, 0x88, 0x31, 0x88, 0x31, 0x88, 0x31, 0x88, 0x31, 0x88, 0x31, 0x88, 0x31, 0x88, 0x31, 0x88, 
  0x31, 0x88, 0x31, 0x88, 0x31, 0x88, 0x31, 0x88, 0x31, 0x88, 0x31, 0x88, 0x31, 0x88, 0x31, 0x88, 
  0x31, 0x88, 0x31, 0x88, 0x31, 0x88, 0x31, 0x88, 0x31, 0x88, 0x31, 0x88, 0x31, 0x88, 0x31, 0x88, 
  0x31, 0x88, 0x31, 0x88, 0x31, 0x88, 0x31, 0x88, 0x31, 0x88, 0x31, 0x88, 0x31, 0x88, 0x31, 0x88, 
  0x31, 0x88, 0x31, 0x88, 0x31, 0x88, 0x31, 0x88, 0x31, 0x88, 0x31, 0x88, 0x31, 0x88, 0x31, 0x88, 
  0x31, 0x88, 0x31, 0x88, 0x31, 0x88, 0x31, 0x88, 0x31, 0x88, 0x31, 0x88, 0x31, 0x88, 0x31, 0x88, 
  0x31, 0x88, 0x31, 0x88, 0x31, 0x88, 0x31, 0x88, 0x31, 0x88, 0x31, 0x88, 0x31, 0x88, 0x31, 0x88, 
  0x31, 0x88, 0x31, 0x88, 0x31, 0x88, 0x31, 0x88, 0x31, 0x88, 0x31, 0x88, 0x31, 0x88, 0x31, 0x88, 
  0x31, 0x88, 0x31, 0x88, 0x31, 0x88, 0x31, 0x88, 0x31, 0x88, 0x31, 0x88, 0x31, 0x88, 0x31, 0x88, 
  0x31, 0x88, 0x31, 0x88, 0x31, 0x88, 0x31, 0x88, 0x31, 0x88, 0x31, 0x88, 0x31, 0x88, 0x31, 0x88, 
  0x31, 0x88, 0x31, 0x88, 0x31, 0x88, 0x31, 0x88, 0x31, 0x88, 0x31, 0x88, 0x31, 0x88, 0x31, 0x88, 
  0x31, 0x88, 0x31, 0x88, 0x31, 0x88, 0x31, 0x88, 0x31, 0x88, 0x31, 0x88, 0x31, 0x88, 0x31, 0x88, 
  0x31, 0x88, 0x31, 0x88, 0x31, 0x88, 0x31, 0x88, 0x31, 0x88, 0x31, 0x88, 0x31, 0x88, 0x31, 0x88, 
  0x31, 0x88, 0x31, 0x88, 0x31, 0x88, 0x31, 0x88, 0x31, 0x88, 0x31, 0x88, 0x31, 0x88, 0x31, 0x88, 
  0x31, 0x88, 0x31, 0x88, 0x31, 0x88, 0x31, 0x88, 0x31, 0x88, 0x31, 0x88, 0x31, 0x88, 0x31, 0x88, 
  0x31, 0x88, 0x31, 0x88, 0x31, 0x88, 0x31, 0x88, 0x31, 0x88, 0x31, 0x88, 0x31, 0x88, 0x31, 0x88, 
  0x31, 0x88, 0x31, 0x88, 0x31, 0x88, 0x31, 0x88, 0x31, 0x88, 0x31, 0x88, 0x31, 0x88, 0x31, 0x88, 
  0x31, 0x88, 0x31, 0x88, 0x31, 0x88, 0x31, 0x88, 0x31, 0x88, 0x31, 0x88, 0x31, 0x88, 0x31, 0x88, 
  0x31, 0x88, 0x31, 0x88, 0x31, 0x88, 0x31, 0x88, 0x31, 0x88, 0x31, 0x88, 0x31, 0x88, 0x31, 0x88, 
  0x31, 0x88, 0x31, 0x88, 0x31, 0x88, 0x31, 0x88, 0x31, 0x88, 0x31, 0x88, 0x31, 0x88, 0x31, 0x88, 
  0x31, 0x88, 0x31, 0x88, 0x31, 0x88, 0x31, 0x88, 0x31, 0x88, 0x31, 0x88, 0x31, 0x88, 0x31, 0x88, 
  0x31, 0x88, 0x31, 0x88, 0x31, 0x88, 0x31, 0x88, 0x31, 0x88, 0x31, 0x88, 0x31, 0x88, 0x31, 0x88, 
  0x31, 0x88, 0x31, 0x88, 0x31, 0x88, 0x31, 0x88, 0x31, 0x88, 0x31, 0x88, 0x31, 0x88, 0x31, 0x88, 
  0x31, 0x88, 0x31, 0x88, 0x31, 0x88, 0x31, 0x88, 0x31, 0x88, 0x31, 0x88, 0x31, 0x88, 0x31, 0x88, 
  0x31, 0x88, 0x31, 0x88, 0x31, 0x88, 0x31, 0x88, 0x31, 0x88, 0x31, 0x88, 0x31, 0x88, 0x31, 0x88, 
  0x31, 0x88, 0x31, 0x88, 0x31, 0x88, 0x31, 0x88, 0x31, 0x88, 0x31, 0x88, 0x31, 0x88, 0x31, 0x88, 
  0x31, 0x88, 0x31, 0x88, 0x31, 0x88, 0x31, 0x88, 0x31, 0x88, 0x31, 0x88, 0x31, 0x88, 0x31, 0x88, 
  0x31, 0x88, 0x31, 0x88, 0x31, 0x88, 0x31, 0x88, 0x31, 0x88, 0x31, 0x88, 0x31, 0x88, 0x31, 0x88, 
  0x31, 0x88, 0x31, 0x88, 0x31, 0x88, 0x31, 0x88, 0x31, 0x88, 0x31, 0x88, 0x31, 0x88, 0x31, 0x88, 
  0x31, 0x88, 0x31, 0x88, 0x31, 0x88, 0x31, 0x88, 0x31, 0x88, 0x31, 0x88, 0x31, 0x88, 0x31, 0x88, 
  0x31, 0x88, 0x31, 0x88, 0x31, 0x88, 0x31, 0x88, 0x31, 0x88, 0x31, 0x88, 0x31, 0x88, 0x31, 0x88, 
  0x31, 0x88, 0x31, 0x88, 0x31, 0x88, 0x31, 0x88, 0x31, 0x88, 0x31, 0x88, 0x31, 0x88, 0x31, 0x88, 
  0x31, 0x88, 0x31, 0x88, 0x31, 0x88, 0x31, 0x88, 0x31, 0x88, 0x31, 0x88, 0x31, 0x88, 0x31, 0x88, 
  0x31, 0x88, 0x31, 0x88, 0x31, 0x88, 0x31, 0x88, 0x31, 0x88, 0x31, 0x88, 0x31, 0x88, 0x31, 0x88, 
  0x31, 0x88, 0x31, 0x88, 0x31, 0x88, 0x31, 0x88, 0x31, 0x88, 0x31, 0x88, 0x31, 0x88, 0x31, 0x88, 
  0x31, 0x88, 0x31, 0x88, 0x31, 0x88, 0x31, 0x88, 0x31, 0x88, 0x31, 0x88, 0x31, 0x88, 0x31, 0x88, 
  0x31, 0x88, 0x31, 0x88, 0x31, 0x88, 0x31, 0x88, 0x31, 0x88, 0x31, 0x88, 0x31, 0x88, 0x31, 0x88, 
  0x31, 0x88, 0x31, 0x88, 0x31, 0x88, 0x31, 0x88, 0x31, 0x88, 0x31, 0x88, 0x31, 0x88, 0x31, 0x88, 
  0x31, 0x88, 0x31, 0x88, 0x31, 0x88, 0x31, 0x88, 0x31, 0x88, 0x31, 0x88, 0x31, 0x88, 0x31, 0x88, 
  0x31, 0x88, 0x31, 0x88, 0x31, 0x88, 0x31, 0x88, 0x31, 0x88, 0x31, 0x88, 0x31, 0x88, 0x31, 0x88, 
  0x31, 0x88, 0x31, 0x88, 0x31, 0x88, 0x31, 0x88, 0x31, 0x88, 0x31, 0x88, 0x31, 0x88, 0x31, 0x88, 
  0x31, 0x88, 0x31, 0x88, 0x31, 0x88, 0x31, 0x88, 0x31, 0x88, 0x31, 0x88, 0x31, 0x88, 0x31, 0x88, 
  0x31, 0x88, 0x31, 0x88, 0x31, 0x88, 0x31, 0x88, 0x31, 0x88, 0x31, 0x88, 0x31, 0x88, 0x31, 0x88, 
  0x31, 0x88, 0x31, 0x88, 0x31, 0x88, 0x31, 0x88, 0x31, 0x88, 0x31, 0x88, 0x31, 0x88, 0x31, 0x88, 
  0x31, 0x88, 0x31, 0x88, 0x31, 0x88, 0x31, 0x88, 0x31, 0x88, 0x31, 0x88, 0x31, 0x88, 0x31, 0x88, 
  0x31, 0x88, 0x31, 0x88, 0x31, 0x88, 0x31, 0x88, 0x31, 0x88, 0x31, 0x88, 0x31, 0x88, 0x31, 0x88, 
  0x31, 0x88, 0x31, 0x88, 0x31, 0x88, 0x31, 0x88, 0x31, 0x88, 0x31, 0x88, 0x31, 0x88, 0x31, 0x88, 
  0x31, 0x88, 0x31, 0x88, 0x31, 0x88, 0x31, 0x88, 0x31, 0x88, 0x31, 0x88, 0x31, 0x88, 0x31, 0x88, 
  0x31, 0x88, 0x31, 0x88, 0x31, 0x88, 0x31, 0x88, 0x31, 0x88, 0x31, 0x88, 0x31, 0x88, 0x31, 0x88, 
  0x31, 0x88, 0x31, 0x88, 0x31, 0x88, 0x31, 0x88, 0x31, 0x88, 0x31, 0x88, 0x31, 0x88, 0x31, 0x88, 
  0x31, 0x88, 0x31, 0x88, 0x31, 0x88, 0x31, 0x88, 0x31, 0x88, 0x31, 0x88, 0x31, 0x88, 0x31, 0x88, 
  0x31, 0x88, 0x31, 0x88, 0x31, 0x88, 0x31, 0x88, 0x31, 0x88, 0x31, 0x88, 0x31, 0x88, 0x31, 0x88, 
  0x31, 0x88, 0x31, 0x88, 0x31, 0x88, 0x31, 0x88, 0x31, 0x88, 0x31, 0x88, 0x31, 0x88, 0x31, 0x88, 
  0x31, 0x88, 0x31, 0x88, 0x31, 0x88, 0x31, 0x88, 0x31, 0x88, 0x31, 0x88, 0x31, 0x88, 0x31, 0x88, 
  0x31, 0x88, 0x31, 0x88, 0x31, 0x88, 0x31, 0x88, 0x31, 0x88, 0x31, 0x88, 0x31, 0x88, 0x31, 0x88, 
  0x31, 0x88, 0x31, 0x88, 0x31, 0x88, 0x31, 0x88, 0x31, 0x88, 0x31, 0x88, 0x31, 0x88, 0x31, 0x88, 
  0x31, 0x88, 0x31, 0x88, 0x31, 0x88, 0x31, 0x88, 0x31, 0x88, 0x31, 0x88, 0x31, 0x88, 0x31, 0x88, 
  0x31, 0x88, 0x31, 0x88, 0x31, 0x88, 0x31, 0x88, 0x31, 0x88, 0x31, 0x88, 0x31, 0x88, 0x31, 0x88, 
  0x31, 0x88, 0x31, 0x88, 0x31, 0x88, 0x31, 0x88, 0x31, 0x88, 0x31, 0x88, 0x31, 0x88, 0x31, 0x88, 
  0x31, 0x88, 0x31, 0x88, 0x31, 0x88, 0x31, 0x88, 0x31, 0x88, 0x31, 0x88, 0x31, 0x88, 0x31, 0x88, 
  0x31, 0x88, 0x31, 0x88, 0x31, 0x88, 0x31, 0x88, 0x31, 0x88, 0x31, 0x88, 0x31, 0x88, 0x31, 0x88, 
  0x31, 0x88, 0x31, 0x88, 0x31, 0x88, 0x31, 0x88, 0x31, 0x88, 0x31, 0x88, 0x31, 0x88, 0x31, 0x88, 
  0x31, 0x88, 0x31, 0x88, 0x31, 0x88, 0x31, 0x88, 0x31, 0x88, 0x31, 0x88, 0x31, 0x88, 0x31, 0x88, 
  0x31, 0x88, 0x31, 0x88, 0x31, 0x88, 0x31, 0x88, 0x31, 0x88, 0x31, 0x88, 0x31, 0x88, 0x31, 0x88, 
  0x31, 0x88, 0x31, 0x88, 0x31, 0x88, 0x31, 0x88, 0x31, 0x88, 0x31, 0x88, 0x31, 0x88, 0x31, 0x88, 
  0x31, 0x88, 0x31, 0x88, 0x31, 0x88, 0x31, 0x88, 0x31, 0x88, 0x31, 0x88, 0x31, 0x88, 0x31, 0x88, 
  0x31, 0x88, 0x31, 0x88, 0x31, 0x88, 0x31, 0x88, 0x31, 0x88, 0x31, 0x88, 0x31, 0x88, 0x31, 0x88, 
  0x31, 0x88, 0x31, 0x88, 0x31, 0x88, 0x31, 0x88, 0x31, 0x88, 0x31, 0x88, 0x31, 0x88, 0x31, 0x88, 
  0x31, 0x88, 0x31, 0x88, 0x31, 0x88, 0x31, 0x88, 0x31, 0x88, 0x31, 0x88, 0x31, 0x88, 0x31, 0x88, 
  0x31, 0x88, 0x31, 0x88, 0x31, 0x88, 0x31, 0x88, 0x31, 0x88, 0x31, 0x88, 0x31, 0x88, 0x31, 0x88, 
  0x31, 0x88, 0x31, 0x88, 0x31, 0x88, 0x31, 0x88, 0x31, 0x88, 0x31, 0x88, 0x31, 0x88, 0x31, 0x88, 
  0x31, 0x88, 0x31, 0x88, 0x31, 0x88, 0x31, 0x88, 0x31, 0x88, 0x31, 0x88, 0x31, 0x88, 0x31, 0x88, 
  0x31, 0x88, 0x31, 0x88, 0x31, 0x88, 0x31, 0x88, 0x31, 0x88, 0x31, 0x88, 0x31, 0x88, 0x31, 0x88, 
  0x31, 0x88, 0x31, 0x88, 0x31, 0x88, 0x31, 0x88, 0x31, 0x88, 0x31, 0x88, 0x31, 0x88, 0x31, 0x88, 
  0x31, 0x88, 0x31, 0x88, 0x31, 0x88, 0x31, 0x88, 0x31, 0x88, 0x31, 0x88, 0x31, 0x88, 0x31, 0x88, 
  0x31, 0x88, 0x31, 0x88, 0x31, 0x88, 0x31, 0x88, 0x31, 0x88, 0x31, 0x88, 0x31, 0x88, 0x31, 0x88, 
  0x31, 0x88, 0x31, 0x88, 0x31, 0x88, 0x31, 0x88, 0x31, 0x88, 0x31, 0x88, 0x31, 0x88, 0x31, 0x88, 
  0x31, 0x88, 0x31, 0x88, 0x31, 0x88, 0x31, 0x88, 0x31, 0x88, 0x31, 0x88, 0x31, 0x88, 0x31, 0x88, 
  0x31, 0x88, 0x31, 0x88, 0x31, 0x88, 0x31, 0x88, 0x31, 0x88, 0x31, 0x88, 0x31, 0x88, 0x31, 0x88, 
  0x31, 0x88, 0x31, 0x88, 0x31, 0x88, 0x31, 0x88, 0x31, 0x88, 0x31, 0x88, 0x31, 0x88, 0x31, 0x88, 
  0x31, 0x88, 0x31, 0x88, 0x31, 0x88, 0x31, 0x88, 0x31, 0x88, 0x31, 0x88, 0x31, 0x88, 0x31, 0x88, 
  0x31, 0x88, 0x31, 0x88, 0x31, 0x88, 0x31, 0x88, 0x31, 0x88, 0x31, 0x88, 0x31, 0x88, 0x31, 0x88, 
  0x31, 0x88, 0x31, 0x88, 0x31, 0x88, 0x31, 0x88, 0x31, 0x88, 0x31, 0x88, 0x31, 0x88, 0x31, 0x88, 
  0x31, 0x88, 0x31, 0x88, 0x31, 0x88, 0x31, 0x88, 0x31, 0x88, 0x31, 0x88, 0x31, 0x88, 0x31, 0x88, 
  0x31, 0x88, 0x31, 0x88, 0x31, 0x88, 0x31, 0x88, 0x31, 0x88, 0x31, 0x88, 0x31, 0x88, 0x31, 0x88, 
  0x31, 0x88, 0x31, 0x88, 0x31, 0x88, 0x31, 0x88, 0x31, 0x88, 0x31, 0x88, 0x31, 0x88, 0x31, 0x88, 
  0x31, 0x88, 0x31, 0x88, 0x31, 0x88, 0x31, 0x88, 0x31, 0x88, 0x31, 0x88, 0x31, 0x88, 0x31, 0x88, 
  0x31, 0x88, 0x31, 0x88, 0x31, 0x88, 0x31, 0x88, 0x31, 0x88, 0x31, 0x88, 0x31, 0x88, 0x31, 0x88, 
  0x31, 0x88, 0x31, 0x88, 0x31, 0x88, 0x31, 0x88, 0x31, 0x88, 0x31, 0x88, 0x31, 0x88, 0x31, 0x88, 
  0x31, 0x88, 0x31, 0x88, 0x31, 0x88, 0x31, 0x88, 0x31, 0x88, 0x31, 0x88, 0x31, 0x88, 0x31, 0x88, 
  0x31, 0x88, 0x31, 0x88, 0x31, 0x88, 0x31, 0x88, 0x31, 0x88, 0x31, 0x88, 0x31, 0x88, 0x31, 0x88, 
  0x31, 0x88, 0x31, 0x88, 0x31, 0x88, 0x31, 0x88, 0x31, 0x88, 0x31, 0x88, 0x31, 0x88, 0x31, 0x88, 
  0x31, 0x88, 0x31, 0x88, 0x31, 0x88, 0x31, 0x88, 0x31, 0x88, 0x31, 0x88, 0x31, 0x88, 0x31, 0x88, 
  0x31, 0x88, 0x31, 0x88, 0x31, 0x88, 0x31, 0x88, 0x31, 0x88, 0x31, 0x88, 0x31, 0x88, 0x31, 0x88, 
  0x31, 0x88, 0x31, 0x88, 0x31, 0x88, 0x31, 0x88, 0x31, 0x88, 0x31, 0x88, 0x31, 0x88, 0x31, 0x88, 
  0x31, 0x88, 0x31, 0x88, 0x31, 0x88, 0x31, 0x88, 0x31, 0x88, 0x31, 0x88, 0x31, 0x88, 0x31, 0x88, 
  0x31, 0x88, 0x31, 0x88, 0x31, 0x88, 0x31, 0x88, 0x31, 0x88, 0x31, 0x88, 0x31, 0x88, 0x31, 0x88, 
  0x31, 0x88, 0x31, 0x88, 0x31, 0x88, 0x31, 0x88, 0x31, 0x88, 0x31, 0x88, 0x31, 0x88, 0x31, 0x88, 
  0x31, 0x88, 0x31, 0x88, 0x31, 0x88, 0x31, 0x88, 0x31, 0x88, 0x31, 0x88, 0x31, 0x88, 0x31, 0x88, 
  0x31, 0x88, 0x31, 0x88, 0x31, 0x88, 0x31, 0x88, 0x31, 0x88, 0x31, 0x88, 0x31, 0x88, 0x31, 0x88, 
  0x31, 0x88, 0x31, 0x88, 0x31, 0x88, 0x31, 0x88, 0x31, 0x88, 0x31, 0x88, 0x31, 0x88, 0x31, 0x88, 
  0x31, 0x88, 0x31, 0x88, 0x31, 0x88, 0x31, 0x88, 0x31, 0x88, 0x31, 0x88, 0x31, 0x88, 0x31, 0x88, 
  0x31, 0x88, 0x31, 0x88, 0x31, 0x88, 0x31, 0x88, 0x31, 0x88, 0x31, 0x88, 0x31, 0x88, 0x31, 0x88, 
  0x31, 0x88, 0x31, 0x88, 0x31, 0x88, 0x31, 0x88, 0x31, 0x88, 0x31, 0x88, 0x31, 0x88, 0x31, 0x88, 
  0x31, 0x88, 0x31, 0x88, 0x31, 0x88, 0x31, 0x88, 0x31, 0x88, 0x31, 0x88, 0x31, 0x88, 0x31, 0x88, 
  0x31, 0x88, 0x31, 0x88, 0x31, 0x88, 0x31, 0x88, 0x31, 0x88, 0x31, 0x88, 0x31, 0x88, 0x31, 0x88, 
  0x31, 0x88, 0x31, 0x88, 0x31, 0x88, 0x31, 0x88, 0x31, 0x88, 0x31, 0x88, 0x31, 0x88, 0x31, 0x88, 
  0x31, 0x88, 0x31, 0x88, 0x31, 0x88, 0x31, 0x88, 0x31, 0x88, 0x31, 0x88, 0x31, 0x88, 0x31, 0x88, 
  0x31, 0x88, 0x31, 0x88, 0x31, 0x88, 0x31, 0x88, 0x31, 0x88, 0x31, 0x88, 0x31, 0x88, 0x31, 0x88, 
  0x31, 0x88, 0x31, 0x88, 0x31, 0x88, 0x31, 0x88, 0x31, 0x88, 0x31, 0x88, 0x31, 0x88, 0x31, 0x88, 
  0x31, 0x88, 0x31, 0x88, 0x31, 0x88, 0x31, 0x88, 0x31, 0x88, 0x31, 0x88, 0x31, 0x88, 0x31, 0x88, 
  0x31, 0x88, 0x31, 0x88, 0x31, 0x88, 0x31, 0x88, 0x31, 0x88, 0x31, 0x88, 0x31, 0x88, 0x31, 0x88, 
  0x31, 0x88, 0x31, 0x88, 0x31, 0x88, 0x31, 0x88, 0x31, 0x88, 0x31, 0x88, 0x31, 0x88, 0x31, 0x88, 
  0x31, 0x88, 0x31, 0x88, 0x31, 0x88, 0x31, 0x88, 0x31, 0x88, 0x31, 0x88, 0x31, 0x88, 0x31, 0x88, 
  0x31, 0x88, 0x31, 0x88, 0x31, 0x88, 0x31, 0x88, 0x31, 0x88, 0x31, 0x88, 0x31, 0x88, 0x31, 0x88, 
  0x31, 0x88, 0x31, 0x88, 0x31, 0x88, 0x31, 0x88, 0x31, 0x88, 0x31, 0x88, 0x31, 0x88, 0x31, 0x88, 
  0x31, 0x88, 0x31, 0x88, 0x31, 0x88, 0x31, 0x88, 0x31, 0x88, 0x31, 0x88, 0x31, 0x88, 0x31, 0x88, 
  0x31, 0x88, 0x31, 0x88, 0x31, 0x88, 0x31, 0x88, 0x31, 0x88, 0x31, 0x88, 0x31, 0x88, 0x31, 0x88, 
  0x31, 0x88, 0x31, 0x88, 0x31, 0x88, 0x31, 0x88, 0x31, 0x88, 0x31, 0x88, 0x31, 0x88, 0x31, 0x88, 
  0x31, 0x88, 0x31, 0x88, 0x31, 0x88, 0x31, 0x88, 0x31, 0x88, 0x31, 0x88, 0x31, 0x88, 0x31, 0x88, 
  0x31, 0x88, 0x31, 0x88, 0x31, 0x88, 0x31, 0x88, 0x31, 0x88, 0x31, 0x88, 0x31, 0x88, 0x31, 0x88, 
  0x31, 0x88, 0x31, 0x88, 0x31, 0x88, 0x31, 0x88, 0x31, 0x88, 0x31, 0x88, 0x31, 0x88, 0x31, 0x88, 
  0x31, 0x88, 0x31, 0x88, 0x31, 0x88, 0x31, 0x88, 0x31, 0x88, 0x31, 0x88, 0x31, 0x88, 0x31, 0x88, 
  0x31, 0x88, 0x31, 0x88, 0x31, 0x88, 0x31, 0x88, 0x31, 0x88, 0x31, 0x88, 0x31, 0x88, 0x31, 0x88, 
  0x31, 0x88, 0x31, 0x88, 0x31, 0x88, 0x31, 0x88, 0x31, 0x88, 0x31, 0x88, 0x31, 0x88, 0x31, 0x88, 
  0x31, 0x88, 0x31, 0x88, 0x31, 0x88, 0x31, 0x88, 0x31, 0x88, 0x31, 0x88, 0x31, 0x88, 0x31, 0x88, 
  0x31, 0x88, 0x31, 0x88, 0x31, 0x88, 0x31, 0x88, 0x31, 0x88, 0x31, 0x88, 0x31, 0x88, 0x31, 0x88, 
  0x31, 0x88, 0x31, 0x88, 0x31, 0x88, 0x31, 0x88, 0x31, 0x88, 0x31, 0x88, 0x31, 0x88, 0x31, 0x88, 
  0x31, 0x88, 0x31, 0x88, 0x31, 0x88, 0x31, 0x88, 0x31, 0x88, 0x31, 0x88, 0x31, 0x88, 0x31, 0x88, 
  0x31, 0x88, 0x31, 0x88, 0x31, 0x88, 0x31, 0x88, 0x31, 0x88, 0x31, 0x88, 0x31, 0x88, 0x31, 0x88, 
  0x31, 0x88, 0x31, 0x88, 0x31, 0x88, 0x31, 0x88, 0x31, 0x88, 0x31, 0x88, 0x31, 0x88, 0x31, 0x88, 
  0x31, 0x88, 0x31, 0x88, 0x31, 0x88, 0x31, 0x88, 0x31, 0x88, 0x31, 0x88, 0x31, 0x88, 0x31, 0x88, 
  0x31, 0x88, 0x31, 0x88, 0x31, 0x88, 0x31, 0x88, 0x31, 0x88, 0x31, 0x88, 0x31, 0x88, 0x31, 0x88, 
  0x31, 0x88, 0x31, 0x88, 0x31, 0x88, 0x31, 0x88, 0x31, 0x88, 0x31, 0x88, 0x31, 0x88, 0x31, 0x88, 
  0x31, 0x88, 0x31, 0x88, 0x31, 0x88, 0x31, 0x88, 0x31, 0x88, 0x31, 0x88, 0x31, 0x88, 0x31, 0x88, 
  0x31, 0x88, 0x31, 0x88, 0x31, 0x88, 0x31, 0x88, 0x31, 0x88, 0x31, 0x88, 0x31, 0x88, 0x31, 0x88, 
  0x31, 0x88, 0x31, 0x88, 0x31, 0x88, 0x31, 0x88, 0x31, 0x88, 0x31, 0x88, 0x31, 0x88, 0x31, 0x88, 
  0x31, 0x88, 0x31, 0x88, 0x31, 0x88, 0x31, 0x88, 0x31, 0x88, 0x31, 0x88, 0x31, 0x88, 0x31, 0x88, 
  0x31, 0x88, 0x31, 0x88, 0x31, 0x88, 0x31, 0x88, 0x31, 0x88, 0x31, 0x88, 0x31, 0x88, 0x31, 0x88, 
  0x31, 0x88, 0x31, 0x88, 0x31, 0x88, 0x31, 0x88, 0x31, 0x88, 0x31, 0x88, 0x31, 0x88, 0x31, 0x88, 
  0x31, 0x88, 0x31, 0x88, 0x31, 0x88, 0x31, 0x88, 0x31, 0x88, 0x31, 0x88, 0x31, 0x88, 0x31, 0x88, 
  0x31, 0x88, 0x31, 0x88, 0x31, 0x88, 0x31, 0x88, 0x31, 0x88, 0x31, 0x88, 0x31, 0x88, 0x31, 0x88, 
  0x31, 0x88, 0x31, 0x88, 0x31, 0x88, 0x31, 0x88, 0x31, 0x88, 0x31, 0x88, 0x31, 0x88, 0x31, 0x88, 
  0x31, 0x88, 0x31, 0x88, 0x31, 0x88, 0x31, 0x88, 0x31, 0x88, 0x31, 0x88, 0x31, 0x88, 0x31, 0x88, 
  0x31, 0x88, 0x31, 0x88, 0x31, 0x88, 0x31, 0x88, 0x31, 0x88, 0x31, 0x88, 0x31, 0x88, 0x31, 0x88, 
  0x31, 0x88, 0x31, 0x88, 0x31, 0x88, 0x31, 0x88, 0x31, 0x88, 0x31, 0x88, 0x31, 0x88, 0x31, 0x88, 
  0x31, 0x88, 0x31, 0x88, 0x31, 0x88, 0x31, 0x88, 0x31, 0x88, 0x31, 0x88, 0x31, 0x88, 0x31, 0x88, 
  0x31, 0x88, 0x31, 0x88, 0x31, 0x88, 0x31, 0x88, 0x31, 0x88, 0x31, 0x88, 0x31, 0x88, 0x31, 0x88, 
  0x31, 0x88, 0x31, 0x88, 0x31, 0x88, 0x31, 0x88, 0x31, 0x88, 0x31, 0x88, 0x31, 0x88, 0x31, 0x88, 
  0x31, 0x88, 0x31, 0x88, 0x31, 0x88, 0x31, 0x88, 0x31, 0x88, 0x31, 0x88, 0x31, 0x88, 0x31, 0x88, 
  0x31, 0x88, 0x31, 0x88, 0x31, 0x88, 0x31, 0x88, 0x31, 0x88, 0x31, 0x88, 0x31, 0x88, 0x31, 0x88, 
  0x31, 0x88, 0x31, 0x88, 0x31, 0x88, 0x31, 0x88, 0x31, 0x88, 0x31, 0x88, 0x31, 0x88, 0x31, 0x88, 
  0x31, 0x88, 0x31, 0x88, 0x31, 0x88, 0x31, 0x88, 0x31, 0x88, 0x31, 0x88, 0x31, 0x88, 0x31, 0x88, 
  0x31, 0x88, 0x31, 0x88, 0x31, 0x88, 0x31, 0x88, 0x31, 0x88, 0x31, 0x88, 0x31, 0x88, 0x31, 0x88, 
  0x31, 0x88, 0x31, 0x88, 0x31, 0x88, 0x31, 0x88, 0x31, 0x88, 0x31, 0x88, 0x31, 0x88, 0x31, 0x88, 
  0x31, 0x88, 0x31, 0x88, 0x31, 0x88, 0x31, 0x88, 0x31, 0x88, 0x31, 0x88, 0x31, 0x88, 0x31, 0x88, 
  0x31, 0x88, 0x31, 0x88, 0x31, 0x88, 0x31, 0x88, 0x31, 0x88, 0x31, 0x88, 0x31, 0x88, 0x31, 0x88, 
  0x31, 0x88, 0x31, 0x88, 0x31, 0x88, 0x31, 0x88, 0x31, 0x88, 0x31, 0x88, 0x31, 0x88, 0x31, 0x88, 
  0x31, 0x88, 0x31, 0x88, 0x31, 0x88, 0x31, 0x88, 0x31, 0x88, 0x31, 0x88, 0x31, 0x88, 0x31, 0x88, 
  0x31, 0x88, 0x31, 0x88, 0x31, 0x88, 0x31, 0x88, 0x31, 0x88, 0x31, 0x88, 0x31, 0x88, 0x31, 0x88, 
  0x31, 0x88, 0x31, 0x88, 0x31, 0x88, 0x31, 0x88, 0x31, 0x88, 0x31, 0x88, 0x31, 0x88, 0x31, 0x88, 
  0x31, 0x88, 0x31, 0x88, 0x31, 0x88, 0x31, 0x88, 0x31, 0x88, 0x31, 0x88, 0x31, 0x88, 0x31, 0x88, 
  0x31, 0x88, 0x31, 0x88, 0x31, 0x88, 0x31, 0x88, 0x31, 0x88, 0x31, 0x88, 0x31, 0x88, 0x31, 0x88, 
  0x31, 0x88, 0x31, 0x88, 0x31, 0x88, 0x31, 0x88, 0x31, 0x88, 0x31, 0x88, 0x31, 0x88, 0x31, 0x88, 
  0x31, 0x88, 0x31, 0x88, 0x31, 0x88, 0x31, 0x88, 0x31, 0x88, 0x31, 0x88, 0x31, 0x88, 0x31, 0x88, 
  0x31, 0x88, 0x31, 0x88, 0x31, 0x88, 0x31, 0x88, 0x31, 0x88, 0x31, 0x88, 0x31, 0x88, 0x31, 0x88, 
  0x31, 0x88, 0x31, 0x88, 0x31, 0x88, 0x31, 0x88, 0x31, 0x88, 0x31, 0x88, 0x31, 0x88, 0x31, 0x88, 
  0x31, 0x88, 0x31, 0x88, 0x31, 0x88, 0x31, 0x88, 0x31, 0x88, 0x31, 0x88, 0x31, 0x88, 0x31, 0x88, 
  0x31, 0x88, 0x31, 0x88, 0x31, 0x88, 0x31, 0x88, 0x31, 0x88, 0x31, 0x88, 0x31, 0x88, 0x31, 0x88, 
  0x31, 0x88, 0x31, 0x88, 0x31, 0x88, 0x31, 0x88, 0x31, 0x88, 0x31, 0x88, 0x31, 0x88, 0x31, 0x88, 
  0x31, 0x88, 0x31, 0x88, 0x31, 0x88, 0x31, 0x88, 0x31, 0x88, 0x31, 0x88, 0x31, 0x88, 0x31, 0x88, 
  0x31, 0x88, 0x31, 0x88, 0x31, 0x88, 0x31, 0x88, 0x31, 0x88, 0x31, 0x88, 0x31, 0x88, 0x31, 0x88, 
  0x31, 0x88, 0x31, 0x88, 0x31, 0x88, 0x31, 0x88, 0x31, 0x88, 0x31, 0x88, 0x31, 0x88, 0x31, 0x88, 
  0x31, 0x88, 0x31, 0x88, 0x31, 0x88, 0x31, 0x88, 0x31, 0x88, 0x31, 0x88, 0x31, 0x88, 0x31, 0x88, 
  0x31, 0x88, 0x31, 0x88, 0x31, 0x88, 0x31, 0x88, 0x31, 0x88, 0x31, 0x88, 0x31, 0x88, 0x31, 0x88, 
  0x31, 0x88, 0x31, 0x88, 0x31, 0x88, 0x31, 0x88, 0x31, 0x88, 0x31, 0x88, 0x31, 0x88, 0x31, 0x88, 
  0x31, 0x88, 0x31, 0x88, 0x31, 0x88, 0x31, 0x88, 0x31, 0x88, 0x31, 0x88, 0x31, 0x88, 0x31, 0x88, 
  0x31, 0x88, 0x31, 0x88, 0x31, 0x88, 0x31, 0x88, 0x31, 0x88, 0x31, 0x88, 0x31, 0x88, 0x31, 0x88, 
  0x31, 0x88, 0x31, 0x88, 0x31, 0x88, 0x31, 0x88, 0x31, 0x88, 0x31, 0x88, 0x31, 0x88, 0x31, 0x88, 
  0x31, 0x88, 0x31, 0x88, 0x31, 0x88, 0x31, 0x88, 0x31, 0x88, 0x31, 0x88, 0x31, 0x88, 0x31, 0x88, 
  0x31, 0x88, 0x31, 0x88, 0x31, 0x88, 0x31, 0x88, 0x31, 0x88, 0x31, 0x88, 0x31, 0x88, 0x31, 0x88, 
  0x31, 0x88, 0x31, 0x88, 0x31, 0x88, 0x31, 0x88, 0x31, 0x88, 0x31, 0x88, 0x31, 0x88, 0x31, 0x88, 
  0x31, 0x88, 0x31, 0x88, 0x31, 0x88, 0x31, 0x88, 0x31, 0x88, 0x31, 0x88, 0x31, 0x88, 0x31, 0x88, 
  0x31, 0x88, 0x31, 0x88, 0x31, 0x88, 0x31, 0x88, 0x31, 0x88, 0x31, 0x88, 0x31, 0x88, 0x31, 0x88, 
  0x31, 0x88, 0x31, 0x88, 0x31, 0x88, 0x31, 0x88, 0x31, 0x88, 0x31, 0x88, 0x31, 0x88, 0x31, 0x88, 
  0x31, 0x88, 0x31, 0x88, 0x31, 0x88, 0x31, 0x88, 0x31, 0x88, 0x31, 0x88, 0x31, 0x88, 0x31, 0x88, 
  0x31, 0x88, 0x31, 0x88, 0x31, 0x88, 0x31, 0x88, 0x31, 0x88, 0x31, 0x88, 0x31, 0x88, 0x31, 0x88, 
  0x31, 0x88, 0x31, 0x88, 0x31, 0x88, 0x31, 0x88, 0x31, 0x88, 0x31, 0x88, 0x31, 0x88, 0x31, 0x88, 
  0x31, 0x88, 0x31, 0x88, 0x31, 0x88, 0x31, 0x88, 0x31, 0x88, 0x31, 0x88, 0x31, 0x88, 0x31, 0x88, 
  0x31, 0x88, 0x31, 0x88, 0x31, 0x88, 0x31, 0x88, 0x31, 0x88, 0x31, 0x88, 0x31, 0x88, 0x31, 0x88, 
  0x31, 0x88, 0x31, 0x88, 0x31, 0x88, 0x31, 0x88, 0x31, 0x88, 0x31, 0x88, 0x31, 0x88, 0x31, 0x88, 
  0x31, 0x88, 0x31, 0x88, 0x31, 0x88, 0x31, 0x88, 0x31, 0x88, 0x31, 0x88, 0x31, 0x88, 0x31, 0x88, 
  0x31, 0x88, 0x31, 0x88, 0x31, 0x88, 0x31, 0x88, 0x31, 0x88, 0x31, 0x88, 0x31, 0x88, 0x31, 0x88, 
  0x31, 0x88, 0x31, 0x88, 0x31, 0x88, 0x31, 0x88, 0x31, 0x88, 0x31, 0x88, 0x31, 0x88, 0x31, 0x88, 
  0x31, 0x88, 0x31, 0x88, 0x31, 0x88, 0x31, 0x88, 0x31, 0x88, 0x31, 0x88, 0x31, 0x88, 0x31, 0x88, 
  0x31, 0x88, 0x31, 0x88, 0x31, 0x88, 0x31, 0x88, 0x31, 0x88, 0x31, 0x88, 0x31, 0x88, 0x31, 0x88, 
  0x31, 0x88, 0x31, 0x88, 0x31, 0x88, 0x31, 0x88, 0x31, 0x88, 0x31, 0x88, 0x31, 0x88, 0x31, 0x88, 
  0x31, 0x88, 0x31, 0x88, 0x31, 0x88, 0x31, 0x88, 0x31, 0x88, 0x31, 0x88, 0x31, 0x88, 0x31, 0x88, 
  0x31, 0x88, 0x31, 0x88, 0x31, 0x88, 0x31, 0x88, 0x31, 0x88, 0x31, 0x88, 0x31, 0x88, 0x31, 0x88, 
  0x31, 0x88, 0x31, 0x88, 0x31, 0x88, 0x31, 0x88, 0x31, 0x88, 0x31, 0x88, 0x31, 0x88, 0x31, 0x88, 
  0x31, 0x88, 0x31, 0x88, 0x31, 0x88, 0x31, 0x88, 0x31, 0x88, 0x31, 0x88, 0x31, 0x88, 0x31, 0x88, 
  0x31, 0x88, 0x31, 0x88, 0x31, 0x88, 0x31, 0x88, 0x31, 0x88, 0x31, 0x88, 0x31, 0x88, 0x31, 0x88, 
  0x31, 0x88, 0x31, 0x88, 0x31, 0x88, 0x31, 0x88, 0x31, 0x88, 0x31, 0x88, 0x31, 0x88, 0x31, 0x88, 
  0x31, 0x88, 0x31, 0x88, 0x31, 0x88, 0x31, 0x88, 0x31, 0x88, 0x31, 0x88, 0x31, 0x88, 0x31, 0x88, 
  0x31, 0x88, 0x31, 0x88, 0x31, 0x88, 0x31, 0x88, 0x31, 0x88, 0x31, 0x88, 0x31, 0x88, 0x31, 0x88, 
  0x31, 0x88, 0x31, 0x88, 0x31, 0x88, 0x31, 0x88, 0x31, 0x88, 0x31, 0x88, 0x31, 0x88, 0x31, 0x88, 
  0x31, 0x88, 0x31, 0x88, 0x31, 0x88, 0x31, 0x88, 0x31, 0x88, 0x31, 0x88, 0x31, 0x88, 0x31, 0x88, 
  0x31, 0x88, 0x31, 0x88, 0x31, 0x88, 0x31, 0x88, 0x31, 0x88, 0x31, 0x88, 0x31, 0x88, 0x31, 0x88, 
  0x31, 0x88, 0x31, 0x88, 0x31, 0x88, 0x31, 0x88, 0x31, 0x88, 0x31, 0x88, 0x31, 0x88, 0x31, 0x88, 
  0x31, 0x88, 0x31, 0x88, 0x31, 0x88, 0x31, 0x88, 0x31, 0x88, 0x31, 0x88, 0x31, 0x88, 0x31, 0x88, 
  0x31, 0x88, 0x31, 0x88, 0x31, 0x88, 0x31, 0x88, 0x31, 0x88, 0x31, 0x88, 0x31, 0x88, 0x31, 0x88, 
  0x31, 0x88, 0x31, 0x88, 0x31, 0x88, 0x31, 0x88, 0x31, 0x88, 0x31, 0x88, 0x31, 0x88, 0x31, 0x88, 
  0x31, 0x88, 0x31, 0x88, 0x31, 0x88, 0x31, 0x88, 0x31, 0x88, 0x31, 0x88, 0x31, 0x88, 0x31, 0x88, 
  0x31, 0x88, 0x31, 0x88, 0x31, 0x88, 0x31, 0x88, 0x31, 0x88, 0x31, 0x88, 0x31, 0x88, 0x31, 0x88, 
  0x31, 0x88, 0x31, 0x88, 0x31, 0x88, 0x31, 0x88, 0x31, 0x88, 0x31, 0x88, 0x31, 0x88, 0x31, 0x88, 
  0x31, 0x88, 0x31, 0x88, 0x31, 0x88, 0x31, 0x88, 0x31, 0x88, 0x31, 0x88, 0x31, 0x88, 0x31, 0x88, 
  0x31, 0x88, 0x31, 0x88, 0x31, 0x88, 0x31, 0x88, 0x31, 0x88, 0x31, 0x88, 0x31, 0x88, 0x31, 0x88, 
  0x31, 0x88, 0x31, 0x88, 0x31, 0x88, 0x31, 0x88, 0x31, 0x88, 0x31, 0x88, 0x31, 0x88, 0x31, 0x88, 
  0x31, 0x88, 0x31, 0x88, 0x31, 0x88, 0x31, 0x88, 0x31, 0x88, 0x31, 0x88, 0x31, 0x88, 0x31, 0x88, 
  0x31, 0x88, 0x31, 0x88, 0x31, 0x88, 0x31, 0x88, 0x31, 0x88, 0x31, 0x88, 0x31, 0x88, 0x31, 0x88, 
  0x31, 0x88, 0x31, 0x88, 0x31, 0x88, 0x31, 0x88, 0x31, 0x88, 0x31, 0x88, 0x31, 0x88, 0x31, 0x88, 
  0x31, 0x88, 0x31, 0x88, 0x31, 0x88, 0x31, 0x88, 0x31, 0x88, 0x31, 0x88, 0x31, 0x88, 0x31, 0x88, 
  0x31, 0x88, 0x31, 0x88, 0x31, 0x88, 0x31, 0x88, 0x31, 0x88, 0x31, 0x88, 0x31, 0x88, 0x31, 0x88, 
  0x31, 0x88, 0x31, 0x88, 0x31, 0x88, 0x31, 0x88, 0x31, 0x88, 0x31, 0x88, 0x31, 0x88, 0x31, 0x88, 
  0x31, 0x88, 0x31, 0x88, 0x31, 0x88, 0x31, 0x88, 0x31, 0x88, 0x31, 0x88, 0x31, 0x88, 0x31, 0x88, 
  0x31, 0x88, 0x31, 0x88, 0x31, 0x88, 0x31, 0x88, 0x31, 0x88, 0x31, 0x88, 0x31, 0x88, 0x31, 0x88, 
  0x31, 0x88, 0x31, 0x88, 0x31, 0x88, 0x31, 0x88, 0x31, 0x88, 0x31, 0x88, 0x31, 0x88, 0x31, 0x88, 
  0x31, 0x88, 0x31, 0x88, 0x31, 0x88, 0x31, 0x88, 0x31, 0x88, 0x31, 0x88, 0x31, 0x88, 0x31, 0x88, 
  0x31, 0x88, 0x31, 0x88, 0x31, 0x88, 0x31, 0x88, 0x31, 0x88, 0x31, 0x88, 0x31, 0x88, 0x31, 0x88, 
  0x31, 0x88, 0x31, 0x88, 0x31, 0x88, 0x31, 0x88, 0x31, 0x88, 0x31, 0x88, 0x31, 0x88, 0x31, 0x88, 
  0x31, 0x88, 0x31, 0x88, 0x31, 0x88, 0x31, 0x88, 0x31, 0x88, 0x31, 0x88, 0x31, 0x88, 0x31, 0x88, 
  0x31, 0x88, 0x31, 0x88, 0x31, 0x88, 0x31, 0x88, 0x31, 0x88, 0x31, 0x88, 0x31, 0x88, 0x31, 0x88, 
  0x31, 0x88, 0x31, 0x88, 0x31, 0x88, 0x31, 0x88, 0x31, 0x88, 0x31, 0x88, 0x31, 0x88, 0x31, 0x88, 
  0x31, 0x88, 0x31, 0x88, 0x31, 0x88, 0x31, 0x88, 0x31, 0x88, 0x31, 0x88, 0x31, 0x88, 0x31, 0x88, 
  0x31, 0x88, 0x31, 0x88, 0x31, 0x88, 0x31, 0x88, 0x31, 0x88, 0x31, 0x88, 0x31, 0x88, 0x31, 0x88, 
  0x31, 0x88, 0x31, 0x88, 0x31, 0x88, 0x31, 0x88, 0x31, 0x88, 0x31, 0x88, 0x31, 0x88, 0x31, 0x88, 
  0x31, 0x88, 0x31, 0x88, 0x31, 0x88, 0x31, 0x88, 0x31, 0x88, 0x31, 0x88, 0x31, 0x88, 0x31, 0x88, 
  0x31, 0x88, 0x31, 0x88, 0x31, 0x88, 0x31, 0x88, 0x31, 0x88, 0x31, 0x88, 0x31, 0x88, 0x31, 0x88, 
  0x31, 0x88, 0x31, 0x88, 0x31, 0x88, 0x31, 0x88, 0x31, 0x88, 0x31, 0x88, 0x31, 0x88, 0x31, 0x88, 
  0x31, 0x88, 0x31, 0x88, 0x31, 0x88, 0x31, 0x88, 0x31, 0x88, 0x31, 0x88, 0x31, 0x88, 0x31, 0x88, 
  0x31, 0x88, 0x31, 0x88, 0x31, 0x88, 0x31, 0x88, 0x31, 0x88, 0x31, 0x88, 0x31, 0x88, 0x31, 0x88, 
  0x31, 0x88, 0x31, 0x88, 0x31, 0x88, 0x31, 0x88, 0x31, 0x88, 0x31, 0x88, 0x31, 0x88, 0x31, 0x88, 
  0x31, 0x88, 0x31, 0x88, 0x31, 0x88, 0x31, 0x88, 0x31, 0x88, 0x31, 0x88, 0x31, 0x88, 0x31, 0x88, 
  0x31, 0x88, 0x31, 0x88, 0x31, 0x88, 0x31, 0x88, 0x31, 0x88, 0x31, 0x88, 0x31, 0x88, 0x31, 0x88, 
  0x31, 0x88, 0x31, 0x88, 0x31, 0x88, 0x31, 0x88, 0x31, 0x88, 0x31, 0x88, 0x31, 0x88, 0x31, 0x88, 
  0x31, 0x88, 0x31, 0x88, 0x31, 0x88, 0x31, 0x88, 0x31, 0x88, 0x31, 0x88, 0x31, 0x88, 0x31, 0x88, 
  0x31, 0x88, 0x31, 0x88, 0x31, 0x88, 0x31, 0x88, 0x31, 0x88, 0x31, 0x88, 0x31, 0x88, 0x31, 0x88, 
  0x31, 0x88, 0x31, 0x88, 0x31, 0x88, 0x31, 0x88, 0x31, 0x88, 0x31, 0x88, 0x31, 0x88, 0x31, 0x88, 
  0x31, 0x88, 0x31, 0x88, 0x31, 0x88, 0x31, 0x88, 0x31, 0x88, 0x31, 0x88, 0x31, 0x88, 0x31, 0x88, 
  0x31, 0x88, 0x31, 0x88, 0x31, 0x88, 0x31, 0x88, 0x31, 0x88, 0x31, 0x88, 0x31, 0x88, 0x31, 0x88, 
  0x31, 0x88, 0x31, 0x88, 0x31, 0x88, 0x31, 0x88, 0x31, 0x88, 0x31, 0x88, 0x31, 0x88, 0x31, 0x88, 
  0x31, 0x88, 0x31, 0x88, 0x31, 0x88, 0x31, 0x88, 0x31, 0x88, 0x31, 0x88, 0x31, 0x88, 0x31, 0x88, 
  0x31, 0x88, 0x31, 0x88, 0x31, 0x88, 0x31, 0x88, 0x31, 0x88, 0x31, 0x88, 0x31, 0x88, 0x31, 0x88, 
  0x31, 0x88, 0x31, 0x88, 0x31, 0x88, 0x31, 0x88, 0x31, 0x88, 0x31, 0x88, 0x31, 0x88, 0x31, 0x88, 
  0x31, 0x88, 0x31, 0x88, 0x31, 0x88, 0x31, 0x88, 0x31, 0x88, 0x31, 0x88, 0x31, 0x88, 0x31, 0x88, 
  0x31, 0x88, 0x31, 0x88, 0x31, 0x88, 0x31, 0x88, 0x31, 0x88, 0x31, 0x88, 0x31, 0x88, 0x31, 0x88, 
  0x31, 0x88, 0x31, 0x88, 0x31, 0x88, 0x31, 0x88, 0x31, 0x88, 0x31, 0x88, 0x31, 0x88, 0x31, 0x88, 
  0x31, 0x88, 0x31, 0x88, 0x31, 0x88, 0x31, 0x88, 0x31, 0x88, 0x31, 0x88, 0x31, 0x88, 0x31, 0x88, 
  0x31, 0x88, 0x31, 0x88, 0x31, 0x88, 0x31, 0x88, 0x31, 0x88, 0x31, 0x88, 0x31, 0x88, 0x31, 0x88, 
  0x31, 0x88, 0x31, 0x88, 0x31, 0x88, 0x31, 0x88, 0x31, 0x88, 0x31, 0x88, 0x31, 0x88, 0x31, 0x88, 
  0x31, 0x88, 0x31, 0x88, 0x31, 0x88, 0x31, 0x88, 0x31, 0x88, 0x31, 0x88, 0x31, 0x88, 0x31, 0x88, 
  0x31, 0x88, 0x31, 0x88, 0x31, 0x88, 0x31, 0x88, 0x31, 0x88, 0x31, 0x88, 0x31, 0x88, 0x31, 0x88, 
  0x31, 0x88, 0x31, 0x88, 0x31, 0x88, 0x31, 0x88, 0x31, 0x88, 0x31, 0x88, 0x31, 0x88, 0x31, 0x88, 
  0x31, 0x88, 0x31, 0x88, 0x31, 0x88, 0x31, 0x88, 0x31, 0x88, 0x31, 0x88, 0x31, 0x88, 0x31, 0x88, 
  0x31, 0x88, 0x31, 0x88, 0x31, 0x88, 0x31, 0x88, 0x31, 0x88, 0x31, 0x88, 0x31, 0x88, 0x31, 0x88, 
  0x31, 0x88, 0x31, 0x88, 0x31, 0x88, 0x31, 0x88, 0x31, 0x88, 0x31, 0x88, 0x31, 0x88, 0x31, 0x88, 
  0x31, 0x88, 0x31, 0x88, 0x31, 0x88, 0x31, 0x88, 0x31, 0x88, 0x31, 0x88, 0x31, 0x88, 0x31, 0x88, 
  0x31, 0x88, 0x31, 0x88, 0x31, 0x88, 0x31, 0x88, 0x31, 0x88, 0x31, 0x88, 0x31, 0x88, 0x31, 0x88, 
  0x31, 0x88, 0x31, 0x88, 0x31, 0x88, 0x31, 0x88, 0x31, 0x88, 0x31, 0x88, 0x31, 0x88, 0x31, 0x88, 
  0x31, 0x88, 0x31, 0x88, 0x31, 0x88, 0x31, 0x88, 0x31, 0x88, 0x31, 0x88, 0x31, 0x88, 0x31, 0x88, 
  0x31, 0x88, 0x31, 0x88, 0x31, 0x88, 0x31, 0x88, 0x31, 0x88, 0x31, 0x88, 0x31, 0x88, 0x31, 0x88, 
  0x31, 0x88, 0x31, 0x88, 0x31, 0x88, 0x31, 0x88, 0x31, 0x88, 0x31, 0x88, 0x31, 0x88, 0x31, 0x88, 
  0x31, 0x88, 0x31, 0x88, 0x31, 0x88, 0x31, 0x88, 0x31, 0x88, 0x31, 0x88, 0x31, 0x88, 0x31, 0x88, 
  0x31, 0x88, 0x31, 0x88, 0x31, 0x88, 0x31, 0x88, 0x31, 0x88, 0x31, 0x88, 0x31, 0x88, 0x31, 0x88, 
  0x31, 0x88, 0x31, 0x88, 0x31, 0x88, 0x31, 0x88, 0x31, 0x88, 0x31, 0x88, 0x31, 0x88, 0x31, 0x88, 
  0x31, 0x88, 0x31, 0x88, 0x31, 0x88, 0x31, 0x88, 0x31, 0x88, 0x31, 0x88, 0x31, 0x88, 0x31, 0x88, 
  0x31, 0x88, 0x31, 0x88, 0x31, 0x88, 0x31, 0x88, 0x31, 0x88, 0x31, 0x88, 0x31, 0x88, 0x31, 0x88, 
  0x31, 0x88, 0x31, 0x88, 0x31, 0x88, 0x31, 0x88, 0x31, 0x88, 0x31, 0x88, 0x31, 0x88, 0x31, 0x88, 
  0x31, 0x88, 0x31, 0x88, 0x31, 0x88, 0x31, 0x88, 0x31, 0x88, 0x31, 0x88, 0x31, 0x88, 0x31, 0x88, 
  0x31, 0x88, 0x31, 0x88, 0x31, 0x88, 0x31, 0x88, 0x31, 0x88, 0x31, 0x88, 0x31, 0x88, 0x31, 0x88, 
  0x31, 0x88, 0x31, 0x88, 0x31, 0x88, 0x31, 0x88, 0x31, 0x88, 0x31, 0x88, 0x31, 0x88, 0x31, 0x88, 
  0x31, 0x88, 0x31, 0x88, 0x31, 0x88, 0x31, 0x88, 0x31, 0x88, 0x31, 0x88, 0x31, 0x88, 0x31, 0x88, 
  0x31, 0x88, 0x31, 0x88, 0x31, 0x88, 0x31, 0x88, 0x31, 0x88, 0x31, 0x88, 0x31, 0x88, 0x31, 0x88, 
  0x31, 0x88, 0x31, 0x88, 0x31, 0x88, 0x31, 0x88, 0x31, 0x88, 0x31, 0x88, 0x31, 0x88, 0x31, 0x88, 
  0x31, 0x88, 0x31, 0x88, 0x31, 0x88, 0x31, 0x88, 0x31, 0x88, 0x31, 0x88, 0x31, 0x88, 0x31, 0x88, 
  0x31, 0x88, 0x31, 0x88, 0x31, 0x88, 0x31, 0x88, 0x31, 0x88, 0x31, 0x88, 0x31, 0x88, 0x31, 0x88, 
  0x31, 0x88, 0x31, 0x88, 0x31, 0x88, 0x31, 0x88, 0x31, 0x88, 0x31, 0x88, 0x31, 0x88, 0x31, 0x88, 
  0x31, 0x88, 0x31, 0x88, 0x31, 0x88, 0x31, 0x88, 0x31, 0x88, 0x31, 0x88, 0x31, 0x88, 0x31, 0x88, 
  0x31, 0x88, 0x31, 0x88, 0x31, 0x88, 0x31, 0x88, 0x31, 0x88, 0x31, 0x88, 0x31, 0x88, 0x31, 0x88, 
  0x31, 0x88, 0x31, 0x88, 0x31, 0x88, 0x31, 0x88, 0x31, 0x88, 0x31, 0x88, 0x31, 0x88, 0x31, 0x88, 
  0x31, 0x88, 0x31, 0x88, 0x31, 0x88, 0x31, 0x88, 0x31, 0x88, 0x31, 0x88, 0x31, 0x88, 0x31, 0x88, 
  0x31, 0x88, 0x31, 0x88, 0x31, 0x88, 0x31, 0x88, 0x31, 0x88, 0x31, 0x88, 0x31, 0x88, 0x31, 0x88, 
  0x31, 0x88, 0x31, 0x88, 0x31, 0x88, 0x31, 0x88, 0x31, 0x88, 0x31, 0x88, 0x31, 0x88, 0x31, 0x88, 
  0x31, 0x88, 0x31, 0x88, 0x31, 0x88, 0x31, 0x88, 0x31, 0x88, 0x31, 0x88, 0x31, 0x88, 0x31, 0x88, 
  0x31, 0x88, 0x31, 0x88, 0x31, 0x88, 0x31, 0x88, 0x31, 0x88, 0x31, 0x88, 0x31, 0x88, 0x31, 0x88, 
  0x31, 0x88, 0x31, 0x88, 0x31, 0x88, 0x31, 0x88, 0x31, 0x88, 0x31, 0x88, 0x31, 0x88, 0x31, 0x88, 
  0x31, 0x88, 0x31, 0x88, 0x31, 0x88, 0x31, 0x88, 0x31, 0x88, 0x31, 0x88, 0x31, 0x88, 0x31, 0x88, 
  0x31, 0x88, 0x31, 0x88, 0x31, 0x88, 0x31, 0x88, 0x31, 0x88, 0x31, 0x88, 0x31, 0x88, 0x31, 0x88, 
  0x31, 0x88, 0x31, 0x88, 0x31, 0x88, 0x31, 0x88, 0x31, 0x88, 0x31, 0x88, 0x31, 0x88, 0x31, 0x88, 
  0x31, 0x88, 0x31, 0x88, 0x31, 0x88, 0x31, 0x88, 0x31, 0x88, 0x31, 0x88, 0x31, 0x88, 0x31, 0x88, 
  0x31, 0x88, 0x31, 0x88, 0x31, 0x88, 0x31, 0x88, 0x31, 0x88, 0x31, 0x88, 0x31, 0x88, 0x31, 0x88, 
  0x31, 0x88, 0x31, 0x88, 0x31, 0x88, 0x31, 0x88, 0x31, 0x88, 0x31, 0x88, 0x31, 0x88, 0x31, 0x88, 
  0x31, 0x88, 0x31, 0x88, 0x31, 0x88, 0x31, 0x88, 0x31, 0x88, 0x31, 0x88, 0x31, 0x88, 0x31, 0x88, 
  0x31, 0x88, 0x31, 0x88, 0x31, 0x88, 0x31, 0x88, 0x31, 0x88, 0x31, 0x88, 0x31, 0x88, 0x31, 0x88, 
  0x31, 0x88, 0x31, 0x88, 0x31, 0x88, 0x31, 0x88, 0x31, 0x88, 0x31, 0x88, 0x31, 0x88, 0x31, 0x88, 
  0x31, 0x88, 0x31, 0x88, 0x31, 0x88, 0x31, 0x88, 0x31, 0x88, 0x31, 0x88, 0x31, 0x88, 0x31, 0x88, 
  0x31, 0x88, 0x31, 0x88, 0x31, 0x88, 0x31, 0x88, 0x31, 0x88, 0x31, 0x88, 0x31, 0x88, 0x31, 0x88, 
  0x31, 0x88, 0x31, 0x88, 0x31, 0x88, 0x31, 0x88, 0x31, 0x88, 0x31, 0x88, 0x31, 0x88, 0x31, 0x88, 
  0x31, 0x88, 0x31, 0x88, 0x31, 0x88, 0x31, 0x88, 0x31, 0x88, 0x31, 0x88, 0x31, 0x88, 0x31, 0x88, 
  0x31, 0x88, 0x31, 0x88, 0x31, 0x88, 0x31, 0x88, 0x31, 0x88, 0x31, 0x88, 0x31, 0x88, 0x31, 0x88, 
  0x31, 0x88, 0x31, 0x88, 0x31, 0x88, 0x31, 0x88, 0x31, 0x88, 0x31, 0x88, 0x31, 0x88, 0x31, 0x88, 
  0x31, 0x88, 0x31, 0x88, 0x31, 0x88, 0x31, 0x88, 0x31, 0x88, 0x31, 0x88, 0x31, 0x88, 0x31, 0x88, 
  0x31, 0x88, 0x31, 0x88, 0x31, 0x88, 0x31, 0x88, 0x31, 0x88, 0x31, 0x88, 0x31, 0x88, 0x31, 0x88, 
  0x31, 0x88, 0x31, 0x88, 0x31, 0x88, 0x31, 0x88, 0x31, 0x88, 0x31, 0x88, 0x31, 0x88, 0x31, 0x88, 
  0x31, 0x88, 0x31, 0x88, 0x31, 0x88, 0x31, 0x88, 0x31, 0x88, 0x31, 0x88, 0x31, 0x88, 0x31, 0x88, 
  0x31, 0x88, 0x31, 0x88, 0x31, 0x88, 0x31, 0x88, 0x31, 0x88, 0x31, 0x88, 0x31, 0x88, 0x31, 0x88, 
  0x31, 0x88, 0x31, 0x88, 0x31, 0x88, 0x31, 0x88, 0x31, 0x88, 0x31, 0x88, 0x31, 0x88, 0x31, 0x88, 
  0x31, 0x88, 0x31, 0x88, 0x31, 0x88, 0x31, 0x88, 0x31, 0x88, 0x31, 0x88, 0x31, 0x88, 0x31, 0x88, 
  0x31, 0x88, 0x31, 0x88, 0x31, 0x88, 0x31, 0x88, 0x31, 0x88, 0x31, 0x88, 0x31, 0x88, 0x31, 0x88, 
  0x31, 0x88, 0x31, 0x88, 0x31, 0x88, 0x31, 0x88, 0x31, 0x88, 0x31, 0x88, 0x31, 0x88, 0x31, 0x88, 
  0x31, 0x88, 0x31, 0x88, 0x31, 0x88, 0x31, 0x88, 0x31, 0x88, 0x31, 0x88, 0x31, 0x88, 0x31, 0x88, 
  0x31, 0x88, 0x31, 0x88, 0x31, 0x88, 0x31, 0x88, 0x31, 0x88, 0x31, 0x88, 0x31, 0x88, 0x31, 0x88, 
  0x31, 0x88, 0x31, 0x88, 0x31, 0x88, 0x31, 0x88, 0x31, 0x88, 0x31, 0x88, 0x31, 0x88, 0x31, 0x88, 
  0x31, 0x88, 0x31, 0x88, 0x31, 0x88, 0x31, 0x88, 0x31, 0x88, 0x31, 0x88, 0x31, 0x88, 0x31, 0x88, 
  0x31, 0x88, 0x31, 0x88, 0x31, 0x88, 0x31, 0x88, 0x31, 0x88, 0x31, 0x88, 0x31, 0x88, 0x31, 0x88, 
  0x31, 0x88, 0x31, 0x88, 0x31, 0x88, 0x31, 0x88, 0x31, 0x88, 0x31, 0x88, 0x31, 0x88, 0x31, 0x88, 
  0x31, 0x88, 0x31, 0x88, 0x31, 0x88, 0x31, 0x88, 0x31, 0x88, 0x31, 0x88, 0x31, 0x88, 0x31, 0x88, 
  0x31, 0x88, 0x31, 0x88, 0x31, 0x88, 0x31, 0x88, 0x31, 0x88, 0x31, 0x88, 0x31, 0x88, 0x31, 0x88, 
  0x31, 0x88, 0x31, 0x88, 0x31, 0x88, 0x31, 0x88, 0x31, 0x88, 0x31, 0x88, 0x31, 0x88, 0x31, 0x88, 
  0x31, 0x88, 0x31, 0x88, 0x31, 0x88, 0x31, 0x88, 0x31, 0x88, 0x31, 0x88, 0x31, 0x88, 0x31, 0x88, 
  0x31, 0x88, 0x31, 0x88, 0x31, 0x88, 0x31, 0x88, 0x31, 0x88, 0x31, 0x88, 0x31, 0x88, 0x31, 0x88, 
  0x31, 0x88, 0x31, 0x88, 0x31, 0x88, 0x31, 0x88, 0x31, 0x88, 0x31, 0x88, 0x31, 0x88, 0x31, 0x88, 
  0x31, 0x88, 0x31, 0x88, 0x31, 0x88, 0x31, 0x88, 0x31, 0x88, 0x31, 0x88, 0x31, 0x88, 0x31, 0x88, 
  0x31, 0x88, 0x31, 0x88, 0x31, 0x88, 0x31, 0x88, 0x31, 0x88, 0x31, 0x88, 0x31, 0x88, 0x31, 0x88, 
  0x31, 0x88, 0x31, 0x88, 0x31, 0x88, 0x31, 0x88, 0x31, 0x88, 0x31, 0x88, 0x31, 0x88, 0x31, 0x88, 
  0x31, 0x88, 0x31, 0x88, 0x31, 0x88, 0x31, 0x88, 0x31, 0x88, 0x31, 0x88, 0x31, 0x88, 0x31, 0x88, 
  0x31, 0x88, 0x31, 0x88, 0x31, 0x88, 0x31, 0x88, 0x31, 0x88, 0x31, 0x88, 0x31, 0x88, 0x31, 0x88, 
  0x31, 0x88, 0x31, 0x88, 0x31, 0x88, 0x31, 0x88, 0x31, 0x88, 0x31, 0x88, 0x31, 0x88, 0x31, 0x88, 
  0x31, 0x88, 0x31, 0x88, 0x31, 0x88, 0x31, 0x88, 0x31, 0x88, 0x31, 0x88, 0x31, 0x88, 0x31, 0x88, 
  0x31, 0x88, 0x31, 0x88, 0x31, 0x88, 0x31, 0x88, 0x31, 0x88, 0x31, 0x88, 0x31, 0x88, 0x31, 0x88, 
  0x31, 0x88, 0x31, 0x88, 0x31, 0x88, 0x31, 0x88, 0x31, 0x88, 0x31, 0x88, 0x31, 0x88, 0x31, 0x88, 
  0x31, 0x88, 0x31, 0x88, 0x31, 0x88, 0x31, 0x88, 0x31, 0x88, 0x31, 0x88, 0x31, 0x88, 0x31, 0x88, 
  0x31, 0x88, 0x31, 0x88, 0x31, 0x88, 0x31, 0x88, 0x31, 0x88, 0x31, 0x88, 0x31, 0x88, 0x31, 0x88, 
  0x31, 0x88, 0x31, 0x88, 0x31, 0x88, 0x31, 0x88, 0x31, 0x88, 0x31, 0x88, 0x31, 0x88, 0x31, 0x88, 
  0x31, 0x88, 0x31, 0x88, 0x31, 0x88, 0x31, 0x88, 0x31, 0x88, 0x31, 0x88, 0x31, 0x88, 0x31, 0x88, 
  0x31, 0x88, 0x31, 0x88, 0x31, 0x88, 0x31, 0x88, 0x31, 0x88, 0x31, 0x88, 0x31, 0x88, 0x31, 0x88, 
  0x31, 0x88, 0x31, 0x88, 0x31, 0x88, 0x31, 0x88, 0x31, 0x88, 0x31, 0x88, 0x31, 0x88, 0x31, 0x88, 
  0x31, 0x88, 0x31, 0x88, 0x31, 0x88, 0x31, 0x88, 0x31, 0x88, 0x31, 0x88, 0x31, 0x88, 0x31, 0x88, 
  0x31, 0x88, 0x31, 0x88, 0x31, 0x88, 0x31, 0x88, 0x31, 0x88, 0x31, 0x88, 0x31, 0x88, 0x31, 0x88, 
  0x31, 0x88, 0x31, 0x88, 0x31, 0x88, 0x31, 0x88, 0x31, 0x88, 0x31, 0x88, 0x31, 0x88, 0x31, 0x88, 
  0x31, 0x88, 0x31, 0x88, 0x31, 0x88, 0x31, 0x88, 0x31, 0x88, 0x31, 0x88, 0x31, 0x88, 0x31, 0x88, 
  0x31, 0x88, 0x31, 0x88, 0x31, 0x88, 0x31, 0x88, 0x31, 0x88, 0x31, 0x88, 0x31, 0x88, 0x31, 0x88, 
  0x31, 0x88, 0x31, 0x88, 0x31, 0x88, 0x31, 0x88, 0x31, 0x88, 0x31, 0x88, 0x31, 0x88, 0x31, 0x88, 
  0x31, 0x88, 0x31, 0x88, 0x31, 0x88, 0x31, 0x88, 0x31, 0x88, 0x31, 0x88, 0x31, 0x88, 0x31, 0x88, 
  0x31, 0x88, 0x31, 0x88, 0x31, 0x88, 0x31, 0x88, 0x31, 0x88, 0x31, 0x88, 0x31, 0x88, 0x31, 0x88, 
  0x31, 0x88, 0x31, 0x88, 0x31, 0x88, 0x31, 0x88, 0x31, 0x88, 0x31, 0x88, 0x31, 0x88, 0x31, 0x88, 
  0x31, 0x88, 0x31, 0x88, 0x31, 0x88, 0x31, 0x88, 0x31, 0x88, 0x31, 0x88, 0x31, 0x88, 0x31, 0x88, 
  0x31, 0x88, 0x31, 0x88, 0x31, 0x88, 0x31, 0x88, 0x31, 0x88, 0x31, 0x88, 0x31, 0x88, 0x31, 0x88, 
  0x31, 0x88, 0x31, 0x88, 0x31, 0x88, 0x31, 0x88, 0x31, 0x88, 0x31, 0x88, 0x31, 0x88, 0x31, 0x88, 
  0x31, 0x88, 0x31, 0x88, 0x31, 0x88, 0x31, 0x88, 0x31, 0x88, 0x31, 0x88, 0x31, 0x88, 0x31, 0x88, 
  0x31, 0x88, 0x31, 0x88, 0x31, 0x88, 0x31, 0x88, 0x31, 0x88, 0x31, 0x88, 0x31, 0x88, 0x31, 0x88, 
  0x31, 0x88, 0x31, 0x88, 0x31, 0x88, 0x31, 0x88, 0x31, 0x88, 0x31, 0x88, 0x31, 0x88, 0x31, 0x88, 
  0x31, 0x88, 0x31, 0x88, 0x31, 0x88, 0x31, 0x88, 0x31, 0x88, 0x31, 0x88, 0x31, 0x88, 0x31, 0x88, 
  0x31, 0x88, 0x31, 0x88, 0x31, 0x88, 0x31, 0x88, 0x31, 0x88, 0x31, 0x88, 0x31, 0x88, 0x31, 0x88, 
  0x31, 0x88, 0x31, 0x88, 0x31, 0x88, 0x31, 0x88, 0x31, 0x88, 0x31, 0x88, 0x31, 0x88, 0x31, 0x88, 
  0x31, 0x88, 0x31, 0x88, 0x31, 0x88, 0x31, 0x88, 0x31, 0x88, 0x31, 0x88, 0x31, 0x88, 0x31, 0x88, 
  0x31, 0x88, 0x31, 0x88, 0x31, 0x88, 0x31, 0x88, 0x31, 0x88, 0x31, 0x88, 0x31, 0x88, 0x31, 0x88, 
  0x31, 0x88, 0x31, 0x88, 0x31, 0x88, 0x31, 0x88, 0x31, 0x88, 0x31, 0x88, 0x31, 0x88, 0x31, 0x88, 
  0x31, 0x88, 0x31, 0x88, 0x31, 0x88, 0x31, 0x88, 0x31, 0x88, 0x31, 0x88, 0x31, 0x88, 0x31, 0x88, 
  0x31, 0x88, 0x31, 0x88, 0x31, 0x88, 0x31, 0x88, 0x31, 0x88, 0x31, 0x88, 0x31, 0x88, 0x31, 0x88, 
  0x31, 0x88, 0x31, 0x88, 0x31, 0x88, 0x31, 0x88, 0x31, 0x88, 0x31, 0x88, 0x31, 0x88, 0x31, 0x88, 
  0x31, 0x88, 0x31, 0x88, 0x31, 0x88, 0x31, 0x88, 0x31, 0x88, 0x31, 0x88, 0x31, 0x88, 0x31, 0x88, 
  0x31, 0x88, 0x31, 0x88, 0x31, 0x88, 0x31, 0x88, 0x31, 0x88, 0x31, 0x88, 0x31, 0x88, 0x31, 0x88, 
  0x31, 0x88, 0x31, 0x88, 0x31, 0x88, 0x31, 0x88, 0x31, 0x88, 0x31, 0x88, 0x31, 0x88, 0x31, 0x88, 
  0x31, 0x88, 0x31, 0x88, 0x31, 0x88, 0x31, 0x88, 0x31, 0x88, 0x31, 0x88, 0x31, 0x88, 0x31, 0x88, 
  0x31, 0x88, 0x31, 0x88, 0x31, 0x88, 0x31, 0x88, 0x31, 0x88, 0x31, 0x88, 0x31, 0x88, 0x31, 0x88, 
  0x31, 0x88, 0x31, 0x88, 0x31, 0x88, 0x31, 0x88, 0x31, 0x88, 0x31, 0x88, 0x31, 0x88, 0x31, 0x88, 
  0x31, 0x88, 0x31, 0x88, 0x31, 0x88, 0x31, 0x88, 0x31, 0x88, 0x31, 0x88, 0x31, 0x88, 0x31, 0x88, 
  0x31, 0x88, 0x31, 0x88, 0x31, 0x88, 0x31, 0x88, 0x31, 0x88, 0x31, 0x88, 0x31, 0x88, 0x31, 0x88, 
  0x31, 0x88, 0x31, 0x88, 0x31, 0x88, 0x31, 0x88, 0x31, 0x88, 0x31, 0x88, 0x31, 0x88, 0x31, 0x88, 
  0x31, 0x88, 0x31, 0x88, 0x31, 0x88, 0x31, 0x88, 0x31, 0x88, 0x31, 0x88, 0x31, 0x88, 0x31, 0x88, 
  0x31, 0x88, 0x31, 0x88, 0x31, 0x88, 0x31, 0x88, 0x31, 0x88, 0x31, 0x88, 0x31, 0x88, 0x31, 0x88, 
  0x31, 0x88, 0x31, 0x88, 0x31, 0x88, 0x31, 0x88, 0x31, 0x88, 0x31, 0x88, 0x31, 0x88, 0x31, 0x88, 
  0x31, 0x88, 0x31, 0x88, 0x31, 0x88, 0x31, 0x88, 0x31, 0x88, 0x31, 0x88, 0x31, 0x88, 0x31, 0x88, 
  0x31, 0x88, 0x31, 0x88, 0x31, 0x88, 0x31, 0x88, 0x31, 0x88, 0x31, 0x88, 0x31, 0x88, 0x31, 0x88, 
  0x31, 0x88, 0x31, 0x88, 0x31, 0x88, 0x31, 0x88, 0x31, 0x88, 0x31, 0x88, 0x31, 0x88, 0x31, 0x88, 
  0x31, 0x88, 0x31, 0x88, 0x31, 0x88, 0x31, 0x88, 0x31, 0x88, 0x31, 0x88, 0x31, 0x88, 0x31, 0x88, 
  0x31, 0x88, 0x31, 0x88, 0x31, 0x88, 0x31, 0x88, 0x31, 0x88, 0x31, 0x88, 0x31, 0x88, 0x31, 0x88, 
  0x31, 0x88, 0x31, 0x88, 0x31, 0x88, 0x31, 0x88, 0x31, 0x88, 0x31, 0x88, 0x31, 0x88, 0x31, 0x88, 
  0x31, 0x88, 0x31, 0x88, 0x31, 0x88, 0x31, 0x88, 0x31, 0x88, 0x31, 0x88, 0x31, 0x88, 0x31, 0x88, 
  0x31, 0x88, 0x31, 0x88, 0x31, 0x88, 0x31, 0x88, 0x31, 0x88, 0x31, 0x88, 0x31, 0x88, 0x31, 0x88, 
  0x31, 0x88, 0x31, 0x88, 0x31, 0x88, 0x31, 0x88, 0x31, 0x88, 0x31, 0x88, 0x31, 0x88, 0x31, 0x88, 
  0x31, 0x88, 0x31, 0x88, 0x31, 0x88, 0x31, 0x88, 0x31, 0x88, 0x31, 0x88, 0x31, 0x88, 0x31, 0x88, 
  0x31, 0x88, 0x31, 0x88, 0x31, 0x88, 0x31, 0x88, 0x31, 0x88, 0x31, 0x88, 0x31, 0x88, 0x31, 0x88, 
  0x31, 0x88, 0x31, 0x88, 0x31, 0x88, 0x31, 0x88, 0x31, 0x88, 0x31, 0x88, 0x31, 0x88, 0x31, 0x88, 
  0x31, 0x88, 0x31, 0x88, 0x31, 0x88, 0x31, 0x88, 0x31, 0x88, 0x31, 0x88, 0x31, 0x88, 0x31, 0x88, 
  0x31, 0x88, 0x31, 0x88, 0x31, 0x88, 0x31, 0x88, 0x31, 0x88, 0x31, 0x88, 0x31, 0x88, 0x31, 0x88, 
  0x31, 0x88, 0x31, 0x88, 0x31, 0x88, 0x31, 0x88, 0x31, 0x88, 0x31, 0x88, 0x31, 0x88, 0x31, 0x88, 
  0x31, 0x88, 0x31, 0x88, 0x31, 0x88, 0x31, 0x88, 0x31, 0x88, 0x31, 0x88, 0x31, 0x88, 0x31, 0x88, 
  0x31, 0x88, 0x31, 0x88, 0x31, 0x88, 0x31, 0x88, 0x31, 0x88, 0x31, 0x88, 0x31, 0x88, 0x31, 0x88, 
  0x31, 0x88, 0x31, 0x88, 0x31, 0x88, 0x31, 0x88, 0x31, 0x88, 0x31, 0x88, 0x31, 0x88, 0x31, 0x88, 
  0x31, 0x88, 0x31, 0x88, 0x31, 0x88, 0x31, 0x88, 0x31, 0x88, 0x31, 0x88, 0x31, 0x88, 0x31, 0x88, 
  0x31, 0x88, 0x31, 0x88, 0x31, 0x88, 0x31, 0x88, 0x31, 0x88, 0x31, 0x88, 0x31, 0x88, 0x31, 0x88, 
  0x31, 0x88, 0x31, 0x88, 0x31, 0x88, 0x31, 0x88, 0x31, 0x88, 0x31, 0x88, 0x31, 0x88, 0x31, 0x88, 
  0x31, 0x88, 0x31, 0x88, 0x31, 0x88, 0x31, 0x88, 0x31, 0x88, 0x31, 0x88, 0x31, 0x88, 0x31, 0x88, 
  0x31, 0x88, 0x31, 0x88, 0x31, 0x88, 0x31, 0x88, 0x31, 0x88, 0x31, 0x88, 0x31, 0x88, 0x31, 0x88, 
  0x31, 0x88, 0x31, 0x88, 0x31, 0x88, 0x31, 0x88, 0x31, 0x88, 0x31, 0x88, 0x31, 0x88, 0x31, 0x88, 
  0x31, 0x88, 0x31, 0x88, 0x31, 0x88, 0x31, 0x88, 0x31, 0x88, 0x31, 0x88, 0x31, 0x88, 0x31, 0x88, 
  0x31, 0x88, 0x31, 0x88, 0x31, 0x88, 0x31, 0x88, 0x31, 0x88, 0x31, 0x88, 0x31, 0x88, 0x31, 0x88, 
  0x31, 0x88, 0x31, 0x88, 0x31, 0x88, 0x31, 0x88, 0x31, 0x88, 0x31, 0x88, 0x31, 0x88, 0x31, 0x88, 
  0x31, 0x88, 0x31, 0x88, 0x31, 0x88, 0x31, 0x88, 0x31, 0x88, 0x31, 0x88, 0x31, 0x88, 0x31, 0x88, 
  0x31, 0x88, 0x31, 0x88, 0x31, 0x88, 0x31, 0x88, 0x31, 0x88, 0x31, 0x88, 0x31, 0x88, 0x31, 0x88, 
  0x31, 0x88, 0x31, 0x88, 0x31, 0x88, 0x31, 0x88, 0x31, 0x88, 0x31, 0x88, 0x31, 0x88, 0x31, 0x88, 
  0x31, 0x88, 0x31, 0x88, 0x31, 0x88, 0x31, 0x88, 0x31, 0x88, 0x31, 0x88, 0x31, 0x88, 0x31, 0x88, 
  0x31, 0x88, 0x31, 0x88, 0x31, 0x88, 0x31, 0x88, 0x31, 0x88, 0x31, 0x88, 0x31, 0x88, 0x31, 0x88, 
  0x31, 0x88, 0x31, 0x88, 0x31, 0x88, 0x31, 0x88, 0x31, 0x88, 0x31, 0x88, 0x31, 0x88, 0x31, 0x88, 
  0x31, 0x88, 0x31, 0x88, 0x31, 0x88, 0x31, 0x88, 0x31, 0x88, 0x31, 0x88, 0x31, 0x88, 0x31, 0x88, 
  0x31, 0x88, 0x31, 0x88, 0x31, 0x88, 0x31, 0x88, 0x31, 0x88, 0x31, 0x88, 0x31, 0x88, 0x31, 0x88, 
  0x31, 0x88, 0x31, 0x88, 0x31, 0x88, 0x31, 0x88, 0x31, 0x88, 0x31, 0x88, 0x31, 0x88, 0x31, 0x88, 
  0x31, 0x88, 0x31, 0x88, 0x31, 0x88, 0x31, 0x88, 0x31, 0x88, 0x31, 0x88, 0x31, 0x88, 0x31, 0x88, 
  0x31, 0x88, 0x31, 0x88, 0x31, 0x88, 0x31, 0x88, 0x31, 0x88, 0x31, 0x88, 0x31, 0x88, 0x31, 0x88, 
  0x31, 0x88, 0x31, 0x88, 0x31, 0x88, 0x31, 0x88, 0x31, 0x88, 0x31, 0x88, 0x31, 0x88, 0x31, 0x88, 
  0x31, 0x88, 0x31, 0x88, 0x31, 0x88, 0x31, 0x88, 0x31, 0x88, 0x31, 0x88, 0x31, 0x88, 0x31, 0x88, 
  0x31, 0x88, 0x31, 0x88, 0x31, 0x88, 0x31, 0x88, 0x31, 0x88, 0x31, 0x88, 0x31, 0x88, 0x31, 0x88, 
  0x31, 0x88, 0x31, 0x88, 0x31, 0x88, 0x31, 0x88, 0x31, 0x88, 0x31, 0x88, 0x31, 0x88, 0x31, 0x88, 
  0x31, 0x88, 0x31, 0x88, 0x31, 0x88, 0x31, 0x88, 0x31, 0x88, 0x31, 0x88, 0x31, 0x88, 0x31, 0x88, 
  0x31, 0x88, 0x31, 0x88, 0x31, 0x88, 0x31, 0x88, 0x31, 0x88, 0x31, 0x88, 0x31, 0x88, 0x31, 0x88, 
  0x31, 0x88, 0x31, 0x88, 0x31, 0x88, 0x31, 0x88, 0x31, 0x88, 0x31, 0x88, 0x31, 0x88, 0x31, 0x88, 
  0x31, 0x88, 0x31, 0x88, 0x31, 0x88, 0x31, 0x88, 0x31, 0x88, 0x31, 0x88, 0x31, 0x88, 0x31, 0x88, 
  0x31, 0x88, 0x31, 0x88, 0x31, 0x88, 0x31, 0x88, 0x31, 0x88, 0x31, 0x88, 0x31, 0x88, 0x31, 0x88, 
  0x31, 0x88, 0x31, 0x88, 0x31, 0x88, 0x31, 0x88, 0x31, 0x88, 0x31, 0x88, 0x31, 0x88, 0x31, 0x88, 
  0x31, 0x88, 0x31, 0x88, 0x31, 0x88, 0x31, 0x88, 0x31, 0x88, 0x31, 0x88, 0x31, 0x88, 0x31, 0x88, 
  0x31, 0x88, 0x31, 0x88, 0x31, 0x88, 0x31, 0x88, 0x31, 0x88, 0x31, 0x88, 0x31, 0x88, 0x31, 0x88, 
  0x31, 0x88, 0x31, 0x88, 0x31, 0x88, 0x31, 0x88, 0x31, 0x88, 0x31, 0x88, 0x31, 0x88, 0x31, 0x88, 
  0x31, 0x88, 0x31, 0x88, 0x31, 0x88, 0x31, 0x88, 0x31, 0x88, 0x31, 0x88, 0x31, 0x88, 0x31, 0x88, 
  0x31, 0x88, 0x31, 0x88, 0x31, 0x88, 0x31, 0x88, 0x31, 0x88, 0x31, 0x88, 0x31, 0x88, 0x31, 0x88, 
  0x31, 0x88, 0x31, 0x88, 0x31, 0x88, 0x31, 0x88, 0x31, 0x88, 0x31, 0x88, 0x31, 0x88, 0x31, 0x88, 
  0x31, 0x88, 0x31, 0x88, 0x31, 0x88, 0x31, 0x88, 0x31, 0x88, 0x31, 0x88, 0x31, 0x88, 0x31, 0x88, 
  0x31, 0x88, 0x31, 0x88, 0x31, 0x88, 0x31, 0x88, 0x31, 0x88, 0x31, 0x88, 0x31, 0x88, 0x31, 0x88, 
  0x31, 0x88, 0x31, 0x88, 0x31, 0x88, 0x31, 0x88, 0x31, 0x88, 0x31, 0x88, 0x31, 0x88, 0x31, 0x88, 
  0x31, 0x88, 0x31, 0x88, 0x31, 0x88, 0x31, 0x88, 0x31, 0x88, 0x31, 0x88, 0x31, 0x88, 0x31, 0x88, 
  0x31, 0x88, 0x31, 0x88, 0x31, 0x88, 0x31, 0x88, 0x31, 0x88, 0x31, 0x88, 0x31, 0x88, 0x31, 0x88, 
  0x31, 0x88, 0x31, 0x88, 0x31, 0x88, 0x31, 0x88, 0x31, 0x88, 0x31, 0x88, 0x31, 0x88, 0x31, 0x88, 
  0x31, 0x88, 0x31, 0x88, 0x31, 0x88, 0x31, 0x88, 0x31, 0x88, 0x31, 0x88, 0x31, 0x88, 0x31, 0x88, 
  0x31, 0x88, 0x31, 0x88, 0x31, 0x88, 0x31, 0x88, 0x31, 0x88, 0x31, 0x88, 0x31, 0x88, 0x31, 0x88, 
  0x31, 0x88, 0x31, 0x88, 0x31, 0x88, 0x31, 0x88, 0x31, 0x88, 0x31, 0x88, 0x31, 0x88, 0x31, 0x88, 
  0x31, 0x88, 0x31, 0x88, 0x31, 0x88, 0x31, 0x88, 0x31, 0x88, 0x31, 0x88, 0x31, 0x88, 0x31, 0x88, 
  0x31, 0x88, 0x31, 0x88, 0x31, 0x88, 0x31, 0x88, 0x31, 0x88, 0x31, 0x88, 0x31, 0x88, 0x31, 0x88, 
  0x31, 0x88, 0x31, 0x88, 0x31, 0x88, 0x31, 0x88, 0x31, 0x88, 0x31, 0x88, 0x31, 0x88, 0x31, 0x88, 
  0x31, 0x88, 0x31, 0x88, 0x31, 0x88, 0x31, 0x88, 0x31, 0x88, 0x31, 0x88, 0x31, 0x88, 0x31, 0x88, 
  0x31, 0x88, 0x31, 0x88, 0x31, 0x88, 0x31, 0x88, 0x31, 0x88, 0x31, 0x88, 0x31, 0x88, 0x31, 0x88, 
  0x31, 0x88, 0x31, 0x88, 0x31, 0x88, 0x31, 0x88, 0x31, 0x88, 0x31, 0x88, 0x31, 0x88, 0x31, 0x88, 
  0x31, 0x88, 0x31, 0x88, 0x31, 0x88, 0x31, 0x88, 0x31, 0x88, 0x31, 0x88, 0x31, 0x88, 0x31, 0x88, 
  0x31, 0x88, 0x31, 0x88, 0x31, 0x88, 0x31, 0x88, 0x31, 0x88, 0x31, 0x88, 0x31, 0x88, 0x31, 0x88, 
  0x31, 0x88, 0x31, 0x88, 0x31, 0x88, 0x31, 0x88, 0x31, 0x88, 0x31, 0x88, 0x31, 0x88, 0x31, 0x88, 
  0x31, 0x88, 0x31, 0x88, 0x31, 0x88, 0x31, 0x88, 0x31, 0x88, 0x31, 0x88, 0x31, 0x88, 0x31, 0x88, 
  0x31, 0x88, 0x31, 0x88, 0x31, 0x88, 0x31, 0x88, 0x31, 0x88, 0x31, 0x88, 0x31, 0x88, 0x31, 0x88, 
  0x31, 0x88, 0x31, 0x88, 0x31, 0x88, 0x31, 0x88, 0x31, 0x88, 0x31, 0x88, 0x31, 0x88, 0x31, 0x88, 
  0x31, 0x88, 0x31, 0x88, 0x31, 0x88, 0x31, 0x88, 0x31, 0x88, 0x31, 0x88, 0x31, 0x88, 0x31, 0x88, 
  0x31, 0x88, 0x31, 0x88, 0x31, 0x88, 0x31, 0x88, 0x31, 0x88, 0x31, 0x88, 0x31, 0x88, 0x31, 0x88, 
  0x31, 0x88, 0x31, 0x88, 0x31, 0x88, 0x31, 0x88, 0x31, 0x88, 0x31, 0x88, 0x31, 0x88, 0x31, 0x88, 
  0x31, 0x88, 0x31, 0x88, 0x31, 0x88, 0x31, 0x88, 0x31, 0x88, 0x31, 0x88, 0x31, 0x88, 0x31, 0x88, 
  0x31, 0x88, 0x31, 0x88, 0x31, 0x88, 0x31, 0x88, 0x31, 0x88, 0x31, 0x88, 0x31, 0x88, 0x31, 0x88, 
  0x31, 0x88, 0x31, 0x88, 0x31, 0x88, 0x31, 0x88, 0x31, 0x88, 0x31, 0x88, 0x31, 0x88, 0x31, 0x88, 
  0x31, 0x88, 0x31, 0x88, 0x31, 0x88, 0x31, 0x88, 0x31, 0x88, 0x31, 0x88, 0x31, 0x88, 0x31, 0x88, 
  0x31, 0x88, 0x31, 0x88, 0x31, 0x88, 0x31, 0x88, 0x31, 0x88, 0x31, 0x88, 0x31, 0x88, 0x31, 0x88, 
  0x31, 0x88, 0x31, 0x88, 0x31, 0x88, 0x31, 0x88, 0x31, 0x88, 0x31, 0x88, 0x31, 0x88, 0x31, 0x88, 
  0x31, 0x88, 0x31, 0x88, 0x31, 0x88, 0x31, 0x88, 0x31, 0x88, 0x31, 0x88, 0x31, 0x88, 0x31, 0x88, 
  0x31, 0x88, 0x31, 0x88, 0x31, 0x88, 0x31, 0x88, 0x31, 0x88, 0x31, 0x88, 0x31, 0x88, 0x31, 0x88, 
  0x31, 0x88, 0x31, 0x88, 0x31, 0x88, 0x31, 0x88, 0x31, 0x88, 0x31, 0x88, 0x31, 0x88, 0x31, 0x88, 
  0x31, 0x88, 0x31, 0x88, 0x31, 0x88, 0x31, 0x88, 0x31, 0x88, 0x31, 0x88, 0x31, 0x88, 0x31, 0x88, 
  0x31, 0x88, 0x31, 0x88, 0x31, 0x88, 0x31, 0x88, 0x31, 0x88, 0x31, 0x88, 0x31, 0x88, 0x31, 0x88, 
  0x31, 0x88, 0x31, 0x88, 0x31, 0x88, 0x31, 0x88, 0x31, 0x88, 0x31, 0x88, 0x31, 0x88, 0x31, 0x88, 
  0x31, 0x88, 0x31, 0x88, 0x31, 0x88, 0x31, 0x88, 0x31, 0x88, 0x31, 0x88, 0x31, 0x88, 0x31, 0x88, 
  0x31, 0x88, 0x31, 0x88, 0x31, 0x88, 0x31, 0x88, 0x31, 0x88, 0x31, 0x88, 0x31, 0x88, 0x31, 0x88, 
  0x31, 0x88, 0x31, 0x88, 0x31, 0x88, 0x31, 0x88, 0x31, 0x88, 0x31, 0x88, 0x31, 0x88, 0x31, 0x88, 
  0x31, 0x88, 0x31, 0x88, 0x31, 0x88, 0x31, 0x88, 0x31, 0x88, 0x31, 0x88, 0x31, 0x88, 0x31, 0x88, 
  0x31, 0x88, 0x31, 0x88, 0x31, 0x88, 0x31, 0x88, 0x31, 0x88, 0x31, 0x88, 0x31, 0x88, 0x31, 0x88, 
  0x31, 0x88, 0x31, 0x88, 0x31, 0x88, 0x31, 0x88, 0x31, 0x88, 0x31, 0x88, 0x31, 0x88, 0x31, 0x88, 
  0x31, 0x88, 0x31, 0x88, 0x31, 0x88, 0x31, 0x88, 0x31, 0x88, 0x31, 0x88, 0x31, 0x88, 0x31, 0x88, 
  0x31, 0x88, 0x31, 0x88, 0x31, 0x88, 0x31, 0x88, 0x31, 0x88, 0x31, 0x88, 0x31, 0x88, 0x31, 0x88, 
  0x31, 0x88, 0x31, 0x88, 0x31, 0x88, 0x31, 0x88, 0x31, 0x88, 0x31, 0x88, 0x31, 0x88, 0x31, 0x88, 
  0x31, 0x88, 0x31, 0x88, 0x31, 0x88, 0x31, 0x88, 0x31, 0x88, 0x31, 0x88, 0x31, 0x88, 0x31, 0x88, 
  0x31, 0x88, 0x31, 0x88, 0x31, 0x88, 0x31, 0x88, 0x31, 0x88, 0x31, 0x88, 0x31, 0x88, 0x31, 0x88, 
  0x31, 0x88, 0x31, 0x88, 0x31, 0x88, 0x31, 0x88, 0x31, 0x88, 0x31, 0x88, 0x31, 0x88, 0x31, 0x88, 
  0x31, 0x88, 0x31, 0x88, 0x31, 0x88, 0x31, 0x88, 0x31, 0x88, 0x31, 0x88, 0x31, 0x88, 0x31, 0x88, 
  0x31, 0x88, 0x31, 0x88, 0x31, 0x88, 0x31, 0x88, 0x31, 0x88, 0x31, 0x88, 0x31, 0x88, 0x31, 0x88, 
  0x31, 0x88, 0x31, 0x88, 0x31, 0x88, 0x31, 0x88, 0x31, 0x88, 0x31, 0x88, 0x31, 0x88, 0x31, 0x88, 
  0x31, 0x88, 0x31, 0x88, 0x31, 0x88, 0x31, 0x88, 0x31, 0x88, 0x31, 0x88, 0x31, 0x88, 0x31, 0x88, 
  0x31, 0x88, 0x31, 0x88, 0x31, 0x88, 0x31, 0x88, 0x31, 0x88, 0x31, 0x88, 0x31, 0x88, 0x31, 0x88, 
  0x31, 0x88, 0x31, 0x88, 0x31, 0x88, 0x31, 0x88, 0x31, 0x88, 0x31, 0x88, 0x31, 0x88, 0x31, 0x88, 
  0x31, 0x88, 0x31, 0x88, 0x31, 0x88, 0x31, 0x88, 0x31, 0x88, 0x31, 0x88, 0x31, 0x88, 0x31, 0x88, 
  0x31, 0x88, 0x31, 0x88, 0x31, 0x88, 0x31, 0x88, 0x31, 0x88, 0x31, 0x88, 0x31, 0x88, 0x31, 0x88, 
  0x31, 0x88, 0x31, 0x88, 0x31, 0x88, 0x31, 0x88, 0x31, 0x88, 0x31, 0x88, 0x31, 0x88, 0x31, 0x88, 
  0x31, 0x88, 0x31, 0x88, 0x31, 0x88, 0x31, 0x88, 0x31, 0x88, 0x31, 0x88, 0x31, 0x88, 0x31, 0x88, 
  0x31, 0x88, 0x31, 0x88, 0x31, 0x88, 0x31, 0x88, 0x31, 0x88, 0x31, 0x88, 0x31, 0x88, 0x31, 0x88, 
  0x31, 0x88, 0x31, 0x88, 0x31, 0x88, 0x31, 0x88, 0x31, 0x88, 0x31, 0x88, 0x31, 0x88, 0x31, 0x88, 
  0x31, 0x88, 0x31, 0x88, 0x31, 0x88, 0x31, 0x88, 0x31, 0x88, 0x31, 0x88, 0x31, 0x88, 0x31, 0x88, 
  0x31, 0x88, 0x31, 0x88, 0x31, 0x88, 0x31, 0x88, 0x31, 0x88, 0x31, 0x88, 0x31, 0x88, 0x31, 0x88, 
  0x31, 0x88, 0x31, 0x88, 0x31, 0x88, 0x31, 0x88, 0x31, 0x88, 0x31, 0x88, 0x31, 0x88, 0x31, 0x88, 
  0x31, 0x88, 0x31, 0x88, 0x31, 0x88, 0x31, 0x88, 0x31, 0x88, 0x31, 0x88, 0x31, 0x88, 0x31, 0x88, 
  0x31, 0x88, 0x31, 0x88, 0x31, 0x88, 0x31, 0x88, 0x31, 0x88, 0x31, 0x88, 0x31, 0x88, 0x31, 0x88, 
  0x31, 0x88, 0x31, 0x88, 0x31, 0x88, 0x31, 0x88, 0x31, 0x88, 0x31, 0x88, 0x31, 0x88, 0x31, 0x88, 
  0x31, 0x88, 0x31, 0x88, 0x31, 0x88, 0x31, 0x88, 0x31, 0x88, 0x31, 0x88, 0x31, 0x88, 0x31, 0x88, 
  0x31, 0x88, 0x31, 0x88, 0x31, 0x88, 0x31, 0x88, 0x31, 0x88, 0x31, 0x88, 0x31, 0x88, 0x31, 0x88, 
  0x31, 0x88, 0x31, 0x88, 0x31, 0x88, 0x31, 0x88, 0x31, 0x88, 0x31, 0x88, 0x31, 0x88, 0x31, 0x88, 
  0x31, 0x88, 0x31, 0x88, 0x31, 0x88, 0x31, 0x88, 0x31, 0x88, 0x31, 0x88, 0x31, 0x88, 0x31, 0x88, 
  0x31, 0x88, 0x31, 0x88, 0x31, 0x88, 0x31, 0x88, 0x31, 0x88, 0x31, 0x88, 0x31, 0x88, 0x31, 0x88, 
  0x31, 0x88, 0x31, 0x88, 0x31, 0x88, 0x31, 0x88, 0x31, 0x88, 0x31, 0x88, 0x31, 0x88, 0x31, 0x88, 
  0x31, 0x88, 0x31, 0x88, 0x31, 0x88, 0x31, 0x88, 0x31, 0x88, 0x31, 0x88, 0x31, 0x88, 0x31, 0x88, 
  0x31, 0x88, 0x31, 0x88, 0x31, 0x88, 0x31, 0x88, 0x31, 0x88, 0x31, 0x88, 0x31, 0x88, 0x31, 0x88, 
  0x31, 0x88, 0x31, 0x88, 0x31, 0x88, 0x31, 0x88, 0x31, 0x88, 0x31, 0x88, 0x31, 0x88, 0x31, 0x88, 
  0x31, 0x88, 0x31, 0x88, 0x31, 0x88, 0x31, 0x88, 0x31, 0x88, 0x31, 0x88, 0x31, 0x88, 0x31, 0x88, 
  0x31, 0x88, 0x31, 0x88, 0x31, 0x88, 0x31, 0x88, 0x31, 0x88, 0x31, 0x88, 0x31, 0x88, 0x31, 0x88, 
  0x31, 0x88, 0x31, 0x88, 0x31, 0x88, 0x31, 0x88, 0x31, 0x88, 0x31, 0x88, 0x31, 0x88, 0x31, 0x88, 
  0x31, 0x88, 0x31, 0x88, 0x31, 0x88, 0x31, 0x88, 0x31, 0x88, 0x31, 0x88, 0x31, 0x88, 0x31, 0x88, 
  0x31, 0x88, 0x31, 0x88, 0x31, 0x88, 0x31, 0x88, 0x31, 0x88, 0x31, 0x88, 0x31, 0x88, 0x31, 0x88, 
  0x31, 0x88, 0x31, 0x88, 0x31, 0x88, 0x31, 0x88, 0x31, 0x88, 0x31, 0x88, 0x31, 0x88, 0x31, 0x88, 
  0x31, 0x88, 0x31, 0x88, 0x31, 0x88, 0x31, 0x88, 0x31, 0x88, 0x31, 0x88, 0x31, 0x88, 0x31, 0x88, 
  0x31, 0x88, 0x31, 0x88, 0x31, 0x88, 0x31, 0x88, 0x31, 0x88, 0x31, 0x88, 0x31, 0x88, 0x31, 0x88, 
  0x31, 0x88, 0x31, 0x88, 0x31, 0x88, 0x31, 0x88, 0x31, 0x88, 0x31, 0x88, 0x31, 0x88, 0x31, 0x88, 
  0x31, 0x88, 0x31, 0x88, 0x31, 0x88, 0x31, 0x88, 0x31, 0x88, 0x31, 0x88, 0x31, 0x88, 0x31, 0x88, 
  0x31, 0x88, 0x31, 0x88, 0x31, 0x88, 0x31, 0x88, 0x31, 0x88, 0x31, 0x88, 0x31, 0x88, 0x31, 0x88, 
  0x31, 0x88, 0x31, 0x88, 0x31, 0x88, 0x31, 0x88, 0x31, 0x88, 0x31, 0x88, 0x31, 0x88, 0x31, 0x88, 
  0x31, 0x88, 0x31, 0x88, 0x31, 0x88, 0x31, 0x88, 0x31, 0x88, 0x31, 0x88, 0x31, 0x88, 0x31, 0x88, 
  0x31, 0x88, 0x31, 0x88, 0x31, 0x88, 0x31, 0x88, 0x31, 0x88, 0x31, 0x88, 0x31, 0x88, 0x31, 0x88, 
  0x31, 0x88, 0x31, 0x88, 0x31, 0x88, 0x31, 0x88, 0x31, 0x88, 0x31, 0x88, 0x31, 0x88, 0x31, 0x88, 
  0x31, 0x88, 0x31, 0x88, 0x31, 0x88, 0x31, 0x88, 0x31, 0x88, 0x31, 0x88, 0x31, 0x88, 0x31, 0x88, 
  0x31, 0x88, 0x31, 0x88, 0x31, 0x88, 0x31, 0x88, 0x31, 0x88, 0x31, 0x88, 0x31, 0x88, 0x31, 0x88, 
  0x31, 0x88, 0x31, 0x88, 0x31, 0x88, 0x31, 0x88, 0x31, 0x88, 0x31, 0x88, 0x31, 0x88, 0x31, 0x88, 
  0x31, 0x88, 0x31, 0x88, 0x31, 0x88, 0x31, 0x88, 0x31, 0x88, 0x31, 0x88, 0x31, 0x88, 0x31, 0x88, 
  0x31, 0x88, 0x31, 0x88, 0x31, 0x88, 0x31, 0x88, 0x31, 0x88, 0x31, 0x88, 0x31, 0x88, 0x31, 0x88, 
  0x31, 0x88, 0x31, 0x88, 0x31, 0x88, 0x31, 0x88, 0x31, 0x88, 0x31, 0x88, 0x31, 0x88, 0x31, 0x88, 
  0x31, 0x88, 0x31, 0x88, 0x31, 0x88, 0x31, 0x88, 0x31, 0x88, 0x31, 0x88, 0x31, 0x88, 0x31, 0x88, 
  0x31, 0x88, 0x31, 0x88, 0x31, 0x88, 0x31, 0x88, 0x31, 0x88, 0x31, 0x88, 0x31, 0x88, 0x31, 0x88, 
  0x31, 0x88, 0x31, 0x88, 0x31, 0x88, 0x31, 0x88, 0x31, 0x88, 0x31, 0x88, 0x31, 0x88, 0x31, 0x88, 
  0x31, 0x88, 0x31, 0x88, 0x31, 0x88, 0x31, 0x88, 0x31, 0x88, 0x31, 0x88, 0x31, 0x88, 0x31, 0x88, 
  0x31, 0x88, 0x31, 0x88, 0x31, 0x88, 0x31, 0x88, 0x31, 0x88, 0x31, 0x88, 0x31, 0x88, 0x31, 0x88, 
  0x31, 0x88, 0x31, 0x88, 0x31, 0x88, 0x31, 0x88, 0x31, 0x88, 0x31, 0x88, 0x31, 0x88, 0x31, 0x88, 
  0x31, 0x88, 0x31, 0x88, 0x31, 0x88, 0x31, 0x88, 0x31, 0x88, 0x31, 0x88, 0x31, 0x88, 0x31, 0x88, 
  0x31, 0x88, 0x31, 0x88, 0x31, 0x88, 0x31, 0x88, 0x31, 0x88, 0x31, 0x88, 0x31, 0x88, 0x31, 0x88, 
  0x31, 0x88, 0x31, 0x88, 0x31, 0x88, 0x31, 0x88, 0x31, 0x88, 0x31, 0x88, 0x31, 0x88, 0x31, 0x88, 
  0x31, 0x88, 0x31, 0x88, 0x31, 0x88, 0x31, 0x88, 0x31, 0x88, 0x31, 0x88, 0x31, 0x88, 0x31, 0x88, 
  0x31, 0x88, 0x31, 0x88, 0x31, 0x88, 0x31, 0x88, 0x31, 0x88, 0x31, 0x88, 0x31, 0x88, 0x31, 0x88, 
  0x31, 0x88, 0x31, 0x88, 0x31, 0x88, 0x31, 0x88, 0x31, 0x88, 0x31, 0x88, 0x31, 0x88, 0x31, 0x88, 
  0x31, 0x88, 0x31, 0x88, 0x31, 0x88, 0x31, 0x88, 0x31, 0x88, 0x31, 0x88, 0x31, 0x88, 0x31, 0x88, 
  0x31, 0x88, 0x31, 0x88, 0x31, 0x88, 0x31, 0x88, 0x31, 0x88, 0x31, 0x88, 0x31, 0x88, 0x31, 0x88, 
  0x31, 0x88, 0x31, 0x88, 0x31, 0x88, 0x31, 0x88, 0x31, 0x88, 0x31, 0x88, 0x31, 0x88, 0x31, 0x88, 
  0x31, 0x88, 0x31, 0x88, 0x31, 0x88, 0x31, 0x88, 0x31, 0x88, 0x31, 0x88, 0x31, 0x88, 0x31, 0x88, 
  0x31, 0x88, 0x31, 0x88, 0x31, 0x88, 0x31, 0x88, 0x31, 0x88, 0x31, 0x88, 0x31, 0x88, 0x31, 0x88, 
  0x31, 0x88, 0x31, 0x88, 0x31, 0x88, 0x31, 0x88, 0x31, 0x88, 0x31, 0x88, 0x31, 0x88, 0x31, 0x88, 
  0x31, 0x88, 0x31, 0x88, 0x31, 0x88, 0x31, 0x88, 0x31, 0x88, 0x31, 0x88, 0x31, 0x88, 0x31, 0x88, 
  0x31, 0x88, 0x31, 0x88, 0x31, 0x88, 0x31, 0x88, 0x31, 0x88, 0x31, 0x88, 0x31, 0x88, 0x31, 0x88, 
  0x31, 0x88, 0x31, 0x88, 0x31, 0x88, 0x31, 0x88, 0x31, 0x88, 0x31, 0x88, 0x31, 0x88, 0x31, 0x88, 
  0x31, 0x88, 0x31, 0x88, 0x31, 0x88, 0x31, 0x88, 0x31, 0x88, 0x31, 0x88, 0x31, 0x88, 0x31, 0x88, 
  0x31, 0x88, 0x31, 0x88, 0x31, 0x88, 0x31, 0x88, 0x31, 0x88, 0x31, 0x88, 0x31, 0x88, 0x31, 0x88, 
  0x31, 0x88, 0x31, 0x88, 0x31, 0x88, 0x31, 0x88, 0x31, 0x88, 0x31, 0x88, 0x31, 0x88, 0x31, 0x88, 
  0x31, 0x88, 0x31, 0x88, 0x31, 0x88, 0x31, 0x88, 0x31, 0x88, 0x31, 0x88, 0x31, 0x88, 0x31, 0x88, 
  0x31, 0x88, 0x31, 0x88, 0x31, 0x88, 0x31, 0x88, 0x31, 0x88, 0x31, 0x88, 0x31, 0x88, 0x31, 0x88, 
  0x31, 0x88, 0x31, 0x88, 0x31, 0x88, 0x31, 0x88, 0x31, 0x88, 0x31, 0x88, 0x31, 0x88, 0x31, 0x88, 
  0x31, 0x88, 0x31, 0x88, 0x31, 0x88, 0x31, 0x88, 0x31, 0x88, 0x31, 0x88, 0x31, 0x88, 0x31, 0x88, 
  0x31, 0x88, 0x31, 0x88, 0x31, 0x88, 0x31, 0x88, 0x31, 0x88, 0x31, 0x88, 0x31, 0x88, 0x31, 0x88, 
  0x31, 0x88, 0x31, 0x88, 0x31, 0x88, 0x31, 0x88, 0x31, 0x88, 0x31, 0x88, 0x31, 0x88, 0x31, 0x88, 
  0x31, 0x88, 0x31, 0x88, 0x31, 0x88, 0x31, 0x88, 0x31, 0x88, 0x31, 0x88, 0x31, 0x88, 0x31, 0x88, 
  0x31, 0x88, 0x31, 0x88, 0x31, 0x88, 0x31, 0x88, 0x31, 0x88, 0x31, 0x88, 0x31, 0x88, 0x31, 0x88, 
  0x31, 0x88, 0x31, 0x88, 0x31, 0x88, 0x31, 0x88, 0x31, 0x88, 0x31, 0x88, 0x31, 0x88, 0x31, 0x88, 
  0x31, 0x88, 0x31, 0x88, 0x31, 0x88, 0x31, 0x88, 0x31, 0x88, 0x31, 0x88, 0x31, 0x88, 0x31, 0x88, 
  0x31, 0x88, 0x31, 0x88, 0x31, 0x88, 0x31, 0x88, 0x31, 0x88, 0x31, 0x88, 0x31, 0x88, 0x31, 0x88, 
  0x31, 0x88, 0x31, 0x88, 0x31, 0x88, 0x31, 0x88, 0x31, 0x88, 0x31, 0x88, 0x31, 0x88, 0x31, 0x88, 
  0x31, 0x88, 0x31, 0x88, 0x31, 0x88, 0x31, 0x88, 0x31, 0x88, 0x31, 0x88, 0x31, 0x88, 0x31, 0x88, 
  0x31, 0x88, 0x31, 0x88, 0x31, 0x88, 0x31, 0x88, 0x31, 0x88, 0x31, 0x88, 0x31, 0x88, 0x31, 0x88, 
  0x31, 0x88, 0x31, 0x88, 0x31, 0x88, 0x31, 0x88, 0x31, 0x88, 0x31, 0x88, 0x31, 0x88, 0x31, 0x88, 
  0x31, 0x88, 0x31, 0x88, 0x31, 0x88, 0x31, 0x88, 0x31, 0x88, 0x31, 0x88, 0x31, 0x88, 0x31, 0x88, 
  0x31, 0x88, 0x31, 0x88, 0x31, 0x88, 0x31, 0x88, 0x31, 0x88, 0x31, 0x88, 0x31, 0x88, 0x31, 0x88, 
  0x31, 0x88, 0x31, 0x88, 0x31, 0x88, 0x31, 0x88, 0x31, 0x88, 0x31, 0x88, 0x31, 0x88, 0x31, 0x88, 
  0x31, 0x88, 0x31, 0x88, 0x31, 0x88, 0x31, 0x88, 0x31, 0x88, 0x31, 0x88, 0x31, 0x88, 0x31, 0x88, 
  0x31, 0x88, 0x31, 0x88, 0x31, 0x88, 0x31, 0x88, 0x31, 0x88, 0x31, 0x88, 0x31, 0x88, 0x31, 0x88, 
  0x31, 0x88, 0x31, 0x88, 0x31, 0x88, 0x31, 0x88, 0x31, 0x88, 0x31, 0x88, 0x31, 0x88, 0x31, 0x88, 
  0x31, 0x88, 0x31, 0x88, 0x31, 0x88, 0x31, 0x88, 0x31, 0x88, 0x31, 0x88, 0x31, 0x88, 0x31, 0x88, 
  0x31, 0x88, 0x31, 0x88, 0x31, 0x88, 0x31, 0x88, 0x31, 0x88, 0x31, 0x88, 0x31, 0x88, 0x31, 0x88, 
  0x31, 0x88, 0x31, 0x88, 0x31, 0x88, 0x31, 0x88, 0x31, 0x88, 0x31, 0x88, 0x31, 0x88, 0x31, 0x88, 
  0x31, 0x88, 0x31, 0x88, 0x31, 0x88, 0x31, 0x88, 0x31, 0x88, 0x31, 0x88, 0x31, 0x88, 0x31, 0x88, 
  0x31, 0x88, 0x31, 0x88, 0x31, 0x88, 0x31, 0x88, 0x31, 0x88, 0x31, 0x88, 0x31, 0x88, 0x31, 0x88, 
  0x31, 0x88, 0x31, 0x88, 0x31, 0x88, 0x31, 0x88, 0x31, 0x88, 0x31, 0x88, 0x31, 0x88, 0x31, 0x88, 
  0x31, 0x88, 0x31, 0x88, 0x31, 0x88, 0x31, 0x88, 0x31, 0x88, 0x31, 0x88, 0x31, 0x88, 0x31, 0x88, 
  0x31, 0x88, 0x31, 0x88, 0x31, 0x88, 0x31, 0x88, 0x31, 0x88, 0x31, 0x88, 0x31, 0x88, 0x31, 0x88, 
  0x31, 0x88, 0x31, 0x88, 0x31, 0x88, 0x31, 0x88, 0x31, 0x88, 0x31, 0x88, 0x31, 0x88, 0x31, 0x88, 
  0x31, 0x88, 0x31, 0x88, 0x31, 0x88, 0x31, 0x88, 0x31, 0x88, 0x31, 0x88, 0x31, 0x88, 0x31, 0x88, 
  0x31, 0x88, 0x31, 0x88, 0x31, 0x88, 0x31, 0x88, 0x31, 0x88, 0x31, 0x88, 0x31, 0x88, 0x31, 0x88, 
  0x31, 0x88, 0x31, 0x88, 0x31, 0x88, 0x31, 0x88, 0x31, 0x88, 0x31, 0x88, 0x31, 0x88, 0x31, 0x88, 
  0x31, 0x88, 0x31, 0x88, 0x31, 0x88, 0x31, 0x88, 0x31, 0x88, 0x31, 0x88, 0x31, 0x88, 0x31, 0x88, 
  0x31, 0x88, 0x31, 0x88, 0x31, 0x88, 0x31, 0x88, 0x31, 0x88, 0x31, 0x88, 0x31, 0x88, 0x31, 0x88, 
  0x31, 0x88, 0x31, 0x88, 0x31, 0x88, 0x31, 0x88, 0x31, 0x88, 0x31, 0x88, 0x31, 0x88, 0x31, 0x88, 
  0x31, 0x88, 0x31, 0x88, 0x31, 0x88, 0x31, 0x88, 0x31, 0x88, 0x31, 0x88, 0x31, 0x88, 0x31, 0x88, 
  0x31, 0x88, 0x31, 0x88, 0x31, 0x88, 0x31, 0x88, 0x31, 0x88, 0x31, 0x88, 0x31, 0x88, 0x31, 0x88, 
  0x31, 0x88, 0x31, 0x88, 0x31, 0x88, 0x31, 0x88, 0x31, 0x88, 0x31, 0x88, 0x31, 0x88, 0x31, 0x88, 
  0x31, 0x88, 0x31, 0x88, 0x31, 0x88, 0x31, 0x88, 0x31, 0x88, 0x31, 0x88, 0x31, 0x88, 0x31, 0x88, 
  0x31, 0x88, 0x31, 0x88, 0x31, 0x88, 0x31, 0x88, 0x31, 0x88, 0x31, 0x88, 0x31, 0x88, 0x31, 0x88, 
  0x31, 0x88, 0x31, 0x88, 0x31, 0x88, 0x31, 0x88, 0x31, 0x88, 0x31, 0x88, 0x31, 0x88, 0x31, 0x88, 
  0x31, 0x88, 0x31, 0x88, 0x31, 0x88, 0x31, 0x88, 0x31, 0x88, 0x31, 0x88, 0x31, 0x88, 0x31, 0x88, 
  0x31, 0x88, 0x31, 0x88, 0x31, 0x88, 0x31, 0x88, 0x31, 0x88, 0x31, 0x88, 0x31, 0x88, 0x31, 0x88, 
  0x31, 0x88, 0x31, 0x88, 0x31, 0x88, 0x31, 0x88, 0x31, 0x88, 0x31, 0x88, 0x31, 0x88, 0x31, 0x88, 
  0x31, 0x88, 0x31, 0x88, 0x31, 0x88, 0x31, 0x88, 0x31, 0x88, 0x31, 0x88, 0x31, 0x88, 0x31, 0x88, 
  0x31, 0x88, 0x31, 0x88, 0x31, 0x88, 0x31, 0x88, 0x31, 0x88, 0x31, 0x88, 0x31, 0x88, 0x31, 0x88, 
  0x31, 0x88, 0x31, 0x88, 0x31, 0x88, 0x31, 0x88, 0x31, 0x88, 0x31, 0x88, 0x31, 0x88, 0x31, 0x88, 
  0x31, 0x88, 0x31, 0x88, 0x31, 0x88, 0x31, 0x88, 0x31, 0x88, 0x31, 0x88, 0x31, 0x88, 0x31, 0x88, 
  0x31, 0x88, 0x31, 0x88, 0x31, 0x88, 0x31, 0x88, 0x31, 0x88, 0x31, 0x88, 0x31, 0x88, 0x31, 0x88, 
  0x31, 0x88, 0x31, 0x88, 0x31, 0x88, 0x31, 0x88, 0x31, 0x88, 0x31, 0x88, 0x31, 0x88, 0x31, 0x88, 
  0x31, 0x88, 0x31, 0x88, 0x31, 0x88, 0x31, 0x88, 0x31, 0x88, 0x31, 0x88, 0x31, 0x88, 0x31, 0x88, 
  0x31, 0x88, 0x31, 0x88, 0x31, 0x88, 0x31, 0x88, 0x31, 0x88, 0x31, 0x88, 0x31, 0x88, 0x31, 0x88, 
  0x31, 0x88, 0x31, 0x88, 0x31, 0x88, 0x31, 0x88, 0x31, 0x88, 0x31, 0x88, 0x31, 0x88, 0x31, 0x88, 
  0x31, 0x88, 0x31, 0x88, 0x31, 0x88, 0x31, 0x88, 0x31, 0x88, 0x31, 0x88, 0x31, 0x88, 0x31, 0x88, 
  0x31, 0x88, 0x31, 0x88, 0x31, 0x88, 0x31, 0x88, 0x31, 0x88, 0x31, 0x88, 0x31, 0x88, 0x31, 0x88, 
  0x31, 0x88, 0x31, 0x88, 0x31, 0x88, 0x31, 0x88, 0x31, 0x88, 0x31, 0x88, 0x31, 0x88, 0x31, 0x88, 
  0x31, 0x88, 0x31, 0x88, 0x31, 0x88, 0x31, 0x88, 0x31, 0x88, 0x31, 0x88, 0x31, 0x88, 0x31, 0x88, 
  0x31, 0x88, 0x31, 0x88, 0x31, 0x88, 0x31, 0x88, 0x31, 0x88, 0x31, 0x88, 0x31, 0x88, 0x31, 0x88, 
  0x31, 0x88, 0x31, 0x88, 0x31, 0x88, 0x31, 0x88, 0x31, 0x88, 0x31, 0x88, 0x31, 0x88, 0x31, 0x88, 
  0x31, 0x88, 0x31, 0x88, 0x31, 0x88, 0x31, 0x88, 0x31, 0x88, 0x31, 0x88, 0x31, 0x88, 0x31, 0x88, 
  0x31, 0x88, 0x31, 0x88, 0x31, 0x88, 0x31, 0x88, 0x31, 0x88, 0x31, 0x88, 0x31, 0x88, 0x31, 0x88, 
  0x31, 0x88, 0x31, 0x88, 0x31, 0x88, 0x31, 0x88, 0x31, 0x88, 0x31, 0x88, 0x31, 0x88, 0x31, 0x88, 
  0x31, 0x88, 0x31, 0x88, 0x31, 0x88, 0x31, 0x88, 0x31, 0x88, 0x31, 0x88, 0x31, 0x88, 0x31, 0x88, 
  0x31, 0x88, 0x31, 0x88, 0x31, 0x88, 0x31, 0x88, 0x31, 0x88, 0x31, 0x88, 0x31, 0x88, 0x31, 0x88, 
  0x31, 0x88, 0x31, 0x88, 0x31, 0x88, 0x31, 0x88, 0x31, 0x88, 0x31, 0x88, 0x31, 0x88, 0x31, 0x88, 
  0x31, 0x88, 0x31, 0x88, 0x31, 0x88, 0x31, 0x88, 0x31, 0x88, 0x31, 0x88, 0x31, 0x88, 0x31, 0x88, 
  0x31, 0x88, 0x31, 0x88, 0x31, 0x88, 0x31, 0x88, 0x31, 0x88, 0x31, 0x88, 0x31, 0x88, 0x31, 0x88, 
  0x31, 0x88, 0x31, 0x88, 0x31, 0x88, 0x31, 0x88, 0x31, 0x88, 0x31, 0x88, 0x31, 0x88, 0x31, 0x88, 
  0x31, 0x88, 0x31, 0x88, 0x31, 0x88, 0x31, 0x88, 0x31, 0x88, 0x31, 0x88, 0x31, 0x88, 0x31, 0x88, 
  0x31, 0x88, 0x31, 0x88, 0x31, 0x88, 0x31, 0x88, 0x31, 0x88, 0x31, 0x88, 0x31, 0x88, 0x31, 0x88, 
  0x31, 0x88, 0x31, 0x88, 0x31, 0x88, 0x31, 0x88, 0x31, 0x88, 0x31, 0x88, 0x31, 0x88, 0x31, 0x88, 
  0x31, 0x88, 0x31, 0x88, 0x31, 0x88, 0x31, 0x88, 0x31, 0x88, 0x31, 0x88, 0x31, 0x88, 0x31, 0x88, 
  0x31, 0x88, 0x31, 0x88, 0x31, 0x88, 0x31, 0x88, 0x31, 0x88, 0x31, 0x88, 0x31, 0x88, 0x31, 0x88, 
  0x31, 0x88, 0x31, 0x88, 0x31, 0x88, 0x31, 0x88, 0x31, 0x88, 0x31, 0x88, 0x31, 0x88, 0x31, 0x88, 
  0x31, 0x88, 0x31, 0x88, 0x31, 0x88, 0x31, 0x88, 0x31, 0x88, 0x31, 0x88, 0x31, 0x88, 0x31, 0x88, 
  0x31, 0x88, 0x31, 0x88, 0x31, 0x88, 0x31, 0x88, 0x31, 0x88, 0x31, 0x88, 0x31, 0x88, 0x31, 0x88, 
};