:020000040800F2
:10000000F838002019030008CF310008A13000089B
:10001000CD310008F11E0008D335000800000000B3
:10002000000000000000000000000000593300083C
:10003000F31E000800000000D13100085B33000807
:1000400033030008330300083303000833030008B8
:1000500033030008330300083303000833030008A8
:100060003303000833030008330300083303000898
:100070003303000833030008330300083303000888
:1000800033030008330300083303000800000000B6
:100090000000000000000000000000003303000822
:1000A0003303000833030008330300083303000858
:1000B0003303000833030008330300083303000848
:1000C0003303000833030008330300083303000838
:1000D0003303000833030008330300080000000066
:1000E0003303000833030008330300080000000056
:1000F00000000000000000000000000033030008C2
:100100000000000033030008330300083303000835
:1001100000000000000000000000000000000000DF
:1001200033030008330300083303000833030008D7
:100130003303000800000000000000000000000081
:100140000000000000000000000000003303000871
:1001500033030008330300083303000833030008A7
:100160003303000833030008000000000000000013
:10017000000000000000000000000000000000007F
:100180000000000033030008000000000000000031
:100190003303000800F002F800F094F80AA090E899
:1001A000000C82448344AAF10107DA4501D100F032
:1001B00089F8AFF2090EBAE80F0013F0010F18BF6B
:1001C000FB1A43F00103184730E5000050E500003A
:1001D000103A24BF78C878C1FAD8520724BF30C873
:1001E00030C144BF04680C60704700000023002445
:1001F00000250026103A28BF78C1FBD8520728BF37
:1002000030C148BF0B6070476E2900F08F827029A3
:1002100000F0D98366290EF0858165290EF0828170
:1002200067290EF07F8161290EF07E8103681B0A29
:1002300028BF41F08001692900F03C82642900F068
:100240003982752900F036826F2900F0668378299B
:1002500000F0A583E92900F00183E42900F0FE8283
:10026000F52900F0FB82EF2900F06383F82900F004
:10027000A4830368DB0928BF41F08001632901F0F2
:10028000FB80732901F00081E32901F00B81F32940
:1002900001F01081002070471FB50EF03EF900F00C
:1002A00002F901F059F90400002000210EF0A8F82D
:1002B000401C6060002000210EF08CF8E0601FBD43
:1002C00010B510BD01F01AF91146FFF7E5FF04F073
:1002D0005BF801F0F7F903B4FFF7F2FF03BC03F09A
:1002E000A8F900000B49D1F800C04A685CF8043B4B
:1002F0001068184442F8040B8C4528BFA1F1DC0CAF
:100300008A4228BFA1F1DC02C1F800C04A6020F097
:10031000004070479028002009488047094800475E
:10032000FEE7FEE7FEE7FEE7FEE7FEE7FEE7FEE7A5
:10033000FEE7FEE704480549054A064B7047000002
:10034000F533000895010008F8280020F83800204F
:10035000F8300020F8300020704753EA020C00F01B
:1003600069802DE9F04B4FF00006002B1FBFB3FA58
:1003700083F503FA05F424FA05F65E4012BF16432E
:10038000B2FA82F502FA05F4C5F120051EBF22FA81
:1003900005FC44EA0C04203556EA044C4FEA1444A8
:1003A00018BF641C4FF000084FF00009904271EB39
:1003B000030C39D3002919BFB1FA81F701FA07F606
:1003C000B0FA80F700FA07F6C7F120071EBF20FA3F
:1003D00007FC46EA0C062037B6FBF4FCA7EB050742
:1003E000103F07F01F0BCBF120060CFA0BFB2CFA89
:1003F00006F644BFB3460026202FA4BF5E464FF04A
:10040000000B5BEA060C08BF4FF0010B19EB0B0960
:10041000ABFB027C48EB0608C01B06FB02CC0BFBC7
:1004200003CC71EB0C01C1E70B460246414648463E
:10043000BDE8F08B13B54FF000004FF00001AFF3B3
:100440000080BDE81C4070477CB51D4616460C0078
:10045000009001D02044401E074B7B442A46694649
:100460000190304600F07BF905461CB1002069463A
:1004700000F088F928467CBD310300000B4910B517
:10048000A1F17C020A4CC2E93712372106E000EBE9
:10049000104342F82130074B00FB03400B1EA1F133
:1004A0000101F4DC10BD0120E8E700003028002045
:1004B000E119D666CD0D0100032A40F2308010F01C
:1004C000030C00F0158011F8013BBCF1020F6244EF
:1004D00098BF11F801CB00F8013B38BF11F8013B80
:1004E000A2F1040298BF00F801CB38BF00F8013B2D
:1004F00011F0030300F03683083AC0F0088051F889
:10050000043B083A51F804CBA0E80810F5E7121DA7
:100510005CBF51F8043B40F8043BAFF30080D207C6
:1005200024BF11F8013B11F801CB48BF11F8012B92
:1005300024BF00F8013B00F801CB48BF00F8012BB5
:1005400070474FF0000200B5134694469646203996
:1005500022BFA0E80C50A0E80C50B1F12001BFF47C
:10056000F7AF090728BFA0E80C5048BF0CC05DF8E2
:1005700004EB890028BF40F8042B08BF704748BF30
:1005800020F8022B11F0804F18BF00F8012B7047A4
:1005900010B5044610F0030F08BF11F0030F40F030
:1005A00015804FF0013E121FC0F20E8051F8043B3F
:1005B000A3EB0E0C2CEA030C1CEACE1C08BF40F87F
:1005C000043BF0D0A1F1040102F10402521E08DB49
:1005D00011F8013B002B00F8013BF7D1114600F068
:1005E000F3FA204610BD704770477047704770B5EA
:1005F000044685690068C10601D5302600E0202642
:10060000C00707D070BDD4E9012130469047206A69
:10061000401C20626D1EF6D570BD70B5044685691C
:100620000078C00707D170BDD4E901212020904790
:10063000206A401C20626D1EF6D570BD09684A050F
:1006400001D540B27047C905FCD500B270470968B2
:100650004A0501D5C0B27047C905FCD580B27047C4
:1006600070B50C460546012A05D02878800600D5CD
:10067000EA69002302E0012305E05B1C934202D2F9
:10068000E05C0028F9D1A869E618C01AA861286AB8
:10069000184428622846FFF7AAFF04E0D5E90121A3
:1006A00014F8010B9047B442F8D32846FFF7B5FF82
:1006B00070BD00002DE9F041064600241068752940
:1006C000314616A510D0FFF7B9FF002802DA4042E4
:1006D00013A507E031688A0701D512A502E0490792
:1006E00004D511A5012401E0FFF7B1FF00210A2282
:1006F00006F1240709E0B0FBF2FCB0FBF2F302FBC9
:100700001C00303078541846491C0028F3D1234689
:100710002A463046BDE8F04100F0BDBA00000000B6
:100720002D0000002B00000020000000116802686E
:10073000006A530501D508700AE0D30501D5088089
:1007400006E0130603D5C217C1E9000200E0086005
:100750000120704701694A1C02610878704700B5A2
:100760008FB0CDE901310021059105497944CDE9EA
:1007700003101146684600F031F90FB000BD0000CB
:10078000E5FFFFFF0A6802F8010B0A607047D1E934
:1007900000239A4202D2531C0B6010707047000075
:1007A0002DE9FF5F15468A460446DFF8AC80F84421
:1007B0000027D8E900103E46CDE9001010E03AF8D5
:1007C00016106A4602A800F079FE411C07D0217875
:1007D000890603D5E269391891420DD80744761C81
:1007E0002078800602D5E069B84205DDAE42E6DB3E
:1007F0003AF816000028E2D1A069C01BA06120468B
:10080000FFF7F5FED8E90010CDE90010002017E051
:100810003AF818106A4602A800F050FEB0F1FF3F07
:1008200081460BD000250DF1080B05E0D4E901212C
:100830001BF8050090476D1C4D45F7D308F10100EA
:10084000B0428046E4DB206A384420622046FFF74D
:10085000E4FEBDE8FF9F0000AADD00002DE9F041A5
:100860008046D21D22F007020025D2E90002F529B8
:1008700015A614D0011E72F1000106DA0023D0EB98
:10088000030063EB020211A608E0D8F800108B0702
:1008900001D50FA602E0490701D50EA60125114694
:1008A000002408F1240704E000F0B0F930323A5592
:1008B000641C50EA0102F7D12B46324621464046DD
:1008C000BDE8F04100F0E7B9000000002D00000095
:1008D0002B0000002000000030B4002100F12404AF
:1008E00008E002F00705D208303542EA4372DB081F
:1008F0006554491C52EA0305F3D10468002310A291
:10090000250707D5A40600D421B1C46901230DA28F
:10091000641EC46130BC00F0BEB910B50446214667
:100920001068FFF794FE02462046BDE81040002301
:10093000D2E7D21D22F00701D1E90023CCE7000065
:100940000000000030000000F0B40D4601880905E9
:1009500002D5214C7C4402E01F4C7C440E34002123
:1009600000F1240608E002F00F071209E75D42EAF1
:1009700003721B097754491C52EA0307F3D102782A
:100980000023120704D5702D06D009B102231134BB
:100990002246F0BC00F07FB901231034F8E770B5AF
:1009A00004460D4621461068FFF751FE02462946CF
:1009B0002046BDE870400023C6E7D21D22F00703A1
:1009C000D3E90023C0E70368126843F02003036003
:1009D0000823C3610023B7E70CDC00002DE9F05FBA
:1009E000894604464FF0000ADFF874B1FB44C0F8B2
:1009F00020A02046E1688847002874D0252806D02A
:100A0000D4E901219047206A401C2062F1E70026CA
:100A10005F462046E16888472028054607DB312DE0
:100A200005D2781910F8200C08B10643F1E7B00799
:100A300001D526F00406C4F81CA00027C4F818A0AD
:100A40002A2D09D0284602F0EDFD38B304EB8708C3
:100A5000303DC8F8185019E059F8041B204604EB43
:100A600087029161E1688847012F054618D1E06946
:100A7000002820DA26F020061DE0D8F8180000EB48
:100A8000800005EB40003038C8F818002046E168C7
:100A90008847054602F0C6FD0028EED1012F0AD096
:100AA0002E2D08D12046E16888477F1C0546022F7D
:100AB00046F02006C4DBA069002803DA404246F075
:100AC0000106A061F00701D026F010066C2D0BD0B6
:100AD000682D09D04C2D39D06A2D35D0742D35D0E4
:100AE0007A2D33D016E038E0E1682F46204688475B
:100AF000B842054609D16C2F26D04FF48060E168DA
:100B0000064320468847054604E06C2F1AD04FF470
:100B1000807006430DB3A5F14100192802D8203595
:100B200046F400664A462946204626604E46FFF7B0
:100B30006BFB80B101280BD0F61D26F0070000F1F9
:100B4000080956E74020E4E78020D8E70020D6E7F0
:100B500006F104094DE7284652E7206ABDE8F09FF8
:100B60009CDB000010B5203AC0F00B80B1E81850B3
:100B7000203AA0E81850B1E81850A0E81850BFF487
:100B8000F5AF5FEA027C24BFB1E81850A0E8185026
:100B900044BF18C918C0BDE810405FEA827C24BF7A
:100BA00051F8043B40F8043B08BF7047D20728BF08
:100BB00031F8023B48BF11F8012B28BF20F8023B57
:100BC00048BF00F8012B70474FF000020429C0F025
:100BD000128010F0030C3FF4B6ACCCF1040CBCF165
:100BE000020F18BF00F8012BA8BF20F8022BA1EBC1
:100BF0000C01FFF7A8BC5FEAC17C24BF00F8012B01
:100C000000F8012B48BF00F8012B704730B5B0F158
:100C10000A024FEA900E71F100034EEA817EB0EBBA
:100C20000E0061EB91014FEA101E4EEA017E10EBBF
:100C30000E0041EB11114FEA102E4EEA016E10EB3F
:100C40000E0041EB11214FEA104E4EEA014E10EB1F
:100C50000E0041EB1141401841F100014FEAD00074
:100C600040EA41704FEAD10110EB80054FEA810460
:100C700044EA907444EB01046D1944EB0404521BE4
:100C8000A3414FF0000348BF0A3200D530BD401CDD
:100C900041F1000130BD2DE9F0470D4699469246DD
:100CA000044600F124080168880604D5E06921F0B3
:100CB0001001216000E00120A84201DD471B00E097
:100CC0000027A1697A1902EB0900081AA0612078AF
:100CD000C00602D42046FFF78AFC002608E0D4E9CB
:100CE00001211AF806009047206A401C761C2062F9
:100CF0004E45F4DB2078C0060AD52046FFF777FC86
:100D000006E0D4E9012130209047206A401C20628F
:100D1000381EA7F10107F4DC07E0D4E9012118F837
:100D200005009047206A401C2062281EA5F101059D
:100D3000F3DC2046FFF771FC2078000602D5022084
:100D4000BDE8F0870120FBE770472DE9FF4F0C4617
:100D50001E464FF0FF378BB0D2E90001DDF860800E
:100D60000A908A46C1F30A5505B93D460021084656
:100D70004FF00000BAF1000F00F4400005DA00EB7C
:100D800080004FF4400101EA50004FEA9059B9F158
:100D9000010F00DDB9460A9850EA4A000ED044F629
:100DA0001050A5F2FF3545432F14B8F1000F1ED0A7
:100DB0007542291E1EDDC9F100021CE0B8F1010FC9
:100DC0004FF0000001D0302103E0F24305E0215450
:100DD000401CB042FBDB30460022002121540B991D
:100DE000C1F80880C1E900200FB0BDE8F08FBD1B3D
:100DF0006D1CDEE74A4600DA694206A800F0F0FB07
:100E000006AB93E8070003AB83E8070050460A9956
:100E100000F0A6FC8DE80700A0F500501F380090F8
:100E20000398002D0ADD42F21F014A4608440023C0
:100E300003A90390684600F00FFF09E0A0F50050F9
:100E40004A461F38002303A90390684600F019FFA3
:100E50008DE807000004000C03D04FF0FF3041087C
:100E600000E01046B8F1000F03D0002200921546B2
:100E70001EE0751E05D4FFF7C9FE303262556D1EA7
:100E8000F9D5B3460122084302D000227F1C04E0BA
:100E90002078302801D100227F1E002A099784D0B3
:100EA0001DE0112D07DAFFF7B1FE303262556D1CDF
:100EB00050EA0102F5D1084302D00098C8B10EE013
:100EC0000021681E05E0235C625C63542254401ECE
:100ED000491C8142F7DBAB46A81B401E099000204D
:100EE00004F80B000B98099AC0F80880C0E9002BA1
:100EF0007AE711264FF0000857E72DE9F04F8846B2
:100F00000446D21D22F0070191B0D1E90001CDE9DC
:100F10000A0102F05FFB02460B98C00F01D02D20A2
:100F200007E02068810701D52B2002E0202101EA9B
:100F3000C000032A099001D0072A05DB0346414679
:100F4000204600F00DFB0BE12078800601D5E0691A
:100F500000E00620B8F1650F814606D0B8F1660FB3
:100F600018D0B8F1670F70D131E00020B9F1110F3E
:100F7000009001DB112301E009F101030AAA01A994
:100F80000CA8FFF7E2FEDDE90C70002609F101056F
:100F9000834647E001204B4600904FF000470AAAE5
:100FA00001A90CA8FFF7D1FEDDE90DB00C995D4653
:100FB000002610B909F101000D18B9EB050003D4A2
:100FC000C0F1FF3609F10105A5EB09002BE0B9F1ED
:100FD000010F01DA4FF001090020B9F1110F009063
:100FE000484601DD112300E003460AAA01A90CA826
:100FF000FFF7ABFEDDE90C704D46002683462078F6
:1010000000070AD4AB4500DA5D4601A8012D04DDD6
:10101000411911F8011C302907D04F4502DA17F1A8
:10102000040F04DA012082460FE06D1EEEE7002F68
:1010300002DCED1B3E4403E0781CA84200DD7D1C71
:10104000B81B00F1010A4FF000472078000703D4D5
:10105000AA4501DB4FF0FF3A0021B7F1004F0DF137
:1010600043088DF8431024D002202B23002F01DAEF
:101070007F422D230A21021EA0F1010000DC5FB196
:1010800097FBF1FC97FBF1F201FB1C7C17460CF17E
:10109000300C08F801CDEEE7A8F1010003702188BB
:1010A000090501D5452100E06521A0F1010800F8FE
:1010B000011C09980FA9A1EB0807FF1D00B1012031
:1010C000411901EBEA70A1693844081A401EA06179
:1010D0002078C00602D42046FFF789FA099828B183
:1010E000D4E901219047206A401C20622078C00684
:1010F00022D52046FFF77BFA1EE0002E04DBB34525
:1011000002DD01A8805D00E03020D4E90121904794
:10111000206A401C2062761CAAF101005FEA000AE6
:101120000AD100F019FAC0680168405CD4E90121D5
:101130009047206A401C2062281EA5F10105DCDCD6
:1011400007E0D4E9012118F8010B9047206A401C00
:101150002062381EA7F10107F3DC2046FFF75DFA95
:10116000032011B041E600002DE9F04F04460D4682
:10117000D21D22F0070089B0D0E9009748463946D1
:1011800002F028FA0246F80F01D02D2307E020686C
:10119000810701D52B2302E0202101EAC0038DF84D
:1011A00020300BB1012000E00020032A824601D04C
:1011B000072A04DB2946204600F0D2F93FE12078D7
:1011C000800601D40D2500E0E569C7F30A560D2D10
:1011D00049DA00214FEA175B08464FF00000002F64
:1011E00000F4400007DA00EB80004FF4400100EB10
:1011F000D07001EA60008115012901DD4FF0FF3157
:1012000000224FEA850CBCF1180F06D31346ACF14F
:1012100018004FF08052C24003E04FF4801323FACD
:101220000CF30CF10C0CBCF1200F04D3ACF1200C2E
:1012300009FA0CF001E007FA0CF000294FF0004821
:1012400001DD18B90FE00ED140450CD319EB0209AE
:101250005F4121B9404502D19F4329EA0209BBEB16
:10126000175F00D0761C2088000502D57B487844A3
:1012700002E07A487844193808AA302302F80A3084
:10128000037C0AF10101002E0AF1020A53546A4656
:1012900002DC4FF0300101E04FF031014FF0010866
:1012A0008DF8001002D0A6F2FF3603E059EA47019C
:1012B00000D06B4E002D02DC2178090704D54FF0D9
:1012C00002082E218DF80110C44600210BE0C7F35F
:1012D00003433F01C35C491C6D1E02F80830052919
:1012E00008F1010801DA002DF1DC00210CE000EB2F
:1012F0001973491C1B786D1E082902F808304FEA43
:10130000091908F1010801DA002DF0DC21688B06CB
:1013100002D516E0A8F10108E04505DD02EB08035F
:1013200013F8013C302BF5D0B8F1000F09DD02EBCA
:10133000080313F8013C2E2B03D1090701D4A8F1AF
:101340000108002D05DD3E2102F808106D1E08F190
:101350000108407C002E02F8080008F1010804DAB8
:101360002D20764202F8080002E02B2002F8080047
:101370000A214FF47A70864208F101080BDB96FBD4
:10138000F0F3303302F8083096FBF0F308F101086F
:1013900000FB136601E0642E0CDB642096FBF0F387
:1013A000303302F8083096FBF0F308F1010800FB37
:1013B000136601E00A2E06DB96FBF1F0303002F8EE
:1013C000080008F1010896FBF1F001FB10603030D5
:1013D00002F80800A16908F1010808EB050202EB18
:1013E0000A00081AA0612078C00602D42046FFF740
:1013F000FEF8216A08AE01EB0A00206204E0D4E99D
:10140000012116F8010B9047BAF1010AF7D22078B2
:10141000C00602D52046FFF7EAF86E4609E016F846
:10142000010B3E280FD0D4E901219047206A401CCF
:101430002062B8F10108F2D22046FFF7EEF809B0B9
:101440000320BDE8F08F206A2844206203E0D4E93D
:101450000121302090476D1EEBD3F8E73ED300000A
:1014600002FCFFFF10B5436913B1AFF3008001E048
:10147000FFF7F6F8012010BD127800F124010A7080
:1014800000224A700122EDE711684FF0FF32E9E7D0
:1014900010B5436913B1AFF3008001E0FFF780F9A5
:1014A000012010BD128800F1240182840022C28430
:1014B0000122EDE711684FF0FF32E9E770B51646FB
:1014C0000C46054600F040F8036893F80101012836
:1014D00006D0FF2C0FD8185D68B101202C7070BDAC
:1014E000D3F807013246214603F207130344284686
:1014F000BDE8704018474FF0FF3070BD754600F0F2
:10150000EBF8AE4605006946534620F007008546D5
:1015100018B020B5FEF70EFFBDE820404FF00006E2
:101520004FF000074FF000084FF0000B21F00701CB
:10153000AC46ACE8C009ACE8C009ACE8C009ACE80E
:10154000C0098D467047000010B500F005F8001D79
:1015500010BD00BFADCE000000487047B828002085
:101560002DE9F0411F46044603260168072A01F4CD
:10157000006004DB08B116A505E016A503E008B17C
:1015800015A500E015A521F010002060A069C01E7F
:10159000A0610FB1401EA0612046FFF728F84FB1AF
:1015A000D4E9012138469047206A401C2062C01CC3
:1015B000206206E0206AFAE7D4E9012115F8010B60
:1015C0009047761EF8D22046FFF727F8BDE8F08155
:1015D0004E414E006E616E00494E4600696E6600D7
:1015E0002DE9F047814616468AB0354878440DC843
:1015F0008DE80D0032487844801C03AC0DC884E8A7
:101600000D0041F69B300844372190FBF1F290FB2E
:10161000F1F5A5F1800501FB12041B3C02D56442E3
:10162000012000E00020DFF898A080460027FA445F
:10163000AAF1BE0A0EE0E0070AD03246684607EB80
:10164000470101230AEB810100F01BFB8DE8070035
:1016500064107F1C002CEED1194F7F44AE3F19E07F
:10166000E80715D007EB04100DF1180A90E80E00FA
:101670008AE80E00C068F04201D1981908903246FD
:10168000012306A903A800F0FCFA03AB83E80700D6
:101690006D10641C002DE3D14FF001033246694602
:1016A000B8F1000F03A802D000F0D6FA01E000F074
:1016B000E8FAC9E90001C9F808200AB0BDE8F087D6
:1016C00050D0000010B50446AFF300802046BDE8BE
:1016D0001040FEF700BE0000004870479828002028
:1016E0004FF0013C50F8042B51F8043B9A4221D1B1
:1016F000A2EB0C03934313EACC1317D150F8042B3D
:1017000051F8043B9A4215D1A2EB0C03934313EA20
:10171000CC130BD150F8042B51F8043B9A4209D159
:10172000A2EB0C03934313EACC13DBD04FF0000081
:10173000704700BFD01A01BAB1FA81F101F0180167
:1017400022FA01F0CB40C1F12001DBB2C0B2C01AD5
:101750002CFA01F3D11A914311EAC311E6D1704773
:101760005FEA400C08BF91F0000F4FEA8C234FEA6C
:10177000C12243EA51514FEA1C5018BF00F5F04016
:101780004FEA300018BF41F000415FEA6C5C00F0A6
:101790002980BCF1FF3F08BF40F080407047130C28
:1017A00006BF12044FF0100C4FF0000C130E04BFD4
:1017B00012020CF1080C130F04BF12010CF1040CFF
:1017C000930F04BF92000CF1020CD30F04BF520020
:1017D0000CF1010C11464FF00002A0F11F00A0EB2C
:1017E0000C00704711F0004F08BF704731F0004106
:1017F0003FF4D5AF0B0C06BF09044FF0100C4FF0AF
:10180000000C0B0E04BF09020CF1080C0B0F04BFF7
:1018100009010CF1040C8B0F04BF89000CF1020CC0
:10182000CB0F04BF49000CF1010CCCF12003A0EB5D
:101830000C0022FA03F302FA0CF241EA030100F170
:101840000100704720F07F4C80EA030023F07F47BF
:10185000ACEB070303F57C5300F0004003F1FF03FA
:101860002DE980494FEA154B09B44FEA144325EAA4
:101870000B4E24EA03480FF2042606EB132749080F
:101880003E785FEA320203FB0667C7F5000707FBF5
:1018900006F64FEA54374FEAD64606F1020607FB32
:1018A000066CCCF1005C4FEA1C472CEA074C07FBA6
:1018B00006F40CFB06F504EB15464FEA961634BF0A
:1018C00000204FF000404FEAD13706FB07FC4FEAFB
:1018D0001C4C0CFB0BF7D21B03FB0CF761EB070155
:1018E0000CFB0EF7B0EB074072EB17420CFB08F74E
:1018F00034BFA2EB0742B2EB074261EB17414FEA5C
:101900000C444FEA910706FB07FC4FEA1C4C0CFB0A
:101910000BF7B0EBC74072EB573203FB0CF734BF49
:10192000A2EBC742B2EBC74261EB57310CFB0EF79B
:10193000B0EBC70072EB57720CFB08F734BFA2EB99
:10194000C702B2EBC70261EB5771039F4FEA816197
:1019500041EA921104EBCC044FEAD1374FEA82629C
:1019600006FB07FC42EA90124FEA80604FEA1C4CEB
:101970000CFB0BF7D21B03FB0CF761EB07010CFB15
:101980000EF7B0EB074072EB17420CFB08F734BFC1
:10199000A2EB0742B2EB074261EB17414FEA8C55CD
:1019A0004FEA910704EB9C2406FB07FC4FEA1C4C12
:1019B0000CFB0BF7B0EBC74072EB573203FB0CF795
:1019C00034BFA2EBC742B2EBC74261EB57310CFB0D
:1019D0000EF7B0EBC70072EB57720CFB08F734BF81
:1019E000A2EBC702B2EBC70261EB577115EB4C25B6
:1019F0004FEA816141EA92114FEA82624FEAD137A0
:101A000042EA901206FB07FC44F100044FEA8060B2
:101A10004FEA1C4C0CFB0BF7D21B03FB0CF761EBE2
:101A200007010CFB0EF7B0EB074072EB17420CFB03
:101A300008F734BFA2EB0742B2EB074261EB174154
:101A400015EB1C154FEA813141EA92414FEA82328F
:101A500042EA90424FEA80304FEA0C7644F10004AB
:101A600048EA03434EEA0B484FF0000EB2EB080C75
:101A700071EB030724BF624639464EEB0E0E4FF062
:101A8000000B0018524149414BEB0B0BB2EB080C19
:101A900071EB03077BF1000B24BF624639464EEB26
:101AA0000E0E4FF0000B0018524149414BEB0B0B4F
:101AB000B2EB080C71EB03077BF1000B24BF62460D
:101AC00039464EEB0E0E51EA020718BF46F00106EA
:101AD00016EB0E7655F1000254F1000103D5BDE876
:101AE0008901BDE80088BDE88901BDE80048B61954
:101AF000524141EB0101A3F10103704780807F7ED9
:101B00007D7C7B7A79787776767574737271717073
:101B10006F6E6E6D6C6C6B6A6A6968686766666525
:101B20006464636362616160605F5F5E5E5D5D5CB3
:101B30005C5B5B5A5A595958585757565655555524
:101B40005454535352525251515050504F4F4F4E84
:101B50004E4D4D4D4C4C4C4B4B4B4A4A4A494949D2
:101B60004848484747474746464645454544444414
:101B7000444343434342424242414141002B9C463D
:101B800030D477002BD01CB54FEA370703B44FF0A1
:101B900010004FF01001BAF1000F06D0BCF1000F99
:101BA000DCBF40F0080040F008014FF000000FBC1F
:101BB000BDE810400BF1010BBBF1010F08BF5FEA5C
:101BC000170722BF12F1010211F101014FF000418C
:101BD00043F1000300F0004043EA00007047F9D3EE
:101BE0005708D0E746EA064613F1400F4FEA16467B
:101BF0001FDD13F1200FDFBF16430A4600212033FB
:101C00005B42BED0C3F1200746EA064602FA07F758
:101C10004FEA164646EA0706C3F1200722FA03F206
:101C200001FA07F721FA03F14FF0000342EA070235
:101C3000A7E746EA020646EA06464FEA164646EA9D
:101C40000106BCBF46EA0646360C4FF000034FF0D3
:101C500000024FF0000194E72DE9804C9A4693462C
:101C600070B491E8380007C831EA400C48BF34EA44
:101C7000430C03D5FFF7E6FDFFF780FFF0BCBDE89E
:101C8000008C2DE9804C9A46934670B491E8380058
:101C900007C810F0804F08BF13F0804F03D100F049
:101CA00005F8FFF76BFFF0BCBDE8008C20F07F4724
:101CB00080EA030023F07F4C07EB0C03A3F57C5371
:101CC00000F00040A3F1FE0392F0000F00F0B3809B
:101CD00095F0000F00F077802DE901494FEA11409F
:101CE0004FEA144621EA004800FB06FC24EA0647B6
:101CF00008FB06F607FB08F800FB07F718EB064899
:101D00004CEB164C4FEA124B18EB07484FEA1546BE
:101D10004CEB174022EA0B4E0BFB06FC25EA06476C
:101D20000EFB06F607FB0EFE0BFB07F71EEB064E3F
:101D30004CEB164C4FF000061EEB074E4CEB174BCE
:101D400018EB0B0840F1000018EB0E0B58EB0008E5
:101D500040F100008F1A4FF000013CBFC943661BE1
:101D600014BFB5EB040C00213CBFC943F61B4FEA7E
:101D700017444EEA8E0E27EA04454FEA1C4704FB3F
:101D800007622CEA074C05FB07F70CFB05F604FB82
:101D90000CFC16EB074642EB174216EB0C4642EBE7
:101DA0001C421BEB060658EB0202414146EA9E0626
:101DB00001D5BDE80189B619524141EB0101A3F1FA
:101DC0000103BDE801894FEA14454FEA114724EAAF
:101DD000054621EA074C05FB07F406FB07F70CFB59
:101DE00006F105FB0CFC11EB074144EB17444FEAED
:101DF000124711EB0C4144EB1C4422EA074C05FB53
:101E000007F206FB07F70CFB06F605FB0CFC16EBCE
:101E1000074642EB174216EB0C4642EB1C456A188C
:101E200054F1000148BF7047B619524141EB01011E
:101E3000A3F10103704795F0000F37D04FEA11422C
:101E40004FEA144721EA024624EA074C02FB07F155
:101E500006FB07F70CFB06F402FB0CFC14EB074433
:101E600041EB17414FEA154714EB0C4441EB1C4181
:101E700025EA074C02FB07F506FB07F70CFB06F605
:101E800002FB0CFC16EB074645EB174516EB0C4620
:101E900045EB1C42121951F1000148BF7047B619B9
:101EA000524141EB0101A3F1010370474FEA144590
:101EB0004FEA114724EA054621EA074C05FB07F1E2
:101EC00006FB07F70CFB06F24FF0000605FB0CFCC7
:101ED00012EB074241EB174112EB0C4251EB1C4154
:101EE00048BF7047921841EB0101A3F1010370470D
:101EF000FEE7704772B6FEE770B5044600F09AF947
:101F00000546601C02D004480078044400F092F9B1
:101F1000401BA042FAD370BD040000202DE9F04F11
:101F20000022DFF808B101264FF00F0906FA02F48B
:101F300001EA0403A34274D122F003075F44D7F8F7
:101F4000088895074FEA157C09FA0CFA0AEA080591
:101F5000DFF8DC80404502D14FF000081DE0DFF8DB
:101F6000D480404502D14FF0010816E0DFF8C88068
:101F7000404502D14FF002080FE0DFF8C080404535
:101F800002D14FF0030808E0DFF8B480404502D1E9
:101F90004FF0040801E04FF0070808FA0CF8A845D4
:101FA00022D1284DD5F800C02CEA030CC5F800C09A
:101FB0002D1DD5F800C02CEA030CC5F800C0214D3A
:101FC0000C35D5F800C02CEA030CC5F800C02D1F55
:101FD000D5F800C02CEA030CC5F800C0D7F80858A3
:101FE00025EA0A05C7F80858056857000323BB40CF
:101FF0009D430560D50800EB8505D5F820C057073F
:102000004FEAD76809FA08F72CEA070CC5F820C090
:10201000C5689D43C5604568A543456084689C4389
:102020008460521C102A81D3BDE8F08F003001403B
:10203000000002400004024000080240000C024080
:1020400000100240003C01402DE9F84FDFF8B8A134
:102050000022012403254FF00F090AF1040BAAF115
:10206000040E00BF0B6804FA02F63340B34273D18A
:102070000F7907F00307012F01D0022F16D18768CF
:102080004FEA420805FA08FC27EA0C07D1F80CC011
:102090000CFA08FC4CEA070CC0F808C04768B743C4
:1020A0000E79C6F3001696403E4346600E79F6431D
:1020B000B6070DD0C768560005FA06FC27EA0C07DC
:1020C000D1F808C00CFA06FC4CEA070CC0F80CC0AA
:1020D0000E7906F00306022E10D1D60800EB860812
:1020E000D8F8206057074FEAD76C09FA0CF7BE43BF
:1020F0000F6907FA0CF73743C8F8207006684FEAF3
:10210000420C05FA0CF7BE430F7907F0030707FAF4
:102110000CF7374307604E6816F4403F6DD03B4ED6
:10212000376847F480473760366822F0030706F4C3
:1021300080460096364E07EB060CDCF808689707D9
:102140003F0F09FA07F826EA0806DFF8C88040457D
:1021500003D14FF000081EE04FE0DFF8BC8040459F
:1021600002D14FF0010816E0DFF8B080404502D1FF
:102170004FF002080FE0DFF8A880404502D14FF091
:10218000030808E0DFF89C80404502D14FF00408C6
:1021900001E04FF0070808FA07F848EA0608CCF80B
:1021A0000888DAF800605746D1F804C09E435FEA19
:1021B000CC2C00D51E433E60DBF800605F46D1F8B2
:1021C00004C09E435FEA8C2C00D51E433E60DEF8BF
:1021D00000607746D1F804C09E435FEA8C3C00D58E
:1021E0001E433E60084F083F3E68D1F804C09E433E
:1021F0005FEACC3C00D51E433E60521C102AFFF41F
:1022000031AFBDE8F88F0000083C0140443802407F
:10221000003001400000024000040240000802407B
:10222000000C0240001002400AB1816170470904AD
:10223000FBE70000014880687047000004000020B0
:1022400002488168027811448160704704000020D0
:102250000B4810B5016841F400710160016841F458
:1022600080610160016841F480710160032000F029
:1022700061F8002000F006F800F024F8002010BDFE
:10228000003C024070B50D4D04464FF47A71287839
:10229000B1FBF0F00A490968B1FBF0F000F035FE3F
:1022A00048B9102C07D200222146501E00F022F817
:1022B00000206C6070BD012070BD00000400002093
:1022C000100000200A4808B5016841F4804101600F
:1022D000006800F4804000900548001F016841F04C
:1022E00080510160006800F08050009008BD00003F
:1022F00044380240F0B40E4B1B680C46C3F3022373
:10230000C3F10705042D00D90425191D072901D2A1
:10231000002300E0DB1E012606FA05F1491E2140DC
:1023200099409E40761E16403143F0BC01F06AB9D8
:102330000CED00E0064900F0070208684FF6FF03C5
:10234000184040EA0220034A10430860704700002A
:102350000CED00E00000FA052DE9F0470E460500FF
:1023600065D0DFF81481D8F80000F7B200F007005C
:10237000B04207D288F80070D8F8000000F00700DB
:10238000B04254D128683D4C810712D5400703D58F
:10239000206840F4E05020602878000703D52068CA
:1023A00040F4604020602068A96820F0F0000843F5
:1023B00020602878C0072DD0304968680839012886
:1023C00012D0022813D0032811D0096889070029E8
:1023D0002DDA216821F0030101432160FFF72AFF74
:1023E000814641F2883A0EE009688903EFE70968FF
:1023F0008901ECE7FFF71EFFA0EB0901514502D967
:102400000320BDE8F0872068696800F00C00B0EB9D
:10241000810FEFD1D8F80010404601F00701B1421A
:1024200007D90770006800F00700B04201D0012012
:10243000E7E72878400705D52068E96820F4E050F0
:10244000084320602878000706D52068296920F411
:10245000604040EAC100206000F03EF82168084A70
:10246000C1F30311515CC840064908600648006882
:10247000FFF708FF0020C4E7003C02400838024094
:102480002CE500081000002008000020014800682A
:1024900070470000100000200448054900680968E2
:1024A000044AC1F38221515CC840704710000020EB
:1024B000083802403CE500080448054900680968FE
:1024C000044AC1F34231515CC840704710000020FB
:1024D000083802403CE50008154810B5006810F0C7
:1024E0000C02144813D04110042A0FD0082A0ED130
:1024F0000F4C241F2268236802F03F025B0207D5BD
:102500002068C0F38810A0FB010106E0084610BD5A
:102510002168C1F38811A1FB00010023FDF71DFF15
:102520002168C1F30141491C4900B0FBF1F010BD25
:10253000083802400024F4002DE9F84F04006ED062
:102540002078DFF84C93C007A9F104054AD009F1BF
:1025500004000168C1F38101012908D00068C0F3BB
:10256000810002280AD1D9F80000400206D5286867
:10257000800337D560680028E1D033E06068B0F5AB
:10258000803F10D0B0F5A02F286810D020F4803004
:102590002860286820F4802028606068A8B1FFF7D0
:1025A00049FE06460DE0286840F48030F4E740F428
:1025B00080202860F7E700BFFFF73CFE801B6428FF
:1025C00073D828688003F7D50CE0FFF733FE064682
:1025D00005E000BFFFF72EFE801B6428F0D82868B6
:1025E0008003F7D42078DFF8AC8280074FF0000A30
:1025F0003ED5A748001D016811F00C0F08D00068F7
:10260000C0F3810002280BD1D9F80000400207D4A2
:102610002868800716D5E068012800D112E033E170
:10262000E068B8B10120C8F80000FFF703FE0646D5
:1026300005E000BFFFF7FEFD801B0228C0D8286818
:102640008007F7D52868216920F0F80040EAC1002A
:1026500028600DE0C8F800A0FFF7ECFD064604E096
:10266000FFF7E8FD801B02281FD828688007F7D4F1
:102670002078000722D5864F87486169703771B18D
:1026800001210160FFF7D6FD064604E0FFF7D2FD09
:10269000801B022809D838688007F7D50EE0C0F8FB
:1026A00000A0FFF7C7FD064605E082E0FFF7C2FD88
:1026B000801B02287DD838688007F7D4207840072F
:1026C00068D5DFF8CCB100270BF13C0BDBF800003C
:1026D000C0000BD4DBF8001041F08051CBF80010A3
:1026E000DBF80000012700F0805000906B4E30684E
:1026F000C00510D4306840F480703060FFF79AFD58
:10270000009005E0FFF796FD0099401A022850D886
:102710003068C005F6D55E4EA0686C3601280FD033
:102720000528306810D020F001003060306820F0BB
:1027300004003060A068B8B1FFF77CFD00900FE0A6
:10274000306840F00100F4E740F004003060F7E743
:10275000FFF770FD0099411A41F28830814266D836
:1027600030688007F4D50EE0FFF764FD009007E0C5
:10277000FFF760FD0099411A41F28830814256D836
:1027800030688007F4D42FB1DBF8001021F08051BD
:10279000CBF80010A069C8B33D49091D0968C1F311
:1027A000810102294AD00228504607D0C8F86000AB
:1027B00000E03CE0FFF73EFD04463BE04746C8F83A
:1027C0006000FFF737FD064605E000BFFFF732FD6A
:1027D000801B02282BD828688001F7D4D4E9070190
:1027E0000843A16A2E4A490802EB0141626A41EAA4
:1027F0008211084394F82C1040EA0161C9F80010D6
:1028000001203866FFF716FD044606E03EE000BFF3
:10281000FFF710FD001B022809D828688001F7D5B2
:1028200034E000BFFFF706FD001B022802D9032099
:10283000BDE8F88F28688001F4D427E00128F7D09C
:10284000D9F80000E26900F4800191421CD1226AAB
:1028500000F03F01914217D147F6C071626A014012
:10286000B1EB821F10D1A26A4FF0FF3300F4403168
:1028700003EB5202B1EB024F06D194F82C1000F09A
:102880007060B0EB016F01D00120D1E70020CFE7ED
:102890000438024000004742800E4742007000406A
:1028A0000000FFFF10B5040011D0022084F8510091
:1028B0002068016821F040010160204600F06AF8BC
:1028C0000020606584F8510084F8500010BD01209C
:1028D00010BD90F85100704770B5040009D0606ACF
:1028E000002540B125616561A56294F8510040B1B1
:1028F0000CE0012070BD6068B0F5827FF4D0E56126
:10290000F2E784F85050204600F062F8022084F884
:1029100051002068016821F040010160A0882189F0
:1029200000F4827001F404410843A18901F40061BC
:102930000843217C01F002010843217D01F00101DF
:102940000843218B01F400710843217F01F0380115
:10295000084394F8201001F080010843218D01F410
:102960000051084321680860A069042101EA104071
:1029700094F8241001F01001084321684860206891
:10298000C16921F40061C1616565012084F85100CD
:10299000002070BD10B50068094988420FD1094870
:1029A000016821F48041016004210748FFF7B6FA6D
:1029B000BDE810404FF420410448FFF7AFBA10BD06
:1029C0000038004040380240000802400004024045
:1029D000F0B587B0044614216846FDF7B2FD1C49E6
:1029E0002068884232D11B480024016841F48041AC
:1029F0000160006800F480400590164810380168B6
:102A000041F004010160016801F0040105910168D1
:102A100041F0020101600068022500F0020005900B
:102A20000420CDE9000502AA0326052782E8D0008C
:102A300069460948FFF708FB7803CDE9000502AABB
:102A4000694682E8D0000548FFF7FEFA07B0F0BDFE
:102A500000380040403802400008024000040240B4
:102A60002DE9F84F044690F851001D4616460F46D2
:102A7000012838D1002F77D0002E75D060684FF034
:102A80000408B0F5827F01D1A06810B3FFF7D2FB34
:102A9000824694F85000012825D04FF0010984F8AF
:102AA000509084F851804FF00008C4F85480A76318
:102AB000A687E687C4F83080A4F83480A4F836806E
:102AC000C4F84080C4F84480A068B0F5004F0CD032
:102AD00015E084F85180009313460A46204600F022
:102AE0001CF9BDE8F88F0220FBE72068016821F09F
:102AF000400101602068016821F480410160206884
:102B00000168490603D4016841F040010160E068B2
:102B1000C0B134E020688168C90709D0007BA16B8F
:102B20000870A06B401CA063E08F401EE08709E0A6
:102B3000FFF780FBA0EB0A00A84202D3681C01D07B
:102B400032E085B3E08F0028E4D11BE02068816883
:102B5000C9070AD0C068A16B0880A06B801CA06365
:102B6000E08F401EE0870AE01BE0FFF763FBA0EB6D
:102B70000A00A84202D3681C01D015E09DB1E08F85
:102B80000028E3D152462946204600F022FB08B136
:102B90002020606584F8519084F85080606D002892
:102BA0009FD001209DE7FFE784F8519084F8508082
:102BB000032096E72DE9F84F984616468A460446C4
:102BC000FFF738FB814694F8510001281ED1BAF175
:102BD000000F73D0002E71D094F85000012815D04A
:102BE000012784F85070032084F8510000256565A2
:102BF000C4F830A0A686E686A563A587E587656448
:102C00002564A068B0F5004F03D00CE00220BDE8B9
:102C1000F88F2068016821F0400101602068016898
:102C200041F48041016020680168490603D40168CD
:102C300041F040010160E068B0F5006F606803D0CA
:102C400048B3012E27D047E008B1012E1FD1206BD9
:102C500021680088C86006E020688168890709D576
:102C6000216B0988C160206B801C2063E08E401EB0
:102C7000E0860CE0FFF7DEFAA0EB0901414503D343
:102C8000B8F1FF3F03D035E0B8F1000F32D0E08E4D
:102C90000028E1D123E0206B21680078087306E06A
:102CA0002068816889070AD5216B09780173206B38
:102CB000401C2063E08E401EE0860DE02BE0FFF715
:102CC000B9FAA0EB0901414503D3B8F1FF3F03D0A6
:102CD00010E0B8F1000F0DD0E08E0028E0D14A4698
:102CE0004146204600F0A4FA08B120206065A068A3
:102CF00030B109E084F8517084F85050032086E721
:102D00002068C1688068009084F8517004F8505FB2
:102D100060680028F3D0012079E72DE9FF4F81B0EA
:102D20001D46934604464FF001090E9EFFF782FAB6
:102D3000074694F851006168012806D0B1F5827FFA
:102D40003CD1A168C9BB042838D10298002871D0B1
:102D5000BBF1000FFBD0002DF9D094F850000128F2
:102D60002CD04FF0010A84F850A094F851000428A8
:102D700002D0052084F851004FF00008C4F85480B8
:102D8000C4F838B0E587A58702992163E586A58652
:102D9000C4F84080C4F8448020680168490603D420
:102DA000016841F040010160E068B0F5006F6068C3
:102DB00008D0F0B3012D49D081E0FFE7022005B033
:102DC000BDE8F08F08B1012D39D1206B2168008852
:102DD000C860206B801C2063E08E401EE0862EE0E1
:102DE0002068816889070FD5E18E69B1B9F1010FBB
:102DF0000AD1216B0988C160206B801C2063E08EA2
:102E0000401EE0864FF0000920688168C9070CD099
:102E1000E18F51B1C068A16B0880A06B801CA063DA
:102E2000E08F401EE0874FF00109FFF703FAC01B57
:102E300001E00BE067E0B04201D3701C50D1E08E9E
:102E40000028CDD1E08F0028CAD13EE0206B216858
:102E500000780873206B401C2063E08E401EE086E3
:102E60002DE02068816889070FD5E18E69B1B9F13D
:102E7000010F0AD1216B09780173206B401C20637C
:102E8000E08E401EE0864FF0000920688168C90787
:102E90000CD0E18F51B1C068A16B0870A06B401CD1
:102EA000A063E08F401EE0874FF00109FFF7C2F9F1
:102EB000C01BB04202D3701C01D011E086B1E08E7D
:102EC0000028CED1E08F0028CBD13A4631462046AB
:102ED00000F0AEF950B12020606584F8508012E017
:102EE00084F851A084F85080032068E7A06818B9DE
:102EF0002068C1688068009084F851A084F85080F0
:102F0000606D0028F1D0012059E710B5401EB0F1E6
:102F1000807F01D3012010BD4FF0E02460610F21BC
:102F2000601700F06FFB0020A061072020610020E7
:102F300010BD70B5040004D094F84100002510B114
:102F400006E0012070BD84F84050204600F024F8CF
:102F5000242084F841002068C16821F40051C16038
:102F6000204600F077FA2068016921F49041016160
:102F70002068416921F02A0141612068C16841F45B
:102F80000051C1606564202084F8410084F842004B
:102F90006563002070BD000010B586B004461421A2
:102FA0006846FDF7CEFA1349206888421FD11248BF
:102FB0000021026842F400320260006800F4003030
:102FC00005900D481038026842F001020260006866
:102FD00000F0010005900C2000900220CDE90101D5
:102FE0000720CDE9031069460448FFF72DF806B025
:102FF00010BD000000440040403802400000024084
:103000002DE9F843044690F84100984616460D46CF
:10301000202802D00220BDE8F88385B17EB10020CF
:103020006064212084F84100FFF704F9A6848146FA
:10303000E684A0682027B0F5805F02D003E001207D
:10304000E9E7206910B12E4600250EE000260CE0CD
:103050008021204600F084FAA8B9C6B116F8010B09
:1030600021684860E08C401EE084E08C4B464FF0C5
:103070000002CDF800800028EAD14FF04001204640
:1030800000F06EFA40B184F841700320C3E735F8D0
:10309000020BC0F30800E3E784F841700020BAE7B0
:1030A000FEE700002DE9F04186B014216846FDF7E7
:1030B00048FA23480024016841F08001016001685A
:1030C00001F080010591016841F00401016001688F
:1030D00001F004010591016841F0010101600168FE
:1030E00001F001010591016841F0020101600068F1
:1030F000144F00F002000590002202213846FFF72D
:1031000093F8DFF844804FF4A84600223146404649
:10311000FFF78AF8022000900125CDE901546946A5
:1031200038460394FEF790FF0096CDE901546946B6
:1031300040460394FEF788FF06B0BDE8F08100002A
:10314000303802400000024000040240104810B530
:103150000E4901604FF48271416000218160C160BD
:103160004FF400720161C0E905121022C0E9072185
:10317000416281620A21C162FFF7AEFB002803D0E1
:10318000BDE81040FEF7B6BE10BD0000003800409C
:10319000140000200C4810B50A4901604FF4E131D9
:1031A0004160002181600C22C160C0E9041281618C
:1031B000C161FFF7BEFE002803D0BDE81040FEF756
:1031C00099BE10BD004400406C000020FEE7FEE701
:1031D0007047F8B5044640684FF48273984221D195
:1031E000A0684FF48065B0F5004F01D0A8420AD125
:1031F0002068066826F0400606606068984211D193
:10320000A068A8420ED000920B46002280212046E2
:1032100000F044F8002804D0606D40F020006065A4
:103220000320F8BD00920B4600220121EFE70000C9
:10323000F8B515460E460B460092044601220221BF
:1032400000F02CF8A0B9134813490068B0FBF1F066
:103250004FF47A71484300906068B0F5827F0DD1D9
:103260003346002280212046009500F017F870B107
:10327000606D40F0200060650320F8BD009830B11B
:10328000401E009020688068C0430006F6D50020EC
:10329000F8BD00001000002000366E012DE9F84353
:1032A0001E46914688460446089DFEF7C3FF401B14
:1032B000351AFEF7BFFF074626480068C0F3CB303B
:1032C00068430AE0701C09D0FEF7B4FFC01BA84297
:1032D0000FD275B10098B8B3401E00902068816885
:1032E00038EA010033D000214945EBD10020BDE888
:1032F000F8832068416821F0E00141606068B0F522
:10330000827F0BD1A068B0F5004F02D0B0F5806F7E
:1033100004D12068016821F040010160A06AB0F585
:10332000005F09D12068016821F400510160206824
:10333000016841F400510160012084F8510000202F
:1033400084F850000320D2E7FFE70025C6E70121FB
:10335000CAE70000100000207047FEF771BF0000B0
:1033600030B593B030216846FDF7EBF814210CA876
:10337000FDF7E7F81D480025016841F08051016024
:10338000006800F0805011901948016821F4404114
:1033900041F4004101600068022400F440401190B3
:1033A00001200090000401908001CDE90640042036
:1033B00008905420CDE9090407200B906846FFF7D8
:1033C000BBF808B172B6FEE70CA90F2081E8310006
:1033D0004FF48050CDE90F0502210CA8FEF7BCFF89
:1033E000002801D072B6FEE713B030BD403802406D
:1033F000007000400248016841F4700101607047AC
:1034000088ED00E001680C3151E8002F22F4907241
:1034100041E80023002BF5D10168143151E8002F59
:1034200022F0010241E80023002BF5D1016B0129B4
:1034300009D101680C3151E8002F22F0100241E857
:103440000023002BF5D1202180F8421000210163D8
:103450007047000070B5044600680169E26821F415
:103460004051114301612169A068E2690843616923
:10347000114308432168CA6849F20C639A43024326
:10348000CA6020684169A26921F440711143416119
:1034900031492068884202D03049884202D1FFF782
:1034A0000BF801E0FEF7F8FFE2690023192164251B
:1034B0003226B2F5004F626828D0A0FB0101930FBD
:1034C0009200FCF74AFF0146B0FBF5F06FF01802DE
:1034D000504301EB800006EB0010B0FBF5F000F06C
:1034E000F002B1FBF5F002EB0012B1FBF5F06FF06A
:1034F0001803584301EB800006EB0010B0FBF5F019
:1035000000F00F0021681044886070BDA0FB01012D
:1035100092185B41FCF721FF0146B0FBF5F0020178
:10352000B1FBF5F06FF01803584301EB800006EB98
:10353000C000B0FBF5F000F0F80002EB4002B1FB78
:10354000F5F0584301EB800006EBC000B0FBF5F04E
:1035500000F00700D6E70000001001400014014011
:103560002DE9F843984617460D460446089E24E088
:10357000701C22D0FEF75EFEA0EB0800B0421AD805
:10358000CEB12068C168490717D5802D15D0402DD0
:1035900013D00168C94309070FD4016800254068AA
:1035A00000902046FFF72EFF0820606484F840500A
:1035B0000120BDE8F8830320FBE72068006835EAB6
:1035C000000004D00020B842D2D00020F1E7012052
:1035D000F9E7FEE703B401984100009850EAC120E2
:1035E00018BF04204A0D18BF40F0010040F2FF72DE
:1035F000B2EB515F08BF40F00200012808BF052070
:1036000002B070470907090E002804DB00F1E02032
:1036100080F80014704700F00F0000F1E02080F8FF
:10362000141D704730380A2801D20120704700204D
:10363000704770472DE9F04F0F46044690F8201070
:103640008FB03D0E00200DF12C0B4EF618780126A0
:103650004FF0040A99B10A900790089009900590DC
:103660000690814603900490009001900290002300
:1036700004220621204600F095FCB0B934E1E17F38
:1036800000297DD00A900790089009900590069037
:103690008146039004900090019002900023012243
:1036A0000621204600F07EFC10B1DAA061699BE0A3
:1036B000207F10B101284ED087E0618B41452FD388
:1036C0008DF82C50CDE90769CDE90996CDF80C901D
:1036D000CDF81090CDE9059B4D46CDF80090CDF882
:1036E000049000230122C5212046CDF8089000F067
:1036F00059FC10B1CFA0616976E00A95079508954D
:103700000995059506950395049500950195002367
:10371000012206212046029500F044FC0028C4D175
:10372000CDF82890CDF82090CDF82490CDF81490C5
:10373000CDF81C90CDF80C90CDF810900321CDF869
:1037400018900096CDE9011901223B4620211DE089
:10375000C4A0616948E0618B414536D3CDF8209023
:10376000CDF82490CDF828900122CDF81C90CDF80A
:103770000C90CDF81090CDF814903B46202100E03D
:1037800037E0CDF818900096CDE901A9204600F069
:1037900009FC0028DCD14FF4C8774D460DF1340800
:1037A000CDE908860595079506950095039504953E
:1037B000019500230122052120460A96029500F07A
:1037C000F1FB28B1B0A061690EE0B7A061690BE020
:1037D0009DF83400C0077CD00120E1687F1E884737
:1037E000002FDDD16169B9A0884701200FB0BDE885
:1037F000F08F06218DF82C108346009000230122C3
:103800000BA9204600F060FD002888D1207FC7F377
:10381000074AC7F30729FFB290B30128D5D1618BBE
:103820004145D2D320208DF82C008DF82D508DF8F5
:103830002EA000238DF82F908DF830700522CDF842
:1038400000B00BA9204600F03FFD002880D14FF4C6
:10385000C87505278DF82C700DAB01220BA92046E9
:10386000009600F031FD0028ACD19DF83400C0076F
:1038700037D00120E1686D1E8847002DEAD1B1E7FD
:10388000FFE7618B41451CD3C5208DF82C008DF8D6
:103890002D505D46002302220BA92046CDF800B032
:1038A00000F012FD00287FF425AF06208DF82C00D3
:1038B000002301220BA92046009500F005FD0028F9
:1038C000A3D120208DF82C008DF82DA08DF82E90FE
:1038D00000E09BE000238DF82F700422CDF800B0AB
:1038E000AFE7002DCBD093E0207FE8B3012895D13E
:1038F000618B414595D3CDF82890CDF82090CDF837
:103900002490CDF81490CDF81C90CDF80C90CDF803
:103910001090CDF800A0CDF81890CDE901A93B4654
:1039200004222021204600F03DFB00288ED1B04625
:103930004FF4C8774D460DAE07A8002380E8600518
:10394000059506950395049500950195042205219A
:103950002046029500F026FB002885D19DF8340012
:10396000C00753D0012000E005E0E1687F1E8847D2
:10397000002FE1D136E7618B41452FD38DF82C50D4
:10398000CDE90769CDE9099ACDF80C90CDF81090F2
:10399000CDE9059B4D46CDF80090CDF8049000236D
:1039A0000422C5212046CDF8089000F0FBFA00283B
:1039B0007FF4A0AE0A95079508950995059506959B
:1039C00003950495009501950023042206212046C5
:1039D000029500F0E7FA00287FF467AECDF8289052
:1039E000CDF82090CDF82490CDF814900321CDF897
:1039F0001C90CDF80C90CDF81090CDF800A0CDF82B
:103A00001890CDE901193B4604228AE7002FB1D076
:103A10000020EBE67732357178783A207772697456
:103A20006520656E61626C65206661696C65642EF7
:103A30000A0000007732357178783A20777269741D
:103A40006520657874656E646564206164647220C5
:103A50007265676973746572206661696C65642E4E
:103A60000A0000007732357178783A207365637404
:103A70006F7220657261736520346B206661696CBA
:103A800065642E0A000000007732357178783A209C
:103A90006765742073746174757331206661696C35
:103AA00065642E0A000000007732357178783A207C
:103AB00061646472657373206D6F6465206973203F
:103AC000696E76616C69642E0A0000007732357188
:103AD00078783A20736563746F72206572617365DC
:103AE00020346B2074696D656F75742E0A000000B8
:103AF0002DE9F04F8946044690F8201000208DB043
:103B00001F4690464EF6187A4FEA1965012699B17C
:103B10000A900790089009900590069083460390BC
:103B20000490009001900290002304220621204678
:103B300000F038FAB0B938E1E17F00297CD00A9072
:103B40000790089009900590069083460390049092
:103B5000009001900290002301220621204600F0EF
:103B600021FA10B1DAA06169D4E0207F10B10128F8
:103B700042D082E0618B514530D38DF82C50CDE995
:103B8000076BCDE909B60BA8CDF80CB0CDF810B095
:103B9000CDE905B05D46CDF800B0CDF804B0002306
:103BA0000122C5212046CDF808B000F0FBF910B184
:103BB000CFA06169AEE00A9507950895099505952E
:103BC0000695039504950095019500230122062191
:103BD0002046029500F0E6F90028C3D1CDE9077B25
:103BE000CDE909B65846CDF80CB00321CDF810B098
:103BF0000FE0CBA061698DE0618B51453DD3CDE9EC
:103C0000077BCDE909B65846CDF80CB00421CDF8B4
:103C100010B00096CDE90508CDE901104B46012210
:103C20000221204600F0BEF90028E2D14FF4967739
:103C30005D460DF1300800E022E0CDE908860595EB
:103C4000079506950095039504950195002301229B
:103C5000052120460A96029500F0A4F90028C8D153
:103C60009DF83000C0077CD00A2021697F1E88475C
:103C7000002FE0D1B2A061694CE0B9A0616949E0D0
:103C8000002006218DF82C100346009001220BA97C
:103C9000204600F019FB00289FD1C9F30740217F7F
:103CA0000290C9F3072B04F1210009F0FF090190EC
:103CB000A9B30129E1D1618B5145DED3022084F8FB
:103CC000210084F82250029884F8230084F824B05C
:103CD00084F825903A46414604F12600FCF7ECFBB7
:103CE000002003467A1D00902046019900F0ECFA6E
:103CF00000289AD14FF496755FF005078DF82C7067
:103D00000CAB01220BA92046009600F0DDFA48B367
:103D100061699CA0884701200DB0BDE8F08FFFE7E6
:103D2000618B51451BD3C5208DF82C008DF82D508B
:103D300000252B4602220BA92046009500F0C4FA6C
:103D400000287FF435AF06208DF82C0000230122D7
:103D50000BA92046009500F0B7FA00289CD102205C
:103D600001E0B0E013E084F82100029884F822001A
:103D700084F823B084F824903A46414604F12500A3
:103D8000FCF79AFB002003463A1D0090ACE79DF833
:103D90003000C00706D00A2021696D1E8847002D1B
:103DA000ACD167E7002DFCD08FE0207FF0B3012875
:103DB0007FF4DFAE618B5145FFF4DBAECDE9077BCD
:103DC0000421CDE909B1CDF80CB0CDF810B00091C7
:103DD000CDE905B8CDE9011B4B460A460221204634
:103DE00000F0E0F8002884D1B1464FF496775D46A4
:103DF0004FF004080CAE07A8CDF8288080E86002D8
:103E000005950695039504950095019500230422D8
:103E100005212046029500F0C5F80028E3D19DF861
:103E20003000C0074FD00A207F1E00E004E0216967
:103E30008847002FDFD11DE7618B514531D38DF8C5
:103E40002C50CDE9076B0420CDE909B00BA8CDF8C3
:103E50000CB0CDF810B0CDE905B05D46CDF800B09E
:103E6000CDF804B000230422C5212046CDF808B0C7
:103E700000F098F800287FF49BAE0A950795089506
:103E800009950595069503950495009501950023E0
:103E9000042206212046029500F084F800287FF4D1
:103EA00061AECDE9077B0421CDE909B1CDF80CB0B5
:103EB000CDF810B00091CDE905B80322CDE9012B72
:103EC0004B460A468AE7002FB5D0002024E70000C1
:103ED0007732357178783A20777269746520656E2B
:103EE00061626C65206661696C65642E0A00000081
:103EF0007732357178783A20777269746520657801
:103F000074656E64656420616464722072656769BB
:103F100073746572206661696C65642E0A00000026
:103F20007732357178783A20706167652070726FEA
:103F30006772616D206661696C65642E0A0000001D
:103F40007732357178783A20706167652070726FCA
:103F50006772616D2074696D656F75742E0A00005B
:103F60007732357178783A206164647265737320B2
:103F70006D6F646520697320696E76616C69642E6B
:103F80000A0000007732357178783A20676574202E
:103F900073746174757331206661696C65642E0A8F
:103FA000000000002DE9FF4F8BB09B469646DDE9EF
:103FB000217CDDE91F56DDE91D34DDE91B12DDE959
:103FC0001998CDE90098CDE90212DDF860A0CDE99D
:103FD0000434CDE90656CDE9087C846853465A4638
:103FE00071460C98A047002800D001200FB0BDE812
:103FF000F08F00002DE9F04F9146044690F8202004
:104000000F0E8DB088461E464EF618704FF0010A0E
:1040100000254FF0040B2AB1217F00297ED0012911
:104020007DD05EE0E17F0029217F61D011B10129BF
:1040300041D056E0618B81422CD30A9507950895B3
:10404000099505950695039504950095019500231E
:104050000122062120460295FFF7A4FF10B176A0A9
:10406000616940E08DF82C70CDE907A5CDE9095ACA
:104070000BA803950495CDE9055000950195002303
:104080000122C52120460295FFF78CFF10B172A0D6
:10409000616928E0CDE907590821CDE9045103956C
:1040A0000695CDE9096A0321504643460122AAE05C
:1040B00075A0616917E0618B814212D3CDE9075980
:1040C0000821CDE9045103950695CDE9093A01226D
:1040D00043460B210295CDE900AB2046FFF762FF76
:1040E00029E061696FA0884701200DB0BDE8F08F1D
:1040F000C8F3074BC8F3072A08F0FF08F1B10129FC
:10410000EFD1618B8142ECD30B208DF82C008DF820
:104110002D708DF82EB08DF82FA001E03AE076E0FA
:104120008DF8308000938DF831504B4606220BA954
:10413000204600F0C9F80028BAD1D6E7618B814249
:1041400019D306208DF82C00002301220BA920464C
:10415000009500F0B9F8002881D1C5208DF82C0019
:104160008DF82D70002302220BA92046009500F047
:10417000ABF800288BD10B208DF82C008DF82DB0DA
:104180008DF82EA08DF82F808DF830504B460522EB
:104190000096CCE7618B814228D30A950795089554
:1041A00009950595069503950495009501950023BD
:1041B0000422062120460295FFF7F4FE0028CBD109
:1041C0008DF82C70CDE907A5CDE9095B0BA8039507
:1041D0000495CDE905500095019500230422C521E1
:1041E00020460295FFF7DEFE0028C3D1CDE9096B1A
:1041F000CDE90759A17F5846CDE904510321039524
:104200004346042206958DE823000B2165E7618B68
:104210008142FFF406AFCDE9093BCDE90759A17F03
:104220000395CDE90451CDF800B00695CDE901B56F
:10423000042243460B2150E77732357178783A20D3
:10424000777269746520656E61626C65206661696C
:104250006C65642E0A0000007732357178783A2058
:10426000777269746520657874656E646564206131
:10427000646472207265676973746572206661692F
:104280006C65642E0A0000007732357178783A2028
:10429000666173742072656164206661696C65642F
:1042A0002E0A00007732357178783A2061646472A2
:1042B000657373206D6F646520697320696E766124
:1042C0006C69642E0A00000030B58BB00DF1180C3B
:1042D00001250E9C8CE83C000022CDE904210292CD
:1042E0000392009201928468134611461046A0473B
:1042F000002800D001200BB030BD00002DE9F047B0
:104300008146C8B2C0F580741D4690460E46A34251
:1043100000D8ACB24FF48077234642463146484637
:10432000FFF7E6FB30B1D9F8141009A08847012047
:10433000BDE8F087A54208D02D1BA0442644BD420D
:1043400001D93C46E8E7ACB2E6E70020F0E7000020
:104350007732357178783A20706167652070726FB6
:104360006772616D206661696C65642E0A000000E9
:1043700013B5FF23012269460248FEF741FE00986B
:104380001CBD00006C000020FDF762FFFEF7E8FF97
:10439000FEF788FEFEF7FEFEFEF7D8FE00224EF680
:1043A00016741146204607F01BF9002211462046DC
:1043B00005F040FAFEE700002DE9F04F8FB00F4600
:1043C000040006D0207E012805D003200FB0BDE8F0
:1043D000F08F0220FAE7780404D06169F5A08847DD
:1043E0000420F3E794F820103D0E00200DF12C0B73
:1043F0004EF6187801264FF0040A99B10A900790FA
:1044000008900990059006908146039004900090D2
:10441000019002900023042206212046FFF7C2FDEE
:10442000B0B931E1E17F00297DD00A900790089072
:1044300009900590069081460390049000900190A9
:1044400002900023012206212046FFF7ABFD10B1A8
:10445000DFA061698BE0207F10B101284ED006E219
:10446000618B41452FD38DF82C50CDE90769CDE9FB
:104470000996CDF80C90CDF81090CDE9059B4D46EE
:10448000CDF80090CDF8049000230122C5212046EC
:10449000CDF80890FFF786FD10B1D5A0616966E000
:1044A0000A95079508950995059506950395049530
:1044B0000095019500230122062120460295FFF771
:1044C00071FD0028C4D1CDF82890CDF82090CDF80A
:1044D0002490CDF81490CDF81C90CDF80C90CDF828
:1044E00010900321CDF818900096CDE90119012212
:1044F0003B4652211DE0CAA0616938E0618B41450D
:10450000ADD3CDF82090CDF82490CDF8289001229D
:10451000CDF81C90CDF80C90CDF81090CDF81490FB
:104520003B46522100E033E0CDF818900096CDE9EB
:1045300001A92046FFF736FD0028DCD14FF4C867FB
:104540004D460DF13408CDE9088605950795069589
:10455000009503950495019500230122052120462D
:104560000A960295FFF71EFD20B16169B5A0884744
:1045700001202BE79DF83400C00706D00120E16838
:104580007F1E8847002FDED112E1002FFCD079E09A
:1045900006218DF82C1083460090002301220BA9E0
:1045A0002046FFF791FE00288CD1207FC7F3074AF1
:1045B000C7F30729FFB210B101282ED057E1618B54
:1045C00041451CD3C5208DF82C008DF82D505D463B
:1045D000002302220BA92046CDF800B0FFF774FE9D
:1045E00000287FF45AAF06208DF82C00002301220A
:1045F0000BA920460095FFF767FE0028D4D1522072
:104600008DF82C008DF82DA08DF82E9000238DF8BC
:104610002F700422CDF800B011E0618B414537D3F3
:1046200052208DF82C008DF82D508DF82EA00023EF
:104630008DF82F908DF830700522CDF800B00BA9C1
:104640002046FFF741FE00287FF455AF4FF4C865C0
:104650005FF005078DF82C700DAB01220BA92046E9
:104660000096FFF731FE00287FF47FAF9DF83400FD
:10467000C00706D00120E1686D1E8847002DE9D1F2
:1046800096E0EDB30020A1E6207F10B101284CD0C8
:10469000EDE0618B41452ED38DF82C50CDE90769B3
:1046A000CDE9099ACDF80C90CDF81090CDE9059B95
:1046B0004D46CDF80090CDF8049000230422C5218A
:1046C0002046CDF80890FFF76DFC002889D10A95A7
:1046D0000795089509950595069503950495009508
:1046E000019500230422062120460295FFF75AFC7B
:1046F00000287FF4ADAECDF81C90CDF8209000E0FE
:1047000056E0CDF82890CDF82490CDF814900321F0
:10471000CDF80C90CDF81090CDF800A0CDF8189001
:10472000CDE901193B46042218E0618B414540D395
:10473000CDF82890CDF82090CDF82490CDF81490A5
:10474000CDF81C90CDF80C90CDF81090CDF800A0CD
:10475000CDF81890CDE901A93B460422522120460C
:10476000FFF720FC00287FF4C6AEB0464FF4C867C0
:104770004D460DAE07A8002380E860050595069517
:104780000395049500950195042205212046029584
:10479000FFF708FC00287FF4E8AE9DF83400C0075E
:1047A0003FF4F3AE0120E1687F1E8847002FE1D17E
:1047B00058E05CE07732357178783A206164647251
:1047C00020697320696E76616C69642E0A000000AE
:1047D0007732357178783A20777269746520656E22
:1047E00061626C65206661696C65642E0A00000078
:1047F0007732357178783A207772697465206578F8
:1048000074656E64656420616464722072656769B2
:1048100073746572206661696C65642E0A0000001D
:104820007732357178783A20626C6F636B206572ED
:104830006173652033326B206661696C65642E0A92
:10484000000000007732357178783A20676574206F
:1048500073746174757331206661696C65642E0AC6
:1048600000000000616904A088470620AEE5616988
:104870000AA088470520A9E57732357178783A2073
:10488000626C6F636B2065726173652033326B20DD
:1048900074696D656F75742E0A000000773235718A
:1048A00078783A2061646472657373206D6F646513
:1048B00020697320696E76616C69642E0A000000BD
:1048C0002DE9F04F8FB00F46040006D0207E01285E
:1048D00005D003200FB0BDE8F08F0220FAE73804BE
:1048E000000C04D06169F6A088470420F2E794F830
:1048F00020103D0E00200DF12C0B4EF618780126ED
:104900004FF0040A99B10A90079008900990059019
:10491000069081460390049000900190029000233D
:10492000042206212046FFF73DFBB0B92FE1E17FCD
:1049300000297DD00A900790089009900590069074
:104940008146039004900090019002900023012280
:1049500006212046FFF726FB10B1E0A061698BE03D
:10496000207F10B101284ED014E2618B41452FD336
:104970008DF82C50CDE90769CDE90996CDF80C905A
:10498000CDF81090CDE9059B4D46CDF80090CDF8BF
:10499000049000230122C5212046CDF80890FFF79E
:1049A00001FB10B1D5A0616966E00A9507950895ED
:1049B00009950595069503950495009501950023A5
:1049C0000122062120460295FFF7ECFA0028C4D107
:1049D000CDF82890CDF82090CDF82490CDF8149003
:1049E000CDF81C90CDF80C90CDF810900321CDF8A7
:1049F00018900096CDE9011901223B46D8211DE00F
:104A0000CAA0616938E0618B4145ADD3CDF82090F3
:104A1000CDF82490CDF828900122CDF81C90CDF847
:104A20000C90CDF81090CDF814903B46D82100E0C2
:104A300033E0CDF818900096CDE901A92046FFF7A4
:104A4000B1FA0028DCD14FF4FA674D460DF1340875
:104A5000CDE908860595079506950095039504957B
:104A6000019500230122052120460A960295FFF7B1
:104A700099FA20B16169B6A0884701202AE79DF81C
:104A80003400C00706D00120E1687F1E8847002F50
:104A9000DED10FE1002FFCD077E006218DF82C103D
:104AA00083460090002301220BA92046FFF70CFC4F
:104AB00000288CD1207FC7F3074AC7F30729FFB22C
:104AC00010B101282ED065E1618B41451CD3C52072
:104AD0008DF82C008DF82D505D46002302220BA985
:104AE0002046CDF800B0FFF7EFFB00287FF45AAF67
:104AF00006208DF82C00002301220BA920460095EA
:104B0000FFF7E2FB0028D4D1D8208DF82C008DF8D7
:104B10002DA08DF82E9000238DF82F700422CDF853
:104B200000B011E0618B414535D3D8208DF82C00C1
:104B30008DF82D508DF82EA000238DF82F908DF834
:104B400030700522CDF800B00BA92046FFF7BCFB62
:104B500000287FF455AF4FF4FA6505278DF82C70C7
:104B60000DAB01220BA920460096FFF7ADFB0028F4
:104B700080D19DF83400C00706D00120E1686D1E89
:104B80008847002DEAD195E0F5B30020A2E6207F0A
:104B900010B101284BD0FDE0618B41452DD38DF83C
:104BA0002C50CDE90769CDE9099ACDF80C90CDF8E4
:104BB0001090CDE9059B4D46CDF80090CDF80490BE
:104BC00000230422C5212046CDF80890FFF7EAF91A
:104BD00000288BD10A9507950895099505950695A6
:104BE0000395049500950195002304220621204693
:104BF0000295FFF7D7F9002885D1CDF81C90CDF8A4
:104C00002090CDF8249000E054E0CDF82890CDF825
:104C100014900321CDF80C90CDF81090CDF800A0A1
:104C2000CDF81890CDE901193B46042218E0618BBC
:104C3000414544D3CDF82890CDF82090CDF824906C
:104C4000CDF81490CDF81C90CDF80C90CDF81090C4
:104C5000CDF800A0CDF81890CDE901A93B4604227B
:104C6000D8212046FFF79EF900287FF4C9AEB04650
:104C70004FF4FA674D460DAE07A8002380E86005A3
:104C80000595069503950495009501950422052147
:104C900020460295FFF786F900287FF4EBAE9DF8D9
:104CA0003400C0073FF4F6AE0120E1687F1E88475C
:104CB000002FE1D161692EA0884706200AE669E04D
:104CC0007732357178783A20616464722069732094
:104CD000696E76616C69642E0A0000007732357166
:104CE00078783A20777269746520656E61626C65C8
:104CF000206661696C65642E0A00000077323571A8
:104D000078783A20777269746520657874656E6486
:104D1000656420616464722072656769737465728A
:104D2000206661696C65642E0A0000007732357177
:104D300078783A20626C6F636B20657261736520CE
:104D400036346B206661696C65642E0A00000000D1
:104D50007732357178783A2067657420737461749E
:104D6000757331206661696C65642E0A000000006D
:104D70007732357178783A20626C6F636B20657298
:104D80006173652036346B2074696D656F75742EA0
:104D90000A000000616902A0884705209AE500002A
:104DA0007732357178783A20616464726573732064
:104DB0006D6F646520697320696E76616C69642E1D
:104DC0000A0000002DE9F0438FB0040006D0207ED9
:104DD000012805D003200FB0BDE8F0830220FAE7D8
:104DE00094F82000694E002501270DF12C0990B19F
:104DF0000A950795089509950595069503950495D7
:104E00000095019500230422062120460295FFF714
:104E1000C9F8A8B982E0E07F002850D00A9507952C
:104E200008950995059506950395049500950195B6
:104E300000230122062120460295FFF7B3F810B1A6
:104E400053A0616929E00A9507950895099505958C
:104E50000695039504950095019500230122C7212D
:104E600020460295FFF79EF810B151A0616914E049
:104E7000C846CDE9088705950795069500950395E1
:104E80000495019500230122052120460A970295E9
:104E9000FFF788F820B161694CA0884701209AE7A4
:104EA0009DF82C00C00706D00120E168761E8847D7
:104EB000002EDED165E0002E63D000208BE70620B7
:104EC0008DF83000002301220CA920460095FFF741
:104ED000FBF90028B4D1C7208DF83000002301224F
:104EE0000CA920460095FFF7EFF90028BDD1052554
:104EF0008DF830500BAB01220CA920460097FFF72C
:104F0000E3F90028C7D19DF82C00C007D3D00120B9
:104F1000E168761E8847002EEAD132E00A950795AF
:104F200008950995059506950395049500950195B5
:104F300000230422C72120460295FFF733F80028FA
:104F400093D1B8464F464FF0040907A8002380E8E4
:104F5000A0030595069503950495009501950422F7
:104F6000052120460295FFF71DF8002893D19DF8F2
:104F70002C00C0079FD00120E168761E8847002ED4
:104F8000E3D1616919A08847042024E740420F005B
:104F90007732357178783A20777269746520656E5A
:104FA00061626C65206661696C65642E0A000000B0
:104FB0007732357178783A2063686970206572615C
:104FC0007365206661696C65642E0A0077323571FD
:104FD00078783A2067657420737461747573312032
:104FE0006661696C65642E0A0000000077323571D5
:104FF00078783A2065726173652074696D656F75A4
:10500000742E0A0030B58DB0050005D0287E012829
:1050100004D003200DB030BD0220FBE795F820003E
:105020000024A0B10A940794089409940594069466
:10503000039404940094019400230422FF21284641
:105040000294FEF7AFFF30B319A069692DE0E87F45
:1050500088B10A94079408940994059406940394DB
:1050600004940094019400230122B921284602945B
:10507000FEF798FF09E0B9208DF82C0000230122EB
:105080000BA928460094FFF71FF940B1696910A0E9
:1050900088470420BEE7E9680A208847D9E768689E
:1050A00080470028B6D0696910A088470120B1E781
:1050B0007732357178783A20657869742071737029
:1050C00069206D6F6465206661696C65642E0A00F5
:1050D0007732357178783A20706F77657220646F17
:1050E000776E206661696C65642E0A0077323571CF
:1050F00078783A20737069206F722071737069201C
:105100006465696E6974206661696C65642E0A0065
:1051100010B58CB0040005D0207E012804D00320F7
:105120000CB010BD0220FBE794F82000002168B10C
:105130000A91079108910991059106910023039125
:10514000049100910191042202910EE0E07F88B168
:105150000A91079108910991059106910023039105
:105160000491009101910122029104212046FEF751
:1051700019FF09E004208DF82C0000910023012282
:105180000BA92046FFF7A0F80028C9D0616902A04A
:1051900088470120C4E700007732357178783A20DB
:1051A00077726974652064697361626C65206661F9
:1051B000696C65642E0A000010B58CB0040005D03F
:1051C000207E012804D003200CB010BD0220FBE794
:1051D00094F82000002168B10A9107910891099183
:1051E00005910691002303910491009101910422FD
:1051F00002910EE0E07F88B10A9107910891099130
:1052000005910691002303910491009101910122DF
:10521000029166212046FEF7C5FE09E066208DF862
:105220002C000091002301220BA92046FFF74CF827
:105230000028C9D0616902A088470120C4E70000A6
:105240007732357178783A20656E61626C652072CC
:1052500065736574206661696C65642E0A000000E0
:1052600010B58CB0040005D0207E012804D00320A6
:105270000CB010BD0220FBE794F82000002168B1BB
:105280000A910791089109910591069100230391D4
:10529000049100910191042202910EE0E07F88B117
:1052A0000A910791089109910591069100230391B4
:1052B0000491009101910122029150212046FEF7B4
:1052C00071FE09E050208DF82C000091002301228E
:1052D0000BA92046FEF7F8FF0028C9D0616902A09B
:1052E00088470120C4E700007732357178783A208A
:1052F000737220777269746520656E61626C6520D7
:105300006661696C65642E0A0000000010B58CB0FF
:10531000040005D0207E012804D003200CB010BD6D
:105320000220FBE794F82000002168B10A91079160
:105330000891099105910691002303910491009130
:105340000191042202910EE0E07F88B10A91079159
:105350000891099105910691002303910491009110
:1053600001910122029106212046FEF71BFE09E071
:1053700006208DF82C000091002301220BA9204665
:10538000FEF7A2FF0028C9D0616902A0884701206A
:10539000C4E700007732357178783A207772697403
:1053A0006520656E61626C65206661696C65642E5E
:1053B0000A00000070B58CB0040005D0207E0128E2
:1053C00004D003200CB070BD0220FBE794F820004D
:1053D000012817D000250A95079508950995059588
:1053E000069503950495009501952B4601223821D9
:1053F00020460295FEF7D6FD48B161691EA0884798
:105400000120DFE7616925A088470420DAE7E16829
:105410000A208847607F8DF82C000120CDE9070520
:105420000426CDE909560BA803950495CDE905504E
:105430000095019500233246C02120460295FEF7D3
:10544000B1FD20B1616922A088470520BAE79DF827
:105450002C000109890709D0C0F30110012807D0E9
:10546000022807D00820A0770020ABE70220FAE747
:10547000A677F9E70620F6E77732357178783A2093
:10548000656E7465722071737069206D6F6465203C
:105490006661696C65642E0A000000007732357120
:1054A00078783A207173706920696E7465726661EC
:1054B00063652063616E2774207573652074686965
:1054C000732066756E6374696F6E2E0A00000000AB
:1054D0007732357178783A2073657420726561642B
:1054E00020706172616D6574657273206661696CAC
:1054F00065642E0A0000000010B58CB0040005D0D1
:10550000207E012804D003200CB010BD0220FBE750
:1055100094F82000002168B10A910791089109913F
:1055200005910691002303910491009101910422B9
:1055300002910EE0E07F88B10A91079108910991EC
:10554000059106910023039104910091019101229C
:1055500002917A212046FEF725FD09E07A208DF898
:105560002C000091002301220BA92046FEF7ACFE7F
:105570000028C9D0616902A088470120C4E7000063
:105580007732357178783A20657261736520707270
:105590006F6772616D20726573756D6520666169F4
:1055A0006C65642E0A00000010B58CB0040005D0B4
:1055B000207E012804D003200CB010BD0220FBE7A0
:1055C00094F82000002168B10A910791089109918F
:1055D0000591069100230391049100910191042209
:1055E00002910EE0E07F90B10A9107910891099134
:1055F00005910691002303910491009101910122EC
:10560000029175212046FEF7CDFC60B9D4E77520E4
:105610008DF82C000091002301220BA92046FEF7F3
:1056200053FE0028C8D0616901A088470120C3E764
:105630007732357178783A206572617365207072BF
:105640006F6772616D2073757370656E642066613B
:10565000696C65642E0A00002DE9F0438FB00F4697
:10566000040006D0207E012805D003200FB0BDE83D
:10567000F0830220FAE794F8200020B1616967A066
:1056800088470520F2E7E07F002501264EF61878CE
:1056900042F21079002864D00A950795089509957B
:1056A0000595069503950495009501950023012223
:1056B000062120460295FEF775FC10B161A06169D4
:1056C0003FE0207F3B0210B101280DD098E0089503
:1056D00009950A9507950395049505950320069568
:1056E0000EE060A061692CE0618B41454AD30895CA
:1056F00009950A9507950395049505950420069547
:105700000096CDE90105012244212046FEF74AFC1E
:105710000028E6D14F460DF12C08CDE90886059505
:1057200007950695009503950495019500230122A0
:10573000052120460A960295FEF734FC20B16169E6
:1057400053A08847012091E79DF82C00C00706D0A0
:105750000A2021697F1E8847002FDED158E0EFB371
:1057600054E006208DF83000002301220CA92046C9
:105770000095FEF7A9FD0028A0D1207F442110B19B
:1057800001280CD03CE08DF830108DF831508DF8A8
:10579000327000238DF83350042200950FE0628BA5
:1057A00042452DD38DF830108DF831508DF83250A0
:1057B00000238DF833708DF83450052200950CA924
:1057C0002046FEF781FD00288BD14D465FF005078E
:1057D0008DF830700BAB01220CA900E018E02046D8
:1057E0000096FEF771FD0028A9D19DF82C00C00796
:1057F0000BD00A2021696D1E8847002DE8D107E0F3
:1058000061692BA08847042030E70DB100202DE707
:10581000616930A08847062028E70000773235719B
:1058200078783A20717370692063616E27742075EF
:10583000736520746869732066756E6374696F6E32
:105840002E0A00007732357178783A2077726974C1
:105850006520656E61626C65206661696C65642EA9
:105860000A0000007732357178783A2065726173EA
:1058700065207365637572697479207265676973F1
:10588000746572206661696C65642E0A0000000010
:105890007732357178783A20676574207374617453
:1058A000757331206661696C65642E0A0000000022
:1058B0007732357178783A20616464726573732049
:1058C0006D6F646520697320696E76616C69642E02
:1058D0000A0000007732357178783A20657261737A
:1058E0006520736563757269747920726567697381
:1058F0007465722074696D656F75742E0A000000FE
:1059000010B58CB0040005D0207E012804D00320FF
:105910000CB010BD0220FBE794F82000C0B10021BC
:105920000A910791089109910591069103910491BB
:10593000009101910B4602910422FF212046FEF7BF
:1059400031FB0028E4D0616904A088470120DFE72B
:1059500061690AA088470420DAE7000077323571D0
:1059600078783A20657869742071737069206D6F5A
:105970006465206661696C65642E0A007732357152
:1059800078783A2073706920696E74657266616315
:10599000652063616E277420757365207468697370
:1059A0002066756E6374696F6E2E0A002DE9F04FE4
:1059B0008DB09146884604001E4606D0207E012800
:1059C00005D003200DB0BDE8F08F0220FAE794F86F
:1059D00020204EF618704FEA18674FF0010A002594
:1059E0004FF0040B2AB1217F00297DD001297CD002
:1059F00004E1E17F0029217F5CD011B1012943D06E
:105A0000FCE0618B81422CD30A9507950895099596
:105A100005950695039504950095019500230122AF
:105A2000062120460295FEF7BDFA10B176A0616905
:105A300027E08DF82C70CDE907A5CDE9095A0BA810
:105A400003950495CDE905500095019500230122A9
:105A5000C52120460295FEF7A5FA10B172A0616932
:105A60000FE0CDE907590821CDE9045103950695CA
:105A7000CDE9096A0321504643460122A6E0616947
:105A800075A0884701209DE7618B81421BD3CDE93A
:105A900007590821CDE9045103950695CDE9093A46
:105AA000012243460B210295CDE900AB2046FEF7CB
:105AB00079FA4FE0C8F3074BC8F3072A08F0FF084C
:105AC00011B101292FD099E0618B81421CD30620AE
:105AD0008DF82C00002301220BA920460095FEF72B
:105AE000F3FB0028A2D101E037E073E0C5208DF878
:105AF0002C008DF82D70002302220BA92046009562
:105B0000FEF7E2FB0028A9D10B208DF82C008DF8C0
:105B10002DB08DF82EA08DF82F808DF830504B468B
:105B20000522009612E0618B814267D30B208DF82D
:105B30002C008DF82D708DF82EB08DF830800093EC
:105B40008DF82FA08DF831504B4606220BA9204628
:105B5000FEF7BAFB002892D134E7618B814228D34B
:105B60000A95079508950995059506950395049559
:105B70000095019500230422062120460295FEF798
:105B800011FA0028AED18DF82C70CDE907A5CDE92A
:105B9000095B0BA803950495CDE905500095019587
:105BA00000230422C52120460295FEF7FBF90028B8
:105BB000A9D1CDE9096BCDE90759A17F5846CDE9B7
:105BC0000451032103954346042206958DE82300E2
:105BD0000B216BE7618B814210D3CDE9093BCDE905
:105BE0000759A17F0395CDE90451CDF800B0069582
:105BF000CDE901B5042243460B2157E761691DA099
:105C000088470420DEE600007732357178783A2044
:105C1000777269746520656E61626C652066616982
:105C20006C65642E0A0000007732357178783A206E
:105C3000777269746520657874656E646564206147
:105C40006464722072656769737465722066616945
:105C50006C65642E0A0000007732357178783A203E
:105C6000666173742072656164206661696C656445
:105C70002E0A00007732357178783A2061646472B8
:105C8000657373206D6F646520697320696E76613A
:105C90006C69642E0A0000002DE9F04F8DB090462B
:105CA0008B4605001F4606D0287E012805D003201C
:105CB0000DB0BDE8F08F0220FAE795F8200020B182
:105CC00069693CA088470520F2E7E87F60B1287F3A
:105CD00000244FF002094EF618714FF0FF0A01261A
:105CE00038B1012843D05FE069693CA088470620AD
:105CF000DEE7688B88422ED30A94079408940994AF
:105D000005940694039404940094019400230122C2
:105D1000062128460294FEF745F910B13DA06969B5
:105D20003FE04FEA1B608DF82C00CDE90764CDE918
:105D300009460BA803940494CDE90540009401940E
:105D400000230122C52128460294FEF72BF910B149
:105D500038A0696925E0CDE90979CDF80C90CDE945
:105D60000748CDE904644846032206940DE0688B99
:105D7000884219D3CDE90939CDF80C90CDE907480F
:105D8000CDE904644846042206948DE805045B4688
:105D90000122BB212846FEF705F9002888D0696951
:105DA00030A08847012083E7696937A0884704202D
:105DB0007EE700007732357178783A207173706928
:105DC0002063616E27742075736520746869732081
:105DD00066756E6374696F6E2E0A000077323571D6
:105DE00078783A207374616E6461726420737069AC
:105DF0002063616E27742075736520746869732051
:105E000066756E6374696F6E206661696C65642E79
:105E10000A0000007732357178783A207772697419
:105E20006520656E61626C65206661696C65642ED3
:105E30000A0000007732357178783A2077726974F9
:105E40006520657874656E646564206164647220A1
:105E50007265676973746572206661696C65642E2A
:105E60000A0000007732357178783A2066617374E1
:105E70002072656164206475616C20696F206661C1
:105E8000696C65642E0A00007732357178783A20A3
:105E900061646472657373206D6F6465206973203B
:105EA000696E76616C69642E0A0000002DE9F04F7E
:105EB0008DB090468B4605001F4606D0287E0128EF
:105EC00005D003200DB0BDE8F08F0220FAE795F869
:105ED000200020B169693EA088470520F2E7E87FED
:105EE00060B1287F00244FF002094EF618714FF080
:105EF000080A012638B1012848D063E069693EA04C
:105F000088470620DEE7688B88422ED30A940794E0
:105F100008940994059406940394049400940194BD
:105F200000230122062128460294FEF73BF810B117
:105F30003FA0696943E04FEA1B608DF82C00CDE972
:105F40000764CDE909460BA803940494CDE9054004
:105F50000094019400230122C52128460294FEF7F3
:105F600021F810B13AA0696929E0CDE90748CDE9E7
:105F7000044A0320039400960694CDE90104CDE978
:105F8000097901225B463B21284612E0688B884252
:105F900018D3CDE90748CDE9044A03940096069446
:105FA000CDE909390420CDE901045B4601223B21FA
:105FB0002846FDF7F7FF002884D0696930A088479C
:105FC00001207FE7696938A0884704207AE700004C
:105FD0007732357178783A20717370692063616E19
:105FE00027742075736520746869732066756E6305
:105FF00074696F6E2E0A00007732357178783A2016
:106000007374616E64617264207370692063616E81
:1060100027742075736520746869732066756E63D4
:1060200074696F6E206661696C65642E0A000000F9
:106030007732357178783A20777269746520656EA9
:1060400061626C65206661696C65642E0A000000FF
:106050007732357178783A2077726974652065787F
:1060600074656E646564206164647220726567693A
:1060700073746572206661696C65642E0A000000A5
:106080007732357178783A20666173742072656171
:1060900064206475616C206F75747075742066611E
:1060A000696C65642E0A00007732357178783A2081
:1060B00061646472657373206D6F64652069732019
:1060C000696E76616C69642E0A0000002DE9FF4F4D
:1060D0008DB01E461746040006D0207E012805D04C
:1060E000032011B0BDE8F08F0220FAE70E9994F872
:1060F00020204EF618704FEA116A4FF0FF0B002572
:106100004FF001084FF004092AB1217F002962D025
:1061100001297CD0B2E0E17F21B1217F39B1012991
:1061200047D0ABE0616958A088470620D9E7618B6A
:1061300081422CD30A9507950895099505950695F2
:106140000395049500950195002301220621204620
:106150000295FDF727FF10B159A0616926E08DF87F
:106160002CA0CDE90785CDE909580BA80395049526
:10617000CDE905500095019500230122C521204657
:106180000295FDF70FFF10B155A061690EE0CDE952
:106190000969CDE90398CDE90757CDE9059548464A
:1061A00003228DE8050813E0616959A088470120A2
:1061B00097E7618B814261D3CDE90939CDE9039835
:1061C000CDE90757CDE90595CDF80090CDE9019BC4
:1061D00001220E9B4BE0618B81422AD30A950795E1
:1061E00008950995059506950395049500950195E3
:1061F00000230422062120460295FDF7D3FE002845
:10620000AAD18DF82CA0CDE907850BA800E01CE0F1
:10621000CDE9095903950495CDE9055000950195FF
:1062200000230422C52120460295FDF7BBFE00286D
:10623000AAD1CDE90969CDE90757A17FCDE9039836
:10624000484603228DE805080DE0618B814215D395
:10625000CDE90939CDE90757A17FCDE90398CDF8FC
:106260000090CDE9019BCDE905150E9B0422EB21A1
:106270002046FDF797FE002896D132E761692DA0F0
:10628000884704202DE700007732357178783A206E
:106290007374616E64617264207370692063616EEF
:1062A00027742075736520746869732066756E6342
:1062B00074696F6E206661696C65642E0A00000067
:1062C0007732357178783A20777269746520656E17
:1062D00061626C65206661696C65642E0A0000006D
:1062E0007732357178783A207772697465206578ED
:1062F00074656E64656420616464722072656769A8
:1063000073746572206661696C65642E0A00000012
:106310007732357178783A206661737420726561DE
:1063200064207175616420696F206661696C6564C1
:106330002E0A00007732357178783A2061646472F1
:10634000657373206D6F646520697320696E766173
:106350006C69642E0A0000002DE9F04F8DB0904664
:106360008B4605001F4606D0287E012805D0032055
:106370000DB0BDE8F08F0220FAE795F8200020B1BB
:1063800069693DA088470520F2E7E87F60B1297F71
:1063900000244EF618704FF004094FF0080A012649
:1063A00039B1012948D062E069693DA088470620DB
:1063B000DEE7698B81422ED30A94079408940994EE
:1063C00005940694039404940094019400230122FC
:1063D000062128460294FDF7E5FD10B13EA069694B
:1063E00042E04FEA1B608DF82C00CDE90764CDE94F
:1063F00009460BA803940494CDE905400094019448
:1064000000230122C52128460294FDF7CBFD10B1DF
:1064100039A0696928E0CDE90748CDE9044A03209D
:10642000039400960694CDE90104CDE9097901228F
:106430005B466B21284611E0698B814217D3CDE979
:106440000748CDE9044A039400960694CDE909393A
:10645000CDE901945B4601226B212846FDF7A2FDA0
:10646000002885D0696930A08847012080E76969E4
:1064700037A0884704207BE77732357178783A2057
:10648000717370692063616E277420757365207461
:106490006869732066756E6374696F6E2E0A0000FA
:1064A0007732357178783A207374616E6461726402
:1064B000207370692063616E277420757365207482
:1064C0006869732066756E6374696F6E20666169B2
:1064D0006C65642E0A0000007732357178783A20B6
:1064E000777269746520656E61626C6520666169AA
:1064F0006C65642E0A0000007732357178783A2096
:10650000777269746520657874656E64656420616E
:10651000646472207265676973746572206661696C
:106520006C65642E0A0000007732357178783A2065
:106530006661737420726561642071756164206F97
:106540007574707574206661696C65642E0A00004C
:106550007732357178783A2061646472657373209C
:106560006D6F646520697320696E76616C69642E55
:106570000A00000020B190F8200008700020704749
:106580000220704770B58EB015460E46040005D047
:10659000207E012804D003200EB070BD0220FBE74E
:1065A00094F8202000230BA9032062B1CDE9073124
:1065B000059306930422039304930093019302939B
:1065C000CDE909020EE0E27FEAB1CDE9073105939A
:1065D0000693012203930493009301930293CDE960
:1065E000090200239F212046FDF7DCFC15E000BFD7
:1065F0009DF82C0030709DF82D0028709DF82E001D
:1066000068700020C8E79F218DF8301000900BAB18
:1066100001220CA92046FDF757FE0028E8D0616949
:1066200001A088470120B7E77732357178783A20A2
:10663000676574206A6564656320696420666169C2
:106640006C65642E0A000000F0B58DB015460E464C
:10665000040005D0207E012804D003200DB0F0BD39
:106660000220FBE794F82010002302220BAF032046
:1066700069B1CDE907370421039304930593069389
:10668000CDE909210091CDE901030A460FE0E17F40
:10669000D1B1CDE907370121039304930593069304
:1066A000CDE909210091CDE9010300230A4690219B
:1066B0002046FDF777FC17E09DF82C0030709DF820
:1066C0002D0028700020C9E790208DF830008DF84B
:1066D00031308DF832308DF8333000923B46042251
:1066E0000CA92046FDF7F0FD0028E5D0616902A065
:1066F00088470120B2E700007732357178783A2078
:10670000676574206D616E7566616374757265721C
:1067100020646576696365206964206661696C65DB
:10672000642E0A00F0B58DB015460E46040005D063
:10673000207E012804D003200DB0F0BD0220FBE72D
:1067400094F8200020B1616926A088470520F3E76E
:10675000E07F68B194F81CC0002102200122FF23D1
:106760000BAFBCF1000F08D0BCF1010F0FD02BE034
:10677000616926A088470620DEE7CDE908700A9007
:10678000CDE9042107910691039003210EE0B4F8AE
:106790001AC04EF6187EF44516D3CDE908700A905B
:1067A000CDE9042107910691039004218DE80B00A7
:1067B0000023012292212046FDF7F4FB48B16169D4
:1067C00020A088470120B7E761692BA088470420F3
:1067D000B2E79DF82C0030709DF82D002870002045
:1067E000AAE700007732357178783A2071737069C2
:1067F0002063616E27742075736520746869732047
:1068000066756E6374696F6E2E0A0000773235719B
:1068100078783A207374616E646172642073706971
:106820002063616E27742075736520746869732016
:1068300066756E6374696F6E206661696C65642E3F
:106840000A0000007732357178783A206765742045
:106850006D616E75666163747572657220646576CC
:10686000696365206964206475616C20696F2066C6
:1068700061696C65642E0A007732357178783A2048
:1068800061646472657373206D6F64652069732041
:10689000696E76616C69642E0A0000002DE9F04390
:1068A0008DB091460D46040006D0207E012805D00B
:1068B00003200DB0BDE8F0830220FAE794F8200031
:1068C00020B1616928A088470520F2E7E07F70B118
:1068D00094F81CC00021022701220420FF230BAEE4
:1068E000BCF1000F08D0BCF1010F11D02DE061699F
:1068F00027A088470620DCE7CDE90970CDE903022F
:10690000CDE90716CDE9050103218DE80B0010E064
:10691000B4F81AC04EF61878C44516D3CDE90970FC
:10692000CDE90302CDE90716CDE905010090CDE9D7
:1069300001030023012294212046FDF733FB48B1D7
:10694000616921A088470120B3E761692BA08847CE
:106950000420AEE79DF82C0028709DF82D1089F8D2
:1069600000100020A5E700007732357178783A20D2
:10697000717370692063616E27742075736520746C
:106980006869732066756E6374696F6E2E0A000005
:106990007732357178783A207374616E646172640D
:1069A000207370692063616E27742075736520748D
:1069B0006869732066756E6374696F6E20666169BD
:1069C0006C65642E0A0000007732357178783A20C1
:1069D000676574206D616E7566616374757265724A
:1069E000206465766963652069642071756164203F
:1069F000696F206661696C65642E0A0077323571B3
:106A000078783A2061646472657373206D6F646591
:106A100020697320696E76616C69642E0A0000003B
:106A200010B58EB0040005D0207E012804D00320CC
:106A30000EB010BD0220FBE794F8200020B1616980
:106A40001DA088470420F3E7E27F00204FF4807305
:106A5000BAB101220DF11C0C0A928CE80B0008213E
:106A6000CDE9040106900321CDE9002103900290B5
:106A700000235A212046FDF795FAD0B118A061698C
:106A800014E05A228DF82C208DF82D008DF82E0060
:106A900000938DF82F008DF830000B4605220BA9CE
:106AA0002046FDF711FC20B1616915A0884701203F
:106AB000BEE70020BCE700007732357178783A20D5
:106AC000717370692063616E27742075736520741B
:106AD0006869732066756E6374696F6E2E0A0000B4
:106AE0007732357178783A207265616420756E6905
:106AF000717565206964206661696C65642E0A00A1
:106B00007732357178783A206765742073666470DF
:106B1000206661696C65642E0A00000010B58CB0B7
:106B2000040005D0207E012804D003200CB010BD45
:106B30000220FBE794F820300022012073B1CDE958
:106B40000721059206920423039204920092019277
:106B50000292CDE90903002304220EE0E37F8BB10A
:106B6000CDE90810059207920692009203920492D2
:106B70000192002302920A90012205212046FDF78E
:106B800011FA09E005228DF82C200B460090012215
:106B90000BA92046FDF798FB0028C7D0616902A029
:106BA00088470120C2E700007732357178783A20B3
:106BB0006765742073746174757331206661696CE4
:106BC00065642E0A0000000010B58CB0040005D0EA
:106BD000207E012804D003200CB010BD0220FBE76A
:106BE00094F820300022012073B1CDE907210592ED
:106BF0000692042303920492009201920292CDE93C
:106C00000903002304220EE0E37F8BB1CDE90810D5
:106C10000592079206920092039204920192002339
:106C200002920A90012235212046FDF7BBF909E0C6
:106C300035228DF82C200B46009001220BA920460E
:106C4000FDF742FB0028C7D0616902A088470120F8
:106C5000C2E700007732357178783A206765742092
:106C600073746174757332206661696C65642E0A91
:106C70000000000010B58CB0040005D0207E012873
:106C800004D003200CB010BD0220FBE794F82030A4
:106C90000022012073B1CDE9072105920692042359
:106CA00003920492009201920292CDE9090300231B
:106CB00004220EE0E37F8BB1CDE908100592079224
:106CC00006920092039204920192002302920A908B
:106CD000012215212046FDF765F909E015228DF8FE
:106CE0002C200B46009001220BA92046FDF7ECFA60
:106CF0000028C7D0616902A088470120C2E70000D0
:106D00007732357178783A206765742073746174CE
:106D1000757333206661696C65642E0A000000009B
:106D200018B1408B08800020704702207047000097
:106D300070B58EB0040005D0207E012804D0032059
:106D40000EB070BD0220FBE794F8200020B161690D
:106D500030A088470520F3E7E57F002208204EF6A3
:106D600018733DB3267F012516B1012E06D04CE0E5
:106D7000CDE908100A950792202007E0668B9E4215
:106D800043D3CDE908100A9507922820CDE90420C5
:106D900006920392009201920292002301224B215B
:106DA0002046FDF7FFF80028CAD0616923A0884774
:106DB0000120C5E7257F4B2615B1012D0ED024E01B
:106DC0008DF82C608DF82D208DF82E208DF82F2039
:106DD0008DF830200B460522009011E0658B9D4216
:106DE00013D38DF82C608DF82D208DF82E208DF882
:106DF00030208DF82F208DF831200B460622009090
:106E00000BA92046FDF760FACDE7616913A088471A
:106E1000042095E77732357178783A20717370697C
:106E20002063616E27742075736520746869732010
:106E300066756E6374696F6E2E0A00007732357165
:106E400078783A207265616420756E697175652085
:106E50006964206661696C65642E0A007732357159
:106E600078783A2061646472657373206D6F64652D
:106E700020697320696E76616C69642E0A000000D7
:106E800010B58CB0040005D0207E012804D003206A
:106E90000CB010BD0220FBE794F82000002168B17F
:106EA0000A91079108910991059106910023039198
:106EB000049100910191042202910EE0E07F88B1DB
:106EC0000A91079108910991059106910023039178
:106ED000049100910191012202917E212046FDF74B
:106EE00061F809E07E208DF82C000091002301223A
:106EF0000BA92046FDF7E8F90028C9D0616902A076
:106F000088470120C4E700007732357178783A204D
:106F1000676C6F62616C20626C6F636B206C6F6377
:106F20006B206661696C65642E0A000010B58CB038
:106F3000040005D0207E012804D003200CB010BD31
:106F40000220FBE794F82000002168B10A91079124
:106F500008910991059106910023039104910091F4
:106F60000191042202910EE0E07F88B10A9107911D
:106F700008910991059106910023039104910091D4
:106F800001910122029198212046FDF70BF809E0BA
:106F900098208DF82C000091002301220BA9204697
:106FA000FDF792F90028C9D0616902A08847012045
:106FB000C4E700007732357178783A20676C6F62E9
:106FC000616C20626C6F636B20756E6C6F636B20FD
:106FD0006661696C65642E0A000000002DE9F04FBF
:106FE0008DB00E46040006D0207E012805D0032077
:106FF0000DB0BDE8F08F0220FAE794F82010370EAC
:107000000DF12C0A4FF0030B4EF618704FF00109EA
:1070100000254FF0040829B1217F00297DD00129E6
:107020007CD0FCE0E17F0029217F5AD011B10129F9
:1070300041D0F4E0618B81422BD30A9507950895E6
:1070400009950595069503950495009501950023EE
:107050000122062120460295FCF7A4FF10B172A080
:10706000616925E08DF82C70CDE90795CDE90959C6
:1070700003950495CDE9055A009501950023012259
:10708000C52120460295FCF78DFF10B16EA0616905
:107090000EE00A95089509950595079503950495C1
:1070A00033460122CDF8009006959FE0616972A0F9
:1070B000884701209CE7618B81421CD30A95089583
:1070C00009950595079503950495CDF800900695CB
:1070D000CDE901853346012236212046FCF762FFC7
:1070E0004AE0C6F30749C6F307284FF0360AF6B25E
:1070F00011B101292CD092E0618B81421CD3062072
:107100008DF82C00002301220BA920460095FDF7E5
:10711000DBF80028A3D1C52001E030E06BE08DF85A
:107120002C008DF82D70002302220BA9204600951B
:10713000FDF7CAF80028A9D18DF82CA08DF82D9064
:107140008DF82E8000238DF82F60042200950FE02B
:10715000618B814263D38DF82CA08DF82D708DF852
:107160002E9000238DF82F808DF830600522009539
:107170000BA92046FDF7A8F8002897D138E7618BC6
:10718000814227D30A950795089509950595069597
:1071900003950495009501950023042206212046BD
:1071A0000295FCF7FFFE0028B4D18DF82C70CDE9D4
:1071B0000795CDE9095803950495CDE9055A009541
:1071C000019500230422C52120460295FCF7EAFE22
:1071D0000028B0D10A95089509950595079503955E
:1071E000049533460422CDF800800695CDE901B51B
:1071F0003621204672E7618B814210D30A950895AB
:1072000009950595079503950495CDF80080069599
:10721000CDE9018504223346362120465EE76169C7
:107220001FA088470420E3E67732357178783A204A
:10723000777269746520656E61626C65206661694C
:107240006C65642E0A0000007732357178783A2038
:10725000777269746520657874656E646564206111
:10726000646472207265676973746572206661690F
:107270006C65642E0A0000007732357178783A2008
:10728000696E646976696475616C20626C6F636BAA
:10729000206C6F636B206661696C65642E0A000068
:1072A0007732357178783A2061646472657373203F
:1072B0006D6F646520697320696E76616C69642EF8
:1072C0000A0000002DE9F04F8DB00E46040006D0F4
:1072D000207E012805D003200DB0BDE8F08F0220EC
:1072E000FAE794F82010370E0DF12C0A4FF0030B3B
:1072F0004EF618704FF0010900254FF0040829B12F
:10730000217F00297DD001297CD0FCE0E17F00298C
:10731000217F5AD011B1012941D0F4E0618B814223
:107320002BD30A950795089509950595069503951C
:10733000049500950195002301220621204602951F
:10734000FCF730FE10B172A0616925E08DF82C7059
:10735000CDE90795CDE9095903950495CDE9055A7D
:107360000095019500230122C52120460295FCF7D6
:1073700019FE10B16EA061690EE00A950895099595
:10738000059507950395049533460122CDF80090A5
:1073900006959FE0616972A0884701209CE7618B98
:1073A00081421CD30A950895099505950795039583
:1073B0000495CDF800900695CDE90185334601226C
:1073C00039212046FCF7EEFD4AE0C6F30749C6F333
:1073D00007284FF0390AF6B211B101292CD092E0FA
:1073E000618B81421CD306208DF82C0000230122E2
:1073F0000BA920460095FCF767FF0028A3D1C52004
:1074000001E030E06BE08DF82C008DF82D7000234A
:1074100002220BA920460095FCF756FF0028A9D1AF
:107420008DF82CA08DF82D908DF82E8000238DF8EE
:107430002F60042200950FE0618B814263D38DF8A9
:107440002CA08DF82D708DF82E9000238DF82F80B4
:107450008DF83060052200950BA92046FCF734FF1B
:10746000002897D138E7618B814227D30A95079589
:107470000895099505950695039504950095019540
:1074800000230422062120460295FCF78BFD0028EC
:10749000B4D18DF82C70CDE90795CDE90958039545
:1074A0000495CDE9055A0095019500230422C521D4
:1074B00020460295FCF776FD0028B0D10A95089584
:1074C0000995059507950395049533460422CDF853
:1074D00000800695CDE901B53921204672E7618B20
:1074E000814210D30A95089509950595079503954E
:1074F0000495CDF800800695CDE901850422334638
:10750000392120465EE7616920A088470420E3E630
:107510007732357178783A20777269746520656EB4
:1075200061626C65206661696C65642E0A0000000A
:107530007732357178783A2077726974652065788A
:1075400074656E6465642061646472207265676945
:1075500073746572206661696C65642E0A000000B0
:107560007732357178783A20696E64697669647526
:10757000616C20626C6F636B20756E6C6F636B2047
:107580006661696C65642E0A00000000773235710F
:1075900078783A2061646472657373206D6F6465F6
:1075A00020697320696E76616C69642E0A000000A0
:1075B00010B504002CD06821F8F7C3FF202215A1D4
:1075C0002046F8F7E5FF202216A104F12000F8F785
:1075D000DFFF102215A104F14000F8F7D9FF9FED5D
:1075E000160A4FF47A7084ED140A9FED140A84EDA4
:1075F000150AB3EE090A84ED160A9FED110A84ED0F
:10760000180A9FED100A84ED170A6066002010BD6D
:10761000022010BD57696E626F6E6420573235517B
:107620005858000057696E626F6E640053504920CD
:107630005153504900000000CDCC2C406666664096
:107640000000AA42000020C22DE9F04F8FB00400D4
:1076500024D0616931B3206830B3626832B3A26864
:10766000002A25D02269002A24D0E268002A23D0EB
:1076700094F820100227012600250DF1340B0DF19E
:107680002C094FF0180A4EF61878002917D08047B9
:10769000002875D06169D9A0884775E002200FB035
:1076A000BDE8F08F0320FAE7DBA006E0E2A004E0EB
:1076B000EAA002E0F3A000E0F9A08847F2E78047E3
:1076C00010B1FEA06169E7E7E07F002877D0CDE93F
:1076D00008960A96CDE9045A0795069503950095F4
:1076E000019500230122AB2120460295FCF75AFCAC
:1076F00000287DD10A950795089509950595069569
:1077000003950495009501950023012266212046EA
:107710000295FCF747FC10B1EFA0616913E00A95F0
:107720000795089509950595069503950495009587
:10773000019500230122992120460295FCF732FC95
:1077400030B16169ECA08847606880470720A6E7F0
:10775000E1680A208847CDE9075B03950495059504
:107760000695CDE9097603200096CDE901050023B1
:10777000012290212046FCF715FC00287ED105E06F
:1077800086E0884760688047012088E7BDF83400BC
:1077900040BAADF82C00618B814270D141456FD366
:1077A0000A95079508950995059506950023039573
:1077B0000495009501950122029566E2FFE7AB2052
:1077C0008DF83000FF208DF831008DF832008DF8F3
:1077D00033000BAB04220CA920460096FCF774FD85
:1077E000002867D1662000238DF83000012200E0D8
:1077F00060E00CA920460095FCF766FD00288BD1BF
:1078000099208DF83000002301220CA92046009514
:10781000FCF75AFD002894D1E1680A20884790209F
:107820008DF830008DF831508DF832508DF833508E
:107830000DAB04220CA920460097FCF745FD30B1A2
:107840006169B5A0884760688047042027E7BDF8D4
:10785000340040BAADF82C00618B81429DD1414586
:107860009DD3E9208DF83000002301220CA9204689
:107870000095FCF729FD002802D002E0E3E1EEE1EB
:107880000BE26169AFA0884760688047082006E77F
:10789000CDE908960A96CDE9045A07950695039511
:1078A0000095019500230122AB2120460295FCF7AB
:1078B00079FB10B1ACA0616963E70A95079508955B
:1078C0000995059506950395049500950195002366
:1078D0000122662120460295FCF764FB00288ED128
:1078E0000A950795089509950595069503950495BC
:1078F0000095019500230122992120460295FCF76D
:1079000051FB002887D1E1680A2088470EA8CDE9FD
:10791000080605950795069500950395049501952C
:1079200000230122352120460A960295FCF73AFBF6
:1079300010B196A061696EE19DF83800800729D4E6
:107940000A9507950895099505950695039504955B
:107950000095019500230122502120460295FCF755
:1079600021FB10B191A0616955E10A950795089531
:1079700009950595069503950495009501950023B5
:107980000122312120460295FCF70CFB10B191A099
:10799000616940E10A950795089509950595069551
:1079A0000395049500950195002301223821204676
:1079B0000295FCF7F7FA10B18EA061692BE1E1683E
:1079C0000A20884730208DF8300060770820A077A3
:1079D000CDE907654FF00409CDE909590CA80395D5
:1079E0000495CDE905500095019500234A46C02134
:1079F00020460295FCF7D6FA0AE10000773235718D
:107A000078783A207173706920696E6974206661B4
:107A1000696C65642E0A00007732357178783A20F7
:107A20007370695F717370695F696E6974206973DF
:107A3000206E756C6C2E0A007732357178783A209A
:107A40007370695F717370695F6465696E697420D2
:107A50006973206E756C6C2E0A00000077323571E8
:107A600078783A207370695F717370695F777269B3
:107A700074655F72656164206973206E756C6C2E2D
:107A80000A0000007732357178783A2064656C61BD
:107A9000795F7573206973206E756C6C2E0A000017
:107AA0007732357178783A2064656C61795F6D73EF
:107AB000206973206E756C6C2E0A00007732357168
:107AC00078783A2073706920696E697420666169FC
:107AD0006C65642E0A0000007732357178783A20A0
:107AE000656E61626C65207265736574206661699C
:107AF0006C65642E0A0000007732357178783A2080
:107B00007265736574206465766963652066616972
:107B10006C65642E0A0000007732357178783A205F
:107B2000676574206D616E756661637475726572E8
:107B300020646576696365206964206661696C65A7
:107B4000642E0A007732357178783A207365742094
:107B500061646472657373206D6F6465206661692A
:107B60006C65642E0A0000007732357178783A200F
:107B700072656C6561736520706F77657220646FE4
:107B8000776E206661696C65642E0A007732357104
:107B900078783A207265616420737461747573201B
:107BA00032206661696C65642E0A00007732357197
:107BB00078783A20736574207372207772697465DF
:107BC00020656E61626C65206661696C65642E0A71
:107BD000000000007732357178783A207772697446
:107BE00065207374617475732032206661696C65F9
:107BF000642E0A007732357178783A20656E7465A4
:107C0000722071737069206661696C65642E0A0068
:107C100030B1616923A088476068804705203EE550
:107C2000CDE9075B0395049505950695CDE909799E
:107C3000484603218DE8230000230422902120469A
:107C4000FCF7B0F918B1AFF23010616999E5BDF8F1
:107C5000340040BAADF82C00618B814206D06169D6
:107C60001AA0884760688047062018E5414514D36C
:107C70000A9507950895099505950695002303959E
:107C800004950095019504220295E9212046FCF710
:107C900089F910B113A0616973E525772676002074
:107CA000FDE400007732357178783A2073657420EE
:107CB0007265616420706172616D657465727320B4
:107CC0006661696C65642E0A0000000077323571C8
:107CD00078783A20696420697320696E76616C69EE
:107CE000642E0A007732357178783A20656E7465B3
:107CF0007220332062797465206D6F64652066613F
:107D0000696C65642E0A00000FB44FF4807170B581
:107D1000C0B045AB6846449AF8F796FB040023D4FC
:107D20006E46FF2C02DDFF24002501E000250BE05C
:107D3000705D0A2803D10E490D20FCF719FB705D18
:107D40000B49FCF715FB6D1CA542F1DB24B1301982
:107D500010F8010C0A2807D005490D20FCF708FB94
:107D600003490A20FCF704FB40B070BC5DF814FB2B
:107D700000000020FAF7C0B870B505001DD00F490B
:107D80000868C00103D4086840F0807008600C4C9B
:107D90002068C00704D16060206840F001002060C6
:107DA000FAF774FB0749B0FBF1F16943606800E042
:107DB00000BF6268121A8A42FAD370BDFCED00E07F
:107DC000001000E040420F0010B50648FAF76AFDC7
:107DD00008B1012010BD012211030348FAF724FA6B
:107DE000002010BD140000200004024030B587B010
:107DF00014216846F8F7A5FB15480021026842F0F7
:107E00000202026000684FF4805400F00200009407
:107E100005900120CDE9010103200E4D0390694634
:107E20002846FAF711F9012221462846FAF7FCF90B
:107E30000948FAF74EFD08B9FBF788F90648FAF742
:107E400048FD012802D0012007B030BD0020FBE72B
:107E50003038024000040240140000202DE9FF4F9A
:107E600087B08C46DDE916A1DDE91B96DDF860B030
:107E7000DDF8748000241A9F149A4FEADB05B8F1EC
:107E8000010F09D917B1322800D1022026B16B2881
:107E900001D0EB2800D10B20BCF1010F07D8012B3A
:107EA00005D8BAF1010F02D8B8F1010F04D9BCF11D
:107EB000000F01D04FF0010C0FB1199B7BB316B12D
:107EC0005FEA09032BD0042A29D8042927D85FEABE
:107ED0004B7300D06D1C6B46BCF1000F02D08DF8C7
:107EE000000001244FF0FF3AAAB1A018102816D8BC
:107EF00000200EE0A2EB000C4FEACC0CDDF8248051
:107F0000ACF1080C28FA0CF8401C03F80480C0B24D
:107F1000641C9042EED3B1B16018102803D901203F
:107F20000BB0BDE8F08F00200BE00A1AD200DDF89C
:107F300054C0083A2CFA02FC401C03F804C0C0B23A
:107F4000641C8842F1D34FF4805B002259462048DC
:107F5000FAF76AF924B12146684600F03DF838BBCB
:107F600027B13946199800F037F808BB00206DB1E9
:107F700004900590082D01D9082400E02C462146E4
:107F800004A800F029F898B92D1BF3D1CEB14C46C6
:107F90004FF480374FF6FF78BE4201D3454600E0EC
:107FA000B5B253462A4621460A48FAF759FD28B188
:107FB000012259460648FAF737F9B0E72C44761BF8
:107FC000EAD1012259460248FAF72EF90020A7E724
:107FD00000040240140000202DE9F0474FF48036E1
:107FE0000C468046771E4FF0FF3912E0B44201D3B1
:107FF0003D4600E0A5B201464B462A460748FAF73F
:10800000D9FD10B10120BDE8F08708EB05008046DE
:10801000641B002CEAD10020F5E7000014000020CA
:108020002DE9F04F8DB090468B4605001F4606D0D7
:10803000287E012805D003200DB0BDE8F08F022076
:10804000FAE795F8200020B169693EA0884705202D
:10805000F2E7E87F60B1287F00244EF618714FF0F8
:1080600004094FF0FF0A012638B1012848D064E026
:1080700069693EA088470620DEE7688B88422ED3D8
:108080000A9407940894099405940694039404941C
:108090000094019400230122062128460294FBF754
:1080A00081FF10B13FA0696944E04FEA1B608DF881
:1080B0002C00CDE90764CDE909460BA8039404948C
:1080C000CDE905400094019400230122C5212846F2
:1080D0000294FBF767FF10B13AA069692AE0CDE985
:1080E0000979CDF80C90CDE90748CDE904644846FC
:1080F000032206948DE8050401225B46E32112E089
:10810000688B884219D3CDE90939CDF80C90CDE9B7
:108110000748CDE90464CDF800900694CDE9019AB2
:1081200001225B46E3212846FBF73CFF002883D071
:10813000696930A0884701207EE7696938A08847CF
:10814000042079E77732357178783A207173706955
:108150002063616E277420757365207468697320CD
:1081600066756E6374696F6E2E0A00007732357122
:1081700078783A207374616E6461726420737069F8
:108180002063616E2774207573652074686973209D
:1081900066756E6374696F6E206661696C65642EC6
:1081A0000A0000007732357178783A207772697466
:1081B0006520656E61626C65206661696C65642E20
:1081C0000A0000007732357178783A207772697446
:1081D0006520657874656E646564206164647220EE
:1081E0007265676973746572206661696C65642E77
:1081F0000A0000007732357178783A206F63746135
:108200006C20776F7264207265616420717561649F
:1082100020696F206661696C65642E0A00000000A9
:108220007732357178783A206164647265737320AF
:108230006D6F646520697320696E76616C69642E68
:108240000A0000002DE9FF4F8DB01E460D460400C8
:1082500006D0207E012805D0032011B0BDE8F08FA4
:108260000220FAE794F8200020B161696FA08847E6
:108270000520F2E7E17F2F0E0029217F4FF0030B4D
:108280004EF618704FF0000A7FD04FF0010811B180
:1082900001295BD0C4E0618B81423CD3CDF828A09A
:1082A000CDF81CA0CDF820A0CDF824A0CDF814A0C6
:1082B000CDF818A0CDF80CA0CDF810A0CDF800A0F6
:1082C000CDF804A00023012206212046CDF808A005
:1082D000FBF768FE10B162A0616934E08DF82C7084
:1082E000CDE9078ACDE909A80BA9CDF80CA0CDF8F6
:1082F00010A0CDE905A1CDF800A0CDF804A0002381
:108300000122C5212046CDF808A0FBF74BFE10B195
:108310005BA0616917E00F9A07AB5046CDF8288043
:1083200083E84500CDF814A0CDF818A0CDE9008B66
:10833000CDF80CA0CDF810A02B460122CDF808A056
:108340001DE061695AA08847012086E7618B814260
:1083500066D30F9A07AE5046CDF8288086E80D0008
:10836000CDF814A0CDF80CA0CDF810A00422CDF8C3
:1083700018A0CDF80080CDE9012A2B460122032167
:108380002046FBF70FFE48E0FFE7C5F30749C5F3BA
:108390000728EDB211B101292BD041E0618B814258
:1083A0001BD306208DF82C00002301220BA92046A8
:1083B000CDF800A0FBF788FF00288CD1C5208DF8F0
:1083C0002C008DF82D70002302220BA92046CDF839
:1083D00000A0FBF779FF00289AD18DF82CB08DF81A
:1083E0002D908DF82E8000968DF82F5004220F9B33
:1083F0000FE0618B814213D38DF82CB08DF82D7076
:1084000000938DF82E900F9B8DF82F808DF83050B3
:1084100005220BA92046FBF757FF002891D11CE746
:1084200061692BA08847042017E700007732357177
:1084300078783A206F6E6C792073706920696E7459
:108440006572666163652063616E20757365207473
:108450006869732066756E6374696F6E2E0A00001A
:108460007732357178783A20777269746520656E55
:1084700061626C65206661696C65642E0A000000AB
:108480007732357178783A2077726974652065782B
:1084900074656E64656420616464722072656769E6
:1084A00073746572206661696C65642E0A00000051
:1084B0007732357178783A206F6E6C7920737069F5
:1084C0002072656164206661696C65642E0A000033
:1084D0007732357178783A206164647265737320FD
:1084E0006D6F646520697320696E76616C69642EB6
:1084F0000A0000002DE9F04F8DB01E4691460F4650
:10850000040006D0207E012805D003200DB0BDE870
:10851000F08F0220FAE717F0FF0F04D06169F7A08F
:1085200088470420F2E7B6F5807F04D96169FAA094
:1085300088470720EAE794F820103D0E4EF6187A97
:1085400000204FF0010899B10A9007900890099017
:10855000059006908346039004900090019002904D
:108560000023042206212046FBF71CFDB0B934E1AC
:10857000E17F00297DD00A9007900890099005902E
:10858000069083460390049000900190029000238F
:10859000012206212046FBF705FD10B1E6A0616926
:1085A0000AE1207F10B1012843D012E2618B5145CE
:1085B00030D38DF82C50CDE9078BCDE909B80BA845
:1085C000CDF80CB0CDF810B0CDE905B05D46CDF8D2
:1085D00000B0CDF804B000230122C5212046CDF81B
:1085E00008B0FBF7DFFC10B1DBA06169E4E00A959D
:1085F00007950895099505950695039504950095A9
:10860000019500230122062120460295FBF7CAFCB2
:108610000028C3D1CDE9076BCDE909B841465846DA
:10862000CDF80CB00322CDF810B010E0D6A06169EF
:10863000C2E0618B5145B8D3CDE9076BCDE909B8EC
:1086400041465846CDF80CB00422CDF810B0009148
:10865000CDE90509CDE901203B4601220221204652
:10866000FBF7A0FC0028E1D14FF496765D46474623
:1086700000E022E00DF13008CDE908870595079567
:108680000695009503950495019500230122052187
:1086900020460A970295FBF785FC0028C6D19DF875
:1086A0003000C00706D00A202169761E8847002EB8
:1086B000E2D120E1002EFCD08DE0002006218DF8D3
:1086C0002C100346009001220BA92046FBF7FCFD6D
:1086D00000289ED1F8B2217F0290C7F3074B04F126
:1086E0002100C7F30727019011B1012934D070E1AF
:1086F000618B51451BD3C5208DF82C008DF82D5072
:1087000000252B4602220BA920460095FBF7DCFD35
:1087100000287FF469AF06208DF82C000023012289
:108720000BA920460095FBF7CFFD0028D1D10220F0
:1087300084F8210084F822B084F82370029884F829
:1087400024003246494604F12500F7F7B5FE002023
:108750000346321D009018E0618B5145C7D30220BB
:1087600084F8210084F8225084F823B084F824701F
:10877000029884F825003246494604F12600F7F7AE
:108780009BFE00200346721D009020460199FBF7D6
:108790009BFD00287FF44AAF4FF4967505274646A7
:1087A0008DF82C700CAB01220BA920460096FBF72C
:1087B0008BFD20B161697CA088470120A6E69DF869
:1087C0003000C00706D00A2021696D1E8847002DA1
:1087D000E6D190E0EDB3002098E6207F10B10128AB
:1087E00049D0F6E0618B514531D38DF82C50CDE95D
:1087F000078B0420CDE909B00BA8CDF80CB0CDF85B
:1088000010B0CDE905B05D46CDF800B0CDF804B0AC
:1088100000230422C5212046CDF808B0FBF7C2FB97
:1088200000287FF4E1AE0A9507950895099505950E
:1088300006950395049500950195002304220621D1
:1088400020460295FBF7AEFB00287FF4A7AE04217B
:1088500000E050E0CDE9076BCDE909B1CDF80CB0EF
:10886000CDF810B00091CDE905B90322CDE9012B77
:108870003B460A4612E0618B51453DD3CDE9076B7B
:108880000421CDE909B1CDF80CB0CDF810B00091BC
:10889000CDE905B9CDE9011B3B460A460221204638
:1088A000FBF780FB00287FF4C1AEC1464FF49676FB
:1088B0005D464FF004080CAF07A8CDF8288080E88B
:1088C000A002059506950395049500950195002352
:1088D0000422052120460295FBF764FB0028E2D123
:1088E0009DF83000C0073FF4E5AE0A202169761EEE
:1088F0008847002EE0D167E06BE0000077323571E9
:1089000078783A206164647220697320696E7661B8
:108910006C69642E0A0000007732357178783A204D
:108920006C656E677468206973206F76657220329B
:1089300035362E0A000000007732357178783A20FB
:10894000777269746520656E61626C652066616925
:108950006C65642E0A0000007732357178783A2011
:10896000777269746520657874656E6465642061EA
:1089700064647220726567697374657220666169E8
:108980006C65642E0A0000007732357178783A20E1
:10899000706167652070726F6772616D20666169D2
:1089A0006C65642E0A0000007732357178783A20C1
:1089B0006765742073746174757331206661696CC6
:1089C00065642E0A00000000616904A08847062043
:1089D0009CE5616909A08847052097E577323571E4
:1089E00078783A20706167652070726F6772616D88
:1089F0002074696D656F75742E0A000077323571C9
:108A000078783A2061646472657373206D6F646571
:108A100020697320696E76616C69642E0A0000001B
:108A20002DE9F0478EB01F4691468846040006D0D7
:108A3000207E012805D003200EB0BDE8F08702207B
:108A4000FAE718F0FF0F04D061695FA0884704209F
:108A5000F2E7B7F5807F04D9616962A088470720F3
:108A6000EAE794F82000012817D0E07FC0B1002584
:108A70000A9507950895099505950695039504951A
:108A8000009501952B460122062120460295FBF711
:108A900089FA50B15BA061697BE062A061697DE009
:108AA00061696AA088470820C6E7207F4FF0040A62
:108AB0004EF61871012610B101283BD06CE0608B96
:108AC00088422CD34FEA18608DF83000CDE9076555
:108AD000CDE909560CA803950495CDE905500095FC
:108AE000019500230122C52120460295FBF75AFA81
:108AF00010B164A061694CE00A9507950895099545
:108B0000059506950395049500950195002301228E
:108B1000062120460295FBF745FA0028BAD1CDE997
:108B20000775CDE9095A0395032004950CE061A06F
:108B300061692EE0608B88422ED3CDE90775CDE9BF
:108B4000095A5046039504950096CDE90559CDE99B
:108B500001054346012232212046FBF723FA002873
:108B6000E5D14FF496770DF12C08CDE908860595EF
:108B7000079506950095039504950195002301221C
:108B8000052120460A960295FBF70CFA48B1616967
:108B900051A0884701204FE7616957A08847052009
:108BA0004AE79DF82C00C00706D00A2021697F1EE5
:108BB0008847002FD9D102E00FB100203CE761695E
:108BC00056A08847062037E77732357178783A2003
:108BD0006164647220697320696E76616C69642EC9
:108BE0000A0000007732357178783A206C656E673C
:108BF0007468206973206F766572203235362E0ACC
:108C0000000000007732357178783A207772697405
:108C10006520656E61626C65206661696C65642EB5
:108C20000A0000007732357178783A2071737069E4
:108C30002063616E277420757365207468697320E2
:108C400066756E6374696F6E2E0A00007732357137
:108C500078783A207374616E64617264207370690D
:108C60002063616E277420757365207468697320B2
:108C700066756E6374696F6E206661696C65642EDB
:108C80000A0000007732357178783A20777269747B
:108C90006520657874656E64656420616464722023
:108CA0007265676973746572206661696C65642EAC
:108CB0000A0000007732357178783A207175616466
:108CC00020706167652070726F6772616D206661E8
:108CD000696C65642E0A00007732357178783A2025
:108CE0006765742073746174757331206661696C93
:108CF00065642E0A000000007732357178783A20DA
:108D000061646472657373206D6F6465206973209C
:108D1000696E76616C69642E0A00000077323571E5
:108D200078783A207175616420706167652070728F
:108D30006F6772616D2074696D656F75742E0A00BE
:108D400030B58DB0050005D0287E012804D0032061
:108D50000DB030BD0220FBE795F820000024A0B143
:108D60000A9407940894099405940694039404942F
:108D70000094019400230422FF2128460294FBF76B
:108D800011F910B31CA0696911E0E87F90B10A9451
:108D9000079408940994059406940023039404947A
:108DA00000940194012202941FE069691AA0884787
:108DB0000120CDE7B9208DF82C00002301220BA95A
:108DC00028460094FBF780FA13E0E9680A208847F8
:108DD0000A94079408940994059406940023039434
:108DE00004940094019404220294B9212846FBF7CC
:108DF000D9F80028D9D1ABE77732357178783A20A5
:108E0000657869742071737069206D6F6465206680
:108E100061696C65642E0A007732357178783A2082
:108E2000706F77657220646F776E206661696C651C
:108E3000642E0A002DE9F04F8FB091460F460400D2
:108E400006D0207E012805D003200FB0BDE8F08FAA
:108E50000220FAE794F8200020B161696FA08847EA
:108E60000520F2E7E07F002501264FF4807B4FF4D8
:108E7000967A002865D00A95079508950995059575
:108E8000069503950495009501950023012206217E
:108E900020460295FBF786F810B16AA061693FE0B1
:108EA000207F3B0210B101280BD0A9E0CDE907B526
:108EB000CDE909560395032004950EE069A0616988
:108EC0002EE0618B4EF6187081424DD3CDE907B587
:108ED000CDE909560395042004950096CDE905597E
:108EE000CDE90105012242212046FBF75BF800286D
:108EF000E4D157460DF13408CDE90886059507956C
:108F000006950095039504950195002301220521FE
:108F100020460A960295FBF745F820B161695CA0EE
:108F20008847012091E79DF83400C00706D00A2049
:108F300021697F1E8847002FDED169E0002F67D0AE
:108F400064E006208DF82C00002301220BA92046A6
:108F50000095FBF7B9F900289FD1217F422204F147
:108F6000210811B1012913D04AE084F8212084F8A6
:108F7000225084F8237084F824505A46494604F15C
:108F80002500F7F799FA00234FF48272009518E054
:108F9000618B4EF61870814232D384F8212084F818
:108FA000225084F8235084F8247084F825505A46BF
:108FB000494604F12600F7F77FFA002340F2051234
:108FC000009541462046FBF77FF9002890D1554691
:108FD0005FF005078DF82C700DAB01220BA9204620
:108FE0000096FBF771F9002898D19DF83400C0076E
:108FF0000BD00A2021696D1E8847002DEAD107E0B9
:1090000061692BA0884704201FE70DB100201CE7F1
:10901000616930A08847062017E700007732357174
:1090200078783A20717370692063616E27742075B7
:10903000736520746869732066756E6374696F6EFA
:109040002E0A00007732357178783A207772697489
:109050006520656E61626C65206661696C65642E71
:109060000A0000007732357178783A2070726F67A5
:1090700072616D20736563757269747920726567BA
:109080006973746572206661696C65642E0A0000FC
:109090007732357178783A2067657420737461741B
:1090A000757331206661696C65642E0A00000000EA
:1090B0007732357178783A20616464726573732011
:1090C0006D6F646520697320696E76616C69642ECA
:1090D0000A0000007732357178783A2070726F6735
:1090E00072616D207365637572697479207265674A
:1090F00069737465722074696D656F75742E0A00EA
:109100002DE9F04F8DB09146884604001E4606D0EA
:10911000207E012805D003200DB0BDE8F08F02208D
:10912000FAE794F820204EF618704FEA18674FF0CF
:10913000010A00254FF0040B2AB1217F00297DD0C0
:1091400001297CD004E1E17F0029217F5CD011B1AD
:10915000012943D0FCE0618B81422CD30A9507950D
:109160000895099505950695039504950095019533
:1091700000230122062120460295FAF713FF10B1C1
:1091800076A0616927E08DF82C70CDE907A5CDE9BF
:10919000095A0BA803950495CDE905500095019552
:1091A00000230122C52120460295FAF7FBFE10B1EB
:1091B00072A061690FE0CDE907590821CDE904519A
:1091C00003950695CDE9096A0321504643460122DD
:1091D000A6E0616975A0884701209DE7618B814207
:1091E0001BD3CDE907590821CDE904510395069514
:1091F000CDE9093A012243460B210295CDE900ABA6
:109200002046FAF7CFFE4FE0C8F3074BC8F3072A12
:1092100008F0FF0811B101292FD099E0618B81423C
:109220001CD306208DF82C00002301220BA9204618
:109230000095FBF749F80028A2D101E037E073E080
:10924000C5208DF82C008DF82D70002302220BA96B
:1092500020460095FBF738F80028A9D10B208DF89F
:109260002C008DF82DB08DF82EA08DF82F808DF864
:1092700030504B460522009612E0618B814267D345
:109280000B208DF82C008DF82D708DF82EB08DF8F8
:10929000308000938DF82FA08DF831504B46062278
:1092A0000BA92046FBF710F8002892D134E7618B18
:1092B000814228D30A950795089509950595069545
:1092C000039504950095019500230422062120466C
:1092D0000295FAF767FE0028AED18DF82C70CDE923
:1092E00007A5CDE9095B0BA803950495CDE90550C9
:1092F0000095019500230422C52120460295FAF726
:1093000051FE0028A9D1CDE9096BCDE90759A17F0C
:109310005846CDE90451032103954346042206959E
:109320008DE823000B216BE7618B814210D3CDE9DF
:10933000093BCDE90759A17F0395CDE90451CDF84B
:1093400000B00695CDE901B5042243460B2157E74D
:1093500061691DA088470420DEE600007732357180
:1093600078783A20777269746520656E61626C6501
:10937000206661696C65642E0A00000077323571E1
:1093800078783A20777269746520657874656E64C0
:1093900065642061646472207265676973746572C4
:1093A000206661696C65642E0A00000077323571B1
:1093B00078783A2066617374207265616420666112
:1093C000696C65642E0A00007732357178783A202E
:1093D00061646472657373206D6F646520697320C6
:1093E000696E76616C69642E0A0000002DE9F04F09
:1093F0008DB091468846040006D0207E012805D015
:1094000003200DB0BDE8F08F0220FAE794F8202089
:1094100000250DF12C0B4EF618704FEA1867012647
:109420004FF0040A2AB1217F00297DD001297CD088
:10943000FCE0E17F0029217F59D011B1012941D001
:10944000F4E0618B81422BD30A9507950895099525
:109450000595069503950495009501950023012235
:10946000062120460295FAF79DFD10B172A06169B0
:1094700025E08DF82C70CDE90765CDE909560395F7
:109480000495CDE9055B0095019500230122C521D6
:1094900020460295FAF786FD10B16FA061690EE0D3
:1094A000CDE90896059503200A960795039504953E
:1094B0004346012200960695B3E0616972A0884791
:1094C00001209EE7618B81421AD3CDE9089605956C
:1094D0000A9607950395049500960695CDE901A592
:1094E000434601223D212046FAF75CFD4BE0C8F3DC
:1094F000074BC8F3072A08F0FF0811B101292DD046
:1095000094E0618B81421CD306208DF82C0000234F
:1095100001220BA920460095FAF7D6FE0028A5D116
:10952000C5208DF82C0001E030E06AE08DF82D7048
:10953000002302220BA920460095FAF7C5FE002859
:10954000ABD13D208DF82C008DF82DB08DF82EA0DC
:109550008DF82F804B460422009610E0618B8142EB
:1095600064D33D208DF82C008DF82D708DF82EB031
:109570008DF82FA08DF830804B46052200960BA960
:109580002046FAF7A1FE002897D13AE7618B814285
:1095900027D30A950795089509950595069503958E
:1095A000049500950195002304220621204602958A
:1095B000FAF7F8FC0028B2D18DF82C70CDE90765D8
:1095C000CDE9095A03950495CDE9055B0095019510
:1095D00000230422C52120460295FAF7E3FC002867
:1095E000AED1CDE907590395049505950695CDE9CA
:1095F000096A504603218DE82300042243463D2199
:1096000012E0618B814211D3CDE90759039504958E
:1096100005950695CDE9096A504643460422CDF8E2
:1096200000A0CDE901053D2120465DE761691FA04D
:1096300088470420E5E600007732357178783A20D3
:10964000777269746520656E61626C652066616918
:109650006C65642E0A0000007732357178783A2004
:10966000777269746520657874656E6465642061DD
:1096700064647220726567697374657220666169DB
:109680006C65642E0A0000007732357178783A20D4
:109690007265616420626C6F636B206C6F636B201A
:1096A0006661696C65642E0A0000000077323571CE
:1096B00078783A2061646472657373206D6F6465B5
:1096C00020697320696E76616C69642E0A0000005F
:1096D000F0B58DB0040005D0207E012804D0032011
:1096E0000DB0F0BD0220FBE794F8200020B16169C5
:1096F00033A088470520F3E7E57F00204FF480730F
:109700004EF6187C5DB3277F01250826090217B1A4
:10971000012F09D04EE007AF87E82D00CDE9040600
:109720000390032206900AE0678B674542D307AF98
:1097300087E82D00CDE904060390042206900095E9
:10974000CDE901200B46012248212046FAF72AFCE8
:109750000028C5D0616924A088470120C0E7257F83
:10976000482615B1012D0ED024E08DF82C608DF81F
:109770002D0000938DF82E1013468DF82F008DF8D4
:109780003000052211E0658B654513D38DF82C6000
:109790008DF82D0000938DF82E008DF830001346C3
:1097A0008DF82F108DF8310006220BA92046FAF70C
:1097B0008BFDCDE7616916A08847042090E7000083
:1097C0007732357178783A20717370692063616EF1
:1097D00027742075736520746869732066756E63DD
:1097E00074696F6E2E0A00007732357178783A20EE
:1097F000726561642073656375726974792072653E
:10980000676973746572206661696C65642E0A000D
:109810007732357178783A206164647265737320A9
:109820006D6F646520697320696E76616C69642E62
:109830000A0000002DE9F74F0C468146A6B041F220
:109840002811C048F6F77DFEBE48BF490160BF49F8
:109850004160BF498160BF49C160BF490161BF49E3
:1098600041610AA8FDF7A4FE08B1BDA053E00AA912
:10987000C2A0FEF749FA12A9C6A0FEF745FA1AA936
:10988000CCA0FEF741FA239A4FF47A70B2FBF0F1C4
:1098900000FB11216422B1FBF2F22399B1FBF0F13C
:1098A000CBA0FEF731FA1E9804F0C6FD41EC100B78
:1098B000D0A053EC102BFEF727FA1F9804F0BCFD44
:1098C00041EC100BD5A053EC102BFEF71DFA20989D
:1098D00004F0B2FD41EC100BDAA053EC102BFEF7B4
:1098E00013FA229804F0A8FD41EC100BDEA053EC13
:1098F000102BFEF709FA219804F09EFD41EC100BA5
:10990000E2A053EC102BFEF7FFF949468D4804F016
:10991000BBFB18B1E6A0FEF7F7F94AE021468948FB
:1099200003F06AFF002841F0CD838648289903F0B0
:109930005DFF08B1E5A037E08248FDF785FE08B17C
:10994000EBA0E8E7F0A0FEF7DFF9F649F64F01EBF0
:109950008900A0F570304FF4807BD0F8B46307F530
:10996000167A4FF416754FEA16102CB10190EFA03D
:10997000FEF7CAF90020FDE32490ECA0FEF7C4F93D
:10998000002034E05FF00004F6F7ACFC3855641CAE
:10999000AC42F9D32B46E44A41466A4804F086FCBF
:1099A000002841F0508408E0FEF7AEF96548FBF767
:1099B00029FB29B00120BDE8F08F2B46E54A41463E
:1099C0006048FFF79DFB002841F0478451463A5C10
:1099D0000B5C9A4241F04984401CA842F7D33246BE
:1099E0004146DDA0FEF790F9249908EB010080467E
:1099F000B042C7D3F6F776FC0A2190FBF1F201FBE7
:109A00001200000301460790DCA0FEF77DF94D48E7
:109A1000079903F067FB002841F017835FF000040B
:109A2000F6F760FC3855641CFF2CF9D95C465B46A0
:109A3000BD4A44480799FEF75DFD002841F0648166
:109A4000A0462346C34A3F480799FEF7FBFB002880
:109A500077D15446395C225C9142BBD1401CFF282F
:109A6000F8D9D4A0FEF750F9C3464346B94A354861
:109A70000799FBF79BFF002841F0FC823A5C215CD0
:109A8000A0468A42A6D1401CFF28F7D9D2A0FEF7F3
:109A90003BF9F6F727FC4FF00A0A90FBFAF20AFBB3
:109AA0001200C00301460790D3A0FEF72DF9254808
:109AB0000799FAF781FC002840F0C2875FF00004A4
:109AC000F6F710FC3855641CFF2CF9D95C465B4650
:109AD000954A1C480799FEF70DFD0028AED1A34614
:109AE00023469C4A17480799FEF7ACFB0028AFD1E4
:109AF0004446395C225C9142AFD1401CFF28F8D922
:109B0000ACA0FEF701F95B46924A0E480799FBF7B5
:109B10004DFF0028B0D13A5C215CA0468A429CD11E
:109B2000401CFF28F7D9ACA0FEF7EEF8F6F7DAFBF9
:109B30000A2190FBF1F201FB12000004014607909C
:109B400076E10FE2B4000020ED7D0008C97D000839
:109B50005D7E0008757D0008797D0008097D00089C
:109B60007732357178783A2067657420696E666F50
:109B7000206661696C65642E0A00000077323571D9
:109B800078783A20636869702069732025732E0AFB
:109B9000000000007732357178783A206D616E757B
:109BA00066616374757265722069732025732E0A6D
:109BB000000000007732357178783A20696E74655C
:109BC00072666163652069732025732E0A000000A8
:109BD0007732357178783A206472697665722076CA
:109BE000657273696F6E2069732025642E25642E5B
:109BF0000A0000007732357178783A206D696E205E
:109C0000737570706C7920766F6C7461676520690C
:109C1000732025302E3166562E0A000077323571BA
:109C200078783A206D617820737570706C79207641
:109C30006F6C746167652069732025302E3166561C
:109C40002E0A00007732357178783A206D617820DD
:109C500063757272656E742069732025302E3266CA
:109C60006D412E0A000000007732357178783A2075
:109C70006D61782074656D706572617475726520B0
:109C800069732025302E3166432E0A0077323571F4
:109C900078783A206D696E2074656D7065726174B4
:109CA0007572652069732025302E3166432E0A00B7
:109CB0007732357178783A207365742074797065DD
:109CC000206661696C65642E0A0000007732357188
:109CD00078783A20736574206475616C20717561C1
:109CE0006420737069206661696C65642E0A0000E7
:109CF0007732357178783A20696E697420666169C7
:109D00006C65642E0A0000007732357178783A204D
:109D10007374617274207265616420746573742E4B
:109D20000A00000044E50008DC110020773235719C
:109D300078783A207732357178785F777269746510
:109D40002F7732357178785F72656164207465733E
:109D5000742E0A00341400207732357178783A2056
:109D60003078253038582F307825303858207375A2
:109D7000636365737366756C2E0A00007732357104
:109D800078783A207732357178785F736563746FCD
:109D9000725F65726173655F346B207465737420E4
:109DA0007769746820616464726573732030782504
:109DB000582E0A007732357178783A206F6E6C79B8
:109DC00020737069207265616420746573742070FB
:109DD00061737365642E0A007732357178783A20A2
:109DE0006661737420726561642074657374207099
:109DF00061737365642E0A007732357178783A2082
:109E00007732357178785F626C6F636B5F65726112
:109E100073655F33326B207465737420776974687F
:109E2000206164647265737320307825582E0A00AF
:109E3000F1A0FDF769FFFE480799FAF741FD0028F8
:109E400040F03D865FF00004F6F74CFA3855641C8C
:109E5000FF2CF9D95C465B46F64AF5480799FEF7B0
:109E600049FB002840F05087A2462346F24AF048BA
:109E70000799FEF7E7F9002874D14446395C225C63
:109E8000914241F0F281401CFF28F7D9AFF2DC008B
:109E9000FDF73AFF5346E84AE5480799FBF786FD88
:109EA000002841F0E780395C225CBA469142E8D153
:109EB000401CFF28F7D9AFF2E000FDF725FFDFA037
:109EC000FDF722FF4FF48071DB48F6F73AFBDA49E1
:109ED000D748FCF7A5FD002872D10027E01903A997
:109EE000027990F807C090F80680437981E80C1158
:109EF000C27883784078CDE900030292A346E35DFF
:109F0000FA1D3946D248FDF7FFFE0837FF2FE5D985
:109F1000D0A0FDF7F9FE1021C548FBF79DFB0028F6
:109F200077D100274FEA0A04F6F7DCF9E0557F1CE9
:109F3000FF2FF9D9BF4A1021BD48FEF77BFF00284B
:109F400068D1BD4A1021BA48FFF7C2FB002871D181
:109F50005946225C0B5CD8469A4292D1401CFF289D
:109F6000F7D900E045E1C8A0FDF7CEFED1A0FDF78E
:109F7000CBFE2021AE48FBF76FFB0028D0D1002795
:109F8000F6F7B0F9E0557F1CFF2FF9D9A94A202137
:109F9000A748FEF74FFF0028D2D1A74A2021A448A6
:109FA000FFF796FB0028D2D14146225C0B5C9A4217
:109FB000D3D1401CFF28F8D9CBA0FDF7A5FE00E0C7
:109FC00089E2D4A0FDF7A0FE30219948FBF744FBBD
:109FD0000028A5D15FF00007F6F784F9E0557F1C53
:109FE000FF2FF9D9934A30219148FEF723FF00282B
:109FF000A6D1914A30218E48FFF76AFB0028A6D1EE
:10A000004146225C0B5C9A42A7D1401CFF28F8D93C
:10A0100001E0C3E2E8E2CCA0FDF776FED5A0FDF7B3
:10A0200073FEDCA0FDF770FE8148FAF7CBFE002836
:10A030007DD100E0E0E2E0A0FDF766FE4EF618718B
:10A040008945C1F02281E4A0FDF75EFE0121784838
:10A0500003F0CCFA002841F02580AFF23030FDF754
:10A0600053FE002028E00027F6F73CF9E0557F1C5E
:10A07000AF42F9D32B466F4A49466D4804F016F9B2
:10A08000002841F0E0802B466B4A49466848FFF7BC
:10A0900037F8002841F0E1804146225C0B5C9A428F
:10A0A00086D1401CA842F8D332464946D3A0FDF7DA
:10A0B0002BFE249909EB01008146B042D3D3F6F779
:10A0C00011F90A2790FBF7F107FB11000003814605
:10A0D0000146AFF25830FDF717FE4946544803F0E9
:10A0E00001F8002840F0B1875FF00005F6F7FAF8B4
:10A0F00060556D1CFF2DF9D94FF4807633464D4ADB
:10A1000049464B48FEF7F6F9002871D133464A4AD2
:10A1100049464748FEF796F800286AD14546215C33
:10A120002A5C9142BCD1401CFF28F8D900E06CE3C6
:10A13000AFF28030FDF7E8FDB04633463E4A49466F
:10A140003B48FBF733FC002840F09487215C2A5CF5
:10A150009142A5D1401CFF28F8D9AFF28430FDF719
:10A16000D3FDF6F7BFF890FBF7F107FB1100C00332
:10A17000814600E083E20146AFF28430FDF7C4FD82
:10A1800049462B48FAF718F9002833D15FF000064A
:10A19000F6F7A8F8A055761CFF2EF9D94646434697
:10A1A000244A49462248FEF7A5F90028ADD1334696
:10A1B000214A49461E48FEF745F8D0B9215C2A5C81
:10A1C0009142AFD1401CFF28F8D9AFF21840FDF7FB
:10A1D0009BFD3346184A49461548FBF7E7FB002824
:10A1E000B2D1215C2A5C91429CD1401CFF2813E132
:10A1F000ABE140E10BE300007732357178783A202B
:10A200007732357178785F626C6F636B5F6572610E
:10A2100073655F36346B2074657374207769746876
:10A22000206164647265737320307825582E0A00AB
:10A23000B4000020DC110020341400207732357186
:10A2400078783A2067657420736664702E0A00007F
:10A2500058E600087732357178783A20736563756F
:10A2600072697479207265676973746572312077D9
:10A270007269746520616E64207265616420746522
:10A2800073742E0A000000007732357178783A2016
:10A290007365637572697479207265676973746533
:10A2A000723120636865636B207061737365642E1F
:10A2B0000A0000007732357178783A20736563754B
:10A2C0007269747920726567697374657232207778
:10A2D0007269746520616E642072656164207465C2
:10A2E00073742E0A000000007732357178783A20B6
:10A2F00073656375726974792072656769737465D3
:10A30000723220636865636B207061737365642EBD
:10A310000A0000007732357178783A2073656375EA
:10A320007269747920726567697374657233207716
:10A330007269746520616E64207265616420746561
:10A3400073742E0A000000007732357178783A2055
:10A350007365637572697479207265676973746572
:10A36000723320636865636B207061737365642E5C
:10A370000A0000007732357178783A207374617280
:10A380007420636869702065726173696E672E0A54
:10A39000000000007732357178783A2077323571D5
:10A3A00078785F636869705F657261736520746552
:10A3B00073742E0A000000007732357178783A20E5
:10A3C0006368697020657261736520737563636586
:10A3D000737366756C2E0A007732357178783A207F
:10A3E0007365742061646472657373206D6F646556
:10A3F000203420627974652E0A00000077323571AE
:10A4000078783A2025642F2564207375636365731B
:10A410007366756C2E0A00007FF6E3AEAFF24860FB
:10A42000FDF772FCF5F75EFF90FBF7F107FB1100FB
:10A43000000480460146AFF24020FDF765FC41462E
:10A44000FD48FAF73DFA00287ED10027F5F74AFFCC
:10A45000E0557F1CFF2FF9D93346F84A4146F648AC
:10A46000FEF748F8002870D13346F54A4146F248D5
:10A47000FDF7E8FE10B1F3A0FFF796BA215C2A5C65
:10A48000914240F0F286401CFF28F7D9AFF2DC6021
:10A49000FDF73AFC3346EA4A4146E748FBF786FABD
:10A4A000002840F0E785215C2A5C9142E9D1401CFC
:10A4B000FF28F8D9AFF2E060FDF726FCAFF2842068
:10A4C000FDF722FC3146DE48F6F73BF8DC49DA4876
:10A4D000FCF7A6FA08B1E3A0CEE70026A8190DF113
:10A4E0000C080179C7798379427988E88E00C178B0
:10A4F00082784078CDE900020291AB5DF21D3146D1
:10A50000DF48FDF701FC0836FF2EE7D9AFF2BC208B
:10A51000FDF7FAFB1021C848FBF79EF8F0BB0026B8
:10A52000F5F7E0FEA055761CFF2EF9D9C34A10219D
:10A53000C148FEF77FFC002856D1C14A1021BE4811
:10A54000FFF7C6F8002801E074E12EE154D1215C48
:10A550002A5C914295D1401CFF28F8D9AFF2D8204F
:10A56000FDF7D2FBAFF2B420FDF7CEFB2021B248BD
:10A57000FBF772F890B90026F5F7B4FEA055761CEB
:10A58000FF2EF9D9AD4A2021AB48FEF753FC58BB4A
:10A59000AB4A2021A848FFF79BF800E014E058BB25
:10A5A000215C2A5C9142D5D1401CFF28F8D9AFF23A
:10A5B000C820FDF7A9FBAFF2A420FDF7A5FB3021D1
:10A5C0009D48FBF749F808B1AEA055E75FF00006DB
:10A5D000F5F788FEA055761CFF2EF9D9974A302151
:10A5E0009548FEF727FC08B1B1A045E7944A302111
:10A5F0009148FFF76DF808B1B8A03DE7215C2A5CEF
:10A600009142A7D1401CFF28F8D9AFF2C420FDF732
:10A610007BFBBCA0FDF778FB0021874802F0E6FF3A
:10A6200000287CD100F031BE5FF00004F5F75AFE3F
:10A630003855641CAC42F9D32B46804A41467E48CB
:10A6400003F034FE002840F0FE852B467C4A41464C
:10A650007948FEF755FD002840F0FF8551463A5CE9
:10A660000B5C9A429FD1401CA842F8D33246414627
:10A67000AFF61C10FDF748FB019908EB010080467E
:10A68000B042D1D3F5F72EFE0A2190FBF1F201FB87
:10A690001200000380460146AFF62010FDF734FBA0
:10A6A0004146654802F01EFD00287DD15FF00004A0
:10A6B000F5F718FE3855641CFF2CF9D95C465B464B
:10A6C0005E4A41465C48FDF715FF00286DD1A34660
:10A6D00023465B4A41465848FBF768F900287DD17C
:10A6E000D046395C18F8002091428AD1401CFF28DE
:10A6F000F7D9AFF61C10FDF707FBF5F7F3FD4FF0A8
:10A700000A0A90FBFAF20AFB1200C003014600900D
:10A71000AFF61C10FDF7F8FA4748009900E091E108
:10A72000F9F74AFE002872D15FF00004F5F7DAFD70
:10A730003855641CFF2CF9D95C465B463F4A3E48BD
:10A740000099FDF7D7FE0028C0D1A34623463C4A16
:10A7500039480099FBF72AF90028C0D13C4618F87F
:10A760000010225C8A42C0D1401CFF28F7D9AFF606
:10A770009810FDF7C9FAF5F7B5FD0A2190FBF1F243
:10A7800001FB1200000482460146AFF29450FDF72F
:10A79000BBFA51462848FAF793F800284AD1002717
:10A7A000F5F7A0FDE05501E08BE18BE17F1CFF2F69
:10A7B000F6D95F465B46214A51461F48FDF79AFE8F
:10A7C0000028C1D1BB463B461D4A51461A48FBF7FB
:10A7D000EDF80028C1D14146225C00E090E10B5C1D
:10A7E0009A42C0D1401CFF28F6D9AFF61420FDF7DD
:10A7F0008BFAAFF28040FDF787FAAFF26840FDF7C1
:10A8000083FA0D48FAF7DEFA10B147A034E617E1F3
:10A81000AFF25C40FDF778FA4EF6187189450AD31D
:10A82000AFF24C40FDF770FA0121034802F0DEFE62
:10A83000002887E043E176E1B4000020DC1100202D
:10A84000341400207732357178783A206F6E6C7945
:10A85000207370692072656164206661696C65644B
:10A860002E0A00007732357178783A2067657420B7
:10A8700073666470206661696C65642E0A0000006E
:10A8800058E600087732357178783A20657261733E
:10A890006520736563757269747920726567697381
:10A8A000746572206661696C65642E0A00000000A0
:10A8B0007732357178783A2070726F6772616D20E7
:10A8C00073656375726974792072656769737465FD
:10A8D00072206661696C65642E0A000077323571FA
:10A8E00078783A2072656164207365637572697463
:10A8F00079207265676973746572206661696C6539
:10A90000642E0A007732357178783A2073657420A6
:10A9100061646472657373206D6F646520332062B7
:10A920007974652E0A0000007732357178783A2004
:10A9300063686970206572617365206661696C6522
:10A94000642E0A007ED1AFF61C40FDF7DDF9002031
:10A9500027E00027F5F7C6FCE0557F1CAF42F9D38E
:10A960002B46F34A5146F34803F0A0FC00286AD175
:10A970002B46F14A5146EF48FEF7C2FB00287DD135
:10A980004146225C0B5C9A4279D1401CA842F8D324
:10A9900032465146AFF64040FDF7B6F901990AEB51
:10A9A00001008246B042D4D3F5F79CFC4FF00A0A6E
:10A9B00090FBFAF20AFB1200000301460090AFF68A
:10A9C0004440FDF7A1F9DB48009902F08BFB002819
:10A9D00077D10027F5F786FCE0557F1CFF2FF9D9CA
:10A9E0005F465B46D24AD3480099FDF783FD0028B5
:10A9F00068D1BB463B46D04ACE480099FAF7D6FF0D
:10AA000000287DD14146225C0B5C9A42BCD1401C9F
:10AA1000FF28F8D9AFF64040FDF776F9F5F762FC6C
:10AA200090FBFAF20AFB1200C00301460090AFF659
:10AA30003840FDF769F9BF480099F9F7BDFC18B136
:10AA4000BEA019E5DFE09BE35FF00007F5F74AFCE5
:10AA5000E0557F1CFF2FF9D95F465B46B44AB548E5
:10AA60000099FDF747FD0028C2D1BB463B46B24ADC
:10AA7000B0480099FAF79AFF002801E081E3E5E287
:10AA8000BFD14146225C0B5C9A42BFD1401CFF28DB
:10AA9000F8D9AFF6BC40FDF737F9F5F723FC90FB8A
:10AAA000FAF20AFB1200000482460146AFF6B80033
:10AAB000FDF72AF951469F48F9F702FF18B1A8A0FF
:10AAC000DAE4C2E020E10027F5F70CFCE0557F1C3A
:10AAD000FF2FF9D95F465B46954A51469548FDF7E9
:10AAE00009FD002884D13B46934A51469148FAF724
:10AAF0005DFF002885D14146225C0B5C9A4200E054
:10AB000012E183D1401CFF28F6D9AFF63450FDF78F
:10AB1000FBF8AFF21020FDF7F7F80021854802F0AE
:10AB200065FD00286FD1289800286DD095A0FDF70D
:10AB3000EBF88048FAF7E4FE08B199A09CE4002104
:10AB40007C4802F059FE00287ED10027F5F7CAFBA9
:10AB5000E0557F1CFF2FF9D90021764802F0C2FA98
:10AB6000002872D15F465B46714A00217148FDF7AB
:10AB7000C1FC0028B6D1BA463B466F4A00216D4859
:10AB8000FBF794F900287DD14746215C3A5C91425D
:10AB9000B7D1401CFF28F8D989A0FDF7B5F8534676
:10ABA000654A00216348FBF7D7FB00286BD1215C85
:10ABB0003A5C9142A5D1401CFF28F8D98CA0FDF742
:10ABC000A3F853465C4A00215A48FBF765F8002871
:10ABD0007ED1215C3A5C914293D1401CFF28F8D988
:10ABE0008FA0FDF791F85346534A00215148FBF7D7
:10ABF0006DFA00286DD1215C3A5C9142C8D1401CAD
:10AC0000FF28F8D901E091E05FE291A0FDF77CF820
:10AC10005346494A0021474803F03CFA002875D1C1
:10AC2000215C3A5C9142B3D1401CFF28F8D994A032
:10AC3000FDF76AF85346404A00213E48FDF7F0F917
:10AC400000286DD1225C01E03CE26AE0395CB84644
:10AC50008A429DD1401CFF28F4D995A0FDF754F8F5
:10AC60005FF00007F5F73EFBE0557F1CFF2FF9D999
:10AC70000021304802F036FA002852D15746534698
:10AC80002B4A01E04BE072E100212A48FDF7C8FEA3
:10AC9000002847D1BA463B46274A00212548FAF703
:10ACA00085FE002840D14146225C0B5C9A4293D13C
:10ACB000401CFF28F8D98CA0FDF726F84EF6187135
:10ACC000894532D3AFF6F000FDF71EF8012101E00F
:10ACD00062E176E1174802F089FC002826D10027BE
:10ACE000F5F700FBE0557F1CFF2FF9D90021114833
:10ACF00002F0F8F90028C0D1574653460C4A00210B
:10AD00000C48FDF7F7FB10B185A05EE46EE1B94693
:10AD10003B46094A00210748FBF7C8F818B10FE184
:10AD200079E192E19DE10DE1A4E1BDE1BAE100002C
:10AD3000DC110020B400002034140020773235717B
:10AD400078783A20736563746F72206572617365F9
:10AD50002033326B206661696C65642E0A00000046
:10AD60007732357178783A20736563746F72206535
:10AD7000726173652036346B206661696C65642E80
:10AD80000A0000007732357178783A20656E746574
:10AD90007220746F20737069206D6F64652E0A00D5
:10ADA0007732357178783A206578697420717370DC
:10ADB00069206D6F6465206661696C65642E0A00A8
:10ADC0007732357178783A20666173745F726561A5
:10ADD000645F6475616C5F6F75747075742063680F
:10ADE00065636B207061737365642E0A0000000058
:10ADF0007732357178783A20666173745F72656175
:10AE0000645F717561645F6F7574707574206368D9
:10AE100065636B207061737365642E0A0000000027
:10AE20007732357178783A207732357178785F6685
:10AE30006173745F726561645F6475616C5F696F93
:10AE400020636865636B207061737365642E0A000C
:10AE50007732357178783A207732357178785F6655
:10AE60006173745F726561645F717561645F696F5E
:10AE700020636865636B207061737365642E0A00DC
:10AE80007732357178783A207732357178785F7714
:10AE90006F72645F726561645F717561645F696F31
:10AEA00020636865636B207061737365642E0A00AC
:10AEB0007732357178783A207732357178785F6FEC
:10AEC0006374616C5F776F72645F726561645F71F8
:10AED0007561645F696F20636865636B207061737F
:10AEE0007365642E0A0000007732357178783A2055
:10AEF0007732357178785F706167655F70726F6700
:10AF000072616D5F717561645F696E7075742063E5
:10AF10006865636B207061737365642E0A000000BE
:10AF20007732357178783A20706167652070726F7A
:10AF30006772616D206661696C65642E0A000000AD
:10AF4000D7A063E400204746215C3A5C91427DD162
:10AF5000401CFF28F8D9AFF29810FCF7D5FEDA4A6A
:10AF60004B460021A2F59C50FBF7F6F908B1D7A09B
:10AF70004CE4215C3A5C9142E9D1401CFF28F8D9AD
:10AF8000AFF29410FCF7C0FECF4A4B460021A2F569
:10AF90009C50FAF781FE08B1D6A037E4215C3A5CF8
:10AFA0009142D4D1401CFF28F8D9AFF28C10FCF7A5
:10AFB000ABFEC54A4B460021A2F59C50FBF786F834
:10AFC00008B1D5A022E4215C3A5C9142BFD1401C7B
:10AFD000FF28F8D9AFF28810FCF796FEBA4A4B4624
:10AFE0000021A2F59C5003F055F808B1D3A00DE460
:10AFF000215C3A5C9142AAD1401CFF28F8D9AFF2FB
:10B000008010FCF781FEB04A4B460021A2F59C500F
:10B01000FDF706F808B1D2A013E5225C395CB8460A
:10B020008A4294D1401CFF28F7D9AFF27C10FCF77C
:10B030006BFE0027F5F756F9E0557F1CFF2FF9D975
:10B040000021D04802F04EF818B100E0DFE0CEA0B9
:10B05000F7E44F464B46D54A0021CA48FDF7E0FCCD
:10B0600008B1D3A0EDE43B46974A0021C548FAF762
:10B070009DFC08B1D9A0E4E400204146225C0B5CB1
:10B080009A428ED1401CFF28F8D9AFF2A410FCF7E9
:10B090003BFEAFF29070FCF737FE0021B94802F09A
:10B0A000A5FA08B1D4A0CCE4DCA0FCF72DFEB5488D
:10B0B000FAF780F908B1E1A0C3E40121B14802F038
:10B0C0009BFB10B1E6A0FEF726BCEDA0FCF71CFE32
:10B0D000F6A0FCF719FE00220321AA4802F094FB17
:10B0E000A0BB26E05FF00007F5F7FCF8E0557F1CF9
:10B0F000AF42F9D32B46AD4A4946A24803F0D6F8F1
:10B10000F0BB2B46704A49469E48FDF7F9FFC0BB8D
:10B1100000204146225C0B5C9A4278D1401CA84238
:10B12000F8D332464946EB48FCF7EEFD019909EBAE
:10B1300001008146B042D5D3E7A0FCF7E5FD00222F
:10B140000221904802F060FB00B929E060E000278E
:10B15000F5F7C8F8E0557F1CAF42F9D32B46934A68
:10B160004946884803F0A2F850B92B46564A49464A
:10B170008448FDF7C5FF20B900204146225C01E06C
:10B1800061E062E00B5C9A426FD1401CA842F5D3AB
:10B1900032464946CF48FCF7B7FD019909EB01005B
:10B1A0008146B042D3D3D6A0FCF7AEFD00220121E8
:10B1B000744802F029FB58BB25E00027F5F792F808
:10B1C000E0557F1CAF42F9D32B46784A49466D487B
:10B1D00003F06CF8B8BB2B463B4A49466948FDF77B
:10B1E0008FFF90BB00204146225C0B5C9A423CD111
:10B1F000401CA842F8D332464946B648FCF784FDC5
:10B20000019909EB01008146B042D6D301E02CE060
:10B2100008E0C5A0FCF778FD00221146594802F06D
:10B22000F3FA78B3CAA04EE75FF00007F5F75AF8D3
:10B23000E0557F1CAF42F9D32B465C4A4946514842
:10B2400003F034F810B1CAA03AE406E02B461E4AD7
:10B2500049464C48FDF754FF08B1CBA030E400202C
:10B260004146225C0B5C9A4201D0CDA028E4401CF0
:10B27000A842F6D3324649469648FCF745FD019967
:10B2800009EB01008146B042CED3CEA0FCF73CFDD5
:10B290003C48F9F7B7FE29B00020BDE8F08F000068
:10B2A0007732357178783A206661737420726561FF
:10B2B00064206475616C206F7574707574206661AC
:10B2C000696C65642E0A00003414002077323571F1
:10B2D00078783A20666173742072656164207175B4
:10B2E0006164206F7574707574206661696C656443
:10B2F0002E0A00007732357178783A2066617374CF
:10B300002072656164206475616C20696F206661DC
:10B31000696C65642E0A00007732357178783A20BE
:10B32000666173742072656164207175616420695F
:10B330006F206661696C65642E0A00007732357192
:10B3400078783A20776F7264207265616420717535
:10B35000616420696F206661696C65642E0A000073
:10B360007732357178783A206F6374616C2072653A
:10B370006164207175616420696F206661696C6524
:10B38000642E0A00B40000207732357178783A20B4
:10B39000736563746F7220657261736520346B200E
:10B3A0006661696C65642E0A00000000DC110020F3
:10B3B0007732357178783A20706167652070726FE6
:10B3C0006772616D207175616420696E707574209B
:10B3D0006661696C65642E0A000000007732357181
:10B3E00078783A20666173742072656164206661C2
:10B3F000696C65642E0A00007732357178783A20DE
:10B400007365742061646472657373206D6F646525
:10B41000206661696C65642E0A0000007732357120
:10B4200078783A20656E74657220746F207173703D
:10B4300069206D6F64652E0A000000007732357157
:10B4400078783A20656E7465722071737069206D2A
:10B450006F6465206661696C65642E0A00000000F7
:10B460007732357178783A2073657420696E746527
:10B470007266616365206661696C65642E0A00000E
:10B480007732357178783A207732357178785F7312
:10B4900065745F726561645F706172616D6574652A
:10B4A000727320746573742E0A0000007732357150
:10B4B00078783A2073657420382064756D6D792032
:10B4C0006D61782038304D487A20746573742E0A87
:10B4D00000000000589D00087732357178783A20D6
:10B4E00073657420362064756D6D79206D617820E8
:10B4F00038304D487A20746573742E0A00000000BD
:10B500007732357178783A20736574203420647509
:10B510006D6D79206D61782035354D487A207465E0
:10B5200073742E0A000000007732357178783A2063
:10B5300073657420322064756D6D79206D6178209B
:10B5400033334D487A20746573742E0A000000006E
:10B550007732357178783A2073657420726561644A
:10B5600020706172616D65746572732E0A0000004F
:10B570007732357178783A20777269746520666120
:10B58000696C65642E0A00007732357178783A204C
:10B5900072656164206661696C65642E0A00000052
:10B5A0007732357178783A207772697465207265E0
:10B5B000616420636865636B206661696C65642EF5
:10B5C0000A0000007732357178783A2066696E6932
:10B5D0007368207265616420746573742E0A0000BC
:10B5E000F0B50E460446A7B0154641F22811B748FB
:10B5F000F4F7A7FFB549B6480860B6484860B648B2
:10B600008860B648C860B6480861B64848610AA86C
:10B61000FBF7CEFF08B1B4A05CE00AA9B9A0FCF723
:10B6200073FB12A9BDA0FCF76FFB1AA9C3A0FCF71E
:10B630006BFB23994FF47A70B1FBF0F200FB12110F
:10B640006422B1FBF2F22399B1FBF0F1C2A0FCF746
:10B650005BFB1E9802F0F0FE41EC100BC7A053EC10
:10B66000102BFCF751FB1F9802F0E6FE41EC100B8B
:10B67000CCA053EC102BFCF747FB209802F0DCFE2B
:10B6800041EC100BD1A053EC102BFCF73DFB2298A2
:10B6900002F0D2FE41EC100BD5A053EC102BFCF7BE
:10B6A00033FB219802F0C8FE41EC100BD9A053ECFB
:10B6B000102BFCF729FBE0A0FCF726FBE6A0FCF72B
:10B6C00023FB4EF613773946804802F0DDFC002854
:10B6D0007ED102E0FCF718FB07E3EBA0FCF714FBBC
:10B6E00024A97A48FBF71CFB0028F1D1BDF8900093
:10B6F000B84201D1EBA100E0EBA1EDA0FCF704FB07
:10B700004EF614773946714802F0BEFC0028DFD1AE
:10B71000EFA0FCF7F9FA24A96C48FBF701FB00281D
:10B72000D6D1BDF89000B84201D1DEA100E0DEA183
:10B73000DFA0FCF7E9FA4EF615773946634802F0C8
:10B74000A3FC0028C4D1E9A0FCF7DEFA24A95F48D5
:10B75000FBF7E6FA0028BBD1BDF89000B84201D152
:10B76000D0A100E0D0A1D2A0FCF7CEFA4EF6167719
:10B770003946564802F088FC0028A9D1E2A0FCF71F
:10B78000C3FA24A95148FBF7CBFA002879D1BDF8B8
:10B790009000B84201D1C3A100E0C3A1C4A0FCF74E
:10B7A000B3FA4EF617773946484802F06DFC002888
:10B7B00067D1DCA0FCF7A8FA24A94448FBF7B0FA4B
:10B7C00000285ED1BDF89000B84202D1B5A101E0D9
:10B7D00057E0B5A1B6A0FCF797FA4EF618773946B0
:10B7E0003A4802F051FC00284BD1D5A0FCF78CFA66
:10B7F00024A93648FBF794FA002842D1BDF89000FE
:10B80000B84201D1A7A100E0A7A1A9A0FCF77CFA4A
:10B81000D2A0FCF779FA00212C4801F0EDFF0028B6
:10B8200041F0BE81DCA0FCF76FFA25A92748FAF7A2
:10B83000A1FEB8B99DF8940050B19BA1DDA0FCF722
:10B8400063FA0121214801F0D7FF0028E8D101E087
:10B8500094A1F3E7E0A0FCF757FA25A91B48FAF7F3
:10B8600089FE08B1E4A035E79DF8940001280AD0CC
:10B870008DA1D0A0FCF748FA2146144802F004FC40
:10B8800018B1E5A026E787A1F3E731460F4801F09C
:10B89000B3FF0028C4D129460C4801F0A7FF08B126
:10B8A000E4A01DE20948FBF7CFFE08B1EAA011E7CA
:10B8B000EFA04EB1FCF728FA09AA05A90348FAF748
:10B8C000C3FE002801D0EDE1EEE1E5E28C16002098
:10B8D000ED7D0008C97D00085D7E0008757D0008CB
:10B8E000797D0008097D00087732357178783A2033
:10B8F00067657420696E666F206661696C65642E89
:10B900000A0000007732357178783A2063686970F0
:10B910002069732025732E0A0000000077323571EC
:10B9200078783A206D616E756661637475726572C0
:10B930002069732025732E0A0000000077323571CC
:10B9400078783A20696E7465726661636520697300
:10B950002025732E0A0000007732357178783A205E
:10B960006472697665722076657273696F6E20699C
:10B97000732025642E25642E0A000000773235716D
:10B9800078783A206D696E20737570706C792076C6
:10B990006F6C746167652069732025302E3166569F
:10B9A0002E0A00007732357178783A206D61782060
:10B9B000737570706C7920766F6C7461676520693F
:10B9C000732025302E3166562E0A000077323571ED
:10B9D00078783A206D61782063757272656E742094
:10B9E00069732025302E32666D412E0A000000005A
:10B9F0007732357178783A206D61782074656D7092
:10BA0000657261747572652069732025302E316608
:10BA1000432E0A007732357178783A206D696E20AE
:10BA200074656D7065726174757265206973202527
:10BA3000302E3166432E0A007732357178783A20FD
:10BA400073746172742072656769737465722074AF
:10BA50006573742E0A0000007732357178783A20C9
:10BA60007732357178785F7365745F747970652F9C
:10BA70007732357178785F6765745F7479706520A7
:10BA8000746573742E0A00007732357178783A2025
:10BA90007365742074797065205732355138302EB3
:10BAA0000A0000006F6B00006572726F7200000088
:10BAB0007732357178783A20636865636B20636804
:10BAC000697020747970652025732E0A00000000CB
:10BAD0007732357178783A2073657420747970659F
:10BAE000205732355131362E0A0000007732357139
:10BAF00078783A20736574207479706520573235F0
:10BB00005133322E0A0000007732357178783A20AE
:10BB10007365742074797065205732355136342E30
:10BB20000A0000007732357178783A207365742006
:10BB30007479706520573235513132382E0A000041
:10BB40007732357178783A2073657420747970652E
:10BB500020573235513235362E0A00007732357192
:10BB600078783A207732357178785F7365745F69D9
:10BB70006E746572666163652F7732357178785FB0
:10BB80006765745F696E746572666163652074656C
:10BB900073742E0A000000007732357178783A20ED
:10BBA00073657420696E74657266616365205350B5
:10BBB000492E0A007732357178783A2063686563D8
:10BBC0006B206368697020696E7465726661636575
:10BBD0002025732E0A0000007732357178783A20DC
:10BBE00073657420696E7465726661636520515374
:10BBF00050492E0A000000007732357178783A20DB
:10BC000067657420696E746572666163652066613C
:10BC1000696C65642E0A00007732357178783A20B5
:10BC20007365742074797065206661696C65642E33
:10BC30000A0000007732357178783A2073657420F5
:10BC40006475616C20717561642073706920666130
:10BC5000696C65642E0A00007732357178783A2075
:10BC6000696E6974206661696C65642E0A00000063
:10BC70007732357178783A207732357178785F6726
:10BC800065745F6D616E7566616374757265725F10
:10BC90006465766963655F696420746573742E0AF0
:10BCA000000000007DA01BE0FCF72EF809AA05A902
:10BCB0008548FAF7C9FC00287FF405AE9DF82420DA
:10BCC0009DF8141081A0FCF71FF88EA0FCF71CF85B
:10BCD00009AA05A97C48FAF755FC00286ED107E0AF
:10BCE000FCF712F87848F9F78DF927B00120F0BD7C
:10BCF0009DF825309DF824209DF814108AA0FCF7AB
:10BD000003F899A0FCF700F807A96F48FBF710F8B3
:10BD1000002879D19DF8200001AD9DF823309DF8D1
:10BD200022209DF8211085E80F009DF81F0000904B
:10BD30009DF81E309DF81D209DF81C109348FBF7C0
:10BD4000E3FF93A0FBF7E0FF00215F4801F0D2FD85
:10BD5000002875D106A95C48FAF7E0FE002870D1EA
:10BD60009DF8181098A0FBF7CFFF9EA0FBF7CCFF23
:10BD70000221554801F000FF00287CD106A9524855
:10BD8000FAF722FF002877D19DF81810A3A0FBF73F
:10BD9000BBFFA9A0FBF7B8FF60214B4802F030F8C9
:10BDA00000286AD106A94848FAF764FF002865D13F
:10BDB0009DF81810AEA0FBF7A7FF00E036E3B3A094
:10BDC000FBF7A2FF4048F9F7A1FA00285DD1AFF2D6
:10BDD0002C31B7A0FBF798FFBDA0FBF795FF3A48C1
:10BDE000F9F796F9002851D1AFF24831C1A0FBF71D
:10BDF0008BFFA6A0FBF788FF3348F9F731FA00283C
:10BE000045D1AFF2603100E0A5E2C3A0FBF77CFFB3
:10BE1000CAA0FBF779FF2C48F9F7C6FB002837D1F9
:10BE2000AFF28031D0A0FBF76FFFC4A0FBF76CFF2F
:10BE30002548F9F761FB00282BD1AFF2983101E0DA
:10BE400009E30FE3D3A0FBF75FFFDCA0FBF75CFF88
:10BE50001D48FBF715F800281CD1AFF2B831E1A05E
:10BE6000FBF752FFE9A0FBF74FFF1748FBF75EF81F
:10BE7000002810D103E006E30DE31DE326E3AFF253
:10BE8000DC31EDA0FBF740FFEAE12FE330E330E3E4
:10BE900030E330E330E330E3B6E20000773235716F
:10BEA00078783A20676574206D616E756661637499
:10BEB00075726572206465766963652069642066C1
:10BEC00061696C65642E0A008C160020773235712A
:10BED00078783A206D616E7566616374757265720B
:10BEE000206973203078253032582C2064657669BB
:10BEF0006365206964206973203078253032582EBC
:10BF00000A0000007732357178783A20773235713F
:10BF100078785F6765745F6A656465635F696420EC
:10BF2000746573742E0A00007732357178783A2080
:10BF30006D616E75666163747572657220697320D8
:10BF40003078253032582C20646576696365206925
:10BF500064206973203078253032582030782530BD
:10BF600032582E0A000000007732357178783A2076
:10BF70007732357178785F6765745F756E69717552
:10BF8000655F696420746573742E0A00ACE600086E
:10BF90007732357178783A207732357178785F73F7
:10BFA00065745F737461747573312F77323571788E
:10BFB000785F6765745F737461747573312074653D
:10BFC00073742E0A000000007732357178783A20B9
:10BFD0007374617475733120697320307825303241
:10BFE000582E0A007732357178783A2077323571D9
:10BFF00078785F7365745F737461747573322F77CB
:10C0000032357178785F6765745F737461747573C6
:10C010003220746573742E0A000000007732357187
:10C0200078783A20737461747573322069732030A4
:10C0300078253032582E0A007732357178783A20D8
:10C040007732357178785F7365745F737461747576
:10C0500073332F7732357178785F6765745F7374E7
:10C06000617475733320746573742E0A00000000C8
:10C070007732357178783A20737461747573332030
:10C080006973203078253032582E0A0077323571A6
:10C0900078783A207732357178785F656E61626CB6
:10C0A000655F777269746520746573742E0A000089
:10C0B0007732357178783A20636865636B20656EF6
:10C0C00061626C652077726974652025732E0A00A1
:10C0D0007732357178783A207732357178785F64C5
:10C0E000697361626C655F777269746520746573EA
:10C0F000742E0A007732357178783A206368656368
:10C100006B2064697361626C652077726974652065
:10C1100025732E0A000000007732357178783A20B6
:10C12000636865636B20656E61626C652073722065
:10C1300077726974652025732E0A00007732357195
:10C1400078783A207732357178785F6572617365F7
:10C150005F70726F6772616D5F73757370656E6427
:10C1600020746573742E0A007732357178783A201E
:10C17000636865636B2065726173652070726F67B9
:10C1800072616D2073757370656E642025732E0A5D
:10C19000000000007732357178783A206368656373
:10C1A0006B2065726173652070726F6772616D20BC
:10C1B000726573756D652025732E0A0077323571AF
:10C1C00078783A207732357178785F676C6F626182
:10C1D0006C5F626C6F636B5F6C6F636B2074657315
:10C1E000742E0A007732357178783A206368656377
:10C1F0006B20676C6F62616C20626C6F636B206C8C
:10C200006F636B2025732E0A0000000077323571B2
:10C2100078783A207732357178785F676C6F626131
:10C220006C5F626C6F636B5F756E6C6F636B2074B9
:10C230006573742E0A0000007732357178783A20E1
:10C24000636865636B20676C6F62616C20626C6F02
:10C25000636B20756E6C6F636B2025732E0A000074
:10C26000A6A0FBF751FD0021AF48FAF7B7FE002862
:10C2700073D1AFF2D071ADA0FBF746FDB6A0FBF7CE
:10C2800043FD06AA0021A848FDF7B0F800287DD19B
:10C29000AFF2F0719DF81820B9A0FBF735FDC3A0EF
:10C2A000FBF732FD0021A048FBF70CF800286ED107
:10C2B000AFF61001C9A0FBF727FDD3A0FBF724FDC3
:10C2C0001021994801F022FA08B1DAA008E5AFF68A
:10C2D0002C01E2A0FBF718FDEAA0FBF715FD924840
:10C2E000FCF72EFD00287CD10A20FBF743FDEEA0D1
:10C2F000FBF70AFD8C4800F03FFE002872D10A20AF
:10C30000FBF738FDF3A0FBF7FFFC8748F8F754FF75
:10C31000002868D1F8A0FBF7F7FC834800F08EFEF8
:10C32000002870D10A20FBF725FDBC42C0F03B84F9
:10C33000FAA0FBF7E9FC01217B4801F057F900283E
:10C3400040F01C84AFF2E030FBF7DEFC07A9764832
:10C35000FAF7EEFC10B1FAA0C2E496E09DF82000D6
:10C3600001AC9DF823309DF822209DF8211084E82F
:10C370000F009DF81F0000909DF81E309DF81D20B5
:10C380009DF81C10F648FBF7BFFC01E095E095E036
:10C390005AA0FBF7B9FC00216348FAF71FFE0028FA
:10C3A00073D1AFF6001161A0FBF7AEFC6AA0FBF7FA
:10C3B000ABFC06AA00215C48FDF718F800287CD1E8
:10C3C000AFF620119DF818206DA0FBF79DFC77A01B
:10C3D000FBF79AFC00215448FAF774FF00286DD14E
:10C3E00002E0E4E2F0E2FCE2AFF648117BA0FBF7EA
:10C3F0008BFCDCA0FBF788FC00214B4801F0F6F831
:10C4000000289DD1CFE3F6E29DF824209DF814107A
:10C41000AFF24850FBF778FCAFF21850FBF774FC12
:10C4200009AA05A94048FAF7ADF808B1D6A057E423
:10C430009DF825309DF824209DF81410AFF2185077
:10C44000FBF762FCAFF2B840FBF75EFC0021364818
:10C4500001F050FA08B1D4A042E406A93248FAF734
:10C460005DFB08B1D8A03BE49DF81810AFF2A840DE
:10C47000FBF74AFCAFF29440FBF746FC02212A4846
:10C4800001F07AFB10B1D8A02AE4CEE206A9264832
:10C49000FAF79AFB08B1DCA022E49DF81810AFF27D
:10C4A0008440FBF731FCAFF27040FBF72DFC6021BC
:10C4B0001D4801F0A5FC20B101E0C8E2C6E2DAA007
:10C4C0000EE406A91848FAF7D5FB08B1DEA007E488
:10C4D0009DF81810AFF26840FBF716FCAFF254401D
:10C4E000FBF712FC1048F8F711FF00B1BCE1BDE109
:10C4F000CAE1D9E1E8E1F7E106E215E27732357108
:10C5000078783A207732357178785F696E64697629
:10C51000696475616C5F626C6F636B5F6C6F636B9A
:10C5200020746573742E0A008C16002077323571E2
:10C5300078783A20636865636B20696E6469766910
:10C540006475616C20626C6F636B206C6F636B2031
:10C5500025732E0A000000007732357178783A2072
:10C560007732357178785F726561645F626C6F6392
:10C570006B5F6C6F636B20746573742E0A00000030
:10C580007732357178783A20636865636B2072651D
:10C59000616420626C6F636B206C6F636B2025732A
:10C5A00020776974682025642E0A0000773235717F
:10C5B00078783A207732357178785F696E64697679
:10C5C000696475616C5F626C6F636B5F756E6C6FD5
:10C5D000636B20746573742E0A0000007732357126
:10C5E00078783A20636865636B20696E6469766960
:10C5F0006475616C20626C6F636B20756E6C6F6329
:10C600006B2025732E0A00007732357178783A2036
:10C610007732357178785F7365745F6275727374A1
:10C620005F776974685F7772617020746573742EC8
:10C630000A0000007732357178783A2073657420EB
:10C6400062757273742077697468207772617020E4
:10C650006661696C65642E0A0000000077323571EE
:10C6600078783A20636865636B207365742062751F
:10C6700072737420776974682077726170202573F3
:10C680002E0A00007732357178783A20773235718A
:10C6900078785F706F7765725F646F776E2074650E
:10C6A00073742E0A000000007732357178783A20D2
:10C6B0007732357178785F72656C656173655F702C
:10C6C0006F7765725F646F776E20746573742E0A7E
:10C6D000000000007732357178783A207732357172
:10C6E00078785F656E61626C655F726573657420F2
:10C6F000746573742E0A00007732357178783A20A9
:10C700007732357178785F72657365745F646576CA
:10C7100069636520746573742E0A00007732357181
:10C7200078783A207365742061646472657373204D
:10C730006D6F6465203420627974652E0A000000F4
:10C740007732357178783A2067657420756E697133
:10C750007565206964206661696C65642E0A000055
:10C76000ACE600087732357178783A20736574202A
:10C7700061646472657373206D6F64652033206239
:10C780007974652E0A0000007732357178783A2086
:10C79000676574206A656465632069642066616901
:10C7A0006C65642E0A0000007732357178783A2083
:10C7B0007365742073746174757331206661696C7C
:10C7C00065642E0A000000007732357178783A20CF
:10C7D0006765742073746174757331206661696C68
:10C7E00065642E0A000000007732357178783A20AF
:10C7F0007365742073746174757332206661696C3B
:10C8000065642E0A000000007732357178783A208E
:10C810006765742073746174757332206661696C26
:10C8200065642E0A000000007732357178783A206E
:10C830007365742073746174757333206661696CF9
:10C8400065642E0A000000007732357178783A204E
:10C850006765742073746174757333206661696CE5
:10C8600065642E0A00000000D3A02FE5AFF6CC517E
:10C87000AFF2C470FBF748FAAFF2AC70FBF744FAC2
:10C88000D548F8F745FC08B1D4A01FE5AFF6EC5148
:10C89000AFF2A070FBF738FAAFF61000FBF734FAEE
:10C8A000CD48F8F7DDFC08B1D4A00FE5AFF60C6178
:10C8B000AFF29C70FBF728FAAFF28070FBF724FA16
:10C8C000C548F8F771FE08B1D5A0FFE4AFF62C61BA
:10C8D000AFF26C70FBF718FAAFF2A070FBF714FA26
:10C8E000BD48F8F709FE08B1D7A0EFE4AFF64C61F8
:10C8F000AFF26070FBF708FAAFF24070FBF704FA92
:10C90000B548FAF7BDFA08B1D9A0DFE4AFF66C611B
:10C91000AFF23070FBF7F8F9AFF21070FBF7F4F9F3
:10C92000AD48FAF703FB08B1DAA0CFE4AFF68C61AB
:10C93000AFF2FC60FBF7E8F9AFF24040FBF7E4F937
:10C940000021A548FAF74AFB00286ED1AFF6AC618A
:10C95000AFF22840FBF7D8F9AFF20440FBF7D4F967
:10C9600006AA00219C48FCF741FD00286FD1AFF6D4
:10C97000CC619DF81820AFF2F830FBF7C5F9AFF2A3
:10C98000D430FBF7C1F900219348FAF79BFC00284B
:10C990005CD1AFF6F061AFF2BC30FBF7B5F9AFF2A6
:10C9A0001C30FBF7B1F98C48FCF7CAF908B1C3A0F9
:10C9B0008CE40A20FBF7DEF9AFF21430FBF7A4F9A0
:10C9C000854800F0D9FA08B1C3A07FE40A20FBF73C
:10C9D000D1F9AFF20030FBF797F97F48F8F7ECFB9D
:10C9E00008B1C6A072E4AFF2F020FBF78DF97A48E7
:10C9F00000F024FB08B1C9A068E40A20FBF7BAF9EB
:10CA0000BC424BD3AFF2EC20FBF77EF90121724818
:10CA100000F0ECFD00287DD1AFF22050FBF774F957
:10CA200000216D48FAF7DAFA08B1C4A04EE4AFF677
:10CA30008C71AFF20850FBF767F9AFF29040FBF74B
:10CA400063F900216448FAF73DFC18B100E011E0F9
:10CA5000C4A03BE4AFF6B471AFF28040FBF754F9E9
:10CA6000AFF20C50FBF750F906AA00215A48FCF728
:10CA7000BDFC08B1C6A029E4AFF6D8719DF8182016
:10CA8000AFF20450FBF740F9AFF22830FBF73CF966
:10CA90000021514800F0AAFD00286FD1002D6ED072
:10CAA000C4A0FBF731F94C48F8F72AFF08B1C8A039
:10CAB0000CE40021484800F09FFE002870D1CCA073
:10CAC000FBF722F909AA05A94348F9F72BFE78BB21
:10CAD0009DF824209DF81410AFF61040FBF714F9D0
:10CAE000D2A0FBF711F909AA05A93B48F9F7D6FE30
:10CAF00088BB9DF824209DF81410AFF63040FBF75A
:10CB000003F9BC423ED3AFF2EC30FBF7FDF8012154
:10CB1000314800E032E000F069FD00282ED1B4A0D9
:10CB2000FBF7F2F809AA05A92B48F9F7FBFD08B1B4
:10CB3000CDA011E49DF824209DF81410AFF67440A8
:10CB4000FBF7E2F8B9A0FBF7DFF809AA05A922482C
:10CB5000F9F7A4FE08B1D1A069E49DF824209DF85E
:10CB60001410AFF69840FBF7CFF8AFF20840FBF790
:10CB7000CBF80021184800F039FD18B100E012E0B0
:10CB8000D3A054E4DBA0FBF7BFF81348F8F712FC7E
:10CB900008B1E0A04BE401210F4800F02DFE10B1D8
:10CBA000E5A0FEF797BDECA0FBF7AEF80A48F8F752
:10CBB00029FA27B00020F0BD7732357178783A2015
:10CBC000656E61626C652077726974652066616963
:10CBD0006C65642E0A0000008C16002077323571D7
:10CBE00078783A2064697361626C65207772697441
:10CBF00065206661696C65642E0A000077323571C4
:10CC000078783A20656E61626C6520737220777265
:10CC1000697465206661696C65642E0A0000000015
:10CC20007732357178783A20657261736520707259
:10CC30006F6772616D2073757370656E64206661D5
:10CC4000696C65642E0A00007732357178783A2075
:10CC500065726173652070726F6772616D207265B5
:10CC600073756D65206661696C65642E0A0000004D
:10CC70007732357178783A20676C6F62616C206228
:10CC80006C6F636B206C6F636B206661696C6564AD
:10CC90002E0A00007732357178783A20676C6F621F
:10CCA000616C20626C6F636B20756E6C6F636B20C0
:10CCB0006661696C65642E0A000000007732357188
:10CCC00078783A20706F77657220646F776E20668F
:10CCD00061696C65642E0A007732357178783A2084
:10CCE00072656C6561736520706F77657220646F23
:10CCF000776E206661696C65642E0A007732357143
:10CD000078783A20656E61626C652072657365742F
:10CD1000206661696C65642E0A0000007732357107
:10CD200078783A2072657365742064657669636506
:10CD3000206661696C65642E0A00000077323571E7
:10CD400078783A20696E646976696475616C2062EE
:10CD50006C6F636B206C6F636B206661696C6564DC
:10CD60002E0A00007732357178783A20696E64694E
:10CD700076696475616C20626C6F636B20756E6C94
:10CD80006F636B206661696C65642E0A00000000A9
:10CD90007732357178783A207265616420626C6F01
:10CDA000636B206C6F636B206661696C65642E0A2F
:10CDB000000000007732357178783A20656E74652E
:10CDC0007220746F20737069206D6F64652E0A0085
:10CDD0007732357178783A2065786974207173708C
:10CDE00069206D6F6465206661696C65642E0A0058
:10CDF0007732357178783A207732357178785F6795
:10CE000065745F6D616E7566616374757265725F7E
:10CE10006465766963655F69645F6475616C5F69A9
:10CE20006F20746573742E0A00000000773235712C
:10CE300078783A207732357178785F6765745F6DFE
:10CE4000616E7566616374757265725F646576693B
:10CE500063655F69645F717561645F696F207465A4
:10CE600073742E0A000000007732357178783A200A
:10CE7000676574206D616E75666163747572657245
:10CE800020646576696365206964206475616C203F
:10CE9000696F206661696C65642E0A0077323571AE
:10CEA00078783A20676574206D616E756661637489
:10CEB00075726572206465766963652069642071A6
:10CEC00075616420696F206661696C65642E0A0073
:10CED0007732357178783A207365742061646472B2
:10CEE000657373206D6F6465206661696C65642E7F
:10CEF0000A0000007732357178783A20656E7465E3
:10CF00007220746F2071737069206D6F64652E0AD2
:10CF1000000000007732357178783A20656E7465CC
:10CF2000722071737069206D6F6465206661696C31
:10CF300065642E0A000000007732357178783A2057
:10CF400073657420696E74657266616365206661DD
:10CF5000696C65642E0A00007732357178783A2062
:10CF600066696E697368207265676973746572209B
:10CF7000746573742E0A000010B58EB0040005D0DD
:10CF8000207E012804D003200EB010BD0220FBE754
:10CF900094F82030002101200CAA7BB1CDE90820B3
:10CFA00004230A930620CDE904100791069100237B
:10CFB000039100910191042202910FE0E37F93B16C
:10CFC000CDE908200A901820CDE9041007910691B8
:10CFD000002303910091019101220291AB2120468F
:10CFE000F6F7E0FF10E0AB218DF82C10FF218DF853
:10CFF0002D108DF82E108DF82F101346009004225E
:10D000000BA92046F7F760F90028BDD0616902A09E
:10D0100088470120B8E700007732357178783A20E8
:10D0200072656C6561736520706F77657220646FDF
:10D03000776E206661696C65642E0A0010B58CB04D
:10D04000040005D0207E012804D003200CB010BDC0
:10D050000220FBE794F82000002168B10A910791B3
:10D060000891099105910691002303910491009183
:10D070000191042202910EE0E07F88B10A910791AC
:10D080000891099105910691002303910491009163
:10D0900001910122029199212046F6F783FF09E0D0
:10D0A00099208DF82C000091002301220BA9204625
:10D0B000F7F70AF90028C9D0616902A08847012062
:10D0C000C4E700007732357178783A20726573656D
:10D0D0007420646576696365206661696C65642E99
:10D0E0000A0000002DE9F04F8FB00F46040006D073
:10D0F000207E012805D003200FB0BDE8F08F02206C
:10D10000FAE7380504D06169F5A088470420F3E701
:10D1100094F820103D0E00200DF12C0B4EF61878DF
:10D1200001264FF0040A99B10A90079008900990DF
:10D130000590069081460390049000900190029023
:10D140000023042206212046F6F72CFFB0B931E176
:10D15000E17F00297DD00A90079008900990059002
:10D160000690814603900490009001900290002365
:10D17000012206212046F6F715FF10B1DFA06169F4
:10D180008BE0207F10B101284ED006E2618B414533
:10D190002FD38DF82C50CDE90769CDE90996CDF84C
:10D1A0000C90CDF81090CDE9059B4D46CDF8009040
:10D1B000CDF8049000230122C5212046CDF8089027
:10D1C000F6F7F0FE10B1D5A0616966E00A95079503
:10D1D0000895099505950695039504950095019583
:10D1E00000230122062120460295F6F7DBFE0028E7
:10D1F000C4D1CDF82890CDF82090CDF82490CDF86A
:10D200001490CDF81C90CDF80C90CDF8109003211F
:10D21000CDF818900096CDE9011901223B46202156
:10D220001DE0CAA0616938E0618B4145ADD3CDF8FE
:10D230002090CDF82490CDF828900122CDF81C90B4
:10D24000CDF80C90CDF81090CDF814903B462021ED
:10D2500000E033E0CDF818900096CDE901A9204612
:10D26000F6F7A0FE0028DCD14FF4C8774D460DF14B
:10D270003408CDE908860595079506950095039530
:10D280000495019500230122052120460A96029566
:10D29000F6F788FE20B16169B5A0884701202BE729
:10D2A0009DF83400C00706D00120E1687F1E884742
:10D2B000002FDED112E1002FFCD079E006218DF89D
:10D2C0002C1083460090002301220BA92046F6F77C
:10D2D000FBFF00288CD1207FC7F3074AC7F307293B
:10D2E000FFB210B101282ED057E1618B41451CD30C
:10D2F000C5208DF82C008DF82D505D4600230222AC
:10D300000BA92046CDF800B0F6F7DEFF00287FF429
:10D310005AAF06208DF82C00002301220BA92046CD
:10D320000095F6F7D1FF0028D4D120208DF82C00ED
:10D330008DF82DA08DF82E9000238DF82F700422EB
:10D34000CDF800B011E0618B414537D320208DF836
:10D350002C008DF82D508DF82EA000238DF82F90E5
:10D360008DF830700522CDF800B00BA92046F6F7F5
:10D37000ABFF00287FF455AF4FF4C8755FF0050789
:10D380008DF82C700DAB01220BA920460096F6F704
:10D390009BFF00287FF47FAF9DF83400C00706D0C4
:10D3A0000120E1686D1E8847002DE9D196E0EDB3BC
:10D3B0000020A1E6207F10B101284CD0EDE0618B68
:10D3C00041452ED38DF82C50CDE90769CDE9099A56
:10D3D000CDF80C90CDF81090CDE9059B4D46CDF8D9
:10D3E0000090CDF8049000230422C5212046CDF8FA
:10D3F0000890F6F7D7FD002889D10A95079508957A
:10D4000009950595069503950495009501950023CA
:10D410000422062120460295F6F7C4FD00287FF479
:10D42000ADAECDF81C90CDF8209000E056E0CDF8E0
:10D430002890CDF82490CDF814900321CDF80C90CD
:10D44000CDF81090CDF800A0CDF81890CDE90119D5
:10D450003B46042218E0618B414540D3CDF828902B
:10D46000CDF82090CDF82490CDF81490CDF81C90F4
:10D47000CDF80C90CDF81090CDF800A0CDF8189014
:10D48000CDE901A93B46042220212046F6F78AFD7A
:10D4900000287FF4C6AEB0464FF4C8774D460DAEB7
:10D4A00007A8002380E86005059506950395049577
:10D4B000009501950422052120460295F6F772FD9C
:10D4C00000287FF4E8AE9DF83400C0073FF4F3AEC7
:10D4D0000120E1687F1E8847002FE1D158E05CE021
:10D4E0007732357178783A206164647220697320EC
:10D4F000696E76616C69642E0A00000077323571BE
:10D5000078783A20777269746520656E61626C651F
:10D51000206661696C65642E0A00000077323571FF
:10D5200078783A20777269746520657874656E64DE
:10D5300065642061646472207265676973746572E2
:10D54000206661696C65642E0A00000077323571CF
:10D5500078783A20736563746F72206572617365C1
:10D5600020346B206661696C65642E0A000000003F
:10D570007732357178783A206765742073746174F6
:10D58000757331206661696C65642E0A00000000C5
:10D59000616904A088470620AEE561690AA0884752
:10D5A0000520A9E57732357178783A207365637480
:10D5B0006F7220657261736520346B2074696D65CC
:10D5C0006F75742E0A0000007732357178783A2032
:10D5D00061646472657373206D6F64652069732084
:10D5E000696E76616C69642E0A00000030B58DB0FA
:10D5F0000D46040005D0207E012804D003200DB084
:10D6000030BD0220FBE7608B4EF61871884204D2D1
:10D61000616929A088470420F1E794F820300022AE
:10D62000E920B721ABB1C5B38DF82C100A92069250
:10D630000792089209920592019203920492009235
:10D6400002929DF82C10002304222046F6F7AAFC33
:10D6500021E0E37FABB18DB18DF82C100A920692D8
:10D660000792089209920592019203920492009205
:10D67000029200239DF82C100122E6E78DF82C0081
:10D68000ECE785B18DF82C100092002301220BA944
:10D690002046F6F719FE60B100E007E0616912A0CC
:10D6A00088470120ABE78DF82C00EDE78DF82C00C2
:10D6B000BCE725770020A2E77732357178783A20E9
:10D6C00063757272656E7420747970652063616E23
:10D6D00027742075736520746869732066756E639E
:10D6E00074696F6E2E0A00007732357178783A20AF
:10D6F0007365742061646472657373206D6F646513
:10D70000206661696C65642E0A00000010B58EB059
:10D71000040005D0207E012804D003200EB010BDE7
:10D720000220FBE794F8200020B161691BA0884724
:10D730000420F3E7E07F0022B0B18DF82C10012027
:10D74000CDE90702CDE909201821CDE904210BA874
:10D750000690039200920192029200230122772107
:10D760002046F6F71FFC11E077208DF82C008DF88D
:10D770002D208DF82E208DF82F208DF8301000925E
:10D78000002305220BA92046F6F79EFD0028C5D0F0
:10D7900061690CA088470120C0E70000773235712D
:10D7A00078783A20717370692063616E27742075F0
:10D7B000736520746869732066756E6374696F6E33
:10D7C0002E0A00007732357178783A20736574201C
:10D7D0006275727374207769746820777261702043
:10D7E0006661696C65642E0A0000000010B1C177A3
:10D7F000002070470220704718B180F820100020E8
:10D80000704702207047000030B58DB0040005D08D
:10D81000207E012804D003200DB030BD0220FBE79C
:10D8200094F82000F8B142EA011060778DF82C00DE
:10D8300000200121CDE907100425CDE909050BA938
:10D8400003900490CDE905010090019003460290F9
:10D850002A46C0212046F6F7A5FB48B161690FA012
:10D8600088470520D8E7616916A088470420D3E7D8
:10D870009DF82C000109890709D0C0F30110012887
:10D8800007D0022807D00820A0770020C4E7022094
:10D89000FAE7A577F9E70620F6E700007732357159
:10D8A00078783A20736574207265616420706172C3
:10D8B000616D6574657273206661696C65642E0ABA
:10D8C000000000007732357178783A207370692053
:10D8D000696E746572666163652063616E2774208A
:10D8E00075736520746869732066756E6374696FFB
:10D8F0006E2E0A002DE9F04F8DB00D46040006D0C3
:10D90000207E012805D003200DB0BDE8F08F022055
:10D91000FAE794F8201000200DF12C094FF47A76E4
:10D9200001270DF1300B99B10A90079008900990EA
:10D93000059006908046039004900090019002901C
:10D940000023042250212046F6F72CFBB0B98FE0CB
:10D95000E17F002959D00A9007900890099005901E
:10D96000069080460390049000900190029000235E
:10D97000012250212046F6F715FB10B15DA0616928
:10D9800031E08DF82C50CDE90778CDE90987CDF845
:10D990000C80CDF81080CDE9058901224546CDF8EF
:10D9A0000080CDF80480002311462046CDF8088081
:10D9B000F6F7F8FA10B157A0616914E0D846CDE93E
:10D9C000088705950795069500950395049501959B
:10D9D00000230122052120460A970295F6F7E2FA74
:10D9E00020B1616953A0884701208DE79DF8300080
:10D9F000C00706D00120E168761E8847002EDED1E0
:10DA000073E0002E71D000207EE750218DF82C109D
:10DA1000804600900023012249462046F6F754FC38
:10DA20000028ABD18DF82C708DF82D5000230222E8
:10DA30000BA92046CDF80080F6F746FC0028BAD1A5
:10DA40005FF005058DF82C500CAB01220BA9204688
:10DA50000097F6F739FC0028C3D19DF83000C007C5
:10DA6000CFD00120E168761E8847002EEAD13CE045
:10DA70008DF82C50CDE907784FF0040ACDE9098ADA
:10DA8000CDF80C80CDF81080CDE905894546CDF85C
:10DA90000080CDF804800023524601212046CDF8B5
:10DAA0000880F6F77FFA002885D1B946D846574650
:10DAB00007A80A9780E82003059506950395049525
:10DAC0000095019500230422052120460295F6F7D2
:10DAD00069FA002885D19DF83000C00791D0012057
:10DAE000E168761E8847002EE2D1616919A0884757
:10DAF000042009E77732357178783A2077726974B3
:10DB00006520656E61626C65206661696C65642E76
:10DB10000A0000007732357178783A2073657420F6
:10DB200073746174757331206661696C65642E0A63
:10DB3000000000007732357178783A2067657420EC
:10DB400073746174757331206661696C65642E0A43
:10DB5000000000007732357178783A207772697466
:10DB6000652073746174757320312074696D656FFD
:10DB700075742E0A000000002DE9F04F8DB00D469F
:10DB8000040006D0207E012805D003200DB0BDE89A
:10DB9000F08F0220FAE794F8201000200DF12C09F4
:10DBA0004FF47A7601270DF1300B99B10A90079066
:10DBB000089009900590069080460390049000908C
:10DBC000019002900023042250212046F6F7EAF942
:10DBD000B0B98FE0E17F002959D00A9007900890F2
:10DBE0000990059006908046039004900090019063
:10DBF00002900023012250212046F6F7D3F910B1FC
:10DC00005EA0616931E08DF82C50CDE90778CDE94F
:10DC10000987CDF80C80CDF81080CDE905894546FF
:10DC2000CDF80080CDF80480002301223121204668
:10DC3000CDF80880F6F7B6F910B158A0616914E084
:10DC4000D846CDE908870595079506950095039573
:10DC50000495019500230122052120460A9702958B
:10DC6000F6F7A0F920B1616954A0884701208DE73B
:10DC70009DF83000C00706D00120E168761E884775
:10DC8000002EDED174E0002E72D000207EE75021FD
:10DC90008DF82C1080460090002301224946204632
:10DCA000F6F712FB0028ABD131208DF82C008DF84F
:10DCB0002D50002302220BA92046CDF80080F6F754
:10DCC00003FB0028B9D105258DF82C500CAB01229F
:10DCD0000BA920460097F6F7F7FA0028C3D19DF864
:10DCE0003000C007CFD00120E168761E8847002EA3
:10DCF000EAD13DE08DF82C50CDE907784FF0040AC9
:10DD0000CDE9098ACDF80C80CDF81080CDE90589E0
:10DD10004546CDF80080CDF80480002352463121DD
:10DD20002046CDF80880F6F73DF9002885D1B946A0
:10DD30005F46D04607A8CDF8288080E8A002059568
:10DD4000069503950495009501950023042205216D
:10DD500020460295F6F726F9002884D19DF8300078
:10DD6000C00790D00120E168761E8847002EE1D1DF
:10DD700061691AA08847042008E7000077323571EE
:10DD800078783A20777269746520656E61626C6597
:10DD9000206661696C65642E0A0000007732357177
:10DDA00078783A20736574207374617475733220C7
:10DDB0006661696C65642E0A000000007732357177
:10DDC00078783A20676574207374617475733120B4
:10DDD0006661696C65642E0A000000007732357157
:10DDE00078783A20777269746520737461747573FA
:10DDF00020322074696D656F75742E0A0000000072
:10DE00002DE9F04F8DB00D46040006D0207E01288C
:10DE100005D003200DB0BDE8F08F0220FAE794F89A
:10DE2000201000200DF12C094FF47A7601270DF116
:10DE3000300B99B10A9007900890099005900690D0
:10DE400080460390049000900190029000230422E9
:10DE500050212046F6F7A6F8B0B98FE0E17F0029FF
:10DE600059D00A9007900890099005900690804636
:10DE70000390049000900190029000230122502111
:10DE80002046F6F78FF810B15EA0616931E08DF899
:10DE90002C50CDE90778CDE90987CDF80C80CDF875
:10DEA0001080CDE905894546CDF80080CDF8048085
:10DEB0000023012211212046CDF80880F6F772F8E0
:10DEC00010B158A0616914E0D846CDE908870595DE
:10DED0000795069500950395049501950023012269
:10DEE000052120460A970295F6F75CF820B1616992
:10DEF00054A0884701208DE79DF83000C00706D068
:10DF00000120E168761E8847002EDED174E0002EE5
:10DF100072D000207EE750218DF82C1080460090B2
:10DF20000023012249462046F6F7CEF90028ABD15E
:10DF300011208DF82C008DF82D50002302220BA902
:10DF40002046CDF80080F6F7BFF90028B9D10525A5
:10DF50008DF82C500CAB01220BA920460097F6F748
:10DF6000B3F90028C3D19DF83000C007CFD00120FD
:10DF7000E168761E8847002EEAD13DE08DF82C50EE
:10DF8000CDE907784FF0040ACDE9098ACDF80C8075
:10DF9000CDF81080CDE905894546CDF80080CDF853
:10DFA00004800023524611212046CDF80880F5F761
:10DFB000F9FF002885D1B9465F46D04607A8CDF8BD
:10DFC000288080E8A00205950695039504950095A4
:10DFD000019500230422052120460295F5F7E2FF72
:10DFE000002884D19DF83000C00790D00120E1685E
:10DFF000761E8847002EE1D161691AA08847042067
:10E0000008E700007732357178783A2077726974C2
:10E010006520656E61626C65206661696C65642E61
:10E020000A0000007732357178783A2073657420E1
:10E0300073746174757333206661696C65642E0A4C
:10E04000000000007732357178783A2067657420D7
:10E0500073746174757331206661696C65642E0A2E
:10E06000000000007732357178783A207772697451
:10E07000652073746174757320332074696D656FE6
:10E0800075742E0A0000000010B141830020704713
:10E09000022070472DE9FF4F8DB01F4690460500C6
:10E0A00006D0287E012805D0032011B0BDE8F08FEE
:10E0B0000220FAE795F8200020B169693DA0884761
:10E0C0000520F2E7E87F70B1287F00244FF0020AB4
:10E0D0004EF618714FF004094FF0FF0B012638B1CE
:10E0E000012844D060E069693CA088470620DCE74D
:10E0F000688B88422ED30A94079408940994059457
:10E1000006940394049400940194002301220621B0
:10E1100028460294F5F746FF10B13EA0696940E039
:10E120000E980023000E8DF82C00CDE90764CDE990
:10E1300009460BA803940494CDE90540009401948A
:10E140000122C52128460294F5F72CFF10B139A011
:10E15000696926E0CDE90979CDE9074803A9484670
:10E16000069481E8410403228DE805080FE0688BDE
:10E17000884219D3CDE90939CDE9074803A94846B2
:10E18000069481E84104CDF80090CDE9019B01227D
:10E19000E72128460E9BF5F705FF002885D0696921
:10E1A00030A08847012080E7696937A088470420AC
:10E1B0007BE700007732357178783A2071737069A7
:10E1C0002063616E277420757365207468697320FD
:10E1D00066756E6374696F6E2E0A00007732357152
:10E1E00078783A207374616E646172642073706928
:10E1F0002063616E277420757365207468697320CD
:10E2000066756E6374696F6E206661696C65642EF5
:10E210000A0000007732357178783A207772697495
:10E220006520656E61626C65206661696C65642E4F
:10E230000A0000007732357178783A207772697475
:10E240006520657874656E6465642061646472201D
:10E250007265676973746572206661696C65642EA6
:10E260000A0000007732357178783A20776F72644F
:10E270002072656164207175616420696F20666138
:10E28000696C65642E0A00007732357178783A201F
:10E2900061646472657373206D6F646520697320B7
:10E2A000696E76616C69642E0A0000002DE9FF4FEB
:10E2B00081B098468A46050006D0287E012805D000
:10E2C000032005B0BDE8F08F0220FAE7CAF30B0681
:10E2D000C6F580544FEA1A37A04500D8444605F2E7
:10E2E00027104FF4805B0090390389465B4628462F
:10E2F000009AF5F77FFE58B1696922A0884704208B
:10E30000DFE73118294491F82711FF2902D1401C79
:10E31000A042F6D3A0421ED249462846F5F78AF914
:10E3200058B169691DA088470520CAE70399821979
:10E330002A44095C82F82711401CA042F6D3009AB7
:10E3400049465B462846F5F7D9FF40B169691BA0ED
:10E3500088470120B5E723465146039AF2E7A045D6
:10E360000DD00398A24420440390A8EB040000269B
:10E370005C467F1C8046A042B6D80446B4E7002025
:10E380009FE700007732357178783A2072656164D2
:10E39000206661696C65642E0A0000007732357171
:10E3A00078783A20657261736520736563746F7263
:10E3B000206661696C65642E0A0000007732357151
:10E3C00078783A207772697465206661696C656453
:10E3D0002E0A000010B500290AD00878002807D0BE
:10E3E00005487844F3F77CF9002801D0002010BDDF
:10E3F0000248784410BD0000360300002E030000E0
:10E4000010B500290AD00878002807D005487844BC
:10E41000F3F766F9002801D0002010BD02487844C7
:10E4200010BD0000260300001E0300000808A0F530
:10E4300000114FEA3101704743004FEAD30C4FEA15
:10E440003C0C43401FBF40070CF1605113F0FE4FDE
:10E4500070471CF0006F03D100200CF000417047A2
:10E460000CF0004343EA507010B540EACC0000F0D5
:10E470000EF800BF000000924FEA0001FFF7D6BF80
:10E480004FF000414FF00000A1F5002170470EF160
:10E49000020E2EF0030E5EF8044B244204D44FEA21
:10E4A0004102B2F17F4F11D84FEA4003B3F17F4FE1
:10E4B0000CD80ED14FEAD07CB2F17F4F0CEB4C0C54
:10E4C0000CF1020C08BF4CEBD17C04E04FF0080CBF
:10E4D00001E04FEAD17C0CEB4C0324FA03F404F086
:10E4E0000704B4F1040C06D20EEB840CBDE8104016
:10E4F0004CF0010C6047DFE80CF0070802024FF017
:10E500000040A0F5800010BD0846420018BFD2F1BF
:10E51000807288BF00F0004010BD4FF04070E1EE07
:10E52000100A7047F2F7E9BCF2F71EBE00000000C7
:10E5300000000000010203040607080900000000B3
:10E540000102030400001000000020000000400051
:10E550000000800000000001000000020000000038
:10E56000000000003031323334353637383941421B
:10E570004344454640305800303132333435363725
:10E5800038396162636465664030780004000008D1
:10E5900000000000000000020001000010303132D5
:10E5A00033343536373839616263646566787000B4
:10E5B00030313233343536373839414243444546B9
:10E5C0005850000002400000000000A000000000C1
:10E5D00005400000000000C8000000000C400000E2
:10E5E0000000409C00000000194000000020BCBE5C
:10E5F0000000000034400000BFC91B8E0000000472
:10E60000B5400000504BCFD06607E2CF01000000BC
:10E610006C4100003E8251AADFEEA73401000000E9
:10E62000D9420000DCB5A0E23A301F97FFFFFFFFA0
:10E63000B4450000FD25A0C8E9A3C14FFFFFFFFFBF
:10E64000FF3F00000000008000000000FF3F0000CE
:10E6500000000080000000007732357178783A20A1
:10E66000736466705B25642D25645D2069732030BA
:10E6700078253032582030782530325820307825AF
:10E6800030325820307825303258203078253032DA
:10E6900058203078253032582030782530325820B4
:10E6A0003078253032582E0A00000000773235715C
:10E6B00078783A20756E69717565206964203078C4
:10E6C00025303258203078253032582030782530A7
:10E6D0003258203078253032582030782530325862
:10E6E000203078253032582030782530325820308C
:10E6F00078253032582E0A0044E800080000002037
:10E7000014000000D001000858E8000814000020A0
:10E71000E4380000EC0100081C0000004300000089
:10E72000F8FFFFFF0C0000000E0000000F000000CB
:10E730002E0000001001000043000000F8FFFFFF62
:10E740000040404040404040404041414141414004
:10E7500040404040404040404040404040404040B9
:10E760004005020202020202020202020202020248
:10E77000022020202020202020202002020202024D
:10E7800002029090909090901010101010101010A5
:10E7900010101010101010101010101002020202B1
:10E7A00002028888888888880808080808080808F5
:10E7B00008080808080808080808080802020202F1
:10E7C0004000000000000000000000000000000009
:10E7D0000000000000000000000000000000000039
:10E7E0000000000000000000000000000000000029
:10E7F0000000000000000000000000000000000019
:10E800000000000000000000000000000000000008
:10E8100000000000000000000000000000000000F8
:10E8200000000000000000000000000000000000E8
:10E8300000000000000000000000000000000000D8
:10E8400000000000000000000100000010000000B7
:08E85000000000000024F400A8
:040000050800019559
:00000001FF
